experiment,regime,timestamp,host,git_commit,slurm_job_id,slurm_array_task_id,instance_name,instance_hash,n_trips,max_vehicles,schedule_hash,load_hash,fleet,dh_min_total,energy_charged_kwh,ops_cost,obj_model,energy_cost_model,oracle_tier,solver_backend,solver_status,solver_obj,solver_bound,solver_mip_gap,solver_lp_obj,solver_lp_mip_gap_abs,solver_wall_s,solver_lp_wall_s,solver_n_vars,solver_n_int,solver_n_constrs,econ_bill,econ_system_cost_delta,econ_total_private,econ_total_system,econ_energy_kwh,x_tag,x_iter,x_alpha,x_sweep_slot,x_delta,x_idx,x_outcome_type,x_cycle_length
phase1-loop,taker-iteration,2026-08-14T22:32:50.833973+00:00,totient-cpu-05.cs.cornell.edu,4cf37e9,50873,11,syn-s0-n12,00b39b5d48ce,12,6,43d21a4a9143,a2be72b0a106,3,150.0,98.3,3150.0,3238.532135720349,88.53213572034883,exact-milp/taker,GRB,OPTIMAL,3238.532135720349,3238.5321357203484,1.4041773613134594e-16,3102.0,136.53213572034883,2.9291393756866455,0.04455161094665527,2350,888,2787,94.9817557203487,91.75694572034872,3244.9817557203487,3241.7569457203485,98.29999999999998,loop,0,0.5,,,,,
phase1-loop,taker-iteration,2026-08-14T22:32:54.033177+00:00,totient-cpu-05.cs.cornell.edu,4cf37e9,50873,11,syn-s0-n12,00b39b5d48ce,12,6,5b451b296016,53c3b6c4fbe1,3,150.0,98.3,3150.0,3241.7564657203484,91.75646572034839,exact-milp/taker,GRB,OPTIMAL,3241.7564657203484,3241.7564657203484,0.0,3101.9999999999995,139.75646572034884,3.0640783309936523,0.04506421089172363,2350,888,2787,94.98127572034872,91.75670572034872,3244.9812757203485,3241.7567057203487,98.3,loop,1,0.5,,,,,
phase1-loop,taker-iteration,2026-08-14T22:32:57.102831+00:00,totient-cpu-05.cs.cornell.edu,4cf37e9,50873,11,syn-s0-n12,00b39b5d48ce,12,6,43d21a4a9143,a2be72b0a106,3,150.0,98.3,3150.0,3243.368870720349,93.36887072034915,exact-milp/taker,GRB,OPTIMAL,3243.368870720349,3243.3688707203487,1.4020833553399222e-16,3102.0,141.36887072034915,2.8790318965911865,0.04909014701843262,2350,888,2787,94.9817557203487,91.75694572034872,3244.9817557203487,3241.7569457203485,98.29999999999998,loop,2,0.5,,,,cycle,2
phase1-static,uncontrolled,2026-08-14T22:32:37.006971+00:00,totient-cpu-05.cs.cornell.edu,4cf37e9,50873,11,syn-s0-n12,00b39b5d48ce,12,6,5b451b296016,1890e8ca64fe,3,150.0,98.3,3150.0,3270.286472370294,120.28647237029418,policy/uncontrolled-charge-on-arrival,GRB,OPTIMAL,3270.286472370294,3270.286472370294,0.0,3101.999999999999,168.2864723702951,3.623927593231201,0.0480494499206543,2350,888,2787,104.6086671834014,101.3840971834014,3254.6086671834014,3251.3840971834015,98.3,s0_n12_duck_b0.002_a0.5,,,,,,,
phase1-static,taker,2026-08-14T22:32:39.848459+00:00,totient-cpu-05.cs.cornell.edu,4cf37e9,50873,11,syn-s0-n12,00b39b5d48ce,12,6,43d21a4a9143,a2be72b0a106,3,150.0,98.3,3150.0,3238.532135720349,88.53213572034883,exact-milp/taker,GRB,OPTIMAL,3238.532135720349,3238.5321357203484,1.4041773613134594e-16,3101.9999999999995,136.5321357203493,2.6928529739379883,0.04327392578125,2350,888,2787,94.9817557203487,91.75694572034872,3244.9817557203487,3241.7569457203485,98.29999999999998,s0_n12_duck_b0.002_a0.5,,,,,,,
phase1-static,strategic,2026-08-14T22:32:44.089819+00:00,totient-cpu-05.cs.cornell.edu,4cf37e9,50873,11,syn-s0-n12,00b39b5d48ce,12,6,43d21a4a9143,7b7678bfcd3d,3,150.0,98.3,3150.0,3240.4415841283544,90.4415841283544,exact-milp/strategic-pwl16,GRB,OPTIMAL,3240.4415841283544,3240.4415841283544,0.0,3101.999999999999,138.44158412835532,4.101109266281128,0.04266762733459473,2378,888,3235,95.3792041283545,92.39439412835449,3245.3792041283546,3242.3943941283546,98.30000000000001,s0_n12_duck_b0.002_a0.5,,,,,,,
phase1-static,dictator,2026-08-14T22:32:47.771611+00:00,totient-cpu-05.cs.cornell.edu,4cf37e9,50873,11,syn-s0-n12,00b39b5d48ce,12,6,43d21a4a9143,a2be72b0a106,3,150.0,98.3,3150.0,3239.5281357203485,89.52813572034847,exact-milp/dictator-pwl16,GRB,OPTIMAL,3239.5281357203485,3239.5281357203485,0.0,3101.999999999999,137.52813572034938,3.5450689792633057,0.04026341438293457,2378,888,3235,94.9817557203487,91.75694572034872,3244.9817557203487,3241.7569457203485,98.29999999999998,s0_n12_duck_b0.002_a0.5,,,,,,,
phase1-loop,taker-iteration,2026-08-14T22:32:50.038411+00:00,totient-cpu-05.cs.cornell.edu,4cf37e9,50872,10,syn-s0-n12,00b39b5d48ce,12,6,43d21a4a9143,a2be72b0a106,3,150.0,98.3,3150.0,3238.532135720349,88.53213572034883,exact-milp/taker,GRB,OPTIMAL,3238.532135720349,3238.5321357203484,1.4041773613134594e-16,3101.9999999999995,136.5321357203493,2.780838966369629,0.04379582405090332,2350,888,2787,94.9817557203487,91.75694572034872,3244.9817557203487,3241.7569457203485,98.29999999999998,loop,0,1.0,,,,,
phase1-loop,taker-iteration,2026-08-14T22:32:53.489295+00:00,totient-cpu-05.cs.cornell.edu,4cf37e9,50872,10,syn-s0-n12,00b39b5d48ce,12,6,5b451b296016,53c3b6c4fbe1,3,150.0,98.3,3150.0,3244.9807957203484,94.9807957203484,exact-milp/taker,GRB,OPTIMAL,3244.9807957203484,3244.9807957203484,0.0,3101.9999999999995,142.98079572034885,3.312455892562866,0.04416966438293457,2350,888,2787,94.98127572034872,91.75670572034872,3244.9812757203485,3241.7567057203487,98.3,loop,1,1.0,,,,,
phase1-loop,taker-iteration,2026-08-14T22:32:56.275585+00:00,totient-cpu-05.cs.cornell.edu,4cf37e9,50872,10,syn-s0-n12,00b39b5d48ce,12,6,43d21a4a9143,a2be72b0a106,3,150.0,98.3,3150.0,3244.9807957203484,94.9807957203484,exact-milp/taker,GRB,OPTIMAL,3244.9807957203484,3244.9807957203484,0.0,3101.9999999999995,142.98079572034885,2.5911152362823486,0.0491337776184082,2350,888,2787,94.9817557203487,91.75694572034872,3244.9817557203487,3241.7569457203485,98.29999999999998,loop,2,1.0,,,,cycle,2
phase1-static,uncontrolled,2026-08-14T22:32:36.960123+00:00,totient-cpu-05.cs.cornell.edu,4cf37e9,50872,10,syn-s0-n12,00b39b5d48ce,12,6,5b451b296016,1890e8ca64fe,3,150.0,98.3,3150.0,3270.286472370294,120.28647237029418,policy/uncontrolled-charge-on-arrival,GRB,OPTIMAL,3270.286472370294,3270.286472370294,0.0,3101.999999999999,168.2864723702951,3.5597548484802246,0.058420658111572266,2350,888,2787,104.6086671834014,101.3840971834014,3254.6086671834014,3251.3840971834015,98.3,s0_n12_duck_b0.002_a1,,,,,,,
phase1-static,taker,2026-08-14T22:32:39.724978+00:00,totient-cpu-05.cs.cornell.edu,4cf37e9,50872,10,syn-s0-n12,00b39b5d48ce,12,6,43d21a4a9143,a2be72b0a106,3,150.0,98.3,3150.0,3238.532135720349,88.53213572034883,exact-milp/taker,GRB,OPTIMAL,3238.532135720349,3238.5321357203484,1.4041773613134594e-16,3101.9999999999995,136.5321357203493,2.579537868499756,0.045176029205322266,2350,888,2787,94.9817557203487,91.75694572034872,3244.9817557203487,3241.7569457203485,98.29999999999998,s0_n12_duck_b0.002_a1,,,,,,,
phase1-static,strategic,2026-08-14T22:32:43.414783+00:00,totient-cpu-05.cs.cornell.edu,4cf37e9,50872,10,syn-s0-n12,00b39b5d48ce,12,6,43d21a4a9143,7b7678bfcd3d,3,150.0,98.3,3150.0,3240.4415841283544,90.4415841283544,exact-milp/strategic-pwl16,GRB,OPTIMAL,3240.4415841283544,3240.4415841283544,0.0,3101.999999999999,138.44158412835532,3.544217586517334,0.052883148193359375,2378,888,3235,95.3792041283545,92.39439412835449,3245.3792041283546,3242.3943941283546,98.30000000000001,s0_n12_duck_b0.002_a1,,,,,,,
phase1-static,dictator,2026-08-14T22:32:47.127254+00:00,totient-cpu-05.cs.cornell.edu,4cf37e9,50872,10,syn-s0-n12,00b39b5d48ce,12,6,43d21a4a9143,a2be72b0a106,3,150.0,98.3,3150.0,3239.5281357203485,89.52813572034847,exact-milp/dictator-pwl16,GRB,OPTIMAL,3239.5281357203485,3239.5281357203485,0.0,3101.999999999999,137.52813572034938,3.5804309844970703,0.04003500938415527,2378,888,3235,94.9817557203487,91.75694572034872,3244.9817557203487,3241.7569457203485,98.29999999999998,s0_n12_duck_b0.002_a1,,,,,,,
phase1-loop,taker-iteration,2026-08-14T22:32:56.795514+00:00,totient-cpu-06.cs.cornell.edu,4cf37e9,50875,13,syn-s0-n12,00b39b5d48ce,12,6,43d21a4a9143,a2be72b0a106,3,150.0,98.3,3150.0,3277.8521357203485,127.85213572034854,exact-milp/taker,GRB,OPTIMAL,3277.8521357203485,3277.8521357203485,0.0,3101.9999999999995,175.852135720349,4.1057820320129395,0.045952558517456055,2350,888,2787,160.1002357203487,143.97618572034872,3310.100235720349,3293.976185720349,98.29999999999998,loop,0,0.5,,,,,
phase1-loop,taker-iteration,2026-08-14T22:33:00.844799+00:00,totient-cpu-06.cs.cornell.edu,4cf37e9,50875,13,syn-s0-n12,00b39b5d48ce,12,6,5b451b296016,53c3b6c4fbe1,3,150.0,98.3,3150.0,3293.973785720349,143.97378572034904,exact-milp/taker,GRB,OPTIMAL,3293.973785720349,3293.9737857203486,1.3805433208297887e-16,3101.9999999999995,191.9737857203495,3.914623498916626,0.04331254959106445,2350,888,2787,160.0978357203487,143.9749857203487,3310.0978357203485,3293.9749857203487,98.3,loop,1,0.5,,,,,
phase1-loop,taker-iteration,2026-08-14T22:33:05.329900+00:00,totient-cpu-06.cs.cornell.edu,4cf37e9,50875,13,syn-s0-n12,00b39b5d48ce,12,6,5b451b296016,999fe897ded2,3,150.0,98.3,3150.0,3300.7149852484413,150.71498524844128,exact-milp/taker,GRB,OPTIMAL,3300.7149852484413,3300.7149852484413,0.0,3101.999999999999,198.7149852484422,4.296036958694458,0.04289126396179199,2350,888,2787,174.1370102484412,158.0141602484412,3324.137010248441,3308.0141602484414,98.3,loop,2,0.5,,,,,
phase1-loop,taker-iteration,2026-08-14T22:33:11.820874+00:00,totient-cpu-06.cs.cornell.edu,4cf37e9,50875,13,syn-s0-n12,00b39b5d48ce,12,6,0eee314c8137,486c85e913c9,3,150.0,98.3,3150.0,3292.2998123397556,142.2998123397556,exact-milp/taker,GRB,OPTIMAL,3292.2998123397556,3292.2998123397556,0.0,3101.9999999999995,190.29981233975604,6.360715866088867,0.04776120185852051,2350,888,2787,184.56431233975542,157.53406233975542,3334.5643123397554,3307.5340623397556,98.3,loop,3,0.5,,,,,
phase1-loop,taker-iteration,2026-08-14T22:33:16.803326+00:00,totient-cpu-06.cs.cornell.edu,4cf37e9,50875,13,syn-s0-n12,00b39b5d48ce,12,6,5b451b296016,ac79d820599c,3,150.0,98.3,3150.0,3299.6192943139945,149.6192943139945,exact-milp/taker,GRB,OPTIMAL,3299.6192943139945,3299.6192943139945,0.0,3101.9999999999995,197.61929431399494,4.838903188705444,0.04356122016906738,2350,888,2787,167.07355056399467,150.95070056399467,3317.0735505639946,3300.950700563995,98.3,loop,4,0.5,,,,,
phase1-loop,taker-iteration,2026-08-14T22:33:21.312024+00:00,totient-cpu-06.cs.cornell.edu,4cf37e9,50875,13,syn-s0-n12,00b39b5d48ce,12,6,5b451b296016,2ab9e088be6a,3,150.0,98.3,3150.0,3300.876617279795,150.87661727979503,exact-milp/taker,GRB,OPTIMAL,3300.876617279795,3300.876617279795,0.0,3101.9999999999986,198.8766172797964,4.377161979675293,0.04744887351989746,2350,888,2787,167.16129540479523,151.03844540479523,3317.161295404795,3301.0384454047953,98.3,loop,5,0.5,,,,,
phase1-loop,taker-iteration,2026-08-14T22:33:25.190401+00:00,totient-cpu-06.cs.cornell.edu,4cf37e9,50875,13,syn-s0-n12,00b39b5d48ce,12,6,5b451b296016,53c3b6c4fbe1,3,150.0,98.3,3150.0,3300.494421657849,150.49442165784922,exact-milp/taker,GRB,OPTIMAL,3300.494421657849,3300.494421657848,4.1334475335187177e-16,3101.999999999999,198.49442165785013,3.7546517848968506,0.04062461853027344,2350,888,2787,160.0978357203487,143.9749857203487,3310.0978357203485,3293.9749857203487,98.3,loop,6,0.5,,,,cycle,5
phase1-static,uncontrolled,2026-08-14T22:32:37.777007+00:00,totient-cpu-06.cs.cornell.edu,4cf37e9,50875,13,syn-s0-n12,00b39b5d48ce,12,6,5b451b296016,1890e8ca64fe,3,150.0,98.3,3150.0,3270.286472370294,120.28647237029418,policy/uncontrolled-charge-on-arrival,GRB,OPTIMAL,3270.286472370294,3270.286472370294,0.0,3101.999999999999,168.2864723702951,3.922093629837036,0.049382925033569336,2350,888,2787,169.7252271834014,153.6023771834014,3319.7252271834013,3303.6023771834016,98.3,s0_n12_duck_b0.01_a0.5,,,,,,,
phase1-static,taker,2026-08-14T22:32:41.912132+00:00,totient-cpu-06.cs.cornell.edu,4cf37e9,50875,13,syn-s0-n12,00b39b5d48ce,12,6,43d21a4a9143,a2be72b0a106,3,150.0,98.3,3150.0,3277.8521357203485,127.85213572034854,exact-milp/taker,GRB,OPTIMAL,3277.8521357203485,3277.8521357203485,0.0,3101.9999999999995,175.852135720349,3.9878344535827637,0.04573941230773926,2350,888,2787,160.1002357203487,143.97618572034872,3310.100235720349,3293.976185720349,98.29999999999998,s0_n12_duck_b0.01_a0.5,,,,,,,
phase1-static,strategic,2026-08-14T22:32:47.809912+00:00,totient-cpu-06.cs.cornell.edu,4cf37e9,50875,13,syn-s0-n12,00b39b5d48ce,12,6,43d21a4a9143,b36268a602df,3,150.0,98.3,3150.0,3280.00526709884,130.0052670988398,exact-milp/strategic-pwl16,GRB,OPTIMAL,3280.00526709884,3280.00526709884,0.0,3101.999999999999,178.0052670988407,5.762373208999634,0.04319930076599121,2378,888,3235,157.47976709883972,143.74251709883967,3307.4797670988396,3293.7425170988395,98.3,s0_n12_duck_b0.01_a0.5,,,,,,,
phase1-static,dictator,2026-08-14T22:32:52.556825+00:00,totient-cpu-06.cs.cornell.edu,4cf37e9,50875,13,syn-s0-n12,00b39b5d48ce,12,6,5b451b296016,242fe1690a9a,3,150.0,98.3,3150.0,3280.00526709884,130.0052670988398,exact-milp/dictator-pwl16,GRB,OPTIMAL,3280.00526709884,3280.00526709884,0.0,3101.999999999999,178.0052670988407,4.612438678741455,0.04151296615600586,2378,888,3235,157.42576709883969,143.71551709883968,3307.4257670988395,3293.71551709884,98.3,s0_n12_duck_b0.01_a0.5,,,,,,,
phase1-loop,taker-iteration,2026-08-14T22:33:02.393877+00:00,totient-cpu-05.cs.cornell.edu,4cf37e9,50874,12,syn-s0-n12,00b39b5d48ce,12,6,43d21a4a9143,a2be72b0a106,3,150.0,98.3,3150.0,3277.8521357203485,127.85213572034854,exact-milp/taker,GRB,OPTIMAL,3277.8521357203485,3277.8521357203485,0.0,3101.9999999999995,175.852135720349,6.179504871368408,0.05446958541870117,2350,888,2787,160.1002357203487,143.97618572034872,3310.100235720349,3293.976185720349,98.29999999999998,loop,0,1.0,,,,,
phase1-loop,taker-iteration,2026-08-14T22:33:10.450352+00:00,totient-cpu-05.cs.cornell.edu,4cf37e9,50874,12,syn-s0-n12,00b39b5d48ce,12,6,5b451b296016,999fe897ded2,3,150.0,98.3,3150.0,3303.6562102484413,153.6562102484413,exact-milp/taker,GRB,OPTIMAL,3303.6562102484413,3303.6562102484413,0.0,3101.999999999999,201.65621024844222,7.913874864578247,0.04364132881164551,2350,888,2787,174.1370102484412,158.0141602484412,3324.137010248441,3308.0141602484414,98.3,loop,1,1.0,,,,,
phase1-loop,taker-iteration,2026-08-14T22:33:17.851408+00:00,totient-cpu-05.cs.cornell.edu,4cf37e9,50874,12,syn-s0-n12,00b39b5d48ce,12,6,e9cec48b8056,bc798da2a6e3,3,150.0,98.3,3150.0,3280.5038123397553,130.5038123397553,exact-milp/taker,GRB,OPTIMAL,3280.5038123397553,3280.5038123397553,0.0,3101.9999999999995,178.50381233975577,7.183926105499268,0.06055498123168945,2350,888,2787,184.97831233975546,157.74106233975544,3334.9783123397556,3307.7410623397554,98.30000000000001,loop,2,1.0,,,,,
phase1-loop,taker-iteration,2026-08-14T22:33:24.091445+00:00,totient-cpu-05.cs.cornell.edu,4cf37e9,50874,12,syn-s0-n12,00b39b5d48ce,12,6,5b451b296016,999fe897ded2,3,150.0,98.3,3150.0,3291.891310248441,141.8913102484412,exact-milp/taker,GRB,OPTIMAL,3291.891310248441,3291.891310248441,0.0,3101.9999999999986,189.89131024844255,6.089998960494995,0.06489396095275879,2350,888,2787,174.1370102484412,158.0141602484412,3324.137010248441,3308.0141602484414,98.3,loop,3,1.0,,,,cycle,2
phase1-static,uncontrolled,2026-08-14T22:32:37.821481+00:00,totient-cpu-05.cs.cornell.edu,4cf37e9,50874,12,syn-s0-n12,00b39b5d48ce,12,6,5b451b296016,1890e8ca64fe,3,150.0,98.3,3150.0,3270.286472370294,120.28647237029418,policy/uncontrolled-charge-on-arrival,GRB,OPTIMAL,3270.286472370294,3270.286472370294,0.0,3101.999999999999,168.2864723702951,4.423893690109253,0.04693198204040527,2350,888,2787,169.7252271834014,153.6023771834014,3319.7252271834013,3303.6023771834016,98.3,s0_n12_duck_b0.01_a1,,,,,,,
phase1-static,taker,2026-08-14T22:32:42.919145+00:00,totient-cpu-05.cs.cornell.edu,4cf37e9,50874,12,syn-s0-n12,00b39b5d48ce,12,6,43d21a4a9143,a2be72b0a106,3,150.0,98.3,3150.0,3277.8521357203485,127.85213572034854,exact-milp/taker,GRB,OPTIMAL,3277.8521357203485,3277.8521357203485,0.0,3101.9999999999995,175.852135720349,4.926974534988403,0.06195569038391113,2350,888,2787,160.1002357203487,143.97618572034872,3310.100235720349,3293.976185720349,98.29999999999998,s0_n12_duck_b0.01_a1,,,,,,,
phase1-static,strategic,2026-08-14T22:32:49.646610+00:00,totient-cpu-05.cs.cornell.edu,4cf37e9,50874,12,syn-s0-n12,00b39b5d48ce,12,6,43d21a4a9143,b36268a602df,3,150.0,98.3,3150.0,3280.00526709884,130.0052670988398,exact-milp/strategic-pwl16,GRB,OPTIMAL,3280.00526709884,3280.00526709884,0.0,3101.999999999999,178.0052670988407,6.5780651569366455,0.05205178260803223,2378,888,3235,157.47976709883972,143.74251709883967,3307.4797670988396,3293.7425170988395,98.3,s0_n12_duck_b0.01_a1,,,,,,,
phase1-static,dictator,2026-08-14T22:32:56.070648+00:00,totient-cpu-05.cs.cornell.edu,4cf37e9,50874,12,syn-s0-n12,00b39b5d48ce,12,6,5b451b296016,242fe1690a9a,3,150.0,98.3,3150.0,3280.00526709884,130.0052670988398,exact-milp/dictator-pwl16,GRB,OPTIMAL,3280.00526709884,3280.00526709884,0.0,3101.999999999999,178.0052670988407,6.284683704376221,0.043805837631225586,2378,888,3235,157.42576709883969,143.71551709883968,3307.4257670988395,3293.71551709884,98.3,s0_n12_duck_b0.01_a1,,,,,,,
phase1-loop,taker-iteration,2026-08-14T22:33:27.630247+00:00,totient-cpu-06.cs.cornell.edu,4cf37e9,50877,15,syn-s0-n12,00b39b5d48ce,12,6,43d21a4a9143,a2be72b0a106,3,150.0,98.3,3150.0,3474.4521357203494,324.45213572034936,exact-milp/taker,GRB,OPTIMAL,3474.4521357203494,3474.4521357203494,0.0,3102.0000000000014,372.452135720348,9.34769582748413,0.04884815216064453,2350,888,2787,485.6926357203487,405.0723857203487,3635.692635720349,3555.072385720349,98.29999999999998,loop,0,0.5,,,,,
phase1-loop,taker-iteration,2026-08-14T22:33:39.593633+00:00,totient-cpu-06.cs.cornell.edu,4cf37e9,50877,15,syn-s0-n12,00b39b5d48ce,12,6,5b451b296016,213ceaf9c686,3,150.0,98.3,3150.0,3517.9035602484414,367.9035602484414,exact-milp/taker,GRB,OPTIMAL,3517.9035602484414,3517.9035602484414,0.0,3102.0,415.9035602484414,11.812485218048096,0.0507349967956543,2350,888,2787,499.7198102484412,419.1055602484412,3649.7198102484413,3569.105560248441,98.3,loop,1,0.5,,,,,
phase1-loop,taker-iteration,2026-08-14T22:33:52.329903+00:00,totient-cpu-06.cs.cornell.edu,4cf37e9,50877,15,syn-s0-n12,00b39b5d48ce,12,6,5b451b296016,1243aab3f8bd,3,150.0,98.3,3150.0,3516.5933123397554,366.59331233975536,exact-milp/taker,GRB,OPTIMAL,3516.5933123397554,3516.5933123397554,0.0,3101.9999999999995,414.5933123397558,12.45701003074646,0.048682451248168945,2350,888,2787,597.4063123397555,462.25506233975545,3747.4063123397555,3612.2550623397556,98.3,loop,2,0.5,,,,,
phase1-loop,taker-iteration,2026-08-14T22:34:03.345993+00:00,totient-cpu-06.cs.cornell.edu,4cf37e9,50877,15,syn-s0-n12,00b39b5d48ce,12,6,5b451b296016,213ceaf9c686,3,150.0,98.3,3150.0,3536.151497748441,386.1514977484412,exact-milp/taker,GRB,OPTIMAL,3536.151497748441,3536.151497748441,0.0,3102.0,434.1514977484412,10.881596803665161,0.046247005462646484,2350,888,2787,499.7198102484412,419.1055602484412,3649.7198102484413,3569.105560248441,98.3,loop,3,0.5,,,,cycle,2
phase1-static,uncontrolled,2026-08-14T22:32:38.373904+00:00,totient-cpu-06.cs.cornell.edu,4cf37e9,50877,15,syn-s0-n12,00b39b5d48ce,12,6,5b451b296016,1890e8ca64fe,3,150.0,98.3,3150.0,3270.286472370294,120.28647237029418,policy/uncontrolled-charge-on-arrival,GRB,OPTIMAL,3270.286472370294,3270.286472370294,0.0,3101.999999999999,168.2864723702951,4.506903409957886,0.04932141304016113,2350,888,2787,495.3080271834014,414.6937771834014,3645.3080271834015,3564.6937771834014,98.3,s0_n12_duck_b0.05_a0.5,,,,,,,
phase1-static,taker,2026-08-14T22:32:49.272301+00:00,totient-cpu-06.cs.cornell.edu,4cf37e9,50877,15,syn-s0-n12,00b39b5d48ce,12,6,43d21a4a9143,a2be72b0a106,3,150.0,98.3,3150.0,3474.4521357203494,324.45213572034936,exact-milp/taker,GRB,OPTIMAL,3474.4521357203494,3474.4521357203494,0.0,3101.9999999999995,372.4521357203498,10.749782085418701,0.04857373237609863,2350,888,2787,485.6926357203487,405.0723857203487,3635.692635720349,3555.072385720349,98.29999999999998,s0_n12_duck_b0.05_a0.5,,,,,,,
phase1-static,strategic,2026-08-14T22:33:02.814334+00:00,totient-cpu-06.cs.cornell.edu,4cf37e9,50877,15,syn-s0-n12,00b39b5d48ce,12,6,5b451b296016,433b4304df9f,3,150.0,98.3,3150.0,3476.6052670988397,326.6052670988397,exact-milp/strategic-pwl16,GRB,OPTIMAL,3476.6052670988397,3476.6052670988397,0.0,3101.999999999999,374.6052670988406,13.40786862373352,0.03985595703125,2378,888,3235,463.70776709883967,395.1565170988397,3613.7077670988397,3545.1565170988397,98.3,s0_n12_duck_b0.05_a0.5,,,,,,,
phase1-static,dictator,2026-08-14T22:33:18.145533+00:00,totient-cpu-06.cs.cornell.edu,4cf37e9,50877,15,syn-s0-n12,00b39b5d48ce,12,6,43d21a4a9143,b36268a602df,3,150.0,98.3,3150.0,3476.6052670988392,326.60526709883925,exact-milp/dictator-pwl16,GRB,OPTIMAL,3476.6052670988392,3476.6052670988392,0.0,3101.999999999999,374.60526709884016,15.190561771392822,0.042447566986083984,2378,888,3235,463.97776709883965,395.2915170988397,3613.9777670988396,3545.29151709884,98.3,s0_n12_duck_b0.05_a0.5,,,,,,,
phase1-loop,taker-iteration,2026-08-14T22:33:20.247560+00:00,totient-cpu-06.cs.cornell.edu,4cf37e9,50876,14,syn-s0-n12,00b39b5d48ce,12,6,43d21a4a9143,a2be72b0a106,3,150.0,98.3,3150.0,3474.4521357203494,324.45213572034936,exact-milp/taker,GRB,OPTIMAL,3474.4521357203494,3474.4521357203494,0.0,3101.9999999999995,372.4521357203498,11.485538244247437,0.04460597038269043,2350,888,2787,485.6926357203487,405.0723857203487,3635.692635720349,3555.072385720349,98.29999999999998,loop,0,1.0,,,,,
phase1-loop,taker-iteration,2026-08-14T22:33:31.367564+00:00,totient-cpu-06.cs.cornell.edu,4cf37e9,50876,14,syn-s0-n12,00b39b5d48ce,12,6,5fc0b4ab33b1,d78561176c8e,3,176.0,103.5,3176.0,3543.111348637157,367.1113486371569,exact-milp/taker,GRB,OPTIMAL,3543.111348637157,3543.111348637157,0.0,3101.999999999999,441.1113486371578,10.979931116104126,0.04326272010803223,2350,888,2787,637.6738486371565,502.39259863715654,3813.6738486371564,3678.3925986371564,103.5,loop,1,1.0,,,,,
phase1-loop,taker-iteration,2026-08-14T22:33:40.654572+00:00,totient-cpu-06.cs.cornell.edu,4cf37e9,50876,14,syn-s0-n12,00b39b5d48ce,12,6,5b451b296016,a2c648d84305,3,150.0,98.3,3150.0,3474.4521357203485,324.45213572034845,exact-milp/taker,GRB,OPTIMAL,3474.4521357203485,3474.4521357203485,0.0,3102.0,372.45213572034845,9.087007522583008,0.045766592025756836,2350,888,2787,485.68063572034873,405.0663857203487,3635.6806357203486,3555.0663857203485,98.3,loop,2,1.0,,,,,
phase1-loop,taker-iteration,2026-08-14T22:33:48.687650+00:00,totient-cpu-06.cs.cornell.edu,4cf37e9,50876,14,syn-s0-n12,00b39b5d48ce,12,6,5fc0b4ab33b1,d78561176c8e,3,176.0,103.5,3176.0,3543.111348637157,367.1113486371569,exact-milp/taker,GRB,OPTIMAL,3543.111348637157,3543.111348637157,0.0,3101.999999999999,441.1113486371578,7.904461622238159,0.043593645095825195,2350,888,2787,637.6738486371565,502.39259863715654,3813.6738486371564,3678.3925986371564,103.5,loop,3,1.0,,,,cycle,2
phase1-static,uncontrolled,2026-08-14T22:32:37.615920+00:00,totient-cpu-06.cs.cornell.edu,4cf37e9,50876,14,syn-s0-n12,00b39b5d48ce,12,6,5b451b296016,1890e8ca64fe,3,150.0,98.3,3150.0,3270.286472370294,120.28647237029418,policy/uncontrolled-charge-on-arrival,GRB,OPTIMAL,3270.286472370294,3270.286472370294,0.0,3102.000000000001,168.28647237029327,3.7244551181793213,0.06697487831115723,2350,888,2787,495.3080271834014,414.6937771834014,3645.3080271834015,3564.6937771834014,98.3,s0_n12_duck_b0.05_a1,,,,,,,
phase1-static,taker,2026-08-14T22:32:46.334936+00:00,totient-cpu-06.cs.cornell.edu,4cf37e9,50876,14,syn-s0-n12,00b39b5d48ce,12,6,43d21a4a9143,a2be72b0a106,3,150.0,98.3,3150.0,3474.4521357203494,324.45213572034936,exact-milp/taker,GRB,OPTIMAL,3474.4521357203494,3474.4521357203494,0.0,3102.0000000000014,372.452135720348,8.543927431106567,0.04862499237060547,2350,888,2787,485.6926357203487,405.0723857203487,3635.692635720349,3555.072385720349,98.29999999999998,s0_n12_duck_b0.05_a1,,,,,,,
phase1-static,strategic,2026-08-14T22:32:57.633150+00:00,totient-cpu-06.cs.cornell.edu,4cf37e9,50876,14,syn-s0-n12,00b39b5d48ce,12,6,5b451b296016,433b4304df9f,3,150.0,98.3,3150.0,3476.6052670988397,326.6052670988397,exact-milp/strategic-pwl16,GRB,OPTIMAL,3476.6052670988397,3476.6052670988397,0.0,3101.999999999999,374.6052670988406,11.135637521743774,0.04371237754821777,2378,888,3235,463.70776709883967,395.1565170988397,3613.7077670988397,3545.1565170988397,98.3,s0_n12_duck_b0.05_a1,,,,,,,
phase1-static,dictator,2026-08-14T22:33:08.629708+00:00,totient-cpu-06.cs.cornell.edu,4cf37e9,50876,14,syn-s0-n12,00b39b5d48ce,12,6,43d21a4a9143,b36268a602df,3,150.0,98.3,3150.0,3476.6052670988392,326.60526709883925,exact-milp/dictator-pwl16,GRB,OPTIMAL,3476.6052670988392,3476.6052670988392,0.0,3101.999999999999,374.60526709884016,10.862573146820068,0.04082942008972168,2378,888,3235,463.97776709883965,395.2915170988397,3613.9777670988396,3545.29151709884,98.3,s0_n12_duck_b0.05_a1,,,,,,,
phase1-loop,taker-iteration,2026-08-14T22:32:51.996295+00:00,totient-cpu-04.cs.cornell.edu,4cf37e9,50871,9,syn-s0-n12,00b39b5d48ce,12,6,43d21a4a9143,a2be72b0a106,3,150.0,98.3,3150.0,3228.7021357203494,78.70213572034936,exact-milp/taker,GRB,OPTIMAL,3228.7021357203494,3228.7021357203494,0.0,3101.9999999999995,126.70213572034982,3.8372104167938232,0.04608607292175293,2350,888,2787,78.70213572034872,78.70213572034872,3228.702135720349,3228.702135720349,98.29999999999998,loop,0,0.5,,,,,
phase1-loop,taker-iteration,2026-08-14T22:32:55.518695+00:00,totient-cpu-04.cs.cornell.edu,4cf37e9,50871,9,syn-s0-n12,00b39b5d48ce,12,6,43d21a4a9143,a2be72b0a106,3,150.0,98.3,3150.0,3228.7021357203494,78.70213572034936,exact-milp/taker,GRB,OPTIMAL,3228.7021357203494,3228.7021357203494,0.0,3101.9999999999995,126.70213572034982,3.380361557006836,0.049707651138305664,2350,888,2787,78.70213572034872,78.70213572034872,3228.702135720349,3228.702135720349,98.29999999999998,loop,1,0.5,,,,fixed_point,
phase1-static,uncontrolled,2026-08-14T22:32:36.758266+00:00,totient-cpu-04.cs.cornell.edu,4cf37e9,50871,9,syn-s0-n12,00b39b5d48ce,12,6,5b451b296016,1890e8ca64fe,3,150.0,98.3,3150.0,3270.286472370294,120.28647237029418,policy/uncontrolled-charge-on-arrival,GRB,OPTIMAL,3270.286472370294,3270.286472370294,0.0,3101.999999999999,168.2864723702951,3.634671449661255,0.05356860160827637,2350,888,2787,88.32952718340138,88.32952718340138,3238.3295271834013,3238.3295271834013,98.3,s0_n12_duck_b0_a0.5,,,,,,,
phase1-static,taker,2026-08-14T22:32:40.300214+00:00,totient-cpu-04.cs.cornell.edu,4cf37e9,50871,9,syn-s0-n12,00b39b5d48ce,12,6,43d21a4a9143,a2be72b0a106,3,150.0,98.3,3150.0,3228.7021357203494,78.70213572034936,exact-milp/taker,GRB,OPTIMAL,3228.7021357203494,3228.7021357203494,0.0,3102.0,126.70213572034936,3.400757074356079,0.04751706123352051,2350,888,2787,78.70213572034872,78.70213572034872,3228.702135720349,3228.702135720349,98.29999999999998,s0_n12_duck_b0_a0.5,,,,,,,
phase1-static,strategic,2026-08-14T22:32:44.232581+00:00,totient-cpu-04.cs.cornell.edu,4cf37e9,50871,9,syn-s0-n12,00b39b5d48ce,12,6,43d21a4a9143,a2be72b0a106,3,150.0,98.3,3150.0,3228.7021357203485,78.70213572034845,exact-milp/strategic-pwl16,GRB,OPTIMAL,3228.7021357203485,3228.7021357203485,0.0,3101.9999999999995,126.7021357203489,3.7747623920440674,0.06569766998291016,2378,888,3235,78.70213572034872,78.70213572034872,3228.702135720349,3228.702135720349,98.29999999999998,s0_n12_duck_b0_a0.5,,,,,,,
phase1-static,dictator,2026-08-14T22:32:48.025661+00:00,totient-cpu-04.cs.cornell.edu,4cf37e9,50871,9,syn-s0-n12,00b39b5d48ce,12,6,43d21a4a9143,a2be72b0a106,3,150.0,98.3,3150.0,3228.7021357203485,78.70213572034845,exact-milp/dictator-pwl16,GRB,OPTIMAL,3228.7021357203485,3228.7021357203485,0.0,3102.0,126.70213572034845,3.636526107788086,0.06320476531982422,2378,888,3235,78.70213572034872,78.70213572034872,3228.702135720349,3228.702135720349,98.29999999999998,s0_n12_duck_b0_a0.5,,,,,,,
phase1-loop,taker-iteration,2026-08-14T22:32:48.903226+00:00,totient-cpu-04.cs.cornell.edu,4cf37e9,50870,8,syn-s0-n12,00b39b5d48ce,12,6,43d21a4a9143,a2be72b0a106,3,150.0,98.3,3150.0,3228.7021357203494,78.70213572034936,exact-milp/taker,GRB,OPTIMAL,3228.7021357203494,3228.7021357203494,0.0,3101.9999999999995,126.70213572034982,3.0197269916534424,0.044325828552246094,2350,888,2787,78.70213572034872,78.70213572034872,3228.702135720349,3228.702135720349,98.29999999999998,loop,0,1.0,,,,,
phase1-loop,taker-iteration,2026-08-14T22:32:51.648756+00:00,totient-cpu-04.cs.cornell.edu,4cf37e9,50870,8,syn-s0-n12,00b39b5d48ce,12,6,43d21a4a9143,a2be72b0a106,3,150.0,98.3,3150.0,3228.7021357203494,78.70213572034936,exact-milp/taker,GRB,OPTIMAL,3228.7021357203494,3228.7021357203494,0.0,3101.9999999999995,126.70213572034982,2.607994794845581,0.04519033432006836,2350,888,2787,78.70213572034872,78.70213572034872,3228.702135720349,3228.702135720349,98.29999999999998,loop,1,1.0,,,,fixed_point,
phase1-static,uncontrolled,2026-08-14T22:32:36.460686+00:00,totient-cpu-04.cs.cornell.edu,4cf37e9,50870,8,syn-s0-n12,00b39b5d48ce,12,6,5b451b296016,1890e8ca64fe,3,150.0,98.3,3150.0,3270.286472370294,120.28647237029418,policy/uncontrolled-charge-on-arrival,GRB,OPTIMAL,3270.286472370294,3270.286472370294,0.0,3101.999999999999,168.2864723702951,3.327561378479004,0.06176614761352539,2350,888,2787,88.32952718340138,88.32952718340138,3238.3295271834013,3238.3295271834013,98.3,s0_n12_duck_b0_a1,,,,,,,
phase1-static,taker,2026-08-14T22:32:39.337673+00:00,totient-cpu-04.cs.cornell.edu,4cf37e9,50870,8,syn-s0-n12,00b39b5d48ce,12,6,43d21a4a9143,a2be72b0a106,3,150.0,98.3,3150.0,3228.7021357203494,78.70213572034936,exact-milp/taker,GRB,OPTIMAL,3228.7021357203494,3228.7021357203494,0.0,3101.9999999999995,126.70213572034982,2.737119197845459,0.04387211799621582,2350,888,2787,78.70213572034872,78.70213572034872,3228.702135720349,3228.702135720349,98.29999999999998,s0_n12_duck_b0_a1,,,,,,,
phase1-static,strategic,2026-08-14T22:32:42.789023+00:00,totient-cpu-04.cs.cornell.edu,4cf37e9,50870,8,syn-s0-n12,00b39b5d48ce,12,6,43d21a4a9143,a2be72b0a106,3,150.0,98.3,3150.0,3228.7021357203485,78.70213572034845,exact-milp/strategic-pwl16,GRB,OPTIMAL,3228.7021357203485,3228.7021357203485,0.0,3101.9999999999995,126.7021357203489,3.3034827709198,0.051526784896850586,2378,888,3235,78.70213572034872,78.70213572034872,3228.702135720349,3228.702135720349,98.29999999999998,s0_n12_duck_b0_a1,,,,,,,
phase1-static,dictator,2026-08-14T22:32:45.750305+00:00,totient-cpu-04.cs.cornell.edu,4cf37e9,50870,8,syn-s0-n12,00b39b5d48ce,12,6,43d21a4a9143,a2be72b0a106,3,150.0,98.3,3150.0,3228.7021357203485,78.70213572034845,exact-milp/dictator-pwl16,GRB,OPTIMAL,3228.7021357203485,3228.7021357203485,0.0,3101.9999999999995,126.7021357203489,2.813607692718506,0.05218625068664551,2378,888,3235,78.70213572034872,78.70213572034872,3228.702135720349,3228.702135720349,98.29999999999998,s0_n12_duck_b0_a1,,,,,,,
phase1-loop,taker-iteration,2026-08-14T22:32:34.701092+00:00,unicorn-cpu-75.coecis.cornell.edu,4cf37e9,50865,3,syn-s0-n8,0cc8ee8b3d38,8,4,012128355af4,f50cad3f321c,3,92.0,28.5,3092.0,3116.233524173227,24.233524173227124,exact-milp/taker,GRB,OPTIMAL,3116.233524173227,3116.233524173227,0.0,3071.9999999999995,44.23352417322758,0.4107673168182373,0.00917196273803711,760,288,887,25.858024173227378,25.045774173227375,3117.8580241732275,3117.0457741732275,28.5,loop,0,0.5,,,,,
phase1-loop,taker-iteration,2026-08-14T22:32:35.223814+00:00,unicorn-cpu-75.coecis.cornell.edu,4cf37e9,50865,3,syn-s0-n8,0cc8ee8b3d38,8,4,012128355af4,f50cad3f321c,3,92.0,28.5,3092.0,3117.045774173227,25.045774173227073,exact-milp/taker,GRB,OPTIMAL,3117.045774173227,3117.045774173227,0.0,3071.9999999999995,45.04577417322753,0.46283769607543945,0.00916743278503418,760,288,887,25.858024173227378,25.045774173227375,3117.8580241732275,3117.0457741732275,28.5,loop,1,0.5,,,,fixed_point,
phase1-static,uncontrolled,2026-08-14T22:32:31.957943+00:00,unicorn-cpu-75.coecis.cornell.edu,4cf37e9,50865,3,syn-s0-n8,0cc8ee8b3d38,8,4,012128355af4,a424a04c037a,3,92.0,28.5,3092.0,3126.874511317939,34.87451131793887,policy/uncontrolled-charge-on-arrival,GRB,OPTIMAL,3126.874511317939,3126.874511317939,0.0,3071.9999999999995,54.87451131793932,0.7360785007476807,0.019425630569458008,760,288,887,28.061312326378744,27.249062326378738,3120.061312326379,3119.249062326379,28.5,s0_n8_duck_b0.002_a0.5,,,,,,,
phase1-static,taker,2026-08-14T22:32:32.426056+00:00,unicorn-cpu-75.coecis.cornell.edu,4cf37e9,50865,3,syn-s0-n8,0cc8ee8b3d38,8,4,012128355af4,f50cad3f321c,3,92.0,28.5,3092.0,3116.233524173227,24.233524173227124,exact-milp/taker,GRB,OPTIMAL,3116.233524173227,3116.233524173227,0.0,3071.9999999999995,44.23352417322758,0.40711236000061035,0.009299278259277344,760,288,887,25.858024173227378,25.045774173227375,3117.8580241732275,3117.0457741732275,28.5,s0_n8_duck_b0.002_a0.5,,,,,,,
phase1-static,strategic,2026-08-14T22:32:33.367064+00:00,unicorn-cpu-75.coecis.cornell.edu,4cf37e9,50865,3,syn-s0-n8,0cc8ee8b3d38,8,4,012128355af4,f9adffa8e7f9,3,92.0,28.5,3092.0,3116.8906452013603,24.890645201360257,exact-milp/strategic-pwl16,GRB,OPTIMAL,3116.8906452013603,3116.8906452013603,0.0,3072.0,44.89064520136026,0.8594105243682861,0.018340110778808594,788,288,1335,25.83514520136024,25.36289520136024,3117.8351452013603,3117.36289520136,28.5,s0_n8_duck_b0.002_a0.5,,,,,,,
phase1-static,dictator,2026-08-14T22:32:34.229529+00:00,unicorn-cpu-75.coecis.cornell.edu,4cf37e9,50865,3,syn-s0-n8,0cc8ee8b3d38,8,4,012128355af4,f9adffa8e7f9,3,92.0,28.5,3092.0,3116.8906452013603,24.890645201360257,exact-milp/dictator-pwl16,GRB,OPTIMAL,3116.8906452013603,3116.8906452013603,0.0,3072.0,44.89064520136026,0.7656278610229492,0.014647245407104492,788,288,1335,25.83514520136024,25.36289520136024,3117.8351452013603,3117.36289520136,28.5,s0_n8_duck_b0.002_a0.5,,,,,,,
phase1-loop,taker-iteration,2026-08-14T22:32:47.996384+00:00,snavely-cpu-16.cs.cornell.edu,4cf37e9,50864,2,syn-s0-n8,0cc8ee8b3d38,8,4,012128355af4,f50cad3f321c,3,92.0,28.5,3092.0,3116.233524173227,24.233524173227124,exact-milp/taker,GRB,OPTIMAL,3116.233524173227,3116.233524173227,0.0,3071.9999999999995,44.23352417322758,1.097996473312378,0.011995315551757812,760,288,887,25.858024173227378,25.045774173227375,3117.8580241732275,3117.0457741732275,28.5,loop,0,1.0,,,,,
phase1-loop,taker-iteration,2026-08-14T22:32:49.102063+00:00,snavely-cpu-16.cs.cornell.edu,4cf37e9,50864,2,syn-s0-n8,0cc8ee8b3d38,8,4,012128355af4,f50cad3f321c,3,92.0,28.5,3092.0,3117.8580241732275,25.858024173227477,exact-milp/taker,GRB,OPTIMAL,3117.8580241732275,3117.8580241732275,0.0,3071.9999999999995,45.85802417322793,1.0030851364135742,0.01237344741821289,760,288,887,25.858024173227378,25.045774173227375,3117.8580241732275,3117.0457741732275,28.5,loop,1,1.0,,,,fixed_point,
phase1-static,uncontrolled,2026-08-14T22:32:42.018017+00:00,snavely-cpu-16.cs.cornell.edu,4cf37e9,50864,2,syn-s0-n8,0cc8ee8b3d38,8,4,012128355af4,a424a04c037a,3,92.0,28.5,3092.0,3126.874511317939,34.87451131793887,policy/uncontrolled-charge-on-arrival,GRB,OPTIMAL,3126.874511317939,3126.874511317939,0.0,3071.9999999999995,54.87451131793932,1.126382827758789,0.0184326171875,760,288,887,28.061312326378744,27.249062326378738,3120.061312326379,3119.249062326379,28.5,s0_n8_duck_b0.002_a1,,,,,,,
phase1-static,taker,2026-08-14T22:32:43.044343+00:00,snavely-cpu-16.cs.cornell.edu,4cf37e9,50864,2,syn-s0-n8,0cc8ee8b3d38,8,4,012128355af4,f50cad3f321c,3,92.0,28.5,3092.0,3116.233524173227,24.233524173227124,exact-milp/taker,GRB,OPTIMAL,3116.233524173227,3116.233524173227,0.0,3071.9999999999995,44.23352417322758,0.9440512657165527,0.012139558792114258,760,288,887,25.858024173227378,25.045774173227375,3117.8580241732275,3117.0457741732275,28.5,s0_n8_duck_b0.002_a1,,,,,,,
phase1-static,strategic,2026-08-14T22:32:45.304931+00:00,snavely-cpu-16.cs.cornell.edu,4cf37e9,50864,2,syn-s0-n8,0cc8ee8b3d38,8,4,012128355af4,f9adffa8e7f9,3,92.0,28.5,3092.0,3116.8906452013603,24.890645201360257,exact-milp/strategic-pwl16,GRB,OPTIMAL,3116.8906452013603,3116.8906452013603,0.0,3072.0,44.89064520136026,2.1413018703460693,0.03087162971496582,788,288,1335,25.83514520136024,25.36289520136024,3117.8351452013603,3117.36289520136,28.5,s0_n8_duck_b0.002_a1,,,,,,,
phase1-static,dictator,2026-08-14T22:32:46.816481+00:00,snavely-cpu-16.cs.cornell.edu,4cf37e9,50864,2,syn-s0-n8,0cc8ee8b3d38,8,4,012128355af4,f9adffa8e7f9,3,92.0,28.5,3092.0,3116.8906452013603,24.890645201360257,exact-milp/dictator-pwl16,GRB,OPTIMAL,3116.8906452013603,3116.8906452013603,0.0,3072.0,44.89064520136026,1.3766207695007324,0.023551464080810547,788,288,1335,25.83514520136024,25.36289520136024,3117.8351452013603,3117.36289520136,28.5,s0_n8_duck_b0.002_a1,,,,,,,
phase1-loop,taker-iteration,2026-08-14T22:32:35.085770+00:00,totient-cpu-03.cs.cornell.edu,4cf37e9,50867,5,syn-s0-n8,0cc8ee8b3d38,8,4,012128355af4,f50cad3f321c,3,92.0,28.5,3092.0,3127.6335241732277,35.63352417322767,exact-milp/taker,GRB,OPTIMAL,3127.6335241732277,3127.6335241732277,0.0,3071.9999999999995,55.633524173228125,0.47058653831481934,0.007467031478881836,760,288,887,43.756024173227374,39.69477417322738,3135.756024173227,3131.6947741732274,28.5,loop,0,0.5,,,,,
phase1-loop,taker-iteration,2026-08-14T22:32:35.938847+00:00,totient-cpu-03.cs.cornell.edu,4cf37e9,50867,5,syn-s0-n8,0cc8ee8b3d38,8,4,012128355af4,9ae8ea4107a5,3,92.0,28.5,3092.0,3129.836812326379,37.836812326379004,exact-milp/taker,GRB,OPTIMAL,3129.836812326379,3129.836812326379,0.0,3071.9999999999995,57.83681232637946,0.8118278980255127,0.007227897644042969,760,288,887,45.95931232637874,41.89806232637874,3137.959312326379,3133.8980623263787,28.5,loop,1,0.5,,,,,
phase1-loop,taker-iteration,2026-08-14T22:32:36.611172+00:00,totient-cpu-03.cs.cornell.edu,4cf37e9,50867,5,syn-s0-n8,0cc8ee8b3d38,8,4,012128355af4,f50cad3f321c,3,92.0,28.5,3092.0,3129.664149173227,37.66414917322709,exact-milp/taker,GRB,OPTIMAL,3129.664149173227,3129.664149173227,0.0,3071.9999999999995,57.66414917322754,0.6068880558013916,0.007500648498535156,760,288,887,43.756024173227374,39.69477417322738,3135.756024173227,3131.6947741732274,28.5,loop,2,0.5,,,,cycle,2
phase1-static,uncontrolled,2026-08-14T22:32:32.362039+00:00,totient-cpu-03.cs.cornell.edu,4cf37e9,50867,5,syn-s0-n8,0cc8ee8b3d38,8,4,012128355af4,a424a04c037a,3,92.0,28.5,3092.0,3126.874511317939,34.87451131793887,policy/uncontrolled-charge-on-arrival,GRB,OPTIMAL,3126.874511317939,3126.874511317939,0.0,3071.9999999999995,54.87451131793932,0.48227524757385254,0.011427879333496094,760,288,887,45.95931232637874,41.89806232637874,3137.959312326379,3133.8980623263787,28.5,s0_n8_duck_b0.01_a0.5,,,,,,,
phase1-static,taker,2026-08-14T22:32:32.872756+00:00,totient-cpu-03.cs.cornell.edu,4cf37e9,50867,5,syn-s0-n8,0cc8ee8b3d38,8,4,012128355af4,f50cad3f321c,3,92.0,28.5,3092.0,3127.6335241732277,35.63352417322767,exact-milp/taker,GRB,OPTIMAL,3127.6335241732277,3127.6335241732277,0.0,3071.9999999999995,55.633524173228125,0.4694492816925049,0.007546901702880859,760,288,887,43.756024173227374,39.69477417322738,3135.756024173227,3131.6947741732274,28.5,s0_n8_duck_b0.01_a0.5,,,,,,,
phase1-static,strategic,2026-08-14T22:32:33.734660+00:00,totient-cpu-03.cs.cornell.edu,4cf37e9,50867,5,syn-s0-n8,0cc8ee8b3d38,8,4,012128355af4,f9adffa8e7f9,3,92.0,28.5,3092.0,3128.2906452013603,36.29064520136035,exact-milp/strategic-pwl16,GRB,OPTIMAL,3128.2906452013603,3128.2906452013603,0.0,3072.0,56.29064520136035,0.8033337593078613,0.0182492733001709,788,288,1335,41.01314520136024,38.65189520136023,3133.01314520136,3130.6518952013603,28.5,s0_n8_duck_b0.01_a0.5,,,,,,,
phase1-static,dictator,2026-08-14T22:32:34.572123+00:00,totient-cpu-03.cs.cornell.edu,4cf37e9,50867,5,syn-s0-n8,0cc8ee8b3d38,8,4,012128355af4,f9adffa8e7f9,3,92.0,28.5,3092.0,3128.2906452013603,36.29064520136035,exact-milp/dictator-pwl16,GRB,OPTIMAL,3128.2906452013603,3128.2906452013603,0.0,3072.0,56.29064520136035,0.7650537490844727,0.013997077941894531,788,288,1335,41.01314520136024,38.65189520136023,3133.01314520136,3130.6518952013603,28.5,s0_n8_duck_b0.01_a0.5,,,,,,,
phase1-loop,taker-iteration,2026-08-14T22:32:35.652593+00:00,totient-cpu-02.cs.cornell.edu,4cf37e9,50866,4,syn-s0-n8,0cc8ee8b3d38,8,4,012128355af4,f50cad3f321c,3,92.0,28.5,3092.0,3127.6335241732277,35.63352417322767,exact-milp/taker,GRB,OPTIMAL,3127.6335241732277,3127.6335241732277,0.0,3071.9999999999995,55.633524173228125,0.6068975925445557,0.007797956466674805,760,288,887,43.756024173227374,39.69477417322738,3135.756024173227,3131.6947741732274,28.5,loop,0,1.0,,,,,
phase1-loop,taker-iteration,2026-08-14T22:32:36.362640+00:00,totient-cpu-02.cs.cornell.edu,4cf37e9,50866,4,syn-s0-n8,0cc8ee8b3d38,8,4,012128355af4,9ae8ea4107a5,3,92.0,28.5,3092.0,3129.836812326379,37.836812326379004,exact-milp/taker,GRB,OPTIMAL,3129.836812326379,3129.836812326379,0.0,3071.9999999999995,57.83681232637946,0.6427762508392334,0.007364749908447266,760,288,887,45.95931232637874,41.89806232637874,3137.959312326379,3133.8980623263787,28.5,loop,1,1.0,,,,,
phase1-loop,taker-iteration,2026-08-14T22:32:37.001249+00:00,totient-cpu-02.cs.cornell.edu,4cf37e9,50866,4,syn-s0-n8,0cc8ee8b3d38,8,4,012128355af4,f50cad3f321c,3,92.0,28.5,3092.0,3127.6335241732277,35.63352417322767,exact-milp/taker,GRB,OPTIMAL,3127.6335241732277,3127.6335241732277,0.0,3071.9999999999995,55.633524173228125,0.5986912250518799,0.007393836975097656,760,288,887,43.756024173227374,39.69477417322738,3135.756024173227,3131.6947741732274,28.5,loop,2,1.0,,,,cycle,2
phase1-static,uncontrolled,2026-08-14T22:32:32.666826+00:00,totient-cpu-02.cs.cornell.edu,4cf37e9,50866,4,syn-s0-n8,0cc8ee8b3d38,8,4,012128355af4,a424a04c037a,3,92.0,28.5,3092.0,3126.874511317939,34.87451131793887,policy/uncontrolled-charge-on-arrival,GRB,OPTIMAL,3126.874511317939,3126.874511317939,0.0,3071.9999999999995,54.87451131793932,0.514458179473877,0.011353015899658203,760,288,887,45.95931232637874,41.89806232637874,3137.959312326379,3133.8980623263787,28.5,s0_n8_duck_b0.01_a1,,,,,,,
phase1-static,taker,2026-08-14T22:32:33.201954+00:00,totient-cpu-02.cs.cornell.edu,4cf37e9,50866,4,syn-s0-n8,0cc8ee8b3d38,8,4,012128355af4,f50cad3f321c,3,92.0,28.5,3092.0,3127.6335241732277,35.63352417322767,exact-milp/taker,GRB,OPTIMAL,3127.6335241732277,3127.6335241732277,0.0,3071.9999999999995,55.633524173228125,0.4927654266357422,0.007926702499389648,760,288,887,43.756024173227374,39.69477417322738,3135.756024173227,3131.6947741732274,28.5,s0_n8_duck_b0.01_a1,,,,,,,
phase1-static,strategic,2026-08-14T22:32:34.084112+00:00,totient-cpu-02.cs.cornell.edu,4cf37e9,50866,4,syn-s0-n8,0cc8ee8b3d38,8,4,012128355af4,f9adffa8e7f9,3,92.0,28.5,3092.0,3128.2906452013603,36.29064520136035,exact-milp/strategic-pwl16,GRB,OPTIMAL,3128.2906452013603,3128.2906452013603,0.0,3072.0,56.29064520136035,0.8267879486083984,0.015012264251708984,788,288,1335,41.01314520136024,38.65189520136023,3133.01314520136,3130.6518952013603,28.5,s0_n8_duck_b0.01_a1,,,,,,,
phase1-static,dictator,2026-08-14T22:32:35.004592+00:00,totient-cpu-02.cs.cornell.edu,4cf37e9,50866,4,syn-s0-n8,0cc8ee8b3d38,8,4,012128355af4,f9adffa8e7f9,3,92.0,28.5,3092.0,3128.2906452013603,36.29064520136035,exact-milp/dictator-pwl16,GRB,OPTIMAL,3128.2906452013603,3128.2906452013603,0.0,3072.0,56.29064520136035,0.850069522857666,0.014670133590698242,788,288,1335,41.01314520136024,38.65189520136023,3133.01314520136,3130.6518952013603,28.5,s0_n8_duck_b0.01_a1,,,,,,,
phase1-loop,taker-iteration,2026-08-14T22:32:37.795112+00:00,totient-cpu-04.cs.cornell.edu,4cf37e9,50869,7,syn-s0-n8,0cc8ee8b3d38,8,4,00fbfc2cd22a,23d8467d9025,3,106.0,20.3,3106.0,3172.777347673473,66.77734767347283,exact-milp/taker,GRB,OPTIMAL,3172.777347673473,3172.777347673472,2.8665569692113455e-16,3071.9999999999995,100.77734767347329,0.7508158683776855,0.0073664188385009766,760,288,887,77.0818476734728,71.9295976734728,3183.081847673473,3177.929597673473,20.3,loop,0,0.5,,,,,
phase1-loop,taker-iteration,2026-08-14T22:32:38.886529+00:00,totient-cpu-04.cs.cornell.edu,4cf37e9,50869,7,syn-s0-n8,0cc8ee8b3d38,8,4,00fbfc2cd22a,1d5d53edbd0c,3,106.0,20.3,3106.0,3175.8098608865967,69.80986088659665,exact-milp/taker,GRB,OPTIMAL,3175.8098608865967,3175.8098608865967,0.0,3071.9999999999995,103.80986088659711,1.0520174503326416,0.00721430778503418,760,288,887,80.11436088659694,74.96211088659693,3186.114360886597,3180.9621108865967,20.3,loop,1,0.5,,,,,
phase1-loop,taker-iteration,2026-08-14T22:32:39.985785+00:00,totient-cpu-04.cs.cornell.edu,4cf37e9,50869,7,syn-s0-n8,0cc8ee8b3d38,8,4,00fbfc2cd22a,23d8467d9025,3,106.0,20.3,3106.0,3175.353472673473,69.35347267347288,exact-milp/taker,GRB,OPTIMAL,3175.353472673473,3175.3534726734715,4.296347050493171e-16,3071.9999999999995,103.35347267347333,1.0588514804840088,0.007319927215576172,760,288,887,77.0818476734728,71.9295976734728,3183.081847673473,3177.929597673473,20.3,loop,2,0.5,,,,cycle,2
phase1-static,uncontrolled,2026-08-14T22:32:33.559430+00:00,totient-cpu-04.cs.cornell.edu,4cf37e9,50869,7,syn-s0-n8,0cc8ee8b3d38,8,4,012128355af4,a424a04c037a,3,92.0,28.5,3092.0,3126.874511317939,34.87451131793887,policy/uncontrolled-charge-on-arrival,GRB,OPTIMAL,3126.874511317939,3126.874511317939,0.0,3071.9999999999995,54.87451131793932,0.5045912265777588,0.022376537322998047,760,288,887,135.44931232637876,115.14306232637874,3227.4493123263787,3207.1430623263786,28.5,s0_n8_duck_b0.05_a0.5,,,,,,,
phase1-static,taker,2026-08-14T22:32:34.305422+00:00,totient-cpu-04.cs.cornell.edu,4cf37e9,50869,7,syn-s0-n8,0cc8ee8b3d38,8,4,00fbfc2cd22a,23d8467d9025,3,106.0,20.3,3106.0,3172.777347673473,66.77734767347283,exact-milp/taker,GRB,OPTIMAL,3172.777347673473,3172.777347673472,2.8665569692113455e-16,3071.9999999999995,100.77734767347329,0.6921641826629639,0.007571220397949219,760,288,887,77.0818476734728,71.9295976734728,3183.081847673473,3177.929597673473,20.3,s0_n8_duck_b0.05_a0.5,,,,,,,
phase1-static,strategic,2026-08-14T22:32:35.793441+00:00,totient-cpu-04.cs.cornell.edu,4cf37e9,50869,7,syn-s0-n8,0cc8ee8b3d38,8,4,00fbfc2cd22a,23d8467d9025,3,106.0,20.3,3106.0,3172.777347673473,66.77734767347283,exact-milp/strategic-pwl16,GRB,OPTIMAL,3172.777347673473,3172.777347673473,0.0,3072.0,100.77734767347283,1.4306633472442627,0.016659259796142578,788,288,1335,77.0818476734728,71.9295976734728,3183.081847673473,3177.929597673473,20.3,s0_n8_duck_b0.05_a0.5,,,,,,,
phase1-static,dictator,2026-08-14T22:32:37.003980+00:00,totient-cpu-04.cs.cornell.edu,4cf37e9,50869,7,syn-s0-n8,0cc8ee8b3d38,8,4,00fbfc2cd22a,23d8467d9025,3,106.0,20.3,3106.0,3172.777347673473,66.77734767347283,exact-milp/dictator-pwl16,GRB,OPTIMAL,3172.777347673473,3172.777347673473,0.0,3072.0,100.77734767347283,1.1306812763214111,0.013756752014160156,788,288,1335,77.0818476734728,71.9295976734728,3183.081847673473,3177.929597673473,20.3,s0_n8_duck_b0.05_a0.5,,,,,,,
phase1-loop,taker-iteration,2026-08-14T22:24:23.175516+00:00,totient-cpu-02.cs.cornell.edu,c9e5868,50845,6,syn-s0-n8,0cc8ee8b3d38,8,4,00fbfc2cd22a,23d8467d9025,3,106.0,20.3,3106.0,3172.777347673473,66.77734767347283,exact-milp/taker,GRB,OPTIMAL,3172.777347673473,3172.777347673472,2.8665569692113455e-16,3071.9999999999995,100.77734767347329,0.6926853656768799,0.007372140884399414,760,288,887,77.0818476734728,71.9295976734728,3183.081847673473,3177.929597673473,20.3,loop,0,1.0,,,,,
phase1-loop,taker-iteration,2026-08-14T22:24:24.224643+00:00,totient-cpu-02.cs.cornell.edu,c9e5868,50845,6,syn-s0-n8,0cc8ee8b3d38,8,4,00fbfc2cd22a,1d5d53edbd0c,3,106.0,20.3,3106.0,3175.8098608865967,69.80986088659665,exact-milp/taker,GRB,OPTIMAL,3175.8098608865967,3175.8098608865967,0.0,3071.9999999999995,103.80986088659711,1.009777545928955,0.007253170013427734,760,288,887,80.11436088659694,74.96211088659693,3186.114360886597,3180.9621108865967,20.3,loop,1,1.0,,,,,
phase1-loop,taker-iteration,2026-08-14T22:24:25.229896+00:00,totient-cpu-02.cs.cornell.edu,c9e5868,50845,6,syn-s0-n8,0cc8ee8b3d38,8,4,00fbfc2cd22a,9ae1442fad32,3,106.0,20.3,3106.0,3172.777347016976,66.77734701697591,exact-milp/taker,GRB,OPTIMAL,3172.777347016976,3172.777347016976,0.0,3071.9999999999995,100.77734701697636,0.9611785411834717,0.011167287826538086,760,288,887,77.08185010538739,71.92959856038694,3183.0818501053873,3177.929598560387,20.3,loop,2,1.0,,,,,
phase1-loop,taker-iteration,2026-08-14T22:24:26.283422+00:00,totient-cpu-02.cs.cornell.edu,c9e5868,50845,6,syn-s0-n8,0cc8ee8b3d38,8,4,00fbfc2cd22a,1d5d53edbd0c,3,106.0,20.3,3106.0,3175.8098608865967,69.80986088659665,exact-milp/taker,GRB,OPTIMAL,3175.8098608865967,3175.8098608865967,0.0,3071.9999999999995,103.80986088659711,1.012939214706421,0.007504463195800781,760,288,887,80.11436088659694,74.96211088659693,3186.114360886597,3180.9621108865967,20.3,loop,3,1.0,,,,cycle,2
phase1-static,uncontrolled,2026-08-14T22:24:18.974440+00:00,totient-cpu-02.cs.cornell.edu,c9e5868,50845,6,syn-s0-n8,0cc8ee8b3d38,8,4,012128355af4,a424a04c037a,3,92.0,28.5,3092.0,3126.874511317939,34.87451131793887,policy/uncontrolled-charge-on-arrival,GRB,OPTIMAL,3126.874511317939,3126.874511317939,0.0,3071.9999999999995,54.87451131793932,0.5431714057922363,0.01723623275756836,760,288,887,135.44931232637876,115.14306232637874,3227.4493123263787,3207.1430623263786,28.5,s0_n8_duck_b0.05_a1,,,,,,,
phase1-static,taker,2026-08-14T22:24:19.698927+00:00,totient-cpu-02.cs.cornell.edu,c9e5868,50845,6,syn-s0-n8,0cc8ee8b3d38,8,4,00fbfc2cd22a,23d8467d9025,3,106.0,20.3,3106.0,3172.777347673473,66.77734767347283,exact-milp/taker,GRB,OPTIMAL,3172.777347673473,3172.777347673472,2.8665569692113455e-16,3071.9999999999995,100.77734767347329,0.6814844608306885,0.007388114929199219,760,288,887,77.0818476734728,71.9295976734728,3183.081847673473,3177.929597673473,20.3,s0_n8_duck_b0.05_a1,,,,,,,
phase1-static,strategic,2026-08-14T22:24:21.192242+00:00,totient-cpu-02.cs.cornell.edu,c9e5868,50845,6,syn-s0-n8,0cc8ee8b3d38,8,4,00fbfc2cd22a,23d8467d9025,3,106.0,20.3,3106.0,3172.777347673473,66.77734767347283,exact-milp/strategic-pwl16,GRB,OPTIMAL,3172.777347673473,3172.777347673473,0.0,3072.0,100.77734767347283,1.4161670207977295,0.018331289291381836,788,288,1335,77.0818476734728,71.9295976734728,3183.081847673473,3177.929597673473,20.3,s0_n8_duck_b0.05_a1,,,,,,,
phase1-static,dictator,2026-08-14T22:24:22.443086+00:00,totient-cpu-02.cs.cornell.edu,c9e5868,50845,6,syn-s0-n8,0cc8ee8b3d38,8,4,00fbfc2cd22a,23d8467d9025,3,106.0,20.3,3106.0,3172.777347673473,66.77734767347283,exact-milp/dictator-pwl16,GRB,OPTIMAL,3172.777347673473,3172.777347673473,0.0,3072.0,100.77734767347283,1.1769664287567139,0.014125347137451172,788,288,1335,77.0818476734728,71.9295976734728,3183.081847673473,3177.929597673473,20.3,s0_n8_duck_b0.05_a1,,,,,,,
phase1-loop,taker-iteration,2026-08-14T22:32:45.023299+00:00,snavely-cpu-16.cs.cornell.edu,4cf37e9,50863,1,syn-s0-n8,0cc8ee8b3d38,8,4,012128355af4,f50cad3f321c,3,92.0,28.5,3092.0,3113.3835241732277,21.38352417322767,exact-milp/taker,GRB,OPTIMAL,3113.3835241732277,3113.3835241732277,0.0,3071.9999999999995,41.383524173228125,1.0977377891540527,0.011836051940917969,760,288,887,21.38352417322738,21.38352417322738,3113.383524173227,3113.383524173227,28.5,loop,0,0.5,,,,,
phase1-loop,taker-iteration,2026-08-14T22:32:45.952906+00:00,snavely-cpu-16.cs.cornell.edu,4cf37e9,50863,1,syn-s0-n8,0cc8ee8b3d38,8,4,012128355af4,f50cad3f321c,3,92.0,28.5,3092.0,3113.3835241732277,21.38352417322767,exact-milp/taker,GRB,OPTIMAL,3113.3835241732277,3113.3835241732277,0.0,3071.9999999999995,41.383524173228125,0.8505172729492188,0.01215052604675293,760,288,887,21.38352417322738,21.38352417322738,3113.383524173227,3113.383524173227,28.5,loop,1,0.5,,,,fixed_point,
phase1-static,uncontrolled,2026-08-14T22:32:40.630402+00:00,snavely-cpu-16.cs.cornell.edu,4cf37e9,50863,1,syn-s0-n8,0cc8ee8b3d38,8,4,012128355af4,a424a04c037a,3,92.0,28.5,3092.0,3126.874511317939,34.87451131793887,policy/uncontrolled-charge-on-arrival,GRB,OPTIMAL,3126.874511317939,3126.874511317939,0.0,3071.9999999999995,54.87451131793932,1.1291618347167969,0.04051852226257324,760,288,887,23.58681232637874,23.58681232637874,3115.5868123263785,3115.5868123263785,28.5,s0_n8_duck_b0_a0.5,,,,,,,
phase1-static,taker,2026-08-14T22:32:41.650354+00:00,snavely-cpu-16.cs.cornell.edu,4cf37e9,50863,1,syn-s0-n8,0cc8ee8b3d38,8,4,012128355af4,f50cad3f321c,3,92.0,28.5,3092.0,3113.3835241732277,21.38352417322767,exact-milp/taker,GRB,OPTIMAL,3113.3835241732277,3113.3835241732277,0.0,3071.9999999999995,41.383524173228125,0.939450740814209,0.011238574981689453,760,288,887,21.38352417322738,21.38352417322738,3113.383524173227,3113.383524173227,28.5,s0_n8_duck_b0_a0.5,,,,,,,
phase1-static,strategic,2026-08-14T22:32:42.697021+00:00,snavely-cpu-16.cs.cornell.edu,4cf37e9,50863,1,syn-s0-n8,0cc8ee8b3d38,8,4,012128355af4,f50cad3f321c,3,92.0,28.5,3092.0,3113.3835241732277,21.38352417322767,exact-milp/strategic-pwl16,GRB,OPTIMAL,3113.3835241732277,3113.3835241732277,0.0,3071.9999999999995,41.383524173228125,0.9461593627929688,0.01610708236694336,788,288,1335,21.38352417322738,21.38352417322738,3113.383524173227,3113.383524173227,28.5,s0_n8_duck_b0_a0.5,,,,,,,
phase1-static,dictator,2026-08-14T22:32:43.845445+00:00,snavely-cpu-16.cs.cornell.edu,4cf37e9,50863,1,syn-s0-n8,0cc8ee8b3d38,8,4,012128355af4,f50cad3f321c,3,92.0,28.5,3092.0,3113.3835241732277,21.38352417322767,exact-milp/dictator-pwl16,GRB,OPTIMAL,3113.3835241732277,3113.3835241732277,0.0,3071.9999999999995,41.383524173228125,1.0076384544372559,0.01635909080505371,788,288,1335,21.38352417322738,21.38352417322738,3113.383524173227,3113.383524173227,28.5,s0_n8_duck_b0_a0.5,,,,,,,
phase1-loop,taker-iteration,2026-08-14T22:32:44.976350+00:00,snavely-cpu-16.cs.cornell.edu,4cf37e9,50862,0,syn-s0-n8,0cc8ee8b3d38,8,4,012128355af4,f50cad3f321c,3,92.0,28.5,3092.0,3113.3835241732277,21.38352417322767,exact-milp/taker,GRB,OPTIMAL,3113.3835241732277,3113.3835241732277,0.0,3071.9999999999995,41.383524173228125,1.0393867492675781,0.01087188720703125,760,288,887,21.38352417322738,21.38352417322738,3113.383524173227,3113.383524173227,28.5,loop,0,1.0,,,,,
phase1-loop,taker-iteration,2026-08-14T22:32:46.132839+00:00,snavely-cpu-16.cs.cornell.edu,4cf37e9,50862,0,syn-s0-n8,0cc8ee8b3d38,8,4,012128355af4,f50cad3f321c,3,92.0,28.5,3092.0,3113.3835241732277,21.38352417322767,exact-milp/taker,GRB,OPTIMAL,3113.3835241732277,3113.3835241732277,0.0,3071.9999999999995,41.383524173228125,1.0753517150878906,0.011804342269897461,760,288,887,21.38352417322738,21.38352417322738,3113.383524173227,3113.383524173227,28.5,loop,1,1.0,,,,fixed_point,
phase1-static,uncontrolled,2026-08-14T22:32:40.630893+00:00,snavely-cpu-16.cs.cornell.edu,4cf37e9,50862,0,syn-s0-n8,0cc8ee8b3d38,8,4,012128355af4,a424a04c037a,3,92.0,28.5,3092.0,3126.874511317939,34.87451131793887,policy/uncontrolled-charge-on-arrival,GRB,OPTIMAL,3126.874511317939,3126.874511317939,0.0,3071.9999999999995,54.87451131793932,1.1317651271820068,0.03987765312194824,760,288,887,23.58681232637874,23.58681232637874,3115.5868123263785,3115.5868123263785,28.5,s0_n8_duck_b0_a1,,,,,,,
phase1-static,taker,2026-08-14T22:32:41.649027+00:00,snavely-cpu-16.cs.cornell.edu,4cf37e9,50862,0,syn-s0-n8,0cc8ee8b3d38,8,4,012128355af4,f50cad3f321c,3,92.0,28.5,3092.0,3113.3835241732277,21.38352417322767,exact-milp/taker,GRB,OPTIMAL,3113.3835241732277,3113.3835241732277,0.0,3071.9999999999995,41.383524173228125,0.9380123615264893,0.011667966842651367,760,288,887,21.38352417322738,21.38352417322738,3113.383524173227,3113.383524173227,28.5,s0_n8_duck_b0_a1,,,,,,,
phase1-static,strategic,2026-08-14T22:32:42.730948+00:00,snavely-cpu-16.cs.cornell.edu,4cf37e9,50862,0,syn-s0-n8,0cc8ee8b3d38,8,4,012128355af4,f50cad3f321c,3,92.0,28.5,3092.0,3113.3835241732277,21.38352417322767,exact-milp/strategic-pwl16,GRB,OPTIMAL,3113.3835241732277,3113.3835241732277,0.0,3071.9999999999995,41.383524173228125,0.9809231758117676,0.016582250595092773,788,288,1335,21.38352417322738,21.38352417322738,3113.383524173227,3113.383524173227,28.5,s0_n8_duck_b0_a1,,,,,,,
phase1-static,dictator,2026-08-14T22:32:43.860822+00:00,snavely-cpu-16.cs.cornell.edu,4cf37e9,50862,0,syn-s0-n8,0cc8ee8b3d38,8,4,012128355af4,f50cad3f321c,3,92.0,28.5,3092.0,3113.3835241732277,21.38352417322767,exact-milp/dictator-pwl16,GRB,OPTIMAL,3113.3835241732277,3113.3835241732277,0.0,3071.9999999999995,41.383524173228125,1.0013461112976074,0.013651371002197266,788,288,1335,21.38352417322738,21.38352417322738,3113.383524173227,3113.383524173227,28.5,s0_n8_duck_b0_a1,,,,,,,
phase1-loop,taker-iteration,2026-08-14T22:34:50.766940+00:00,en-cc-unicorn-cpu-76.coecis.cornell.edu,4cf37e9,50889,27,syn-s1-n12,3406ecdf08f7,12,6,f3b020d41cdd,72359e02d4e0,3,162.0,89.7,3162.0,3240.2431917980302,78.24319179803024,exact-milp/taker,GRB,OPTIMAL,3240.2431917980302,3240.2431917980302,0.0,3120.0000000000005,120.24319179802978,23.76802134513855,0.04519796371459961,3004,924,2913,87.78697179803002,83.01508179803001,3249.78697179803,3245.01508179803,89.7,loop,0,0.5,,,,,
phase1-loop,taker-iteration,2026-08-14T22:35:07.712125+00:00,en-cc-unicorn-cpu-76.coecis.cornell.edu,4cf37e9,50889,27,syn-s1-n12,3406ecdf08f7,12,6,dad8b798d392,72359e02d4e0,3,162.0,89.7,3162.0,3245.0150817980298,83.01508179802977,exact-milp/taker,GRB,OPTIMAL,3245.0150817980298,3245.0150817980298,0.0,3120.0000000000005,125.01508179802931,16.734862804412842,0.04927659034729004,3004,924,2913,87.78697179803002,83.01508179803001,3249.78697179803,3245.01508179803,89.7,loop,1,0.5,,,,fixed_point,
phase1-static,uncontrolled,2026-08-14T22:33:11.360708+00:00,en-cc-unicorn-cpu-76.coecis.cornell.edu,4cf37e9,50889,27,syn-s1-n12,3406ecdf08f7,12,6,c6213cb3546e,cf7dbfff0f68,3,162.0,89.7,3162.0,3271.762935621723,109.76293562172305,policy/uncontrolled-charge-on-arrival,GRB,OPTIMAL,3271.762935621723,3271.762935621723,0.0,3119.9999999999995,151.7629356217235,32.29464673995972,0.07953643798828125,3004,924,2913,126.74327099289559,123.9397409928956,3288.7432709928958,3285.9397409928956,89.69999999999999,s1_n12_duck_b0.002_a0.5,,,,,,,
phase1-static,taker,2026-08-14T22:33:33.924235+00:00,en-cc-unicorn-cpu-76.coecis.cornell.edu,4cf37e9,50889,27,syn-s1-n12,3406ecdf08f7,12,6,f3b020d41cdd,72359e02d4e0,3,162.0,89.7,3162.0,3240.2431917980302,78.24319179803024,exact-milp/taker,GRB,OPTIMAL,3240.2431917980302,3240.2431917980302,0.0,3119.9999999999995,120.2431917980307,22.42485237121582,0.04801154136657715,3004,924,2913,87.78697179803002,83.01508179803001,3249.78697179803,3245.01508179803,89.7,s1_n12_duck_b0.002_a0.5,,,,,,,
phase1-static,strategic,2026-08-14T22:34:00.079248+00:00,en-cc-unicorn-cpu-76.coecis.cornell.edu,4cf37e9,50889,27,syn-s1-n12,3406ecdf08f7,12,6,3808242908cd,d22593830d6f,3,162.0,89.7,3162.0,3242.8871375818117,80.88713758181166,exact-milp/strategic-pwl16,GRB,OPTIMAL,3242.8871375818117,3242.887137581811,1.4022916357969974e-16,3120.000000000001,122.88713758181075,26.00210189819336,0.0439300537109375,3032,924,3361,86.25131758181166,83.56922758181166,3248.2513175818117,3245.5692275818114,89.7,s1_n12_duck_b0.002_a0.5,,,,,,,
phase1-static,dictator,2026-08-14T22:34:26.821644+00:00,en-cc-unicorn-cpu-76.coecis.cornell.edu,4cf37e9,50889,27,syn-s1-n12,3406ecdf08f7,12,6,16c58d5cdad3,d22593830d6f,3,162.0,89.7,3162.0,3242.8871375818117,80.88713758181166,exact-milp/dictator-pwl16,GRB,OPTIMAL,3242.8871375818117,3242.8871375818117,0.0,3120.000000000001,122.88713758181075,26.601928234100342,0.04549288749694824,3032,924,3361,86.25131758181166,83.56922758181166,3248.2513175818117,3245.5692275818114,89.7,s1_n12_duck_b0.002_a0.5,,,,,,,
phase1-loop,taker-iteration,2026-08-14T22:35:18.366197+00:00,en-cc-unicorn-cpu-76.coecis.cornell.edu,4cf37e9,50888,26,syn-s1-n12,3406ecdf08f7,12,6,f3b020d41cdd,72359e02d4e0,3,162.0,89.7,3162.0,3240.2431917980302,78.24319179803024,exact-milp/taker,GRB,OPTIMAL,3240.2431917980302,3240.2431917980302,0.0,3120.0000000000005,120.24319179802978,31.46627688407898,0.043894052505493164,3004,924,2913,87.78697179803002,83.01508179803001,3249.78697179803,3245.01508179803,89.7,loop,0,1.0,,,,,
phase1-loop,taker-iteration,2026-08-14T22:35:42.666147+00:00,en-cc-unicorn-cpu-76.coecis.cornell.edu,4cf37e9,50888,26,syn-s1-n12,3406ecdf08f7,12,6,6ce4af71aa84,4ff6c8da99b0,3,162.0,90.0,3162.0,3246.198670504354,84.19867050435414,exact-milp/taker,GRB,OPTIMAL,3246.198670504354,3246.198670504354,0.0,3120.0,126.19867050435414,24.014272689819336,0.06099963188171387,3004,924,2913,95.42867050435393,89.45667050435391,3257.428670504354,3251.456670504354,90.0,loop,1,1.0,,,,,
phase1-loop,taker-iteration,2026-08-14T22:36:06.962131+00:00,en-cc-unicorn-cpu-76.coecis.cornell.edu,4cf37e9,50888,26,syn-s1-n12,3406ecdf08f7,12,6,160e1bf486d9,72359e02d4e0,3,162.0,89.7,3162.0,3240.95719179803,78.95719179803018,exact-milp/taker,GRB,OPTIMAL,3240.95719179803,3240.95719179803,0.0,3120.0000000000005,120.95719179802973,24.154858350753784,0.04810595512390137,3004,924,2913,87.78697179803002,83.01508179803001,3249.78697179803,3245.01508179803,89.7,loop,2,1.0,,,,,
phase1-loop,taker-iteration,2026-08-14T22:36:28.839615+00:00,en-cc-unicorn-cpu-76.coecis.cornell.edu,4cf37e9,50888,26,syn-s1-n12,3406ecdf08f7,12,6,0c4c04962f44,4ff6c8da99b0,3,162.0,90.0,3162.0,3246.198670504354,84.19867050435414,exact-milp/taker,GRB,OPTIMAL,3246.198670504354,3246.198670504354,0.0,3119.9999999999995,126.1986705043546,21.726662397384644,0.0489346981048584,3004,924,2913,95.42867050435393,89.45667050435391,3257.428670504354,3251.456670504354,90.0,loop,3,1.0,,,,,
phase1-loop,taker-iteration,2026-08-14T22:36:53.447387+00:00,en-cc-unicorn-cpu-76.coecis.cornell.edu,4cf37e9,50888,26,syn-s1-n12,3406ecdf08f7,12,6,160e1bf486d9,72359e02d4e0,3,162.0,89.7,3162.0,3240.95719179803,78.95719179803018,exact-milp/taker,GRB,OPTIMAL,3240.95719179803,3240.95719179803,0.0,3120.0000000000005,120.95719179802973,24.451587677001953,0.050339460372924805,3004,924,2913,87.78697179803002,83.01508179803001,3249.78697179803,3245.01508179803,89.7,loop,4,1.0,,,,cycle,2
phase1-static,uncontrolled,2026-08-14T22:33:13.232727+00:00,en-cc-unicorn-cpu-76.coecis.cornell.edu,4cf37e9,50888,26,syn-s1-n12,3406ecdf08f7,12,6,c6213cb3546e,cf7dbfff0f68,3,162.0,89.7,3162.0,3271.762935621723,109.76293562172305,policy/uncontrolled-charge-on-arrival,GRB,OPTIMAL,3271.762935621723,3271.762935621723,0.0,3119.9999999999977,151.76293562172532,34.15506410598755,0.08317899703979492,3004,924,2913,126.74327099289559,123.9397409928956,3288.7432709928958,3285.9397409928956,89.69999999999999,s1_n12_duck_b0.002_a1,,,,,,,
phase1-static,taker,2026-08-14T22:33:39.690622+00:00,en-cc-unicorn-cpu-76.coecis.cornell.edu,4cf37e9,50888,26,syn-s1-n12,3406ecdf08f7,12,6,f3b020d41cdd,72359e02d4e0,3,162.0,89.7,3162.0,3240.2431917980302,78.24319179803024,exact-milp/taker,GRB,OPTIMAL,3240.2431917980302,3240.2431917980302,0.0,3120.0000000000005,120.24319179802978,26.24657678604126,0.04665827751159668,3004,924,2913,87.78697179803002,83.01508179803001,3249.78697179803,3245.01508179803,89.7,s1_n12_duck_b0.002_a1,,,,,,,
phase1-static,strategic,2026-08-14T22:34:11.177434+00:00,en-cc-unicorn-cpu-76.coecis.cornell.edu,4cf37e9,50888,26,syn-s1-n12,3406ecdf08f7,12,6,3808242908cd,d22593830d6f,3,162.0,89.7,3162.0,3242.8871375818117,80.88713758181166,exact-milp/strategic-pwl16,GRB,OPTIMAL,3242.8871375818117,3242.887137581811,1.4022916357969974e-16,3120.000000000001,122.88713758181075,31.339089155197144,0.04467415809631348,3032,924,3361,86.25131758181166,83.56922758181166,3248.2513175818117,3245.5692275818114,89.7,s1_n12_duck_b0.002_a1,,,,,,,
phase1-static,dictator,2026-08-14T22:34:46.753004+00:00,en-cc-unicorn-cpu-76.coecis.cornell.edu,4cf37e9,50888,26,syn-s1-n12,3406ecdf08f7,12,6,16c58d5cdad3,d22593830d6f,3,162.0,89.7,3162.0,3242.8871375818117,80.88713758181166,exact-milp/dictator-pwl16,GRB,OPTIMAL,3242.8871375818117,3242.8871375818117,0.0,3120.000000000001,122.88713758181075,35.41580891609192,0.054648637771606445,3032,924,3361,86.25131758181166,83.56922758181166,3248.2513175818117,3245.5692275818114,89.7,s1_n12_duck_b0.002_a1,,,,,,,
phase1-loop,taker-iteration,2026-08-14T22:36:02.796578+00:00,jingjie-cpu-06.mae.cornell.edu,4cf37e9,50891,29,syn-s1-n12,3406ecdf08f7,12,6,16c58d5cdad3,72359e02d4e0,3,162.0,89.7,3162.0,3276.1231917980303,114.12319179803035,exact-milp/taker,GRB,OPTIMAL,3276.1231917980303,3276.12319179803,1.3880654794207715e-16,3120.0000000000005,156.1231917980299,37.00824189186096,0.057916879653930664,3004,924,2913,161.84209179803003,137.98264179803002,3323.84209179803,3299.98264179803,89.7,loop,0,0.5,,,,,
phase1-loop,taker-iteration,2026-08-14T22:36:45.588507+00:00,jingjie-cpu-06.mae.cornell.edu,4cf37e9,50891,29,syn-s1-n12,3406ecdf08f7,12,6,6ce4af71aa84,4ff6c8da99b0,3,162.0,90.0,3162.0,3283.269670504354,121.26967050435405,exact-milp/taker,GRB,OPTIMAL,3283.269670504354,3283.269670504354,0.0,3120.0,163.26967050435405,42.59085130691528,0.04945635795593262,3004,924,2913,179.2046705043539,149.34467050435393,3341.204670504354,3311.344670504354,90.0,loop,1,0.5,,,,,
phase1-loop,taker-iteration,2026-08-14T22:37:16.406256+00:00,jingjie-cpu-06.mae.cornell.edu,4cf37e9,50891,29,syn-s1-n12,3406ecdf08f7,12,6,f3b020d41cdd,72359e02d4e0,3,162.0,89.7,3162.0,3289.83791679803,127.83791679803016,exact-milp/taker,GRB,OPTIMAL,3289.83791679803,3289.83791679803,0.0,3119.9999999999995,169.83791679803062,30.68472957611084,0.04942154884338379,3004,924,2913,161.84209179803003,137.98264179803002,3323.84209179803,3299.98264179803,89.7,loop,2,0.5,,,,,
phase1-loop,taker-iteration,2026-08-14T22:38:02.065410+00:00,jingjie-cpu-06.mae.cornell.edu,4cf37e9,50891,29,syn-s1-n12,3406ecdf08f7,12,6,160e1bf486d9,c26ec3a1d7d0,3,162.0,89.7,3162.0,3298.240950769339,136.24095076933918,exact-milp/taker,GRB,OPTIMAL,3298.240950769339,3298.240950769339,0.0,3120.0,178.24095076933918,45.51709175109863,0.04738259315490723,3004,924,2913,166.80528826933943,142.9458382693394,3328.8052882693396,3304.945838269339,89.7,loop,3,0.5,,,,,
phase1-loop,taker-iteration,2026-08-14T22:38:34.971598+00:00,jingjie-cpu-06.mae.cornell.edu,4cf37e9,50891,29,syn-s1-n12,3406ecdf08f7,12,6,f3b020d41cdd,8a8298f8e261,3,162.0,89.7,3162.0,3294.5970503990666,132.59705039906657,exact-milp/taker,GRB,OPTIMAL,3294.5970503990666,3294.5970503990666,0.0,3119.9999999999995,174.59705039906703,32.776345014572144,0.045227766036987305,3004,924,2913,167.43582539906686,143.57637539906688,3329.4358253990667,3305.576375399067,89.7,loop,4,0.5,,,,,
phase1-loop,taker-iteration,2026-08-14T22:39:22.924954+00:00,jingjie-cpu-06.mae.cornell.edu,4cf37e9,50891,29,syn-s1-n12,3406ecdf08f7,12,6,9049073c825a,aa99613b7117,3,162.0,89.7,3162.0,3291.1636226443393,129.16362264433928,exact-milp/taker,GRB,OPTIMAL,3291.1636226443393,3291.1636226443393,0.0,3120.0000000000005,171.16362264433883,47.8163206577301,0.04965806007385254,3004,924,2913,199.54728826933942,159.3168382693394,3361.5472882693393,3321.3168382693393,89.7,loop,5,0.5,,,,,
phase1-loop,taker-iteration,2026-08-14T22:40:08.032685+00:00,jingjie-cpu-06.mae.cornell.edu,4cf37e9,50891,29,syn-s1-n12,3406ecdf08f7,12,6,6ce4af71aa84,8056070e980e,3,162.0,90.0,3162.0,3293.3522399323742,131.35223993237423,exact-milp/taker,GRB,OPTIMAL,3293.3522399323742,3293.352239932374,1.3808038671739587e-16,3120.0,173.35223993237423,44.972527265548706,0.05081367492675781,3004,924,2913,182.27573993237414,152.41573993237415,3344.275739932374,3314.415739932374,90.0,loop,6,0.5,,,,,
phase1-loop,taker-iteration,2026-08-14T22:40:47.119385+00:00,jingjie-cpu-06.mae.cornell.edu,4cf37e9,50891,29,syn-s1-n12,3406ecdf08f7,12,6,160e1bf486d9,72359e02d4e0,3,162.0,89.7,3162.0,3289.31982382928,127.31982382927981,exact-milp/taker,GRB,OPTIMAL,3289.31982382928,3289.31982382928,0.0,3119.9999999999995,169.31982382928027,38.946871519088745,0.04903697967529297,3004,924,2913,161.84209179803003,137.98264179803002,3323.84209179803,3299.98264179803,89.7,loop,7,0.5,,,,,
phase1-loop,taker-iteration,2026-08-14T22:41:29.785554+00:00,jingjie-cpu-06.mae.cornell.edu,4cf37e9,50891,29,syn-s1-n12,3406ecdf08f7,12,6,6658f11a2487,c26ec3a1d7d0,3,162.0,89.7,3162.0,3301.4221214724644,139.42212147246437,exact-milp/taker,GRB,OPTIMAL,3301.4221214724644,3301.4221214724644,0.0,3120.0,181.42212147246437,42.5312659740448,0.050900936126708984,3004,924,2913,166.80528826933943,142.9458382693394,3328.8052882693396,3304.945838269339,89.7,loop,8,0.5,,,,,
phase1-loop,taker-iteration,2026-08-14T22:42:06.959030+00:00,jingjie-cpu-06.mae.cornell.edu,4cf37e9,50891,29,syn-s1-n12,3406ecdf08f7,12,6,90de7a280822,8a8298f8e261,3,162.0,89.7,3162.0,3294.360994930317,132.3609949303168,exact-milp/taker,GRB,OPTIMAL,3294.360994930317,3294.360994930317,0.0,3119.9999999999995,174.36099493031725,37.03851008415222,0.04798269271850586,3004,924,2913,167.43582539906686,143.57637539906688,3329.4358253990667,3305.576375399067,89.7,loop,9,0.5,,,,,
phase1-loop,taker-iteration,2026-08-14T22:42:45.476405+00:00,jingjie-cpu-06.mae.cornell.edu,4cf37e9,50891,29,syn-s1-n12,3406ecdf08f7,12,6,ce9352a6802e,aa99613b7117,3,162.0,89.7,3162.0,3292.4932674685583,130.49326746855832,exact-milp/taker,GRB,OPTIMAL,3292.4932674685583,3292.4932674685583,0.0,3120.0000000000005,172.49326746855786,38.383841037750244,0.05014681816101074,3004,924,2913,199.54728826933942,159.3168382693394,3361.5472882693393,3321.3168382693393,89.7,loop,10,0.5,,,,,
phase1-loop,taker-iteration,2026-08-14T22:43:28.311246+00:00,jingjie-cpu-06.mae.cornell.edu,4cf37e9,50891,29,syn-s1-n12,3406ecdf08f7,12,6,6ce4af71aa84,8056070e980e,3,162.0,90.0,3162.0,3293.6883805573743,131.68838055737433,exact-milp/taker,GRB,OPTIMAL,3293.6883805573743,3293.6883805573743,0.0,3120.0,173.68838055737433,42.69351530075073,0.0493168830871582,3004,924,2913,182.27573993237414,152.41573993237415,3344.275739932374,3314.415739932374,90.0,loop,11,0.5,,,,cycle,5
phase1-static,uncontrolled,2026-08-14T22:33:16.706138+00:00,jingjie-cpu-06.mae.cornell.edu,4cf37e9,50891,29,syn-s1-n12,3406ecdf08f7,12,6,8aa090dbe1b7,dadc44947ba7,3,162.0,89.7,3162.0,3271.762935621723,109.76293562172305,policy/uncontrolled-charge-on-arrival,GRB,OPTIMAL,3271.762935621723,3271.762935621723,0.0,3119.9999999999995,151.7629356217235,40.301830530166626,0.05743837356567383,3004,924,2913,203.7195835561386,190.0105335561386,3365.719583556139,3352.0105335561384,89.7,s1_n12_duck_b0.01_a0.5,,,,,,,
phase1-static,taker,2026-08-14T22:33:49.124904+00:00,jingjie-cpu-06.mae.cornell.edu,4cf37e9,50891,29,syn-s1-n12,3406ecdf08f7,12,6,16c58d5cdad3,72359e02d4e0,3,162.0,89.7,3162.0,3276.1231917980303,114.12319179803035,exact-milp/taker,GRB,OPTIMAL,3276.1231917980303,3276.12319179803,1.3880654794207715e-16,3120.0000000000005,156.1231917980299,32.286972999572754,0.04790163040161133,3004,924,2913,161.84209179803003,137.98264179803002,3323.84209179803,3299.98264179803,89.7,s1_n12_duck_b0.01_a0.5,,,,,,,
phase1-static,strategic,2026-08-14T22:34:36.829294+00:00,jingjie-cpu-06.mae.cornell.edu,4cf37e9,50891,29,syn-s1-n12,3406ecdf08f7,12,6,55ce3d347b23,d22593830d6f,3,162.0,89.7,3162.0,3278.7671375818118,116.76713758181177,exact-milp/strategic-pwl16,GRB,OPTIMAL,3278.7671375818118,3278.7671375818113,1.386946165447583e-16,3120.000000000001,158.76713758181086,47.56204652786255,0.045552968978881836,3032,924,3361,143.58803758181165,130.17758758181165,3305.5880375818115,3292.1775875818116,89.7,s1_n12_duck_b0.01_a0.5,,,,,,,
phase1-static,dictator,2026-08-14T22:35:25.645549+00:00,jingjie-cpu-06.mae.cornell.edu,4cf37e9,50891,29,syn-s1-n12,3406ecdf08f7,12,6,16c58d5cdad3,d22593830d6f,3,162.0,89.7,3162.0,3278.7671375818118,116.76713758181177,exact-milp/dictator-pwl16,GRB,OPTIMAL,3278.7671375818118,3278.7671375818113,1.386946165447583e-16,3120.000000000001,158.76713758181086,48.68527603149414,0.03988766670227051,3032,924,3361,143.58803758181165,130.17758758181165,3305.5880375818115,3292.1775875818116,89.7,s1_n12_duck_b0.01_a0.5,,,,,,,
phase1-loop,taker-iteration,2026-08-14T22:36:50.417044+00:00,en-cc-unicorn-cpu-76.coecis.cornell.edu,4cf37e9,50890,28,syn-s1-n12,3406ecdf08f7,12,6,16c58d5cdad3,72359e02d4e0,3,162.0,89.7,3162.0,3276.1231917980303,114.12319179803035,exact-milp/taker,GRB,OPTIMAL,3276.1231917980303,3276.123191798029,4.1641964382623146e-16,3120.0000000000005,156.1231917980299,59.228842973709106,0.05857682228088379,3004,924,2913,161.84209179803003,137.98264179803002,3323.84209179803,3299.98264179803,89.7,loop,0,1.0,,,,,
phase1-loop,taker-iteration,2026-08-14T22:37:42.001751+00:00,en-cc-unicorn-cpu-76.coecis.cornell.edu,4cf37e9,50890,28,syn-s1-n12,3406ecdf08f7,12,6,6ce4af71aa84,8056070e980e,3,162.0,90.0,3162.0,3284.5557399323743,122.55573993237431,exact-milp/taker,GRB,OPTIMAL,3284.5557399323743,3284.5557399323743,0.0,3119.9999999999995,164.55573993237476,51.35646843910217,0.04900383949279785,3004,924,2913,182.27573993237414,152.41573993237415,3344.275739932374,3314.415739932374,90.0,loop,1,1.0,,,,,
phase1-loop,taker-iteration,2026-08-14T22:38:23.045209+00:00,en-cc-unicorn-cpu-76.coecis.cornell.edu,4cf37e9,50890,28,syn-s1-n12,3406ecdf08f7,12,6,16c58d5cdad3,72359e02d4e0,3,162.0,89.7,3162.0,3276.1231917980303,114.12319179803035,exact-milp/taker,GRB,OPTIMAL,3276.1231917980303,3276.12319179803,1.3880654794207715e-16,3119.9999999999995,156.1231917980308,40.88547492027283,0.05405879020690918,3004,924,2913,161.84209179803003,137.98264179803002,3323.84209179803,3299.98264179803,89.7,loop,2,1.0,,,,cycle,2
phase1-static,uncontrolled,2026-08-14T22:33:17.299038+00:00,en-cc-unicorn-cpu-76.coecis.cornell.edu,4cf37e9,50890,28,syn-s1-n12,3406ecdf08f7,12,6,c6213cb3546e,cf7dbfff0f68,3,162.0,89.7,3162.0,3271.762935621723,109.76293562172305,policy/uncontrolled-charge-on-arrival,GRB,OPTIMAL,3271.762935621723,3271.762935621723,0.0,3119.9999999999977,151.76293562172532,38.21690225601196,0.07885146141052246,3004,924,2913,185.0515109928956,171.0338609928956,3347.0515109928956,3333.033860992896,89.69999999999999,s1_n12_duck_b0.01_a1,,,,,,,
phase1-static,taker,2026-08-14T22:33:44.506391+00:00,en-cc-unicorn-cpu-76.coecis.cornell.edu,4cf37e9,50890,28,syn-s1-n12,3406ecdf08f7,12,6,90de7a280822,72359e02d4e0,3,162.0,89.7,3162.0,3276.1231917980303,114.12319179803035,exact-milp/taker,GRB,OPTIMAL,3276.1231917980303,3276.1231917980303,0.0,3119.9999999999995,156.1231917980308,26.974054098129272,0.05701184272766113,3004,924,2913,161.84209179803003,137.98264179803002,3323.84209179803,3299.98264179803,89.7,s1_n12_duck_b0.01_a1,,,,,,,
phase1-static,strategic,2026-08-14T22:34:25.868363+00:00,en-cc-unicorn-cpu-76.coecis.cornell.edu,4cf37e9,50890,28,syn-s1-n12,3406ecdf08f7,12,6,2b85df44c3dc,d22593830d6f,3,162.0,89.7,3162.0,3278.7671375818118,116.76713758181177,exact-milp/strategic-pwl16,GRB,OPTIMAL,3278.7671375818118,3278.7671375818113,1.386946165447583e-16,3120.000000000001,158.76713758181086,41.20116448402405,0.053029537200927734,3032,924,3361,143.58803758181165,130.17758758181165,3305.5880375818115,3292.1775875818116,89.7,s1_n12_duck_b0.01_a1,,,,,,,
phase1-static,dictator,2026-08-14T22:35:51.039764+00:00,en-cc-unicorn-cpu-76.coecis.cornell.edu,4cf37e9,50890,28,syn-s1-n12,3406ecdf08f7,12,6,16c58d5cdad3,d22593830d6f,3,162.0,89.7,3162.0,3278.7671375818118,116.76713758181177,exact-milp/dictator-pwl16,GRB,OPTIMAL,3278.7671375818118,3278.7671375818113,1.386946165447583e-16,3120.000000000001,158.76713758181086,84.97936296463013,0.04909157752990723,3032,924,3361,143.58803758181165,130.17758758181165,3305.5880375818115,3292.1775875818116,89.7,s1_n12_duck_b0.01_a1,,,,,,,
phase1-loop,taker-iteration,2026-08-14T22:40:32.533364+00:00,jingjie-cpu-06.mae.cornell.edu,4cf37e9,50893,31,syn-s1-n12,3406ecdf08f7,12,6,16c58d5cdad3,72359e02d4e0,3,162.0,89.7,3162.0,3455.52319179803,293.52319179803,exact-milp/taker,GRB,OPTIMAL,3455.52319179803,3455.52319179803,0.0,3120.0000000000005,335.52319179802953,98.04310417175293,0.043158769607543945,3004,924,2913,532.1176917980301,412.82044179803,3694.11769179803,3574.82044179803,89.7,loop,0,0.5,,,,,
phase1-loop,taker-iteration,2026-08-14T22:42:46.861667+00:00,jingjie-cpu-06.mae.cornell.edu,4cf37e9,50893,31,syn-s1-n12,3406ecdf08f7,12,6,4a551fa55a71,8056070e980e,3,162.0,90.0,3162.0,3464.5557399323743,302.5557399323743,exact-milp/taker,GRB,OPTIMAL,3464.5557399323743,3464.5557399323743,0.0,3120.0,344.5557399323743,134.115793466568,0.05208396911621094,3004,924,2913,601.1557399323742,451.85573993237415,3763.155739932374,3613.855739932374,90.0,loop,1,0.5,,,,,
phase1-loop,taker-iteration,2026-08-14T22:44:25.015421+00:00,jingjie-cpu-06.mae.cornell.edu,4cf37e9,50893,31,syn-s1-n12,3406ecdf08f7,12,6,0c4c04962f44,ae17166e9dfa,3,162.0,90.0,3162.0,3484.676019745034,322.67601974503395,exact-milp/taker,GRB,OPTIMAL,3484.676019745034,3484.676019745034,0.0,3119.9999999999986,364.6760197450353,98.01903653144836,0.05049848556518555,3004,924,2913,524.7243947450338,418.16989474503384,3686.724394745034,3580.169894745034,90.0,loop,2,0.5,,,,,
phase1-loop,taker-iteration,2026-08-14T22:45:58.055473+00:00,jingjie-cpu-06.mae.cornell.edu,4cf37e9,50893,31,syn-s1-n12,3406ecdf08f7,12,6,16c58d5cdad3,8a8298f8e261,3,162.0,89.7,3162.0,3491.339675399067,329.3396753990669,exact-milp/taker,GRB,OPTIMAL,3491.339675399067,3491.339675399067,0.0,3119.9999999999977,371.33967539906916,92.89101505279541,0.04584002494812012,3004,924,2913,537.7114253990669,418.4141753990669,3699.7114253990667,3580.414175399067,89.7,loop,3,0.5,,,,,
phase1-loop,taker-iteration,2026-08-14T22:47:48.778158+00:00,jingjie-cpu-06.mae.cornell.edu,4cf37e9,50893,31,syn-s1-n12,3406ecdf08f7,12,6,6658f11a2487,c26ec3a1d7d0,3,162.0,89.7,3162.0,3504.0740445193396,342.0740445193396,exact-milp/taker,GRB,OPTIMAL,3504.0740445193396,3504.0740445193396,0.0,3120.000000000001,384.0740445193387,110.59042310714722,0.045928955078125,3004,924,2913,537.0808882693395,417.7836382693394,3699.0808882693395,3579.7836382693395,89.7,loop,4,0.5,,,,,
phase1-loop,taker-iteration,2026-08-14T22:49:50.398268+00:00,jingjie-cpu-06.mae.cornell.edu,4cf37e9,50893,31,syn-s1-n12,3406ecdf08f7,12,6,17329d9567f0,caa08e884e35,3,162.0,89.7,3162.0,3507.8285374259626,345.8285374259626,exact-milp/taker,GRB,OPTIMAL,3507.8285374259626,3507.8285374259626,0.0,3120.0,387.8285374259626,121.48832678794861,0.04398226737976074,3004,924,2913,564.2730374259627,455.05078742596265,3726.2730374259627,3617.050787425963,89.7,loop,5,0.5,,,,,
phase1-loop,taker-iteration,2026-08-14T22:51:41.679764+00:00,jingjie-cpu-06.mae.cornell.edu,4cf37e9,50893,31,syn-s1-n12,3406ecdf08f7,12,6,6658f11a2487,8a8298f8e261,3,162.0,89.7,3162.0,3494.7190816490665,332.71908164906654,exact-milp/taker,GRB,OPTIMAL,3494.7190816490665,3494.7190816490665,0.0,3120.0,374.71908164906654,111.14384627342224,0.05060744285583496,3004,924,2913,537.7114253990669,418.4141753990669,3699.7114253990667,3580.414175399067,89.7,loop,6,0.5,,,,,
phase1-loop,taker-iteration,2026-08-14T22:54:07.514656+00:00,jingjie-cpu-06.mae.cornell.edu,4cf37e9,50893,31,syn-s1-n12,3406ecdf08f7,12,6,67668c1713a1,aa99613b7117,3,162.0,89.7,3162.0,3480.539243738089,318.5392437380892,exact-milp/taker,GRB,OPTIMAL,3480.539243738089,3480.539243738089,0.0,3120.0,360.5392437380892,145.69784665107727,0.043312788009643555,3004,924,2913,700.7908882693393,499.63863826933937,3862.790888269339,3661.6386382693395,89.7,loop,7,0.5,,,,,
phase1-loop,taker-iteration,2026-08-14T22:55:42.056806+00:00,jingjie-cpu-06.mae.cornell.edu,4cf37e9,50893,31,syn-s1-n12,3406ecdf08f7,12,6,4a551fa55a71,8056070e980e,3,162.0,90.0,3162.0,3487.1563649323743,325.15636493237434,exact-milp/taker,GRB,OPTIMAL,3487.1563649323743,3487.1563649323743,0.0,3120.000000000002,367.1563649323725,94.41190314292908,0.04355454444885254,3004,924,2913,601.1557399323742,451.85573993237415,3763.155739932374,3613.855739932374,90.0,loop,8,0.5,,,,cycle,7
phase1-static,uncontrolled,2026-08-14T22:33:17.028949+00:00,jingjie-cpu-06.mae.cornell.edu,4cf37e9,50893,31,syn-s1-n12,3406ecdf08f7,12,6,8aa090dbe1b7,dadc44947ba7,3,162.0,89.7,3162.0,3271.762935621723,109.76293562172305,policy/uncontrolled-charge-on-arrival,GRB,OPTIMAL,3271.762935621723,3271.762935621723,0.0,3119.9999999999995,151.7629356217235,40.53750038146973,0.06007575988769531,3004,924,2913,492.79198355613863,424.2467335561386,3654.791983556139,3586.2467335561387,89.7,s1_n12_duck_b0.05_a0.5,,,,,,,
phase1-static,taker,2026-08-14T22:34:55.628291+00:00,jingjie-cpu-06.mae.cornell.edu,4cf37e9,50893,31,syn-s1-n12,3406ecdf08f7,12,6,16c58d5cdad3,72359e02d4e0,3,162.0,89.7,3162.0,3455.52319179803,293.52319179803,exact-milp/taker,GRB,OPTIMAL,3455.52319179803,3455.52319179803,0.0,3120.000000000001,335.5231917980291,98.4671688079834,0.04845571517944336,3004,924,2913,532.1176917980301,412.82044179803,3694.11769179803,3574.82044179803,89.7,s1_n12_duck_b0.05_a0.5,,,,,,,
phase1-static,strategic,2026-08-14T22:36:53.961171+00:00,jingjie-cpu-06.mae.cornell.edu,4cf37e9,50893,31,syn-s1-n12,3406ecdf08f7,12,6,81fa2479d955,d22593830d6f,3,162.0,89.7,3162.0,3458.1671375818114,296.1671375818114,exact-milp/strategic-pwl16,GRB,OPTIMAL,3458.1671375818114,3458.16713758181,3.944985879466093e-16,3120.000000000001,338.1671375818105,118.19081115722656,0.044672489166259766,3032,924,3361,430.27163758181166,363.21938758181165,3592.271637581812,3525.2193875818116,89.7,s1_n12_duck_b0.05_a0.5,,,,,,,
phase1-static,dictator,2026-08-14T22:38:54.361880+00:00,jingjie-cpu-06.mae.cornell.edu,4cf37e9,50893,31,syn-s1-n12,3406ecdf08f7,12,6,16c58d5cdad3,d22593830d6f,3,162.0,89.7,3162.0,3458.1671375818114,296.1671375818114,exact-milp/dictator-pwl16,GRB,OPTIMAL,3458.1671375818114,3458.1671375818114,0.0,3120.000000000001,338.1671375818105,120.26674914360046,0.043554067611694336,3032,924,3361,430.27163758181166,363.21938758181165,3592.271637581812,3525.2193875818116,89.7,s1_n12_duck_b0.05_a0.5,,,,,,,
phase1-loop,taker-iteration,2026-08-14T22:40:15.697255+00:00,jingjie-cpu-06.mae.cornell.edu,4cf37e9,50892,30,syn-s1-n12,3406ecdf08f7,12,6,16c58d5cdad3,72359e02d4e0,3,162.0,89.7,3162.0,3455.52319179803,293.52319179803,exact-milp/taker,GRB,OPTIMAL,3455.52319179803,3455.52319179803,0.0,3120.000000000001,335.5231917980291,97.52441167831421,0.043160438537597656,3004,924,2913,532.1176917980301,412.82044179803,3694.11769179803,3574.82044179803,89.7,loop,0,1.0,,,,,
phase1-loop,taker-iteration,2026-08-14T22:42:28.969433+00:00,jingjie-cpu-06.mae.cornell.edu,4cf37e9,50892,30,syn-s1-n12,3406ecdf08f7,12,6,4a551fa55a71,8056070e980e,3,162.0,90.0,3162.0,3464.5557399323743,302.5557399323743,exact-milp/taker,GRB,OPTIMAL,3464.5557399323743,3464.5557399323743,0.0,3120.0,344.5557399323743,133.07058453559875,0.046260833740234375,3004,924,2913,601.1557399323742,451.85573993237415,3763.155739932374,3613.855739932374,90.0,loop,1,1.0,,,,,
phase1-loop,taker-iteration,2026-08-14T22:44:28.540232+00:00,jingjie-cpu-06.mae.cornell.edu,4cf37e9,50892,30,syn-s1-n12,3406ecdf08f7,12,6,dad8b798d392,72359e02d4e0,3,162.0,89.7,3162.0,3455.52319179803,293.52319179803,exact-milp/taker,GRB,OPTIMAL,3455.52319179803,3455.52319179803,0.0,3120.000000000001,335.5231917980291,119.43649291992188,0.05057811737060547,3004,924,2913,532.1176917980301,412.82044179803,3694.11769179803,3574.82044179803,89.7,loop,2,1.0,,,,,
phase1-loop,taker-iteration,2026-08-14T22:46:45.911246+00:00,jingjie-cpu-06.mae.cornell.edu,4cf37e9,50892,30,syn-s1-n12,3406ecdf08f7,12,6,4a551fa55a71,8056070e980e,3,162.0,90.0,3162.0,3464.5557399323743,302.5557399323743,exact-milp/taker,GRB,OPTIMAL,3464.5557399323743,3464.5557399323743,0.0,3120.0,344.5557399323743,137.23155188560486,0.04997849464416504,3004,924,2913,601.1557399323742,451.85573993237415,3763.155739932374,3613.855739932374,90.0,loop,3,1.0,,,,cycle,2
phase1-static,uncontrolled,2026-08-14T22:33:15.855527+00:00,jingjie-cpu-06.mae.cornell.edu,4cf37e9,50892,30,syn-s1-n12,3406ecdf08f7,12,6,8aa090dbe1b7,dadc44947ba7,3,162.0,89.7,3162.0,3271.762935621723,109.76293562172305,policy/uncontrolled-charge-on-arrival,GRB,OPTIMAL,3271.762935621723,3271.762935621723,0.0,3119.9999999999977,151.76293562172532,39.46530318260193,0.061083316802978516,3004,924,2913,492.79198355613863,424.2467335561386,3654.791983556139,3586.2467335561387,89.7,s1_n12_duck_b0.05_a1,,,,,,,
phase1-static,taker,2026-08-14T22:34:42.217548+00:00,jingjie-cpu-06.mae.cornell.edu,4cf37e9,50892,30,syn-s1-n12,3406ecdf08f7,12,6,16c58d5cdad3,72359e02d4e0,3,162.0,89.7,3162.0,3455.52319179803,293.52319179803,exact-milp/taker,GRB,OPTIMAL,3455.52319179803,3455.52319179803,0.0,3120.0000000000005,335.52319179802953,86.22473120689392,0.051104068756103516,3004,924,2913,532.1176917980301,412.82044179803,3694.11769179803,3574.82044179803,89.7,s1_n12_duck_b0.05_a1,,,,,,,
phase1-static,strategic,2026-08-14T22:36:42.316079+00:00,jingjie-cpu-06.mae.cornell.edu,4cf37e9,50892,30,syn-s1-n12,3406ecdf08f7,12,6,81fa2479d955,d22593830d6f,3,162.0,89.7,3162.0,3458.1671375818114,296.1671375818114,exact-milp/strategic-pwl16,GRB,OPTIMAL,3458.1671375818114,3458.16713758181,3.944985879466093e-16,3120.000000000001,338.1671375818105,119.95729207992554,0.04346156120300293,3032,924,3361,430.27163758181166,363.21938758181165,3592.271637581812,3525.2193875818116,89.7,s1_n12_duck_b0.05_a1,,,,,,,
phase1-static,dictator,2026-08-14T22:38:38.044711+00:00,jingjie-cpu-06.mae.cornell.edu,4cf37e9,50892,30,syn-s1-n12,3406ecdf08f7,12,6,16c58d5cdad3,d22593830d6f,3,162.0,89.7,3162.0,3458.1671375818114,296.1671375818114,exact-milp/dictator-pwl16,GRB,OPTIMAL,3458.1671375818114,3458.1671375818114,0.0,3120.000000000001,338.1671375818105,115.59563374519348,0.04210638999938965,3032,924,3361,430.27163758181166,363.21938758181165,3592.271637581812,3525.2193875818116,89.7,s1_n12_duck_b0.05_a1,,,,,,,
phase1-loop,taker-iteration,2026-08-14T22:34:27.548028+00:00,en-cc-unicorn-cpu-76.coecis.cornell.edu,4cf37e9,50887,25,syn-s1-n12,3406ecdf08f7,12,6,6658f11a2487,72359e02d4e0,3,162.0,89.7,3162.0,3231.27319179803,69.27319179802998,exact-milp/taker,GRB,OPTIMAL,3231.27319179803,3231.27319179803,0.0,3120.0000000000005,111.27319179802953,14.663648128509521,0.045951128005981445,3004,924,2913,69.27319179803003,69.27319179803003,3231.27319179803,3231.27319179803,89.7,loop,0,0.5,,,,,
phase1-loop,taker-iteration,2026-08-14T22:34:47.495809+00:00,en-cc-unicorn-cpu-76.coecis.cornell.edu,4cf37e9,50887,25,syn-s1-n12,3406ecdf08f7,12,6,16c58d5cdad3,72359e02d4e0,3,162.0,89.7,3162.0,3231.27319179803,69.27319179802998,exact-milp/taker,GRB,OPTIMAL,3231.27319179803,3231.27319179803,0.0,3120.0000000000005,111.27319179802953,19.746371746063232,0.045064687728881836,3004,924,2913,69.27319179803003,69.27319179803003,3231.27319179803,3231.27319179803,89.7,loop,1,0.5,,,,fixed_point,
phase1-static,uncontrolled,2026-08-14T22:33:10.944719+00:00,en-cc-unicorn-cpu-76.coecis.cornell.edu,4cf37e9,50887,25,syn-s1-n12,3406ecdf08f7,12,6,c6213cb3546e,cf7dbfff0f68,3,162.0,89.7,3162.0,3271.762935621723,109.76293562172305,policy/uncontrolled-charge-on-arrival,GRB,OPTIMAL,3271.762935621723,3271.762935621723,0.0,3119.9999999999977,151.76293562172532,31.86138081550598,0.09284591674804688,3004,924,2913,112.1662109928956,112.1662109928956,3274.1662109928957,3274.1662109928957,89.69999999999999,s1_n12_duck_b0_a0.5,,,,,,,
phase1-static,taker,2026-08-14T22:33:31.091119+00:00,en-cc-unicorn-cpu-76.coecis.cornell.edu,4cf37e9,50887,25,syn-s1-n12,3406ecdf08f7,12,6,16c58d5cdad3,72359e02d4e0,3,162.0,89.7,3162.0,3231.27319179803,69.27319179802998,exact-milp/taker,GRB,OPTIMAL,3231.27319179803,3231.27319179803,0.0,3120.0000000000005,111.27319179802953,20.006189823150635,0.04492020606994629,3004,924,2913,69.27319179803003,69.27319179803003,3231.27319179803,3231.27319179803,89.7,s1_n12_duck_b0_a0.5,,,,,,,
phase1-static,strategic,2026-08-14T22:33:52.300085+00:00,en-cc-unicorn-cpu-76.coecis.cornell.edu,4cf37e9,50887,25,syn-s1-n12,3406ecdf08f7,12,6,b63ca7332dae,72359e02d4e0,3,162.0,89.7,3162.0,3231.27319179803,69.27319179802998,exact-milp/strategic-pwl16,GRB,OPTIMAL,3231.27319179803,3231.27319179803,0.0,3120.0000000000005,111.27319179802953,21.049161434173584,0.053385019302368164,3032,924,3361,69.27319179803003,69.27319179803003,3231.27319179803,3231.27319179803,89.7,s1_n12_duck_b0_a0.5,,,,,,,
phase1-static,dictator,2026-08-14T22:34:12.736149+00:00,en-cc-unicorn-cpu-76.coecis.cornell.edu,4cf37e9,50887,25,syn-s1-n12,3406ecdf08f7,12,6,b63ca7332dae,72359e02d4e0,3,162.0,89.7,3162.0,3231.27319179803,69.27319179802998,exact-milp/dictator-pwl16,GRB,OPTIMAL,3231.27319179803,3231.27319179803,0.0,3120.0000000000005,111.27319179802953,20.21253991127014,0.05518078804016113,3032,924,3361,69.27319179803003,69.27319179803003,3231.27319179803,3231.27319179803,89.7,s1_n12_duck_b0_a0.5,,,,,,,
phase1-loop,taker-iteration,2026-08-14T22:34:25.608597+00:00,en-cc-unicorn-cpu-76.coecis.cornell.edu,4cf37e9,50886,24,syn-s1-n12,3406ecdf08f7,12,6,16c58d5cdad3,72359e02d4e0,3,162.0,89.7,3162.0,3231.27319179803,69.27319179802998,exact-milp/taker,GRB,OPTIMAL,3231.27319179803,3231.27319179803,0.0,3120.0000000000005,111.27319179802953,20.169312953948975,0.051093339920043945,3004,924,2913,69.27319179803003,69.27319179803003,3231.27319179803,3231.27319179803,89.7,loop,0,1.0,,,,,
phase1-loop,taker-iteration,2026-08-14T22:34:46.251011+00:00,en-cc-unicorn-cpu-76.coecis.cornell.edu,4cf37e9,50886,24,syn-s1-n12,3406ecdf08f7,12,6,16c58d5cdad3,72359e02d4e0,3,162.0,89.7,3162.0,3231.27319179803,69.27319179802998,exact-milp/taker,GRB,OPTIMAL,3231.27319179803,3231.27319179803,0.0,3120.0000000000005,111.27319179802953,20.43134331703186,0.04662013053894043,3004,924,2913,69.27319179803003,69.27319179803003,3231.27319179803,3231.27319179803,89.7,loop,1,1.0,,,,fixed_point,
phase1-static,uncontrolled,2026-08-14T22:33:11.237186+00:00,en-cc-unicorn-cpu-76.coecis.cornell.edu,4cf37e9,50886,24,syn-s1-n12,3406ecdf08f7,12,6,c6213cb3546e,cf7dbfff0f68,3,162.0,89.7,3162.0,3271.762935621723,109.76293562172305,policy/uncontrolled-charge-on-arrival,GRB,OPTIMAL,3271.762935621723,3271.762935621723,0.0,3119.9999999999995,151.7629356217235,32.166210651397705,0.08027052879333496,3004,924,2913,112.1662109928956,112.1662109928956,3274.1662109928957,3274.1662109928957,89.69999999999999,s1_n12_duck_b0_a1,,,,,,,
phase1-static,taker,2026-08-14T22:33:31.231564+00:00,en-cc-unicorn-cpu-76.coecis.cornell.edu,4cf37e9,50886,24,syn-s1-n12,3406ecdf08f7,12,6,16c58d5cdad3,72359e02d4e0,3,162.0,89.7,3162.0,3231.27319179803,69.27319179802998,exact-milp/taker,GRB,OPTIMAL,3231.27319179803,3231.27319179803,0.0,3120.0000000000005,111.27319179802953,19.81762671470642,0.05825233459472656,3004,924,2913,69.27319179803003,69.27319179803003,3231.27319179803,3231.27319179803,89.7,s1_n12_duck_b0_a1,,,,,,,
phase1-static,strategic,2026-08-14T22:33:47.987387+00:00,en-cc-unicorn-cpu-76.coecis.cornell.edu,4cf37e9,50886,24,syn-s1-n12,3406ecdf08f7,12,6,b63ca7332dae,72359e02d4e0,3,162.0,89.7,3162.0,3231.27319179803,69.27319179802998,exact-milp/strategic-pwl16,GRB,OPTIMAL,3231.27319179803,3231.27319179803,0.0,3120.0000000000005,111.27319179802953,16.58798098564148,0.05890297889709473,3032,924,3361,69.27319179803003,69.27319179803003,3231.27319179803,3231.27319179803,89.7,s1_n12_duck_b0_a1,,,,,,,
phase1-static,dictator,2026-08-14T22:34:05.218596+00:00,en-cc-unicorn-cpu-76.coecis.cornell.edu,4cf37e9,50886,24,syn-s1-n12,3406ecdf08f7,12,6,b63ca7332dae,72359e02d4e0,3,162.0,89.7,3162.0,3231.27319179803,69.27319179802998,exact-milp/dictator-pwl16,GRB,OPTIMAL,3231.27319179803,3231.27319179803,0.0,3120.0000000000005,111.27319179802953,17.064396619796753,0.06213665008544922,3032,924,3361,69.27319179803003,69.27319179803003,3231.27319179803,3231.27319179803,89.7,s1_n12_duck_b0_a1,,,,,,,
phase1-loop,taker-iteration,2026-08-14T22:32:35.708254+00:00,totient-cpu-08.cs.cornell.edu,4cf37e9,50881,19,syn-s1-n8,9cec0992f658,8,4,c071c9c5bb80,ceab730b198d,3,84.0,5.2,3084.0,3088.4215552877467,4.421555287746742,exact-milp/taker,GRB,OPTIMAL,3088.4215552877467,3088.4215552877467,0.0,3069.999999999999,18.42155528774765,0.3514554500579834,0.007157802581787109,904,288,887,4.4756352877467505,4.44859528774675,3088.4756352877466,3088.4485952877467,5.2,loop,0,0.5,,,,,
phase1-loop,taker-iteration,2026-08-14T22:32:36.089197+00:00,totient-cpu-08.cs.cornell.edu,4cf37e9,50881,19,syn-s1-n8,9cec0992f658,8,4,c071c9c5bb80,ceab730b198d,3,84.0,5.2,3084.0,3088.4485952877467,4.448595287746684,exact-milp/taker,GRB,OPTIMAL,3088.4485952877467,3088.4485952877467,0.0,3069.999999999999,18.448595287747594,0.33989858627319336,0.00696110725402832,904,288,887,4.4756352877467505,4.44859528774675,3088.4756352877466,3088.4485952877467,5.2,loop,1,0.5,,,,fixed_point,
phase1-static,uncontrolled,2026-08-14T22:32:33.698613+00:00,totient-cpu-08.cs.cornell.edu,4cf37e9,50881,19,syn-s1-n8,9cec0992f658,8,4,c071c9c5bb80,f7c9678d027a,3,84.0,5.2,3084.0,3090.363068731694,6.363068731694057,policy/uncontrolled-charge-on-arrival,GRB,OPTIMAL,3090.363068731694,3090.363068731694,0.0,3069.999999999999,20.363068731694966,0.3127930164337158,0.014343976974487305,904,288,887,9.79750606516703,9.770466065167028,3093.797506065167,3093.770466065167,5.2,s1_n8_duck_b0.002_a0.5,,,,,,,
phase1-static,taker,2026-08-14T22:32:34.180356+00:00,totient-cpu-08.cs.cornell.edu,4cf37e9,50881,19,syn-s1-n8,9cec0992f658,8,4,c071c9c5bb80,ceab730b198d,3,84.0,5.2,3084.0,3088.4215552877467,4.421555287746742,exact-milp/taker,GRB,OPTIMAL,3088.4215552877467,3088.4215552877467,0.0,3069.999999999999,18.42155528774765,0.43158459663391113,0.007205486297607422,904,288,887,4.4756352877467505,4.44859528774675,3088.4756352877466,3088.4485952877467,5.2,s1_n8_duck_b0.002_a0.5,,,,,,,
phase1-static,strategic,2026-08-14T22:32:34.703981+00:00,totient-cpu-08.cs.cornell.edu,4cf37e9,50881,19,syn-s1-n8,9cec0992f658,8,4,c071c9c5bb80,ceab730b198d,3,84.0,5.2,3084.0,3088.4215552877467,4.421555287746742,exact-milp/strategic-pwl16,GRB,OPTIMAL,3088.4215552877467,3088.4215552877467,0.0,3070.000000000001,18.421555287745832,0.4505646228790283,0.01600170135498047,932,288,1335,4.4756352877467505,4.44859528774675,3088.4756352877466,3088.4485952877467,5.2,s1_n8_duck_b0.002_a0.5,,,,,,,
phase1-static,dictator,2026-08-14T22:32:35.316205+00:00,totient-cpu-08.cs.cornell.edu,4cf37e9,50881,19,syn-s1-n8,9cec0992f658,8,4,775eeb1a60f7,ceab730b198d,3,84.0,5.2,3084.0,3088.4215552877467,4.421555287746742,exact-milp/dictator-pwl16,GRB,OPTIMAL,3088.4215552877467,3088.4215552877467,0.0,3070.000000000001,18.421555287745832,0.5426719188690186,0.014667034149169922,932,288,1335,4.4756352877467505,4.44859528774675,3088.4756352877466,3088.4485952877467,5.2,s1_n8_duck_b0.002_a0.5,,,,,,,
phase1-loop,taker-iteration,2026-08-14T22:32:35.688686+00:00,totient-cpu-07.cs.cornell.edu,4cf37e9,50880,18,syn-s1-n8,9cec0992f658,8,4,c071c9c5bb80,ceab730b198d,3,84.0,5.2,3084.0,3088.4215552877467,4.421555287746742,exact-milp/taker,GRB,OPTIMAL,3088.4215552877467,3088.4215552877467,0.0,3069.999999999999,18.42155528774765,0.352435827255249,0.007354259490966797,904,288,887,4.4756352877467505,4.44859528774675,3088.4756352877466,3088.4485952877467,5.2,loop,0,1.0,,,,,
phase1-loop,taker-iteration,2026-08-14T22:32:36.129549+00:00,totient-cpu-07.cs.cornell.edu,4cf37e9,50880,18,syn-s1-n8,9cec0992f658,8,4,c071c9c5bb80,ceab730b198d,3,84.0,5.2,3084.0,3088.4756352877466,4.475635287746627,exact-milp/taker,GRB,OPTIMAL,3088.4756352877466,3088.4756352877466,0.0,3069.999999999999,18.475635287747536,0.40020251274108887,0.007298469543457031,904,288,887,4.4756352877467505,4.44859528774675,3088.4756352877466,3088.4485952877467,5.2,loop,1,1.0,,,,fixed_point,
phase1-static,uncontrolled,2026-08-14T22:32:33.819096+00:00,totient-cpu-07.cs.cornell.edu,4cf37e9,50880,18,syn-s1-n8,9cec0992f658,8,4,c071c9c5bb80,f7c9678d027a,3,84.0,5.2,3084.0,3090.363068731694,6.363068731694057,policy/uncontrolled-charge-on-arrival,GRB,OPTIMAL,3090.363068731694,3090.363068731694,0.0,3069.999999999999,20.363068731694966,0.32113170623779297,0.011878490447998047,904,288,887,9.79750606516703,9.770466065167028,3093.797506065167,3093.770466065167,5.2,s1_n8_duck_b0.002_a1,,,,,,,
phase1-static,taker,2026-08-14T22:32:34.223224+00:00,totient-cpu-07.cs.cornell.edu,4cf37e9,50880,18,syn-s1-n8,9cec0992f658,8,4,c071c9c5bb80,ceab730b198d,3,84.0,5.2,3084.0,3088.4215552877467,4.421555287746742,exact-milp/taker,GRB,OPTIMAL,3088.4215552877467,3088.4215552877467,0.0,3069.999999999999,18.42155528774765,0.3641085624694824,0.0069468021392822266,904,288,887,4.4756352877467505,4.44859528774675,3088.4756352877466,3088.4485952877467,5.2,s1_n8_duck_b0.002_a1,,,,,,,
phase1-static,strategic,2026-08-14T22:32:34.739489+00:00,totient-cpu-07.cs.cornell.edu,4cf37e9,50880,18,syn-s1-n8,9cec0992f658,8,4,c071c9c5bb80,ceab730b198d,3,84.0,5.2,3084.0,3088.4215552877467,4.421555287746742,exact-milp/strategic-pwl16,GRB,OPTIMAL,3088.4215552877467,3088.4215552877467,0.0,3070.000000000001,18.421555287745832,0.4560544490814209,0.01835155487060547,932,288,1335,4.4756352877467505,4.44859528774675,3088.4756352877466,3088.4485952877467,5.2,s1_n8_duck_b0.002_a1,,,,,,,
phase1-static,dictator,2026-08-14T22:32:35.294678+00:00,totient-cpu-07.cs.cornell.edu,4cf37e9,50880,18,syn-s1-n8,9cec0992f658,8,4,775eeb1a60f7,ceab730b198d,3,84.0,5.2,3084.0,3088.4215552877467,4.421555287746742,exact-milp/dictator-pwl16,GRB,OPTIMAL,3088.4215552877467,3088.4215552877467,0.0,3070.000000000001,18.421555287745832,0.48226046562194824,0.015149831771850586,932,288,1335,4.4756352877467505,4.44859528774675,3088.4756352877466,3088.4485952877467,5.2,s1_n8_duck_b0.002_a1,,,,,,,
phase1-loop,taker-iteration,2026-08-14T22:32:36.138645+00:00,totient-cpu-08.cs.cornell.edu,4cf37e9,50883,21,syn-s1-n8,9cec0992f658,8,4,c071c9c5bb80,ceab730b198d,3,84.0,5.2,3084.0,3090.5015552877467,6.501555287746669,exact-milp/taker,GRB,OPTIMAL,3090.5015552877467,3090.5015552877467,0.0,3069.999999999999,20.50155528774758,0.38495612144470215,0.00712132453918457,904,288,887,6.77195528774675,6.63675528774675,3090.7719552877466,3090.636755287747,5.2,loop,0,0.5,,,,,
phase1-loop,taker-iteration,2026-08-14T22:32:36.722952+00:00,totient-cpu-08.cs.cornell.edu,4cf37e9,50883,21,syn-s1-n8,9cec0992f658,8,4,c071c9c5bb80,ceab730b198d,3,84.0,5.2,3084.0,3090.636755287747,6.636755287746837,exact-milp/taker,GRB,OPTIMAL,3090.636755287747,3090.636755287747,0.0,3069.999999999999,20.636755287747746,0.5384886264801025,0.0072536468505859375,904,288,887,6.77195528774675,6.63675528774675,3090.7719552877466,3090.636755287747,5.2,loop,1,0.5,,,,fixed_point,
phase1-static,uncontrolled,2026-08-14T22:32:33.747242+00:00,totient-cpu-08.cs.cornell.edu,4cf37e9,50883,21,syn-s1-n8,9cec0992f658,8,4,c071c9c5bb80,f7c9678d027a,3,84.0,5.2,3084.0,3090.363068731694,6.363068731694057,policy/uncontrolled-charge-on-arrival,GRB,OPTIMAL,3090.363068731694,3090.363068731694,0.0,3069.999999999999,20.363068731694966,0.3687772750854492,0.011025428771972656,904,288,887,12.093826065167027,11.95862606516703,3096.093826065167,3095.958626065167,5.2,s1_n8_duck_b0.01_a0.5,,,,,,,
phase1-static,taker,2026-08-14T22:32:34.322125+00:00,totient-cpu-08.cs.cornell.edu,4cf37e9,50883,21,syn-s1-n8,9cec0992f658,8,4,c071c9c5bb80,ceab730b198d,3,84.0,5.2,3084.0,3090.5015552877467,6.501555287746669,exact-milp/taker,GRB,OPTIMAL,3090.5015552877467,3090.5015552877467,0.0,3069.999999999999,20.50155528774758,0.5336406230926514,0.007112979888916016,904,288,887,6.77195528774675,6.63675528774675,3090.7719552877466,3090.636755287747,5.2,s1_n8_duck_b0.01_a0.5,,,,,,,
phase1-static,strategic,2026-08-14T22:32:34.936792+00:00,totient-cpu-08.cs.cornell.edu,4cf37e9,50883,21,syn-s1-n8,9cec0992f658,8,4,775eeb1a60f7,ceab730b198d,3,84.0,5.2,3084.0,3090.5015552877467,6.501555287746669,exact-milp/strategic-pwl16,GRB,OPTIMAL,3090.5015552877467,3090.5015552877467,0.0,3070.000000000001,20.50155528774576,0.5521271228790283,0.01802229881286621,932,288,1335,6.77195528774675,6.63675528774675,3090.7719552877466,3090.636755287747,5.2,s1_n8_duck_b0.01_a0.5,,,,,,,
phase1-static,dictator,2026-08-14T22:32:35.713434+00:00,totient-cpu-08.cs.cornell.edu,4cf37e9,50883,21,syn-s1-n8,9cec0992f658,8,4,775eeb1a60f7,ceab730b198d,3,84.0,5.2,3084.0,3090.5015552877467,6.501555287746669,exact-milp/dictator-pwl16,GRB,OPTIMAL,3090.5015552877467,3090.5015552877467,0.0,3070.000000000001,20.50155528774576,0.678098201751709,0.02280879020690918,932,288,1335,6.77195528774675,6.63675528774675,3090.7719552877466,3090.636755287747,5.2,s1_n8_duck_b0.01_a0.5,,,,,,,
phase1-loop,taker-iteration,2026-08-14T22:32:35.713607+00:00,totient-cpu-08.cs.cornell.edu,4cf37e9,50882,20,syn-s1-n8,9cec0992f658,8,4,c071c9c5bb80,ceab730b198d,3,84.0,5.2,3084.0,3090.5015552877467,6.501555287746669,exact-milp/taker,GRB,OPTIMAL,3090.5015552877467,3090.5015552877467,0.0,3069.999999999999,20.50155528774758,0.38782691955566406,0.007433414459228516,904,288,887,6.77195528774675,6.63675528774675,3090.7719552877466,3090.636755287747,5.2,loop,0,1.0,,,,,
phase1-loop,taker-iteration,2026-08-14T22:32:36.163611+00:00,totient-cpu-08.cs.cornell.edu,4cf37e9,50882,20,syn-s1-n8,9cec0992f658,8,4,c071c9c5bb80,ceab730b198d,3,84.0,5.2,3084.0,3090.771955287747,6.771955287747005,exact-milp/taker,GRB,OPTIMAL,3090.771955287747,3090.771955287747,0.0,3069.999999999999,20.771955287747915,0.40874814987182617,0.007050991058349609,904,288,887,6.77195528774675,6.63675528774675,3090.7719552877466,3090.636755287747,5.2,loop,1,1.0,,,,fixed_point,
phase1-static,uncontrolled,2026-08-14T22:32:33.698424+00:00,totient-cpu-08.cs.cornell.edu,4cf37e9,50882,20,syn-s1-n8,9cec0992f658,8,4,c071c9c5bb80,f7c9678d027a,3,84.0,5.2,3084.0,3090.363068731694,6.363068731694057,policy/uncontrolled-charge-on-arrival,GRB,OPTIMAL,3090.363068731694,3090.363068731694,0.0,3069.999999999999,20.363068731694966,0.30714845657348633,0.017371416091918945,904,288,887,12.093826065167027,11.95862606516703,3096.093826065167,3095.958626065167,5.2,s1_n8_duck_b0.01_a1,,,,,,,
phase1-static,taker,2026-08-14T22:32:34.146149+00:00,totient-cpu-08.cs.cornell.edu,4cf37e9,50882,20,syn-s1-n8,9cec0992f658,8,4,c071c9c5bb80,ceab730b198d,3,84.0,5.2,3084.0,3090.5015552877467,6.501555287746669,exact-milp/taker,GRB,OPTIMAL,3090.5015552877467,3090.5015552877467,0.0,3069.999999999999,20.50155528774758,0.3877248764038086,0.007021427154541016,904,288,887,6.77195528774675,6.63675528774675,3090.7719552877466,3090.636755287747,5.2,s1_n8_duck_b0.01_a1,,,,,,,
phase1-static,strategic,2026-08-14T22:32:34.630788+00:00,totient-cpu-08.cs.cornell.edu,4cf37e9,50882,20,syn-s1-n8,9cec0992f658,8,4,775eeb1a60f7,ceab730b198d,3,84.0,5.2,3084.0,3090.5015552877467,6.501555287746669,exact-milp/strategic-pwl16,GRB,OPTIMAL,3090.5015552877467,3090.5015552877467,0.0,3070.000000000001,20.50155528774576,0.4260542392730713,0.017401456832885742,932,288,1335,6.77195528774675,6.63675528774675,3090.7719552877466,3090.636755287747,5.2,s1_n8_duck_b0.01_a1,,,,,,,
phase1-static,dictator,2026-08-14T22:32:35.283010+00:00,totient-cpu-08.cs.cornell.edu,4cf37e9,50882,20,syn-s1-n8,9cec0992f658,8,4,775eeb1a60f7,ceab730b198d,3,84.0,5.2,3084.0,3090.5015552877467,6.501555287746669,exact-milp/dictator-pwl16,GRB,OPTIMAL,3090.5015552877467,3090.5015552877467,0.0,3070.000000000001,20.50155528774576,0.575211763381958,0.014192819595336914,932,288,1335,6.77195528774675,6.63675528774675,3090.7719552877466,3090.636755287747,5.2,s1_n8_duck_b0.01_a1,,,,,,,
phase1-loop,taker-iteration,2026-08-14T22:32:39.762741+00:00,unicorn-cpu-87.coecis.cornell.edu,4cf37e9,50885,23,syn-s1-n8,9cec0992f658,8,4,775eeb1a60f7,ceab730b198d,3,84.0,5.2,3084.0,3100.9015552877468,16.90155528774676,exact-milp/taker,GRB,OPTIMAL,3100.9015552877468,3100.9015552877468,0.0,3069.999999999999,30.90155528774767,0.8302183151245117,0.008971214294433594,904,288,887,18.253555287746753,17.577555287746748,3102.2535552877466,3101.5775552877467,5.2,loop,0,0.5,,,,,
phase1-loop,taker-iteration,2026-08-14T22:32:40.720628+00:00,unicorn-cpu-87.coecis.cornell.edu,4cf37e9,50885,23,syn-s1-n8,9cec0992f658,8,4,775eeb1a60f7,9e6fcd043c75,3,84.0,5.2,3084.0,3101.3035587402514,17.303558740251447,exact-milp/taker,GRB,OPTIMAL,3101.3035587402514,3101.3035587402514,0.0,3069.999999999999,31.303558740252356,0.9040956497192383,0.009370565414428711,904,288,887,18.65555874025156,17.979558740251562,3102.6555587402518,3101.9795587402514,5.2,loop,1,0.5,,,,,
phase1-loop,taker-iteration,2026-08-14T22:32:41.681413+00:00,unicorn-cpu-87.coecis.cornell.edu,4cf37e9,50885,23,syn-s1-n8,9cec0992f658,8,4,775eeb1a60f7,ceab730b198d,3,84.0,5.2,3084.0,3101.239555287747,17.239555287746953,exact-milp/taker,GRB,OPTIMAL,3101.239555287747,3101.239555287747,0.0,3069.999999999999,31.239555287747862,0.8962287902832031,0.007896661758422852,904,288,887,18.253555287746753,17.577555287746748,3102.2535552877466,3101.5775552877467,5.2,loop,2,0.5,,,,cycle,2
phase1-static,uncontrolled,2026-08-14T22:32:33.710494+00:00,unicorn-cpu-87.coecis.cornell.edu,4cf37e9,50885,23,syn-s1-n8,9cec0992f658,8,4,c071c9c5bb80,f7c9678d027a,3,84.0,5.2,3084.0,3090.363068731694,6.363068731694057,policy/uncontrolled-charge-on-arrival,GRB,OPTIMAL,3090.363068731694,3090.363068731694,0.0,3069.999999999999,20.363068731694966,0.5473892688751221,0.0220794677734375,904,288,887,23.57542606516703,22.899426065167027,3107.575426065167,3106.899426065167,5.2,s1_n8_duck_b0.05_a0.5,,,,,,,
phase1-static,taker,2026-08-14T22:32:34.737414+00:00,unicorn-cpu-87.coecis.cornell.edu,4cf37e9,50885,23,syn-s1-n8,9cec0992f658,8,4,775eeb1a60f7,ceab730b198d,3,84.0,5.2,3084.0,3100.9015552877468,16.90155528774676,exact-milp/taker,GRB,OPTIMAL,3100.9015552877468,3100.9015552877468,0.0,3069.999999999999,30.90155528774767,0.9770772457122803,0.009787559509277344,904,288,887,18.253555287746753,17.577555287746748,3102.2535552877466,3101.5775552877467,5.2,s1_n8_duck_b0.05_a0.5,,,,,,,
phase1-static,strategic,2026-08-14T22:32:36.901682+00:00,unicorn-cpu-87.coecis.cornell.edu,4cf37e9,50885,23,syn-s1-n8,9cec0992f658,8,4,775eeb1a60f7,ceab730b198d,3,84.0,5.2,3084.0,3100.9015552877463,16.901555287746305,exact-milp/strategic-pwl16,GRB,OPTIMAL,3100.9015552877463,3100.9015552877463,0.0,3070.000000000001,30.901555287745396,2.0965945720672607,0.01912975311279297,932,288,1335,18.253555287746753,17.577555287746748,3102.2535552877466,3101.5775552877467,5.2,s1_n8_duck_b0.05_a0.5,,,,,,,
phase1-static,dictator,2026-08-14T22:32:38.879993+00:00,unicorn-cpu-87.coecis.cornell.edu,4cf37e9,50885,23,syn-s1-n8,9cec0992f658,8,4,c071c9c5bb80,ceab730b198d,3,84.0,5.2,3084.0,3100.9015552877463,16.901555287746305,exact-milp/dictator-pwl16,GRB,OPTIMAL,3100.9015552877463,3100.9015552877463,0.0,3070.000000000001,30.901555287745396,1.8706462383270264,0.01776719093322754,932,288,1335,18.253555287746753,17.577555287746748,3102.2535552877466,3101.5775552877467,5.2,s1_n8_duck_b0.05_a0.5,,,,,,,
phase1-loop,taker-iteration,2026-08-14T22:32:38.704181+00:00,unicorn-cpu-87.coecis.cornell.edu,4cf37e9,50884,22,syn-s1-n8,9cec0992f658,8,4,775eeb1a60f7,ceab730b198d,3,84.0,5.2,3084.0,3100.9015552877468,16.90155528774676,exact-milp/taker,GRB,OPTIMAL,3100.9015552877468,3100.9015552877468,0.0,3069.999999999999,30.90155528774767,0.6872286796569824,0.008793830871582031,904,288,887,18.253555287746753,17.577555287746748,3102.2535552877466,3101.5775552877467,5.2,loop,0,1.0,,,,,
phase1-loop,taker-iteration,2026-08-14T22:32:39.726376+00:00,unicorn-cpu-87.coecis.cornell.edu,4cf37e9,50884,22,syn-s1-n8,9cec0992f658,8,4,775eeb1a60f7,9e6fcd043c75,3,84.0,5.2,3084.0,3101.3035587402514,17.303558740251447,exact-milp/taker,GRB,OPTIMAL,3101.3035587402514,3101.3035587402514,0.0,3069.999999999999,31.303558740252356,0.9612371921539307,0.008971929550170898,904,288,887,18.65555874025156,17.979558740251562,3102.6555587402518,3101.9795587402514,5.2,loop,1,1.0,,,,,
phase1-loop,taker-iteration,2026-08-14T22:32:40.460408+00:00,unicorn-cpu-87.coecis.cornell.edu,4cf37e9,50884,22,syn-s1-n8,9cec0992f658,8,4,775eeb1a60f7,ceab730b198d,3,84.0,5.2,3084.0,3100.9015552877468,16.90155528774676,exact-milp/taker,GRB,OPTIMAL,3100.9015552877468,3100.9015552877468,0.0,3069.999999999999,30.90155528774767,0.6884195804595947,0.009105205535888672,904,288,887,18.253555287746753,17.577555287746748,3102.2535552877466,3101.5775552877467,5.2,loop,2,1.0,,,,cycle,2
phase1-static,uncontrolled,2026-08-14T22:32:33.937103+00:00,unicorn-cpu-87.coecis.cornell.edu,4cf37e9,50884,22,syn-s1-n8,9cec0992f658,8,4,c071c9c5bb80,f7c9678d027a,3,84.0,5.2,3084.0,3090.363068731694,6.363068731694057,policy/uncontrolled-charge-on-arrival,GRB,OPTIMAL,3090.363068731694,3090.363068731694,0.0,3069.999999999999,20.363068731694966,0.5870184898376465,0.01279306411743164,904,288,887,23.57542606516703,22.899426065167027,3107.575426065167,3106.899426065167,5.2,s1_n8_duck_b0.05_a1,,,,,,,
phase1-static,taker,2026-08-14T22:32:34.693766+00:00,unicorn-cpu-87.coecis.cornell.edu,4cf37e9,50884,22,syn-s1-n8,9cec0992f658,8,4,775eeb1a60f7,ceab730b198d,3,84.0,5.2,3084.0,3100.9015552877468,16.90155528774676,exact-milp/taker,GRB,OPTIMAL,3100.9015552877468,3100.9015552877468,0.0,3069.999999999999,30.90155528774767,0.7069110870361328,0.009580612182617188,904,288,887,18.253555287746753,17.577555287746748,3102.2535552877466,3101.5775552877467,5.2,s1_n8_duck_b0.05_a1,,,,,,,
phase1-static,strategic,2026-08-14T22:32:36.385657+00:00,unicorn-cpu-87.coecis.cornell.edu,4cf37e9,50884,22,syn-s1-n8,9cec0992f658,8,4,775eeb1a60f7,ceab730b198d,3,84.0,5.2,3084.0,3100.9015552877463,16.901555287746305,exact-milp/strategic-pwl16,GRB,OPTIMAL,3100.9015552877463,3100.9015552877463,0.0,3070.000000000001,30.901555287745396,1.6211907863616943,0.020987749099731445,932,288,1335,18.253555287746753,17.577555287746748,3102.2535552877466,3101.5775552877467,5.2,s1_n8_duck_b0.05_a1,,,,,,,
phase1-static,dictator,2026-08-14T22:32:37.970905+00:00,unicorn-cpu-87.coecis.cornell.edu,4cf37e9,50884,22,syn-s1-n8,9cec0992f658,8,4,c071c9c5bb80,ceab730b198d,3,84.0,5.2,3084.0,3100.9015552877463,16.901555287746305,exact-milp/dictator-pwl16,GRB,OPTIMAL,3100.9015552877463,3100.9015552877463,0.0,3070.000000000001,30.901555287745396,1.5005037784576416,0.015386581420898438,932,288,1335,18.253555287746753,17.577555287746748,3102.2535552877466,3101.5775552877467,5.2,s1_n8_duck_b0.05_a1,,,,,,,
phase1-loop,taker-iteration,2026-08-14T22:32:35.502839+00:00,totient-cpu-07.cs.cornell.edu,4cf37e9,50879,17,syn-s1-n8,9cec0992f658,8,4,c071c9c5bb80,ceab730b198d,3,84.0,5.2,3084.0,3087.9015552877468,3.90155528774676,exact-milp/taker,GRB,OPTIMAL,3087.9015552877468,3087.9015552877468,0.0,3069.999999999999,17.90155528774767,0.33892297744750977,0.007107257843017578,904,288,887,3.9015552877467496,3.9015552877467496,3087.9015552877468,3087.9015552877468,5.2,loop,0,0.5,,,,,
phase1-loop,taker-iteration,2026-08-14T22:32:35.880635+00:00,totient-cpu-07.cs.cornell.edu,4cf37e9,50879,17,syn-s1-n8,9cec0992f658,8,4,c071c9c5bb80,ceab730b198d,3,84.0,5.2,3084.0,3087.9015552877468,3.90155528774676,exact-milp/taker,GRB,OPTIMAL,3087.9015552877468,3087.9015552877468,0.0,3069.999999999999,17.90155528774767,0.33644819259643555,0.007030487060546875,904,288,887,3.9015552877467496,3.9015552877467496,3087.9015552877468,3087.9015552877468,5.2,loop,1,0.5,,,,fixed_point,
phase1-static,uncontrolled,2026-08-14T22:32:33.816726+00:00,totient-cpu-07.cs.cornell.edu,4cf37e9,50879,17,syn-s1-n8,9cec0992f658,8,4,c071c9c5bb80,f7c9678d027a,3,84.0,5.2,3084.0,3090.363068731694,6.363068731694057,policy/uncontrolled-charge-on-arrival,GRB,OPTIMAL,3090.363068731694,3090.363068731694,0.0,3069.999999999999,20.363068731694966,0.3028573989868164,0.01722574234008789,904,288,887,9.223426065167029,9.223426065167029,3093.223426065167,3093.223426065167,5.2,s1_n8_duck_b0_a0.5,,,,,,,
phase1-static,taker,2026-08-14T22:32:34.328202+00:00,totient-cpu-07.cs.cornell.edu,4cf37e9,50879,17,syn-s1-n8,9cec0992f658,8,4,c071c9c5bb80,ceab730b198d,3,84.0,5.2,3084.0,3087.9015552877468,3.90155528774676,exact-milp/taker,GRB,OPTIMAL,3087.9015552877468,3087.9015552877468,0.0,3069.999999999999,17.90155528774767,0.4633481502532959,0.007103919982910156,904,288,887,3.9015552877467496,3.9015552877467496,3087.9015552877468,3087.9015552877468,5.2,s1_n8_duck_b0_a0.5,,,,,,,
phase1-static,strategic,2026-08-14T22:32:34.716674+00:00,totient-cpu-07.cs.cornell.edu,4cf37e9,50879,17,syn-s1-n8,9cec0992f658,8,4,c071c9c5bb80,ceab730b198d,3,84.0,5.2,3084.0,3087.9015552877463,3.901555287746305,exact-milp/strategic-pwl16,GRB,OPTIMAL,3087.9015552877463,3087.9015552877463,0.0,3069.999999999999,17.901555287747215,0.3363022804260254,0.01077580451965332,932,288,1335,3.9015552877467496,3.9015552877467496,3087.9015552877468,3087.9015552877468,5.2,s1_n8_duck_b0_a0.5,,,,,,,
phase1-static,dictator,2026-08-14T22:32:35.122231+00:00,totient-cpu-07.cs.cornell.edu,4cf37e9,50879,17,syn-s1-n8,9cec0992f658,8,4,c071c9c5bb80,ceab730b198d,3,84.0,5.2,3084.0,3087.9015552877463,3.901555287746305,exact-milp/dictator-pwl16,GRB,OPTIMAL,3087.9015552877463,3087.9015552877463,0.0,3069.999999999999,17.901555287747215,0.3418412208557129,0.009060859680175781,932,288,1335,3.9015552877467496,3.9015552877467496,3087.9015552877468,3087.9015552877468,5.2,s1_n8_duck_b0_a0.5,,,,,,,
phase1-loop,taker-iteration,2026-08-14T22:32:35.413634+00:00,totient-cpu-07.cs.cornell.edu,4cf37e9,50878,16,syn-s1-n8,9cec0992f658,8,4,c071c9c5bb80,ceab730b198d,3,84.0,5.2,3084.0,3087.9015552877468,3.90155528774676,exact-milp/taker,GRB,OPTIMAL,3087.9015552877468,3087.9015552877468,0.0,3069.999999999999,17.90155528774767,0.3340117931365967,0.007356166839599609,904,288,887,3.9015552877467496,3.9015552877467496,3087.9015552877468,3087.9015552877468,5.2,loop,0,1.0,,,,,
phase1-loop,taker-iteration,2026-08-14T22:32:35.837981+00:00,totient-cpu-07.cs.cornell.edu,4cf37e9,50878,16,syn-s1-n8,9cec0992f658,8,4,c071c9c5bb80,ceab730b198d,3,84.0,5.2,3084.0,3087.9015552877468,3.90155528774676,exact-milp/taker,GRB,OPTIMAL,3087.9015552877468,3087.9015552877468,0.0,3069.999999999999,17.90155528774767,0.3834524154663086,0.007017850875854492,904,288,887,3.9015552877467496,3.9015552877467496,3087.9015552877468,3087.9015552877468,5.2,loop,1,1.0,,,,fixed_point,
phase1-static,uncontrolled,2026-08-14T22:32:33.816494+00:00,totient-cpu-07.cs.cornell.edu,4cf37e9,50878,16,syn-s1-n8,9cec0992f658,8,4,c071c9c5bb80,f7c9678d027a,3,84.0,5.2,3084.0,3090.363068731694,6.363068731694057,policy/uncontrolled-charge-on-arrival,GRB,OPTIMAL,3090.363068731694,3090.363068731694,0.0,3069.999999999999,20.363068731694966,0.2996511459350586,0.019704103469848633,904,288,887,9.223426065167029,9.223426065167029,3093.223426065167,3093.223426065167,5.2,s1_n8_duck_b0_a1,,,,,,,
phase1-static,taker,2026-08-14T22:32:34.248459+00:00,totient-cpu-07.cs.cornell.edu,4cf37e9,50878,16,syn-s1-n8,9cec0992f658,8,4,c071c9c5bb80,ceab730b198d,3,84.0,5.2,3084.0,3087.9015552877468,3.90155528774676,exact-milp/taker,GRB,OPTIMAL,3087.9015552877468,3087.9015552877468,0.0,3069.999999999999,17.90155528774767,0.3900465965270996,0.007008075714111328,904,288,887,3.9015552877467496,3.9015552877467496,3087.9015552877468,3087.9015552877468,5.2,s1_n8_duck_b0_a1,,,,,,,
phase1-static,strategic,2026-08-14T22:32:34.635041+00:00,totient-cpu-07.cs.cornell.edu,4cf37e9,50878,16,syn-s1-n8,9cec0992f658,8,4,c071c9c5bb80,ceab730b198d,3,84.0,5.2,3084.0,3087.9015552877463,3.901555287746305,exact-milp/strategic-pwl16,GRB,OPTIMAL,3087.9015552877463,3087.9015552877463,0.0,3069.999999999999,17.901555287747215,0.33602118492126465,0.01040506362915039,932,288,1335,3.9015552877467496,3.9015552877467496,3087.9015552877468,3087.9015552877468,5.2,s1_n8_duck_b0_a1,,,,,,,
phase1-static,dictator,2026-08-14T22:32:35.037658+00:00,totient-cpu-07.cs.cornell.edu,4cf37e9,50878,16,syn-s1-n8,9cec0992f658,8,4,c071c9c5bb80,ceab730b198d,3,84.0,5.2,3084.0,3087.9015552877463,3.901555287746305,exact-milp/dictator-pwl16,GRB,OPTIMAL,3087.9015552877463,3087.9015552877463,0.0,3069.999999999999,17.901555287747215,0.3363523483276367,0.008708953857421875,932,288,1335,3.9015552877467496,3.9015552877467496,3087.9015552877468,3087.9015552877468,5.2,s1_n8_duck_b0_a1,,,,,,,
phase1-loop,taker-iteration,2026-08-14T22:32:47.478216+00:00,jingjie-cpu-02.mae.cornell.edu,4cf37e9,50905,43,syn-s2-n12,84d029a05767,12,6,62cc6de50b8e,f2b94c53f147,2,136.0,136.9,2136.0,2277.0803196372535,141.08031963725352,exact-milp/taker,GRB,OPTIMAL,2277.0803196372535,2277.080319637253,1.9970632874246038e-16,2054.0,223.08031963725352,0.9590773582458496,0.049964189529418945,3508,948,2997,153.7756996372532,147.4280096372532,2289.775699637253,2283.428009637253,136.9,loop,0,0.5,,,,,
phase1-loop,taker-iteration,2026-08-14T22:32:48.967728+00:00,jingjie-cpu-02.mae.cornell.edu,4cf37e9,50905,43,syn-s2-n12,84d029a05767,12,6,62cc6de50b8e,f2b94c53f147,2,136.0,136.9,2136.0,2283.428009637253,147.42800963725313,exact-milp/taker,GRB,OPTIMAL,2283.428009637253,2283.428009637253,0.0,2054.0,229.42800963725313,1.2580671310424805,0.058170318603515625,3508,948,2997,153.7756996372532,147.4280096372532,2289.775699637253,2283.428009637253,136.9,loop,1,0.5,,,,fixed_point,
phase1-static,uncontrolled,2026-08-14T22:32:40.083684+00:00,jingjie-cpu-02.mae.cornell.edu,4cf37e9,50905,43,syn-s2-n12,84d029a05767,12,6,357dca0d9fb0,b266bccd2b71,2,136.0,136.9,2136.0,2303.5200210324847,167.5200210324847,policy/uncontrolled-charge-on-arrival,GRB,OPTIMAL,2303.5200210324847,2303.5200210324842,1.9741410829268029e-16,2054.0000000000005,249.52002103248424,1.323955774307251,0.060010671615600586,3508,948,2997,188.74509200426763,185.43062200426763,2324.7450920042675,2321.4306220042677,136.89999999999998,s2_n12_duck_b0.002_a0.5,,,,,,,
phase1-static,taker,2026-08-14T22:32:41.086787+00:00,jingjie-cpu-02.mae.cornell.edu,4cf37e9,50905,43,syn-s2-n12,84d029a05767,12,6,62cc6de50b8e,f2b94c53f147,2,136.0,136.9,2136.0,2277.0803196372535,141.08031963725352,exact-milp/taker,GRB,OPTIMAL,2277.0803196372535,2277.080319637253,1.9970632874246038e-16,2054.0,223.08031963725352,0.8579115867614746,0.05530667304992676,3508,948,2997,153.7756996372532,147.4280096372532,2289.775699637253,2283.428009637253,136.9,s2_n12_duck_b0.002_a0.5,,,,,,,
phase1-static,strategic,2026-08-14T22:32:44.226687+00:00,jingjie-cpu-02.mae.cornell.edu,4cf37e9,50905,43,syn-s2-n12,84d029a05767,12,6,09f30b84fda8,4a65dab3b3c1,2,136.0,136.9,2136.0,2282.7429570647837,146.7429570647837,exact-milp/strategic-pwl16,GRB,OPTIMAL,2282.7429570647837,2282.7429570647837,0.0,2054.0,228.7429570647837,2.986335515975952,0.04247570037841797,3536,948,3445,152.22777706478394,147.93736706478393,2288.227777064784,2283.9373670647838,136.9,s2_n12_duck_b0.002_a0.5,,,,,,,
phase1-static,dictator,2026-08-14T22:32:46.379460+00:00,jingjie-cpu-02.mae.cornell.edu,4cf37e9,50905,43,syn-s2-n12,84d029a05767,12,6,62cc6de50b8e,e17e3733715b,2,136.0,136.9,2136.0,2281.194957064784,145.19495706478392,exact-milp/dictator-pwl16,GRB,OPTIMAL,2281.194957064784,2281.194957064784,0.0,2054.0,227.19495706478392,2.015005111694336,0.04193115234375,3536,948,3445,152.22777706478394,147.93736706478393,2288.227777064784,2283.9373670647838,136.9,s2_n12_duck_b0.002_a0.5,,,,,,,
phase1-loop,taker-iteration,2026-08-14T22:32:47.878837+00:00,jingjie-cpu-02.mae.cornell.edu,4cf37e9,50904,42,syn-s2-n12,84d029a05767,12,6,62cc6de50b8e,f2b94c53f147,2,136.0,136.9,2136.0,2277.0803196372535,141.08031963725352,exact-milp/taker,GRB,OPTIMAL,2277.0803196372535,2277.080319637253,1.9970632874246038e-16,2054.0,223.08031963725352,1.1864972114562988,0.0488739013671875,3508,948,2997,153.7756996372532,147.4280096372532,2289.775699637253,2283.428009637253,136.9,loop,0,1.0,,,,,
phase1-loop,taker-iteration,2026-08-14T22:32:49.376046+00:00,jingjie-cpu-02.mae.cornell.edu,4cf37e9,50904,42,syn-s2-n12,84d029a05767,12,6,62cc6de50b8e,4640a33a4dc4,2,136.0,136.9,2136.0,2287.4651077523113,151.46510775231127,exact-milp/taker,GRB,OPTIMAL,2287.4651077523113,2287.4651077523113,0.0,2054.0000000000005,233.46510775231081,1.2806026935577393,0.06759881973266602,3508,948,2997,156.78958775231166,151.37789775231167,2292.7895877523115,2287.3778977523116,136.9,loop,1,1.0,,,,,
phase1-loop,taker-iteration,2026-08-14T22:32:50.971645+00:00,jingjie-cpu-02.mae.cornell.edu,4cf37e9,50904,42,syn-s2-n12,84d029a05767,12,6,62cc6de50b8e,f2b94c53f147,2,136.0,136.9,2136.0,2282.579219637253,146.57921963725312,exact-milp/taker,GRB,OPTIMAL,2282.579219637253,2282.579219637253,0.0,2054.0,228.57921963725312,1.4535467624664307,0.05250859260559082,3508,948,2997,153.7756996372532,147.4280096372532,2289.775699637253,2283.428009637253,136.9,loop,2,1.0,,,,cycle,2
phase1-static,uncontrolled,2026-08-14T22:32:40.252864+00:00,jingjie-cpu-02.mae.cornell.edu,4cf37e9,50904,42,syn-s2-n12,84d029a05767,12,6,357dca0d9fb0,b266bccd2b71,2,136.0,136.9,2136.0,2303.5200210324847,167.5200210324847,policy/uncontrolled-charge-on-arrival,GRB,OPTIMAL,2303.5200210324847,2303.5200210324842,1.9741410829268029e-16,2054.0000000000005,249.52002103248424,1.512634038925171,0.05547165870666504,3508,948,2997,188.74509200426763,185.43062200426763,2324.7450920042675,2321.4306220042677,136.89999999999998,s2_n12_duck_b0.002_a1,,,,,,,
phase1-static,taker,2026-08-14T22:32:41.269340+00:00,jingjie-cpu-02.mae.cornell.edu,4cf37e9,50904,42,syn-s2-n12,84d029a05767,12,6,62cc6de50b8e,f2b94c53f147,2,136.0,136.9,2136.0,2277.0803196372535,141.08031963725352,exact-milp/taker,GRB,OPTIMAL,2277.0803196372535,2277.080319637253,1.9970632874246038e-16,2054.0,223.08031963725352,0.8738088607788086,0.05319690704345703,3508,948,2997,153.7756996372532,147.4280096372532,2289.775699637253,2283.428009637253,136.9,s2_n12_duck_b0.002_a1,,,,,,,
phase1-static,strategic,2026-08-14T22:32:43.935648+00:00,jingjie-cpu-02.mae.cornell.edu,4cf37e9,50904,42,syn-s2-n12,84d029a05767,12,6,09f30b84fda8,4a65dab3b3c1,2,136.0,136.9,2136.0,2282.7429570647837,146.7429570647837,exact-milp/strategic-pwl16,GRB,OPTIMAL,2282.7429570647837,2282.7429570647837,0.0,2054.0,228.7429570647837,2.5222299098968506,0.049299001693725586,3536,948,3445,152.22777706478394,147.93736706478393,2288.227777064784,2283.9373670647838,136.9,s2_n12_duck_b0.002_a1,,,,,,,
phase1-static,dictator,2026-08-14T22:32:46.555452+00:00,jingjie-cpu-02.mae.cornell.edu,4cf37e9,50904,42,syn-s2-n12,84d029a05767,12,6,62cc6de50b8e,e17e3733715b,2,136.0,136.9,2136.0,2281.194957064784,145.19495706478392,exact-milp/dictator-pwl16,GRB,OPTIMAL,2281.194957064784,2281.194957064784,0.0,2054.0,227.19495706478392,2.477293014526367,0.04767346382141113,3536,948,3445,152.22777706478394,147.93736706478393,2288.227777064784,2283.9373670647838,136.9,s2_n12_duck_b0.002_a1,,,,,,,
phase1-loop,taker-iteration,2026-08-14T22:32:49.076419+00:00,jingjie-cpu-02.mae.cornell.edu,4cf37e9,50907,45,syn-s2-n12,84d029a05767,12,6,62cc6de50b8e,f2b94c53f147,2,136.0,136.899998,2136.0,2331.840317405273,195.8403174052728,exact-milp/taker,GRB,OPTIMAL,2331.840317405273,2331.840317405273,0.0,2054.0,277.8403174052728,1.4820241928100586,0.05473756790161133,3508,948,2997,259.3172161900384,227.57876658603834,2395.3172161900384,2363.5787665860385,136.899998,loop,0,0.5,,,,,
phase1-loop,taker-iteration,2026-08-14T22:32:50.361331+00:00,jingjie-cpu-02.mae.cornell.edu,4cf37e9,50907,45,syn-s2-n12,84d029a05767,12,6,62cc6de50b8e,4640a33a4dc4,2,136.0,136.9,2136.0,2350.473457354312,214.4734573543119,exact-milp/taker,GRB,OPTIMAL,2350.473457354312,2350.4734573543114,1.9347053227239025e-16,2054.0000000000005,296.47345735431145,1.0559897422790527,0.05511283874511719,3508,948,2997,254.84310775231168,227.78465775231166,2390.843107752312,2363.7846577523114,136.9,loop,1,0.5,,,,,
phase1-loop,taker-iteration,2026-08-14T22:32:52.001599+00:00,jingjie-cpu-02.mae.cornell.edu,4cf37e9,50907,45,syn-s2-n12,84d029a05767,12,6,62cc6de50b8e,85470e1b457c,2,136.0,136.9,2136.0,2360.2418504877855,224.24185048778554,exact-milp/taker,GRB,OPTIMAL,2360.2418504877855,2360.2418504877855,0.0,2054.0,306.24185048778554,1.5003931522369385,0.05219602584838867,3508,948,2997,277.7331504877855,245.99470048778545,2413.7331504877857,2381.9947004877854,136.9,loop,2,0.5,,,,,
phase1-loop,taker-iteration,2026-08-14T22:32:54.005717+00:00,jingjie-cpu-02.mae.cornell.edu,4cf37e9,50907,45,syn-s2-n12,84d029a05767,12,6,62cc6de50b8e,4640a33a4dc4,2,136.0,136.9,2136.0,2353.6922451528117,217.69224515281167,exact-milp/taker,GRB,OPTIMAL,2353.6922451528117,2353.6922451528117,0.0,2054.0000000000005,299.6922451528112,1.8636364936828613,0.052385807037353516,3508,948,2997,254.84310775231168,227.78465775231166,2390.843107752312,2363.7846577523114,136.9,loop,3,0.5,,,,cycle,2
phase1-static,uncontrolled,2026-08-14T22:32:40.044865+00:00,jingjie-cpu-02.mae.cornell.edu,4cf37e9,50907,45,syn-s2-n12,84d029a05767,12,6,357dca0d9fb0,b266bccd2b71,2,136.0,136.9,2136.0,2303.5200210324847,167.5200210324847,policy/uncontrolled-charge-on-arrival,GRB,OPTIMAL,2303.5200210324847,2303.5200210324842,1.9741410829268029e-16,2054.0000000000005,249.52002103248424,1.2904226779937744,0.056472063064575195,3508,948,2997,270.0208520042676,253.44850200426762,2406.0208520042675,2389.4485020042675,136.89999999999998,s2_n12_duck_b0.01_a0.5,,,,,,,
phase1-static,taker,2026-08-14T22:32:41.633188+00:00,jingjie-cpu-02.mae.cornell.edu,4cf37e9,50907,45,syn-s2-n12,84d029a05767,12,6,62cc6de50b8e,f2b94c53f147,2,136.0,136.899998,2136.0,2331.840317405273,195.8403174052728,exact-milp/taker,GRB,OPTIMAL,2331.840317405273,2331.840317405273,0.0,2054.0,277.8403174052728,1.4435653686523438,0.05561256408691406,3508,948,2997,259.3172161900384,227.57876658603834,2395.3172161900384,2363.5787665860385,136.899998,s2_n12_duck_b0.01_a0.5,,,,,,,
phase1-static,strategic,2026-08-14T22:32:44.595458+00:00,jingjie-cpu-02.mae.cornell.edu,4cf37e9,50907,45,syn-s2-n12,84d029a05767,12,6,09f30b84fda8,b1427f557682,2,136.0,136.9,2136.0,2338.385588670486,202.38558867048596,exact-milp/strategic-pwl16,GRB,OPTIMAL,2338.385588670486,2338.385588670486,0.0,2054.0,284.38558867048596,2.8167123794555664,0.05040621757507324,3536,948,3445,237.52248867048638,219.95403867048637,2373.5224886704864,2355.954038670486,136.9,s2_n12_duck_b0.01_a0.5,,,,,,,
phase1-static,dictator,2026-08-14T22:32:47.451468+00:00,jingjie-cpu-02.mae.cornell.edu,4cf37e9,50907,45,syn-s2-n12,84d029a05767,12,6,09f30b84fda8,b1427f557682,2,136.0,136.9,2136.0,2338.3855886704864,202.3855886704864,exact-milp/dictator-pwl16,GRB,OPTIMAL,2338.3855886704864,2338.3855886704864,0.0,2054.0,284.3855886704864,2.7114217281341553,0.04917764663696289,3536,948,3445,237.52248867048638,219.95403867048637,2373.5224886704864,2355.954038670486,136.9,s2_n12_duck_b0.01_a0.5,,,,,,,
phase1-loop,taker-iteration,2026-08-14T22:32:49.682345+00:00,jingjie-cpu-02.mae.cornell.edu,4cf37e9,50906,44,syn-s2-n12,84d029a05767,12,6,62cc6de50b8e,f2b94c53f147,2,136.0,136.899998,2136.0,2331.840317405273,195.8403174052728,exact-milp/taker,GRB,OPTIMAL,2331.840317405273,2331.840317405273,0.0,2054.0,277.8403174052728,1.649268388748169,0.06250953674316406,3508,948,2997,259.3172161900384,227.57876658603834,2395.3172161900384,2363.5787665860385,136.899998,loop,0,1.0,,,,,
phase1-loop,taker-iteration,2026-08-14T22:32:52.767326+00:00,jingjie-cpu-02.mae.cornell.edu,4cf37e9,50906,44,syn-s2-n12,84d029a05767,12,6,984cd4ba097f,c08f53004517,2,144.0,138.5,2144.0,2352.1219796166,208.12197961660013,exact-milp/taker,GRB,OPTIMAL,2352.1219796166,2352.1219796166,0.0,2054.0,298.12197961660013,2.8336267471313477,0.07552886009216309,3508,948,2997,312.1658796166003,260.1439296166003,2456.1658796166003,2404.1439296166004,138.5,loop,1,1.0,,,,,
phase1-loop,taker-iteration,2026-08-14T22:32:55.433344+00:00,jingjie-cpu-02.mae.cornell.edu,4cf37e9,50906,44,syn-s2-n12,84d029a05767,12,6,62cc6de50b8e,f2b94c53f147,2,136.0,136.9,2136.0,2331.8403196372533,195.8403196372533,exact-milp/taker,GRB,OPTIMAL,2331.8403196372533,2331.8403196372533,0.0,2054.0,277.8403196372533,2.5105340480804443,0.06514906883239746,3508,948,2997,259.31721963725323,227.5787696372532,2395.3172196372534,2363.578769637253,136.9,loop,2,1.0,,,,cycle,2
phase1-static,uncontrolled,2026-08-14T22:32:40.106996+00:00,jingjie-cpu-02.mae.cornell.edu,4cf37e9,50906,44,syn-s2-n12,84d029a05767,12,6,357dca0d9fb0,b266bccd2b71,2,136.0,136.9,2136.0,2303.5200210324847,167.5200210324847,policy/uncontrolled-charge-on-arrival,GRB,OPTIMAL,2303.5200210324847,2303.5200210324842,1.9741410829268029e-16,2054.0000000000005,249.52002103248424,1.3107192516326904,0.05631232261657715,3508,948,2997,270.0208520042676,253.44850200426762,2406.0208520042675,2389.4485020042675,136.89999999999998,s2_n12_duck_b0.01_a1,,,,,,,
phase1-static,taker,2026-08-14T22:32:41.799246+00:00,jingjie-cpu-02.mae.cornell.edu,4cf37e9,50906,44,syn-s2-n12,84d029a05767,12,6,62cc6de50b8e,f2b94c53f147,2,136.0,136.899998,2136.0,2331.840317405273,195.8403174052728,exact-milp/taker,GRB,OPTIMAL,2331.840317405273,2331.840317405273,0.0,2054.0,277.8403174052728,1.5379791259765625,0.06300520896911621,3508,948,2997,259.3172161900384,227.57876658603834,2395.3172161900384,2363.5787665860385,136.899998,s2_n12_duck_b0.01_a1,,,,,,,
phase1-static,strategic,2026-08-14T22:32:45.133963+00:00,jingjie-cpu-02.mae.cornell.edu,4cf37e9,50906,44,syn-s2-n12,84d029a05767,12,6,09f30b84fda8,b1427f557682,2,136.0,136.9,2136.0,2338.385588670486,202.38558867048596,exact-milp/strategic-pwl16,GRB,OPTIMAL,2338.385588670486,2338.385588670486,0.0,2054.0,284.38558867048596,3.1779332160949707,0.05973172187805176,3536,948,3445,237.52248867048638,219.95403867048637,2373.5224886704864,2355.954038670486,136.9,s2_n12_duck_b0.01_a1,,,,,,,
phase1-static,dictator,2026-08-14T22:32:47.877271+00:00,jingjie-cpu-02.mae.cornell.edu,4cf37e9,50906,44,syn-s2-n12,84d029a05767,12,6,09f30b84fda8,b1427f557682,2,136.0,136.9,2136.0,2338.3855886704864,202.3855886704864,exact-milp/dictator-pwl16,GRB,OPTIMAL,2338.3855886704864,2338.3855886704864,0.0,2054.0,284.3855886704864,2.5883543491363525,0.057161569595336914,3536,948,3445,237.52248867048638,219.95403867048637,2373.5224886704864,2355.954038670486,136.9,s2_n12_duck_b0.01_a1,,,,,,,
phase1-loop,taker-iteration,2026-08-14T22:32:51.533578+00:00,jingjie-cpu-02.mae.cornell.edu,4cf37e9,50909,47,syn-s2-n12,84d029a05767,12,6,62cc6de50b8e,f2b94c53f147,2,136.0,136.9,2136.0,2605.640319637253,469.640319637253,exact-milp/taker,GRB,OPTIMAL,2605.640319637253,2605.6403196372526,1.7452422249505727e-16,2054.0,551.640319637253,2.4417731761932373,0.05097699165344238,3508,948,2997,787.0248196372532,628.3325696372533,2923.024819637253,2764.332569637253,136.9,loop,0,0.5,,,,,
phase1-loop,taker-iteration,2026-08-14T22:32:53.986127+00:00,jingjie-cpu-02.mae.cornell.edu,4cf37e9,50909,47,syn-s2-n12,84d029a05767,12,6,984cd4ba097f,c08f53004517,2,144.0,138.5,2144.0,2629.1219796166006,485.1219796166006,exact-milp/taker,GRB,OPTIMAL,2629.1219796166006,2629.1219796166006,0.0,2054.0,575.1219796166006,2.246345043182373,0.047695159912109375,3508,948,2997,1005.3414796166004,745.2317296166002,3149.3414796166003,2889.2317296166,138.5,loop,1,0.5,,,,,
phase1-loop,taker-iteration,2026-08-14T22:32:55.483682+00:00,jingjie-cpu-02.mae.cornell.edu,4cf37e9,50909,47,syn-s2-n12,84d029a05767,12,6,09f30b84fda8,a68e99f83f6b,2,136.0,136.9,2136.0,2652.579685202464,516.5796852024641,exact-milp/taker,GRB,OPTIMAL,2652.579685202464,2652.579685202464,0.0,2053.999999999999,598.579685202465,1.3600881099700928,0.04883551597595215,3508,948,2997,936.0950602024644,714.8348102024644,3072.0950602024645,2850.8348102024643,136.9,loop,2,0.5,,,,,
phase1-loop,taker-iteration,2026-08-14T22:32:57.093961+00:00,jingjie-cpu-02.mae.cornell.edu,4cf37e9,50909,47,syn-s2-n12,84d029a05767,12,6,09f30b84fda8,a9c3ba70edef,2,136.0,136.9,2136.0,2648.1912209991824,512.1912209991824,exact-milp/taker,GRB,OPTIMAL,2648.1912209991824,2648.1912209991824,0.0,2053.999999999999,594.1912209991833,1.4690191745758057,0.05264568328857422,3508,948,2997,930.2779709991826,709.0177209991826,3066.277970999183,2845.0177209991825,136.9,loop,3,0.5,,,,,
phase1-loop,taker-iteration,2026-08-14T22:32:59.534555+00:00,jingjie-cpu-02.mae.cornell.edu,4cf37e9,50909,47,syn-s2-n12,84d029a05767,12,6,b44d51835bfa,4d3a607fc5e2,2,138.0,137.3,2138.0,2659.458576229875,521.4585762298748,exact-milp/taker,GRB,OPTIMAL,2659.458576229875,2659.458576229875,0.0,2054.0000000000005,605.4585762298743,2.300558567047119,0.05163288116455078,3508,948,2997,873.373388729875,690.0041387298751,3011.373388729875,2828.004138729875,137.3,loop,4,0.5,,,,,
phase1-loop,taker-iteration,2026-08-14T22:33:03.262943+00:00,jingjie-cpu-02.mae.cornell.edu,4cf37e9,50909,47,syn-s2-n12,84d029a05767,12,6,62cc6de50b8e,2a293792900c,2,136.0,136.9,2136.0,2668.763773646002,532.7637736460019,exact-milp/taker,GRB,OPTIMAL,2668.763773646002,2668.763773646002,0.0,2053.9999999999995,614.7637736460024,3.5894322395324707,0.0515751838684082,3508,948,2997,755.774617396002,619.936367396002,2891.774617396002,2755.936367396002,136.9,loop,5,0.5,,,,,
phase1-loop,taker-iteration,2026-08-14T22:33:05.134422+00:00,jingjie-cpu-02.mae.cornell.edu,4cf37e9,50909,47,syn-s2-n12,84d029a05767,12,6,62cc6de50b8e,a9c3ba70edef,2,136.0,136.9,2136.0,2682.1267522491826,546.1267522491826,exact-milp/taker,GRB,OPTIMAL,2682.1267522491826,2682.1267522491826,0.0,2054.0000000000005,628.1267522491821,1.7309775352478027,0.05270242691040039,3508,948,2997,930.2779709991826,709.0177209991826,3066.277970999183,2845.0177209991825,136.9,loop,6,0.5,,,,,
phase1-loop,taker-iteration,2026-08-14T22:33:07.073424+00:00,jingjie-cpu-02.mae.cornell.edu,4cf37e9,50909,47,syn-s2-n12,84d029a05767,12,6,62cc6de50b8e,37b86e12c696,2,136.0,136.9,2136.0,2675.3335874053355,539.3335874053355,exact-milp/taker,GRB,OPTIMAL,2675.3335874053355,2675.3335874053355,0.0,2054.0000000000005,621.333587405335,1.7868292331695557,0.053964853286743164,3508,948,2997,798.3162241240858,639.6239741240859,2934.3162241240857,2775.623974124086,136.9,loop,7,0.5,,,,,
phase1-loop,taker-iteration,2026-08-14T22:33:09.367014+00:00,jingjie-cpu-02.mae.cornell.edu,4cf37e9,50909,47,syn-s2-n12,84d029a05767,12,6,984cd4ba097f,38a23e75f11f,2,144.0,138.5,2144.0,2672.114269942647,528.1142699426468,exact-milp/taker,GRB,OPTIMAL,2672.114269942647,2672.114269942647,0.0,2053.999999999999,618.1142699426478,2.1453065872192383,0.05398416519165039,3508,948,2997,1029.742281661397,761.0075316613969,3173.742281661397,2905.007531661397,138.5,loop,8,0.5,,,,,
phase1-loop,taker-iteration,2026-08-14T22:33:10.987365+00:00,jingjie-cpu-02.mae.cornell.edu,4cf37e9,50909,47,syn-s2-n12,84d029a05767,12,6,09f30b84fda8,5823c6a667e4,2,136.0,136.9,2136.0,2668.4464317153024,532.4464317153024,exact-milp/taker,GRB,OPTIMAL,2668.4464317153024,2668.4464317153024,0.0,2054.0000000000005,614.446431715302,1.4774880409240723,0.04847145080566406,3508,948,2997,948.4850254653027,727.2247754653026,3084.485025465303,2863.2247754653026,136.9,loop,9,0.5,,,,,
phase1-loop,taker-iteration,2026-08-14T22:33:12.525005+00:00,jingjie-cpu-02.mae.cornell.edu,4cf37e9,50909,47,syn-s2-n12,84d029a05767,12,6,09f30b84fda8,e2756366d186,2,136.0,136.9,2136.0,2651.604123412126,515.6041234121258,exact-milp/taker,GRB,OPTIMAL,2651.604123412126,2651.604123412126,0.0,2053.999999999999,597.6041234121267,1.391310214996338,0.05271291732788086,3508,948,2997,917.8880057363444,696.6277557363445,3053.8880057363444,2832.6277557363446,136.9,loop,10,0.5,,,,,
phase1-loop,taker-iteration,2026-08-14T22:33:14.319880+00:00,jingjie-cpu-02.mae.cornell.edu,4cf37e9,50909,47,syn-s2-n12,84d029a05767,12,6,b44d51835bfa,d253a711be7c,2,138.0,137.3,2138.0,2672.0491945563253,534.0491945563253,exact-milp/taker,GRB,OPTIMAL,2672.0491945563253,2672.0491945563253,0.0,2054.0000000000005,618.0491945563249,1.6589407920837402,0.047264814376831055,3508,948,2997,821.821281958669,664.5770319586691,2959.821281958669,2802.577031958669,137.3,loop,11,0.5,,,,,
phase1-loop,taker-iteration,2026-08-14T22:33:15.754555+00:00,jingjie-cpu-02.mae.cornell.edu,4cf37e9,50909,47,syn-s2-n12,84d029a05767,12,6,984cd4ba097f,c08f53004517,2,144.0,138.5,2144.0,2677.0638914818346,533.0638914818346,exact-milp/taker,GRB,OPTIMAL,2677.0638914818346,2677.0638914818346,0.0,2053.999999999999,623.0638914818355,1.293076753616333,0.05310797691345215,3508,948,2997,1005.3414796166004,745.2317296166002,3149.3414796166003,2889.2317296166,138.5,loop,12,0.5,,,,cycle,11
phase1-static,uncontrolled,2026-08-14T22:32:40.090451+00:00,jingjie-cpu-02.mae.cornell.edu,4cf37e9,50909,47,syn-s2-n12,84d029a05767,12,6,357dca0d9fb0,b266bccd2b71,2,136.0,136.9,2136.0,2303.5200210324847,167.5200210324847,policy/uncontrolled-charge-on-arrival,GRB,OPTIMAL,2303.5200210324847,2303.5200210324842,1.9741410829268029e-16,2054.0000000000005,249.52002103248424,1.3219554424285889,0.054965972900390625,3508,948,2997,676.3996520042676,593.5379020042676,2812.3996520042674,2729.5379020042674,136.89999999999998,s2_n12_duck_b0.05_a0.5,,,,,,,
phase1-static,taker,2026-08-14T22:32:42.740052+00:00,jingjie-cpu-02.mae.cornell.edu,4cf37e9,50909,47,syn-s2-n12,84d029a05767,12,6,62cc6de50b8e,f2b94c53f147,2,136.0,136.9,2136.0,2605.640319637253,469.640319637253,exact-milp/taker,GRB,OPTIMAL,2605.640319637253,2605.6403196372526,1.7452422249505727e-16,2054.0,551.640319637253,2.5062966346740723,0.05016922950744629,3508,948,2997,787.0248196372532,628.3325696372533,2923.024819637253,2764.332569637253,136.9,s2_n12_duck_b0.05_a0.5,,,,,,,
phase1-static,strategic,2026-08-14T22:32:45.661582+00:00,jingjie-cpu-02.mae.cornell.edu,4cf37e9,50909,47,syn-s2-n12,84d029a05767,12,6,09f30b84fda8,b1427f557682,2,136.0,136.9,2136.0,2612.1855886704852,476.18558867048523,exact-milp/strategic-pwl16,GRB,OPTIMAL,2612.1855886704852,2612.1855886704852,0.0,2054.0,558.1855886704852,2.7697505950927734,0.05142378807067871,3536,948,3445,651.8700886704864,564.0278386704864,2787.8700886704864,2700.0278386704863,136.9,s2_n12_duck_b0.05_a0.5,,,,,,,
phase1-static,dictator,2026-08-14T22:32:48.952712+00:00,jingjie-cpu-02.mae.cornell.edu,4cf37e9,50909,47,syn-s2-n12,84d029a05767,12,6,62cc6de50b8e,46ccb2c5537b,2,136.0,136.9,2136.0,2612.1855886704852,476.18558867048523,exact-milp/dictator-pwl16,GRB,OPTIMAL,2612.1855886704852,2612.1855886704852,0.0,2054.0,558.1855886704852,3.146981716156006,0.04922962188720703,3536,948,3445,652.0060886704864,564.0958386704864,2788.0060886704864,2700.0958386704865,136.9,s2_n12_duck_b0.05_a0.5,,,,,,,
phase1-loop,taker-iteration,2026-08-14T22:32:50.353858+00:00,jingjie-cpu-02.mae.cornell.edu,4cf37e9,50908,46,syn-s2-n12,84d029a05767,12,6,62cc6de50b8e,f2b94c53f147,2,136.0,136.9,2136.0,2605.640319637253,469.640319637253,exact-milp/taker,GRB,OPTIMAL,2605.640319637253,2605.6403196372526,1.7452422249505727e-16,2054.0,551.640319637253,1.9655656814575195,0.05487346649169922,3508,948,2997,787.0248196372532,628.3325696372533,2923.024819637253,2764.332569637253,136.9,loop,0,1.0,,,,,
phase1-loop,taker-iteration,2026-08-14T22:32:52.426064+00:00,jingjie-cpu-02.mae.cornell.edu,4cf37e9,50908,46,syn-s2-n12,84d029a05767,12,6,984cd4ba097f,c08f53004517,2,144.0,138.5,2144.0,2629.1219796166006,485.1219796166006,exact-milp/taker,GRB,OPTIMAL,2629.1219796166006,2629.1219796166006,0.0,2054.0,575.1219796166006,1.8737611770629883,0.04593253135681152,3508,948,2997,1005.3414796166004,745.2317296166002,3149.3414796166003,2889.2317296166,138.5,loop,1,1.0,,,,,
phase1-loop,taker-iteration,2026-08-14T22:32:53.950521+00:00,jingjie-cpu-02.mae.cornell.edu,4cf37e9,50908,46,syn-s2-n12,84d029a05767,12,6,62cc6de50b8e,f2b94c53f147,2,136.0,136.9,2136.0,2605.640319637253,469.640319637253,exact-milp/taker,GRB,OPTIMAL,2605.640319637253,2605.640319637253,0.0,2054.0000000000005,551.6403196372526,1.3834974765777588,0.05212068557739258,3508,948,2997,787.0248196372532,628.3325696372533,2923.024819637253,2764.332569637253,136.9,loop,2,1.0,,,,cycle,2
phase1-static,uncontrolled,2026-08-14T22:32:39.933175+00:00,jingjie-cpu-02.mae.cornell.edu,4cf37e9,50908,46,syn-s2-n12,84d029a05767,12,6,357dca0d9fb0,b266bccd2b71,2,136.0,136.9,2136.0,2303.5200210324847,167.5200210324847,policy/uncontrolled-charge-on-arrival,GRB,OPTIMAL,2303.5200210324847,2303.5200210324842,1.9741410829268029e-16,2054.0,249.5200210324847,1.1768603324890137,0.05835080146789551,3508,948,2997,676.3996520042676,593.5379020042676,2812.3996520042674,2729.5379020042674,136.89999999999998,s2_n12_duck_b0.05_a1,,,,,,,
phase1-static,taker,2026-08-14T22:32:42.096137+00:00,jingjie-cpu-02.mae.cornell.edu,4cf37e9,50908,46,syn-s2-n12,84d029a05767,12,6,62cc6de50b8e,f2b94c53f147,2,136.0,136.9,2136.0,2605.640319637253,469.640319637253,exact-milp/taker,GRB,OPTIMAL,2605.640319637253,2605.6403196372526,1.7452422249505727e-16,2054.0,551.640319637253,2.0154550075531006,0.05937814712524414,3508,948,2997,787.0248196372532,628.3325696372533,2923.024819637253,2764.332569637253,136.9,s2_n12_duck_b0.05_a1,,,,,,,
phase1-static,strategic,2026-08-14T22:32:44.934814+00:00,jingjie-cpu-02.mae.cornell.edu,4cf37e9,50908,46,syn-s2-n12,84d029a05767,12,6,09f30b84fda8,b1427f557682,2,136.0,136.9,2136.0,2612.1855886704852,476.18558867048523,exact-milp/strategic-pwl16,GRB,OPTIMAL,2612.1855886704852,2612.1855886704852,0.0,2054.0,558.1855886704852,2.694624900817871,0.05003762245178223,3536,948,3445,651.8700886704864,564.0278386704864,2787.8700886704864,2700.0278386704863,136.9,s2_n12_duck_b0.05_a1,,,,,,,
phase1-static,dictator,2026-08-14T22:32:48.244974+00:00,jingjie-cpu-02.mae.cornell.edu,4cf37e9,50908,46,syn-s2-n12,84d029a05767,12,6,62cc6de50b8e,46ccb2c5537b,2,136.0,136.9,2136.0,2612.1855886704852,476.18558867048523,exact-milp/dictator-pwl16,GRB,OPTIMAL,2612.1855886704852,2612.1855886704852,0.0,2054.0,558.1855886704852,3.165795087814331,0.04909706115722656,3536,948,3445,652.0060886704864,564.0958386704864,2788.0060886704864,2700.0958386704865,136.9,s2_n12_duck_b0.05_a1,,,,,,,
phase1-loop,taker-iteration,2026-08-14T22:32:44.763467+00:00,jingjie-cpu-01.mae.cornell.edu,4cf37e9,50903,41,syn-s2-n12,84d029a05767,12,6,62cc6de50b8e,f2b94c53f147,2,136.0,136.9,2136.0,2263.390319637253,127.39031963725301,exact-milp/taker,GRB,OPTIMAL,2263.390319637253,2263.390319637253,0.0,2054.0,209.39031963725301,1.3520724773406982,0.05693864822387695,3508,948,2997,127.39031963725323,127.39031963725323,2263.390319637253,2263.390319637253,136.9,loop,0,0.5,,,,,
phase1-loop,taker-iteration,2026-08-14T22:32:46.201126+00:00,jingjie-cpu-01.mae.cornell.edu,4cf37e9,50903,41,syn-s2-n12,84d029a05767,12,6,62cc6de50b8e,f2b94c53f147,2,136.0,136.9,2136.0,2263.390319637253,127.39031963725301,exact-milp/taker,GRB,OPTIMAL,2263.390319637253,2263.390319637253,0.0,2054.0,209.39031963725301,1.2255115509033203,0.05682635307312012,3508,948,2997,127.39031963725323,127.39031963725323,2263.390319637253,2263.390319637253,136.9,loop,1,0.5,,,,fixed_point,
phase1-static,uncontrolled,2026-08-14T22:32:38.802208+00:00,jingjie-cpu-01.mae.cornell.edu,4cf37e9,50903,41,syn-s2-n12,84d029a05767,12,6,357dca0d9fb0,b266bccd2b71,2,136.0,136.9,2136.0,2303.5200210324847,167.5200210324847,policy/uncontrolled-charge-on-arrival,GRB,OPTIMAL,2303.5200210324847,2303.5200210324842,1.9741410829268029e-16,2054.0000000000005,249.52002103248424,1.538766622543335,0.059294700622558594,3508,948,2997,168.42615200426764,168.42615200426764,2304.426152004268,2304.426152004268,136.89999999999998,s2_n12_duck_b0_a0.5,,,,,,,
phase1-static,taker,2026-08-14T22:32:39.972881+00:00,jingjie-cpu-01.mae.cornell.edu,4cf37e9,50903,41,syn-s2-n12,84d029a05767,12,6,62cc6de50b8e,f2b94c53f147,2,136.0,136.9,2136.0,2263.390319637253,127.39031963725301,exact-milp/taker,GRB,OPTIMAL,2263.390319637253,2263.390319637253,0.0,2054.0,209.39031963725301,1.022737741470337,0.053054094314575195,3508,948,2997,127.39031963725323,127.39031963725323,2263.390319637253,2263.390319637253,136.9,s2_n12_duck_b0_a0.5,,,,,,,
phase1-static,strategic,2026-08-14T22:32:41.709360+00:00,jingjie-cpu-01.mae.cornell.edu,4cf37e9,50903,41,syn-s2-n12,84d029a05767,12,6,62cc6de50b8e,f2b94c53f147,2,136.0,136.9,2136.0,2263.390319637253,127.39031963725301,exact-milp/strategic-pwl16,GRB,OPTIMAL,2263.390319637253,2263.390319637253,0.0,2054.0,209.39031963725301,1.5697224140167236,0.0674886703491211,3536,948,3445,127.39031963725323,127.39031963725323,2263.390319637253,2263.390319637253,136.9,s2_n12_duck_b0_a0.5,,,,,,,
phase1-static,dictator,2026-08-14T22:32:43.262598+00:00,jingjie-cpu-01.mae.cornell.edu,4cf37e9,50903,41,syn-s2-n12,84d029a05767,12,6,62cc6de50b8e,f2b94c53f147,2,136.0,136.9,2136.0,2263.390319637253,127.39031963725301,exact-milp/dictator-pwl16,GRB,OPTIMAL,2263.390319637253,2263.390319637253,0.0,2054.0,209.39031963725301,1.3919305801391602,0.06517839431762695,3536,948,3445,127.39031963725323,127.39031963725323,2263.390319637253,2263.390319637253,136.9,s2_n12_duck_b0_a0.5,,,,,,,
phase1-loop,taker-iteration,2026-08-14T22:32:44.603621+00:00,jingjie-cpu-01.mae.cornell.edu,4cf37e9,50902,40,syn-s2-n12,84d029a05767,12,6,62cc6de50b8e,f2b94c53f147,2,136.0,136.9,2136.0,2263.390319637253,127.39031963725301,exact-milp/taker,GRB,OPTIMAL,2263.390319637253,2263.390319637253,0.0,2054.0,209.39031963725301,1.3659343719482422,0.05530095100402832,3508,948,2997,127.39031963725323,127.39031963725323,2263.390319637253,2263.390319637253,136.9,loop,0,1.0,,,,,
phase1-loop,taker-iteration,2026-08-14T22:32:46.115457+00:00,jingjie-cpu-01.mae.cornell.edu,4cf37e9,50902,40,syn-s2-n12,84d029a05767,12,6,62cc6de50b8e,f2b94c53f147,2,136.0,136.9,2136.0,2263.390319637253,127.39031963725301,exact-milp/taker,GRB,OPTIMAL,2263.390319637253,2263.390319637253,0.0,2054.0,209.39031963725301,1.3025939464569092,0.0521240234375,3508,948,2997,127.39031963725323,127.39031963725323,2263.390319637253,2263.390319637253,136.9,loop,1,1.0,,,,fixed_point,
phase1-static,uncontrolled,2026-08-14T22:32:38.518042+00:00,jingjie-cpu-01.mae.cornell.edu,4cf37e9,50902,40,syn-s2-n12,84d029a05767,12,6,357dca0d9fb0,b266bccd2b71,2,136.0,136.9,2136.0,2303.5200210324847,167.5200210324847,policy/uncontrolled-charge-on-arrival,GRB,OPTIMAL,2303.5200210324847,2303.5200210324842,1.9741410829268029e-16,2054.0000000000005,249.52002103248424,1.2461321353912354,0.05639982223510742,3508,948,2997,168.42615200426764,168.42615200426764,2304.426152004268,2304.426152004268,136.89999999999998,s2_n12_duck_b0_a1,,,,,,,
phase1-static,taker,2026-08-14T22:32:39.919703+00:00,jingjie-cpu-01.mae.cornell.edu,4cf37e9,50902,40,syn-s2-n12,84d029a05767,12,6,62cc6de50b8e,f2b94c53f147,2,136.0,136.9,2136.0,2263.390319637253,127.39031963725301,exact-milp/taker,GRB,OPTIMAL,2263.390319637253,2263.390319637253,0.0,2054.0,209.39031963725301,1.2572219371795654,0.05591869354248047,3508,948,2997,127.39031963725323,127.39031963725323,2263.390319637253,2263.390319637253,136.9,s2_n12_duck_b0_a1,,,,,,,
phase1-static,strategic,2026-08-14T22:32:41.550335+00:00,jingjie-cpu-01.mae.cornell.edu,4cf37e9,50902,40,syn-s2-n12,84d029a05767,12,6,62cc6de50b8e,f2b94c53f147,2,136.0,136.9,2136.0,2263.390319637253,127.39031963725301,exact-milp/strategic-pwl16,GRB,OPTIMAL,2263.390319637253,2263.390319637253,0.0,2054.0,209.39031963725301,1.4701728820800781,0.06585693359375,3536,948,3445,127.39031963725323,127.39031963725323,2263.390319637253,2263.390319637253,136.9,s2_n12_duck_b0_a1,,,,,,,
phase1-static,dictator,2026-08-14T22:32:43.093500+00:00,jingjie-cpu-01.mae.cornell.edu,4cf37e9,50902,40,syn-s2-n12,84d029a05767,12,6,62cc6de50b8e,f2b94c53f147,2,136.0,136.9,2136.0,2263.390319637253,127.39031963725301,exact-milp/dictator-pwl16,GRB,OPTIMAL,2263.390319637253,2263.390319637253,0.0,2054.0,209.39031963725301,1.389765977859497,0.06087207794189453,3536,948,3445,127.39031963725323,127.39031963725323,2263.390319637253,2263.390319637253,136.9,s2_n12_duck_b0_a1,,,,,,,
phase1-loop,taker-iteration,2026-08-14T22:32:43.400160+00:00,jingjie-cpu-01.mae.cornell.edu,4cf37e9,50897,35,syn-s2-n8,7bee083a29bc,8,4,46e7ce0f21ee,6c0ee13fce7e,3,108.0,26.6,3108.0,3132.6743581712867,24.674358171286713,exact-milp/taker,GRB,OPTIMAL,3132.6743581712867,3132.6743581712863,1.4516266259858717e-16,3094.0,38.67435817128671,0.7857089042663574,0.007926702499389648,1100,296,915,26.089478171286828,25.381918171286827,3134.089478171287,3133.381918171287,26.6,loop,0,0.5,,,,,
phase1-loop,taker-iteration,2026-08-14T22:32:44.681346+00:00,jingjie-cpu-01.mae.cornell.edu,4cf37e9,50897,35,syn-s2-n8,7bee083a29bc,8,4,46e7ce0f21ee,6c0ee13fce7e,3,108.0,26.6,3108.0,3133.381918171287,25.381918171286998,exact-milp/taker,GRB,OPTIMAL,3133.381918171287,3133.381918171287,0.0,3094.0,39.381918171287,1.2414543628692627,0.007785797119140625,1100,296,915,26.089478171286828,25.381918171286827,3134.089478171287,3133.381918171287,26.6,loop,1,0.5,,,,fixed_point,
phase1-static,uncontrolled,2026-08-14T22:32:38.639680+00:00,jingjie-cpu-01.mae.cornell.edu,4cf37e9,50897,35,syn-s2-n8,7bee083a29bc,8,4,f52b635e16c6,4ce1315ecab7,3,108.0,26.6,3108.0,3140.5495438967428,32.54954389674276,policy/uncontrolled-charge-on-arrival,GRB,OPTIMAL,3140.5495438967428,3140.5495438967428,0.0,3094.0,46.54954389674276,1.4644758701324463,0.01114797592163086,1100,296,915,47.736963515358205,47.02940351535821,3155.736963515358,3155.0294035153584,26.6,s2_n8_duck_b0.002_a0.5,,,,,,,
phase1-static,taker,2026-08-14T22:32:39.516069+00:00,jingjie-cpu-01.mae.cornell.edu,4cf37e9,50897,35,syn-s2-n8,7bee083a29bc,8,4,46e7ce0f21ee,6c0ee13fce7e,3,108.0,26.6,3108.0,3132.6743581712867,24.674358171286713,exact-milp/taker,GRB,OPTIMAL,3132.6743581712867,3132.6743581712863,1.4516266259858717e-16,3094.0,38.67435817128671,0.819272518157959,0.007946491241455078,1100,296,915,26.089478171286828,25.381918171286827,3134.089478171287,3133.381918171287,26.6,s2_n8_duck_b0.002_a0.5,,,,,,,
phase1-static,strategic,2026-08-14T22:32:41.029781+00:00,jingjie-cpu-01.mae.cornell.edu,4cf37e9,50897,35,syn-s2-n8,7bee083a29bc,8,4,f52b635e16c6,6c0ee13fce7e,3,108.0,26.6,3108.0,3133.7303581712868,25.730358171286753,exact-milp/strategic-pwl16,GRB,OPTIMAL,3133.7303581712868,3133.7303581712868,0.0,3093.9999999999995,39.73035817128721,1.428617000579834,0.017657756805419922,1128,296,1363,26.089478171286828,25.381918171286827,3134.089478171287,3133.381918171287,26.6,s2_n8_duck_b0.002_a0.5,,,,,,,
phase1-static,dictator,2026-08-14T22:32:42.573861+00:00,jingjie-cpu-01.mae.cornell.edu,4cf37e9,50897,35,syn-s2-n8,7bee083a29bc,8,4,46e7ce0f21ee,6c0ee13fce7e,3,108.0,26.6,3108.0,3133.2023581712865,25.202358171286505,exact-milp/dictator-pwl16,GRB,OPTIMAL,3133.2023581712865,3133.2023581712865,0.0,3093.9999999999995,39.20235817128696,1.4916408061981201,0.015311956405639648,1128,296,1363,26.089478171286828,25.381918171286827,3134.089478171287,3133.381918171287,26.6,s2_n8_duck_b0.002_a0.5,,,,,,,
phase1-loop,taker-iteration,2026-08-14T22:32:43.366367+00:00,jingjie-cpu-01.mae.cornell.edu,4cf37e9,50896,34,syn-s2-n8,7bee083a29bc,8,4,46e7ce0f21ee,6c0ee13fce7e,3,108.0,26.6,3108.0,3132.6743581712867,24.674358171286713,exact-milp/taker,GRB,OPTIMAL,3132.6743581712867,3132.6743581712863,1.4516266259858717e-16,3094.0,38.67435817128671,0.8175888061523438,0.008032798767089844,1100,296,915,26.089478171286828,25.381918171286827,3134.089478171287,3133.381918171287,26.6,loop,0,1.0,,,,,
phase1-loop,taker-iteration,2026-08-14T22:32:44.457677+00:00,jingjie-cpu-01.mae.cornell.edu,4cf37e9,50896,34,syn-s2-n8,7bee083a29bc,8,4,46e7ce0f21ee,6c0ee13fce7e,3,108.0,26.6,3108.0,3134.089478171287,26.089478171286828,exact-milp/taker,GRB,OPTIMAL,3134.089478171287,3134.089478171287,0.0,3094.0,40.08947817128683,1.0515062808990479,0.007889032363891602,1100,296,915,26.089478171286828,25.381918171286827,3134.089478171287,3133.381918171287,26.6,loop,1,1.0,,,,fixed_point,
phase1-static,uncontrolled,2026-08-14T22:32:38.414490+00:00,jingjie-cpu-01.mae.cornell.edu,4cf37e9,50896,34,syn-s2-n8,7bee083a29bc,8,4,f52b635e16c6,4ce1315ecab7,3,108.0,26.6,3108.0,3140.5495438967428,32.54954389674276,policy/uncontrolled-charge-on-arrival,GRB,OPTIMAL,3140.5495438967428,3140.5495438967428,0.0,3094.0,46.54954389674276,1.2462210655212402,0.011160850524902344,1100,296,915,47.736963515358205,47.02940351535821,3155.736963515358,3155.0294035153584,26.6,s2_n8_duck_b0.002_a1,,,,,,,
phase1-static,taker,2026-08-14T22:32:39.327725+00:00,jingjie-cpu-01.mae.cornell.edu,4cf37e9,50896,34,syn-s2-n8,7bee083a29bc,8,4,46e7ce0f21ee,6c0ee13fce7e,3,108.0,26.6,3108.0,3132.6743581712867,24.674358171286713,exact-milp/taker,GRB,OPTIMAL,3132.6743581712867,3132.6743581712863,1.4516266259858717e-16,3094.0,38.67435817128671,0.8560106754302979,0.0078089237213134766,1100,296,915,26.089478171286828,25.381918171286827,3134.089478171287,3133.381918171287,26.6,s2_n8_duck_b0.002_a1,,,,,,,
phase1-static,strategic,2026-08-14T22:32:41.040951+00:00,jingjie-cpu-01.mae.cornell.edu,4cf37e9,50896,34,syn-s2-n8,7bee083a29bc,8,4,f52b635e16c6,6c0ee13fce7e,3,108.0,26.6,3108.0,3133.7303581712868,25.730358171286753,exact-milp/strategic-pwl16,GRB,OPTIMAL,3133.7303581712868,3133.7303581712868,0.0,3093.9999999999995,39.73035817128721,1.622422695159912,0.02698206901550293,1128,296,1363,26.089478171286828,25.381918171286827,3134.089478171287,3133.381918171287,26.6,s2_n8_duck_b0.002_a1,,,,,,,
phase1-static,dictator,2026-08-14T22:32:42.508663+00:00,jingjie-cpu-01.mae.cornell.edu,4cf37e9,50896,34,syn-s2-n8,7bee083a29bc,8,4,46e7ce0f21ee,6c0ee13fce7e,3,108.0,26.6,3108.0,3133.2023581712865,25.202358171286505,exact-milp/dictator-pwl16,GRB,OPTIMAL,3133.2023581712865,3133.2023581712865,0.0,3093.9999999999995,39.20235817128696,1.4155571460723877,0.015035390853881836,1128,296,1363,26.089478171286828,25.381918171286827,3134.089478171287,3133.381918171287,26.6,s2_n8_duck_b0.002_a1,,,,,,,
phase1-loop,taker-iteration,2026-08-14T22:32:44.018976+00:00,jingjie-cpu-01.mae.cornell.edu,4cf37e9,50899,37,syn-s2-n8,7bee083a29bc,8,4,46e7ce0f21ee,6c0ee13fce7e,3,108.0,26.6,3108.0,3143.314358171287,35.31435817128704,exact-milp/taker,GRB,OPTIMAL,3143.314358171287,3143.314358171287,0.0,3094.0,49.31435817128704,1.5761513710021973,0.008196592330932617,1100,296,915,42.38995817128682,38.852158171286824,3150.3899581712867,3146.8521581712866,26.6,loop,0,0.5,,,,,
phase1-loop,taker-iteration,2026-08-14T22:32:45.530781+00:00,jingjie-cpu-01.mae.cornell.edu,4cf37e9,50899,37,syn-s2-n8,7bee083a29bc,8,4,46e7ce0f21ee,6c0ee13fce7e,3,108.0,26.6,3108.0,3146.8521581712866,38.852158171286646,exact-milp/taker,GRB,OPTIMAL,3146.8521581712866,3146.8521581712866,0.0,3094.0,52.852158171286646,1.4698009490966797,0.008121490478515625,1100,296,915,42.38995817128682,38.852158171286824,3150.3899581712867,3146.8521581712866,26.6,loop,1,0.5,,,,fixed_point,
phase1-static,uncontrolled,2026-08-14T22:32:38.424962+00:00,jingjie-cpu-01.mae.cornell.edu,4cf37e9,50899,37,syn-s2-n8,7bee083a29bc,8,4,f52b635e16c6,4ce1315ecab7,3,108.0,26.6,3108.0,3140.5495438967428,32.54954389674276,policy/uncontrolled-charge-on-arrival,GRB,OPTIMAL,3140.5495438967428,3140.5495438967428,0.0,3094.0,46.54954389674276,1.2587237358093262,0.011298179626464844,1100,296,915,64.0374435153582,60.4996435153582,3172.037443515358,3168.499643515358,26.6,s2_n8_duck_b0.01_a0.5,,,,,,,
phase1-static,taker,2026-08-14T22:32:39.601395+00:00,jingjie-cpu-01.mae.cornell.edu,4cf37e9,50899,37,syn-s2-n8,7bee083a29bc,8,4,46e7ce0f21ee,6c0ee13fce7e,3,108.0,26.6,3108.0,3143.314358171287,35.31435817128704,exact-milp/taker,GRB,OPTIMAL,3143.314358171287,3143.314358171287,0.0,3094.0,49.31435817128704,1.1326911449432373,0.008016109466552734,1100,296,915,42.38995817128682,38.852158171286824,3150.3899581712867,3146.8521581712866,26.6,s2_n8_duck_b0.01_a0.5,,,,,,,
phase1-static,strategic,2026-08-14T22:32:40.885075+00:00,jingjie-cpu-01.mae.cornell.edu,4cf37e9,50899,37,syn-s2-n8,7bee083a29bc,8,4,f52b635e16c6,b70119a7949f,3,108.0,26.6,3108.0,3144.762148044497,36.762148044496826,exact-milp/strategic-pwl16,GRB,OPTIMAL,3144.762148044497,3144.7621480444964,1.4460468851968313e-16,3093.9999999999995,50.76214804449728,1.2127599716186523,0.01757669448852539,1128,296,1363,41.197748044496365,38.97994804449635,3149.197748044496,3146.9799480444963,26.6,s2_n8_duck_b0.01_a0.5,,,,,,,
phase1-static,dictator,2026-08-14T22:32:42.396819+00:00,jingjie-cpu-01.mae.cornell.edu,4cf37e9,50899,37,syn-s2-n8,7bee083a29bc,8,4,46e7ce0f21ee,b70119a7949f,3,108.0,26.6,3108.0,3144.762148044497,36.762148044496826,exact-milp/dictator-pwl16,GRB,OPTIMAL,3144.762148044497,3144.7621480444964,1.4460468851968313e-16,3093.9999999999995,50.76214804449728,1.4567890167236328,0.015787124633789062,1128,296,1363,41.197748044496365,38.97994804449635,3149.197748044496,3146.9799480444963,26.6,s2_n8_duck_b0.01_a0.5,,,,,,,
phase1-loop,taker-iteration,2026-08-14T22:32:43.966761+00:00,jingjie-cpu-01.mae.cornell.edu,4cf37e9,50898,36,syn-s2-n8,7bee083a29bc,8,4,46e7ce0f21ee,6c0ee13fce7e,3,108.0,26.6,3108.0,3143.314358171287,35.31435817128704,exact-milp/taker,GRB,OPTIMAL,3143.314358171287,3143.314358171287,0.0,3094.0,49.31435817128704,1.1523854732513428,0.007723093032836914,1100,296,915,42.38995817128682,38.852158171286824,3150.3899581712867,3146.8521581712866,26.6,loop,0,1.0,,,,,
phase1-loop,taker-iteration,2026-08-14T22:32:46.026011+00:00,jingjie-cpu-01.mae.cornell.edu,4cf37e9,50898,36,syn-s2-n8,7bee083a29bc,8,4,54fc82ebef75,ae845378bfe8,3,114.0,26.6,3114.0,3147.257955895012,33.257955895011946,exact-milp/taker,GRB,OPTIMAL,3147.257955895012,3147.257955895012,0.0,3094.0,53.257955895011946,2.019601345062256,0.007597208023071289,1100,296,915,40.333555895012225,36.79575589501222,3154.333555895012,3150.795755895012,26.6,loop,1,1.0,,,,,
phase1-loop,taker-iteration,2026-08-14T22:32:47.225700+00:00,jingjie-cpu-01.mae.cornell.edu,4cf37e9,50898,36,syn-s2-n8,7bee083a29bc,8,4,f52b635e16c6,6c0ee13fce7e,3,108.0,26.6,3108.0,3143.314358171287,35.31435817128704,exact-milp/taker,GRB,OPTIMAL,3143.314358171287,3143.314358171287,0.0,3094.0,49.31435817128704,1.1246943473815918,0.008215665817260742,1100,296,915,42.38995817128682,38.852158171286824,3150.3899581712867,3146.8521581712866,26.6,loop,2,1.0,,,,,
phase1-loop,taker-iteration,2026-08-14T22:32:49.402808+00:00,jingjie-cpu-01.mae.cornell.edu,4cf37e9,50898,36,syn-s2-n8,7bee083a29bc,8,4,54fc82ebef75,ae845378bfe8,3,114.0,26.6,3114.0,3147.257955895012,33.257955895011946,exact-milp/taker,GRB,OPTIMAL,3147.257955895012,3147.257955895012,0.0,3094.0,53.257955895011946,2.1369075775146484,0.008055448532104492,1100,296,915,40.333555895012225,36.79575589501222,3154.333555895012,3150.795755895012,26.6,loop,3,1.0,,,,cycle,2
phase1-static,uncontrolled,2026-08-14T22:32:38.400746+00:00,jingjie-cpu-01.mae.cornell.edu,4cf37e9,50898,36,syn-s2-n8,7bee083a29bc,8,4,f52b635e16c6,4ce1315ecab7,3,108.0,26.6,3108.0,3140.5495438967428,32.54954389674276,policy/uncontrolled-charge-on-arrival,GRB,OPTIMAL,3140.5495438967428,3140.5495438967428,0.0,3094.0,46.54954389674276,1.2295622825622559,0.01089620590209961,1100,296,915,64.0374435153582,60.4996435153582,3172.037443515358,3168.499643515358,26.6,s2_n8_duck_b0.01_a1,,,,,,,
phase1-static,taker,2026-08-14T22:32:39.791063+00:00,jingjie-cpu-01.mae.cornell.edu,4cf37e9,50898,36,syn-s2-n8,7bee083a29bc,8,4,46e7ce0f21ee,6c0ee13fce7e,3,108.0,26.6,3108.0,3143.314358171287,35.31435817128704,exact-milp/taker,GRB,OPTIMAL,3143.314358171287,3143.314358171287,0.0,3094.0,49.31435817128704,1.3179988861083984,0.00784611701965332,1100,296,915,42.38995817128682,38.852158171286824,3150.3899581712867,3146.8521581712866,26.6,s2_n8_duck_b0.01_a1,,,,,,,
phase1-static,strategic,2026-08-14T22:32:41.022422+00:00,jingjie-cpu-01.mae.cornell.edu,4cf37e9,50898,36,syn-s2-n8,7bee083a29bc,8,4,f52b635e16c6,b70119a7949f,3,108.0,26.6,3108.0,3144.762148044497,36.762148044496826,exact-milp/strategic-pwl16,GRB,OPTIMAL,3144.762148044497,3144.7621480444964,1.4460468851968313e-16,3093.9999999999995,50.76214804449728,1.1479077339172363,0.027714967727661133,1128,296,1363,41.197748044496365,38.97994804449635,3149.197748044496,3146.9799480444963,26.6,s2_n8_duck_b0.01_a1,,,,,,,
phase1-static,dictator,2026-08-14T22:32:42.774432+00:00,jingjie-cpu-01.mae.cornell.edu,4cf37e9,50898,36,syn-s2-n8,7bee083a29bc,8,4,46e7ce0f21ee,b70119a7949f,3,108.0,26.6,3108.0,3144.762148044497,36.762148044496826,exact-milp/dictator-pwl16,GRB,OPTIMAL,3144.762148044497,3144.7621480444964,1.4460468851968313e-16,3093.9999999999995,50.76214804449728,1.7013323307037354,0.01309967041015625,1128,296,1363,41.197748044496365,38.97994804449635,3149.197748044496,3146.9799480444963,26.6,s2_n8_duck_b0.01_a1,,,,,,,
phase1-loop,taker-iteration,2026-08-14T22:32:48.801093+00:00,jingjie-cpu-01.mae.cornell.edu,4cf37e9,50901,39,syn-s2-n8,7bee083a29bc,8,4,4d4758026437,01488218a895,3,122.0,15.7,3122.0,3180.487883955075,58.487883955075176,exact-milp/taker,GRB,OPTIMAL,3180.487883955075,3180.487883955075,0.0,3094.0,86.48788395507518,2.4993956089019775,0.007776737213134766,1100,296,915,64.8063839550753,61.647133955075304,3186.8063839550755,3183.6471339550753,15.7,loop,0,0.5,,,,,
phase1-loop,taker-iteration,2026-08-14T22:32:51.137236+00:00,jingjie-cpu-01.mae.cornell.edu,4cf37e9,50901,39,syn-s2-n8,7bee083a29bc,8,4,7da384b47a83,2e6f5547d84a,3,122.0,15.7,3122.0,3182.62958488767,60.62958488766981,exact-milp/taker,GRB,OPTIMAL,3182.62958488767,3182.62958488767,0.0,3094.0,88.62958488766981,2.2692973613739014,0.007793903350830078,1100,296,915,66.7980848876698,63.713834887669805,3188.7980848876696,3185.7138348876697,15.7,loop,1,0.5,,,,,
phase1-loop,taker-iteration,2026-08-14T22:32:53.548670+00:00,jingjie-cpu-01.mae.cornell.edu,4cf37e9,50901,39,syn-s2-n8,7bee083a29bc,8,4,4d4758026437,01488218a895,3,122.0,15.7,3122.0,3182.067508955075,60.06750895507503,exact-milp/taker,GRB,OPTIMAL,3182.067508955075,3182.067508955075,0.0,3094.0,88.06750895507503,2.3140945434570312,0.007757902145385742,1100,296,915,64.8063839550753,61.647133955075304,3186.8063839550755,3183.6471339550753,15.7,loop,2,0.5,,,,cycle,2
phase1-static,uncontrolled,2026-08-14T22:32:38.365217+00:00,jingjie-cpu-01.mae.cornell.edu,4cf37e9,50901,39,syn-s2-n8,7bee083a29bc,8,4,f52b635e16c6,4ce1315ecab7,3,108.0,26.6,3108.0,3140.5495438967428,32.54954389674276,policy/uncontrolled-charge-on-arrival,GRB,OPTIMAL,3140.5495438967428,3140.5495438967428,0.0,3094.0,46.54954389674276,1.1811823844909668,0.01108551025390625,1100,296,915,145.53984351535823,127.85084351535824,3253.5398435153584,3235.850843515358,26.6,s2_n8_duck_b0.05_a0.5,,,,,,,
phase1-static,taker,2026-08-14T22:32:40.740988+00:00,jingjie-cpu-01.mae.cornell.edu,4cf37e9,50901,39,syn-s2-n8,7bee083a29bc,8,4,4d4758026437,01488218a895,3,122.0,15.7,3122.0,3180.487883955075,58.487883955075176,exact-milp/taker,GRB,OPTIMAL,3180.487883955075,3180.487883955075,0.0,3094.0,86.48788395507518,2.3075883388519287,0.007814407348632812,1100,296,915,64.8063839550753,61.647133955075304,3186.8063839550755,3183.6471339550753,15.7,s2_n8_duck_b0.05_a0.5,,,,,,,
phase1-static,strategic,2026-08-14T22:32:42.762237+00:00,jingjie-cpu-01.mae.cornell.edu,4cf37e9,50901,39,syn-s2-n8,7bee083a29bc,8,4,4d4758026437,01488218a895,3,122.0,15.7,3122.0,3180.487883955075,58.487883955075176,exact-milp/strategic-pwl16,GRB,OPTIMAL,3180.487883955075,3180.487883955075,0.0,3093.9999999999995,86.48788395507563,1.9383792877197266,0.01813983917236328,1128,296,1363,64.8063839550753,61.647133955075304,3186.8063839550755,3183.6471339550753,15.7,s2_n8_duck_b0.05_a0.5,,,,,,,
phase1-static,dictator,2026-08-14T22:32:46.261012+00:00,jingjie-cpu-01.mae.cornell.edu,4cf37e9,50901,39,syn-s2-n8,7bee083a29bc,8,4,4d4758026437,01488218a895,3,122.0,15.7,3122.0,3180.487883955075,58.487883955075176,exact-milp/dictator-pwl16,GRB,OPTIMAL,3180.487883955075,3180.487883955075,0.0,3093.9999999999995,86.48788395507563,3.444705009460449,0.015111923217773438,1128,296,1363,64.8063839550753,61.647133955075304,3186.8063839550755,3183.6471339550753,15.7,s2_n8_duck_b0.05_a0.5,,,,,,,
phase1-loop,taker-iteration,2026-08-14T22:32:47.815091+00:00,jingjie-cpu-01.mae.cornell.edu,4cf37e9,50900,38,syn-s2-n8,7bee083a29bc,8,4,4d4758026437,01488218a895,3,122.0,15.7,3122.0,3180.487883955075,58.487883955075176,exact-milp/taker,GRB,OPTIMAL,3180.487883955075,3180.487883955075,0.0,3094.0,86.48788395507518,2.0032382011413574,0.008336305618286133,1100,296,915,64.8063839550753,61.647133955075304,3186.8063839550755,3183.6471339550753,15.7,loop,0,1.0,,,,,
phase1-loop,taker-iteration,2026-08-14T22:32:51.063947+00:00,jingjie-cpu-01.mae.cornell.edu,4cf37e9,50900,38,syn-s2-n8,7bee083a29bc,8,4,7da384b47a83,2e6f5547d84a,3,122.0,15.7,3122.0,3182.62958488767,60.62958488766981,exact-milp/taker,GRB,OPTIMAL,3182.62958488767,3182.62958488767,0.0,3094.0,88.62958488766981,3.2080225944519043,0.007943391799926758,1100,296,915,66.7980848876698,63.713834887669805,3188.7980848876696,3185.7138348876697,15.7,loop,1,1.0,,,,,
phase1-loop,taker-iteration,2026-08-14T22:32:53.527881+00:00,jingjie-cpu-01.mae.cornell.edu,4cf37e9,50900,38,syn-s2-n8,7bee083a29bc,8,4,4d4758026437,01488218a895,3,122.0,15.7,3122.0,3180.487883955075,58.487883955075176,exact-milp/taker,GRB,OPTIMAL,3180.487883955075,3180.4878839550747,1.4298037517469363e-16,3094.0,86.48788395507518,2.380021572113037,0.008027076721191406,1100,296,915,64.8063839550753,61.647133955075304,3186.8063839550755,3183.6471339550753,15.7,loop,2,1.0,,,,cycle,2
phase1-static,uncontrolled,2026-08-14T22:32:38.568259+00:00,jingjie-cpu-01.mae.cornell.edu,4cf37e9,50900,38,syn-s2-n8,7bee083a29bc,8,4,f52b635e16c6,4ce1315ecab7,3,108.0,26.6,3108.0,3140.5495438967428,32.54954389674276,policy/uncontrolled-charge-on-arrival,GRB,OPTIMAL,3140.5495438967428,3140.5495438967428,0.0,3094.0,46.54954389674276,1.414806842803955,0.011769294738769531,1100,296,915,145.53984351535823,127.85084351535824,3253.5398435153584,3235.850843515358,26.6,s2_n8_duck_b0.05_a1,,,,,,,
phase1-static,taker,2026-08-14T22:32:41.319783+00:00,jingjie-cpu-01.mae.cornell.edu,4cf37e9,50900,38,syn-s2-n8,7bee083a29bc,8,4,4d4758026437,01488218a895,3,122.0,15.7,3122.0,3180.487883955075,58.487883955075176,exact-milp/taker,GRB,OPTIMAL,3180.487883955075,3180.487883955075,0.0,3094.0,86.48788395507518,2.6266462802886963,0.008315324783325195,1100,296,915,64.8063839550753,61.647133955075304,3186.8063839550755,3183.6471339550753,15.7,s2_n8_duck_b0.05_a1,,,,,,,
phase1-static,strategic,2026-08-14T22:32:43.622529+00:00,jingjie-cpu-01.mae.cornell.edu,4cf37e9,50900,38,syn-s2-n8,7bee083a29bc,8,4,4d4758026437,01488218a895,3,122.0,15.7,3122.0,3180.487883955075,58.487883955075176,exact-milp/strategic-pwl16,GRB,OPTIMAL,3180.487883955075,3180.487883955075,0.0,3093.9999999999995,86.48788395507563,2.215151309967041,0.0250699520111084,1128,296,1363,64.8063839550753,61.647133955075304,3186.8063839550755,3183.6471339550753,15.7,s2_n8_duck_b0.05_a1,,,,,,,
phase1-static,dictator,2026-08-14T22:32:45.769708+00:00,jingjie-cpu-01.mae.cornell.edu,4cf37e9,50900,38,syn-s2-n8,7bee083a29bc,8,4,4d4758026437,01488218a895,3,122.0,15.7,3122.0,3180.487883955075,58.487883955075176,exact-milp/dictator-pwl16,GRB,OPTIMAL,3180.487883955075,3180.487883955075,0.0,3093.9999999999995,86.48788395507563,2.0913541316986084,0.016243934631347656,1128,296,1363,64.8063839550753,61.647133955075304,3186.8063839550755,3183.6471339550753,15.7,s2_n8_duck_b0.05_a1,,,,,,,
phase1-loop,taker-iteration,2026-08-14T22:32:42.251882+00:00,jingjie-cpu-01.mae.cornell.edu,4cf37e9,50895,33,syn-s2-n8,7bee083a29bc,8,4,46e7ce0f21ee,6c0ee13fce7e,3,108.0,26.6,3108.0,3130.014358171287,22.014358171286858,exact-milp/taker,GRB,OPTIMAL,3130.014358171287,3130.014358171287,0.0,3094.0,36.01435817128686,1.1809306144714355,0.007439374923706055,1100,296,915,22.014358171286826,22.014358171286826,3130.014358171287,3130.014358171287,26.6,loop,0,0.5,,,,,
phase1-loop,taker-iteration,2026-08-14T22:32:43.329105+00:00,jingjie-cpu-01.mae.cornell.edu,4cf37e9,50895,33,syn-s2-n8,7bee083a29bc,8,4,46e7ce0f21ee,6c0ee13fce7e,3,108.0,26.6,3108.0,3130.014358171287,22.014358171286858,exact-milp/taker,GRB,OPTIMAL,3130.014358171287,3130.014358171287,0.0,3094.0,36.01435817128686,1.0368573665618896,0.008039236068725586,1100,296,915,22.014358171286826,22.014358171286826,3130.014358171287,3130.014358171287,26.6,loop,1,0.5,,,,fixed_point,
phase1-static,uncontrolled,2026-08-14T22:32:38.435751+00:00,jingjie-cpu-01.mae.cornell.edu,4cf37e9,50895,33,syn-s2-n8,7bee083a29bc,8,4,f52b635e16c6,4ce1315ecab7,3,108.0,26.6,3108.0,3140.5495438967428,32.54954389674276,policy/uncontrolled-charge-on-arrival,GRB,OPTIMAL,3140.5495438967428,3140.5495438967428,0.0,3094.0,46.54954389674276,1.267683506011963,0.011309146881103516,1100,296,915,43.66184351535821,43.66184351535821,3151.661843515358,3151.661843515358,26.6,s2_n8_duck_b0_a0.5,,,,,,,
phase1-static,taker,2026-08-14T22:32:39.564270+00:00,jingjie-cpu-01.mae.cornell.edu,4cf37e9,50895,33,syn-s2-n8,7bee083a29bc,8,4,46e7ce0f21ee,6c0ee13fce7e,3,108.0,26.6,3108.0,3130.014358171287,22.014358171286858,exact-milp/taker,GRB,OPTIMAL,3130.014358171287,3130.014358171287,0.0,3094.0,36.01435817128686,1.0889863967895508,0.007920265197753906,1100,296,915,22.014358171286826,22.014358171286826,3130.014358171287,3130.014358171287,26.6,s2_n8_duck_b0_a0.5,,,,,,,
phase1-static,strategic,2026-08-14T22:32:40.299003+00:00,jingjie-cpu-01.mae.cornell.edu,4cf37e9,50895,33,syn-s2-n8,7bee083a29bc,8,4,46e7ce0f21ee,6c0ee13fce7e,3,108.0,26.6,3108.0,3130.0143581712864,22.014358171286403,exact-milp/strategic-pwl16,GRB,OPTIMAL,3130.0143581712864,3130.0143581712864,0.0,3094.0,36.0143581712864,0.6684286594390869,0.01108551025390625,1128,296,1363,22.014358171286826,22.014358171286826,3130.014358171287,3130.014358171287,26.6,s2_n8_duck_b0_a0.5,,,,,,,
phase1-static,dictator,2026-08-14T22:32:41.032543+00:00,jingjie-cpu-01.mae.cornell.edu,4cf37e9,50895,33,syn-s2-n8,7bee083a29bc,8,4,46e7ce0f21ee,6c0ee13fce7e,3,108.0,26.6,3108.0,3130.0143581712864,22.014358171286403,exact-milp/dictator-pwl16,GRB,OPTIMAL,3130.0143581712864,3130.0143581712864,0.0,3094.0,36.0143581712864,0.6866612434387207,0.00974130630493164,1128,296,1363,22.014358171286826,22.014358171286826,3130.014358171287,3130.014358171287,26.6,s2_n8_duck_b0_a0.5,,,,,,,
phase1-loop,taker-iteration,2026-08-14T22:32:42.193659+00:00,jingjie-cpu-01.mae.cornell.edu,4cf37e9,50894,32,syn-s2-n8,7bee083a29bc,8,4,46e7ce0f21ee,6c0ee13fce7e,3,108.0,26.6,3108.0,3130.014358171287,22.014358171286858,exact-milp/taker,GRB,OPTIMAL,3130.014358171287,3130.014358171287,0.0,3094.0,36.01435817128686,1.1774137020111084,0.007916688919067383,1100,296,915,22.014358171286826,22.014358171286826,3130.014358171287,3130.014358171287,26.6,loop,0,1.0,,,,,
phase1-loop,taker-iteration,2026-08-14T22:32:43.175436+00:00,jingjie-cpu-01.mae.cornell.edu,4cf37e9,50894,32,syn-s2-n8,7bee083a29bc,8,4,46e7ce0f21ee,6c0ee13fce7e,3,108.0,26.6,3108.0,3130.014358171287,22.014358171286858,exact-milp/taker,GRB,OPTIMAL,3130.014358171287,3130.014358171287,0.0,3094.0,36.01435817128686,0.9411027431488037,0.007885217666625977,1100,296,915,22.014358171286826,22.014358171286826,3130.014358171287,3130.014358171287,26.6,loop,1,1.0,,,,fixed_point,
phase1-static,uncontrolled,2026-08-14T22:32:38.365538+00:00,jingjie-cpu-01.mae.cornell.edu,4cf37e9,50894,32,syn-s2-n8,7bee083a29bc,8,4,f52b635e16c6,4ce1315ecab7,3,108.0,26.6,3108.0,3140.5495438967428,32.54954389674276,policy/uncontrolled-charge-on-arrival,GRB,OPTIMAL,3140.5495438967428,3140.5495438967428,0.0,3094.0,46.54954389674276,1.195369005203247,0.015970945358276367,1100,296,915,43.66184351535821,43.66184351535821,3151.661843515358,3151.661843515358,26.6,s2_n8_duck_b0_a1,,,,,,,
phase1-static,taker,2026-08-14T22:32:39.515371+00:00,jingjie-cpu-01.mae.cornell.edu,4cf37e9,50894,32,syn-s2-n8,7bee083a29bc,8,4,46e7ce0f21ee,6c0ee13fce7e,3,108.0,26.6,3108.0,3130.014358171287,22.014358171286858,exact-milp/taker,GRB,OPTIMAL,3130.014358171287,3130.014358171287,0.0,3094.0,36.01435817128686,1.1033720970153809,0.008038759231567383,1100,296,915,22.014358171286826,22.014358171286826,3130.014358171287,3130.014358171287,26.6,s2_n8_duck_b0_a1,,,,,,,
phase1-static,strategic,2026-08-14T22:32:40.225126+00:00,jingjie-cpu-01.mae.cornell.edu,4cf37e9,50894,32,syn-s2-n8,7bee083a29bc,8,4,46e7ce0f21ee,6c0ee13fce7e,3,108.0,26.6,3108.0,3130.0143581712864,22.014358171286403,exact-milp/strategic-pwl16,GRB,OPTIMAL,3130.0143581712864,3130.0143581712864,0.0,3094.0,36.0143581712864,0.6437842845916748,0.01087331771850586,1128,296,1363,22.014358171286826,22.014358171286826,3130.014358171287,3130.014358171287,26.6,s2_n8_duck_b0_a1,,,,,,,
phase1-static,dictator,2026-08-14T22:32:40.976429+00:00,jingjie-cpu-01.mae.cornell.edu,4cf37e9,50894,32,syn-s2-n8,7bee083a29bc,8,4,46e7ce0f21ee,6c0ee13fce7e,3,108.0,26.6,3108.0,3130.0143581712864,22.014358171286403,exact-milp/dictator-pwl16,GRB,OPTIMAL,3130.0143581712864,3130.0143581712864,0.0,3094.0,36.0143581712864,0.6938667297363281,0.020409107208251953,1128,296,1363,22.014358171286826,22.014358171286826,3130.014358171287,3130.014358171287,26.6,s2_n8_duck_b0_a1,,,,,,,
phase1-loop,taker-iteration,2026-08-14T22:37:15.227787+00:00,jingjie-cpu-03.mae.cornell.edu,4cf37e9,50921,59,syn-s3-n12,92b0ba701fa1,12,6,5bf36d0dbadc,16b6e65e4a23,4,130.0,58.2,4130.0,4181.528347864036,51.52834786403582,exact-milp/taker,GRB,OPTIMAL,4181.528347864036,4181.528347864036,0.0,4096.0,85.52834786403582,54.05468678474426,0.05770397186279297,3082,870,2715,54.94474786403612,53.23654786403612,4184.944747864036,4183.236547864036,58.2,loop,0,0.5,,,,,
phase1-loop,taker-iteration,2026-08-14T22:38:07.710675+00:00,jingjie-cpu-03.mae.cornell.edu,4cf37e9,50921,59,syn-s3-n12,92b0ba701fa1,12,6,5bf36d0dbadc,16b6e65e4a23,4,130.0,58.2,4130.0,4183.236547864037,53.236547864036766,exact-milp/taker,GRB,OPTIMAL,4183.236547864037,4183.236547864037,0.0,4096.0,87.23654786403677,52.135462045669556,0.04747939109802246,3082,870,2715,54.94474786403612,53.23654786403612,4184.944747864036,4183.236547864036,58.2,loop,1,0.5,,,,fixed_point,
phase1-static,uncontrolled,2026-08-14T22:33:47.996753+00:00,jingjie-cpu-03.mae.cornell.edu,4cf37e9,50921,59,syn-s3-n12,92b0ba701fa1,12,6,86e0ccab8e4a,5e0e8f353c84,4,130.0,58.2,4130.0,4201.217423112423,71.2174231124227,policy/uncontrolled-charge-on-arrival,GRB,OPTIMAL,4201.217423112423,4201.217423112423,0.0,4096.0,105.2174231124227,69.64531326293945,0.07371926307678223,3082,870,2715,100.2648179058833,98.57119790588332,4230.264817905883,4228.571197905883,58.2,s3_n12_duck_b0.002_a0.5,,,,,,,
phase1-static,taker,2026-08-14T22:34:22.994799+00:00,jingjie-cpu-03.mae.cornell.edu,4cf37e9,50921,59,syn-s3-n12,92b0ba701fa1,12,6,5bf36d0dbadc,16b6e65e4a23,4,130.0,58.2,4130.0,4181.528347864036,51.52834786403582,exact-milp/taker,GRB,OPTIMAL,4181.528347864036,4181.528347864036,0.0,4096.0,85.52834786403582,34.8508517742157,0.05530214309692383,3082,870,2715,54.94474786403612,53.23654786403612,4184.944747864036,4183.236547864036,58.2,s3_n12_duck_b0.002_a0.5,,,,,,,
phase1-static,strategic,2026-08-14T22:35:24.332371+00:00,jingjie-cpu-03.mae.cornell.edu,4cf37e9,50921,59,syn-s3-n12,92b0ba701fa1,12,6,5bf36d0dbadc,ca34fa2b0d25,4,130.0,58.2,4130.0,4181.667502905288,51.66750290528762,exact-milp/strategic-pwl16,GRB,OPTIMAL,4181.667502905288,4181.667502905288,0.0,4095.9999999999995,85.66750290528807,61.16489624977112,0.058554649353027344,3110,870,3163,54.867902905287785,53.267702905287784,4184.867902905287,4183.2677029052875,58.2,s3_n12_duck_b0.002_a0.5,,,,,,,
phase1-static,dictator,2026-08-14T22:36:21.033114+00:00,jingjie-cpu-03.mae.cornell.edu,4cf37e9,50921,59,syn-s3-n12,92b0ba701fa1,12,6,5bf36d0dbadc,ca34fa2b0d25,4,130.0,58.2,4130.0,4181.667502905288,51.66750290528762,exact-milp/dictator-pwl16,GRB,OPTIMAL,4181.667502905288,4181.667502905288,0.0,4095.9999999999995,85.66750290528807,56.54348659515381,0.05700230598449707,3110,870,3163,54.867902905287785,53.267702905287784,4184.867902905287,4183.2677029052875,58.2,s3_n12_duck_b0.002_a0.5,,,,,,,
phase1-loop,taker-iteration,2026-08-14T22:36:19.014136+00:00,jingjie-cpu-03.mae.cornell.edu,4cf37e9,50920,58,syn-s3-n12,92b0ba701fa1,12,6,5bf36d0dbadc,16b6e65e4a23,4,130.0,58.2,4130.0,4181.528347864036,51.52834786403582,exact-milp/taker,GRB,OPTIMAL,4181.528347864036,4181.528347864036,0.0,4096.0,85.52834786403582,32.491790533065796,0.0454099178314209,3082,870,2715,54.94474786403612,53.23654786403612,4184.944747864036,4183.236547864036,58.2,loop,0,1.0,,,,,
phase1-loop,taker-iteration,2026-08-14T22:37:01.241005+00:00,jingjie-cpu-03.mae.cornell.edu,4cf37e9,50920,58,syn-s3-n12,92b0ba701fa1,12,6,5bf36d0dbadc,16b6e65e4a23,4,130.0,58.2,4130.0,4184.944747864036,54.94474786403589,exact-milp/taker,GRB,OPTIMAL,4184.944747864036,4184.944747864036,0.0,4096.0,88.94474786403589,42.09974384307861,0.04691767692565918,3082,870,2715,54.94474786403612,53.23654786403612,4184.944747864036,4183.236547864036,58.2,loop,1,1.0,,,,fixed_point,
phase1-static,uncontrolled,2026-08-14T22:33:36.847645+00:00,jingjie-cpu-03.mae.cornell.edu,4cf37e9,50920,58,syn-s3-n12,92b0ba701fa1,12,6,86e0ccab8e4a,5e0e8f353c84,4,130.0,58.2,4130.0,4201.217423112423,71.2174231124227,policy/uncontrolled-charge-on-arrival,GRB,OPTIMAL,4201.217423112423,4201.217423112423,0.0,4096.0,105.2174231124227,58.58795499801636,0.05149269104003906,3082,870,2715,100.2648179058833,98.57119790588332,4230.264817905883,4228.571197905883,58.2,s3_n12_duck_b0.002_a1,,,,,,,
phase1-static,taker,2026-08-14T22:34:17.210743+00:00,jingjie-cpu-03.mae.cornell.edu,4cf37e9,50920,58,syn-s3-n12,92b0ba701fa1,12,6,5bf36d0dbadc,16b6e65e4a23,4,130.0,58.2,4130.0,4181.528347864036,51.52834786403582,exact-milp/taker,GRB,OPTIMAL,4181.528347864036,4181.528347864036,0.0,4096.0,85.52834786403582,40.14970111846924,0.04819917678833008,3082,870,2715,54.94474786403612,53.23654786403612,4184.944747864036,4183.236547864036,58.2,s3_n12_duck_b0.002_a1,,,,,,,
phase1-static,strategic,2026-08-14T22:34:59.323465+00:00,jingjie-cpu-03.mae.cornell.edu,4cf37e9,50920,58,syn-s3-n12,92b0ba701fa1,12,6,5bf36d0dbadc,ca34fa2b0d25,4,130.0,58.2,4130.0,4181.667502905288,51.66750290528762,exact-milp/strategic-pwl16,GRB,OPTIMAL,4181.667502905288,4181.667502905288,0.0,4095.9999999999995,85.66750290528807,41.9683883190155,0.03989720344543457,3110,870,3163,54.867902905287785,53.267702905287784,4184.867902905287,4183.2677029052875,58.2,s3_n12_duck_b0.002_a1,,,,,,,
phase1-static,dictator,2026-08-14T22:35:46.387129+00:00,jingjie-cpu-03.mae.cornell.edu,4cf37e9,50920,58,syn-s3-n12,92b0ba701fa1,12,6,5bf36d0dbadc,ca34fa2b0d25,4,130.0,58.2,4130.0,4181.667502905288,51.66750290528762,exact-milp/dictator-pwl16,GRB,OPTIMAL,4181.667502905288,4181.667502905288,0.0,4095.9999999999995,85.66750290528807,46.92295575141907,0.04210400581359863,3110,870,3163,54.867902905287785,53.267702905287784,4184.867902905287,4183.2677029052875,58.2,s3_n12_duck_b0.002_a1,,,,,,,
phase1-loop,taker-iteration,2026-08-14T22:39:45.706905+00:00,jingjie-cpu-03.mae.cornell.edu,4cf37e9,50923,61,syn-s3-n12,92b0ba701fa1,12,6,5bf36d0dbadc,16b6e65e4a23,4,130.0,58.2,4130.0,4204.8083478640365,74.80834786403648,exact-milp/taker,GRB,OPTIMAL,4204.8083478640365,4204.8083478640365,0.0,4095.9999999999995,108.80834786403693,57.931294202804565,0.04756045341491699,3082,870,2715,91.89034786403612,83.3493478640361,4221.890347864036,4213.349347864036,58.2,loop,0,0.5,,,,,
phase1-loop,taker-iteration,2026-08-14T22:41:30.849273+00:00,jingjie-cpu-03.mae.cornell.edu,4cf37e9,50923,61,syn-s3-n12,92b0ba701fa1,12,6,5bf36d0dbadc,14659ebedcfe,4,130.0,58.2,4130.0,4210.751553592816,80.75155359281598,exact-milp/taker,GRB,OPTIMAL,4210.751553592816,4210.751553592816,0.0,4095.9999999999995,114.75155359281644,105.01003336906433,0.049042701721191406,3082,870,2715,94.34875359281554,85.80775359281552,4224.348753592815,4215.807753592815,58.2,loop,1,0.5,,,,,
phase1-loop,taker-iteration,2026-08-14T22:44:13.573291+00:00,jingjie-cpu-03.mae.cornell.edu,4cf37e9,50923,61,syn-s3-n12,92b0ba701fa1,12,6,5bf36d0dbadc,16b6e65e4a23,4,130.0,58.2,4130.0,4212.563647864036,82.56364786403628,exact-milp/taker,GRB,OPTIMAL,4212.563647864036,4212.563647864036,0.0,4096.0,116.56364786403628,162.48495364189148,0.04505038261413574,3082,870,2715,91.89034786403612,83.3493478640361,4221.890347864036,4213.349347864036,58.2,loop,2,0.5,,,,cycle,2
phase1-static,uncontrolled,2026-08-14T22:33:37.666364+00:00,jingjie-cpu-03.mae.cornell.edu,4cf37e9,50923,61,syn-s3-n12,92b0ba701fa1,12,6,86e0ccab8e4a,5e0e8f353c84,4,130.0,58.2,4130.0,4201.217423112423,71.2174231124227,policy/uncontrolled-charge-on-arrival,GRB,OPTIMAL,4201.217423112423,4201.217423112423,0.0,4096.0,105.2174231124227,59.391335248947144,0.05730414390563965,3082,870,2715,137.09377790588331,128.62567790588332,4267.093777905883,4258.625677905883,58.2,s3_n12_duck_b0.01_a0.5,,,,,,,
phase1-static,taker,2026-08-14T22:34:34.641792+00:00,jingjie-cpu-03.mae.cornell.edu,4cf37e9,50923,61,syn-s3-n12,92b0ba701fa1,12,6,5bf36d0dbadc,16b6e65e4a23,4,130.0,58.2,4130.0,4204.8083478640365,74.80834786403648,exact-milp/taker,GRB,OPTIMAL,4204.8083478640365,4204.8083478640365,0.0,4095.9999999999995,108.80834786403693,56.84201717376709,0.04837679862976074,3082,870,2715,91.89034786403612,83.3493478640361,4221.890347864036,4213.349347864036,58.2,s3_n12_duck_b0.01_a0.5,,,,,,,
phase1-static,strategic,2026-08-14T22:36:12.416210+00:00,jingjie-cpu-03.mae.cornell.edu,4cf37e9,50923,61,syn-s3-n12,92b0ba701fa1,12,6,5bf36d0dbadc,ca34fa2b0d25,4,130.0,58.2,4130.0,4204.947502905288,74.94750290528827,exact-milp/strategic-pwl16,GRB,OPTIMAL,4204.947502905288,4204.947502905288,0.0,4095.9999999999995,108.94750290528873,97.62697553634644,0.0449366569519043,3110,870,3163,90.94950290528779,82.94850290528778,4220.949502905288,4212.948502905288,58.2,s3_n12_duck_b0.01_a0.5,,,,,,,
phase1-static,dictator,2026-08-14T22:38:47.645575+00:00,jingjie-cpu-03.mae.cornell.edu,4cf37e9,50923,61,syn-s3-n12,92b0ba701fa1,12,6,5bf36d0dbadc,ca34fa2b0d25,4,130.0,58.2,4130.0,4204.947502905288,74.94750290528827,exact-milp/dictator-pwl16,GRB,OPTIMAL,4204.947502905288,4204.947502905287,2.1629157109441649e-16,4095.9999999999995,108.94750290528873,155.09752821922302,0.04236888885498047,3110,870,3163,90.94950290528779,82.94850290528778,4220.949502905288,4212.948502905288,58.2,s3_n12_duck_b0.01_a0.5,,,,,,,
phase1-loop,taker-iteration,2026-08-14T22:39:20.904894+00:00,jingjie-cpu-03.mae.cornell.edu,4cf37e9,50922,60,syn-s3-n12,92b0ba701fa1,12,6,5bf36d0dbadc,16b6e65e4a23,4,130.0,58.2,4130.0,4204.8083478640365,74.80834786403648,exact-milp/taker,GRB,OPTIMAL,4204.8083478640365,4204.8083478640365,0.0,4095.9999999999995,108.80834786403693,54.21399188041687,0.04761099815368652,3082,870,2715,91.89034786403612,83.3493478640361,4221.890347864036,4213.349347864036,58.2,loop,0,1.0,,,,,
phase1-loop,taker-iteration,2026-08-14T22:41:05.346664+00:00,jingjie-cpu-03.mae.cornell.edu,4cf37e9,50922,60,syn-s3-n12,92b0ba701fa1,12,6,8872e8abb17c,e0a2dd1240d0,4,130.0,58.2,4130.0,4213.562445920257,83.56244592025723,exact-milp/taker,GRB,OPTIMAL,4213.562445920257,4213.562445920257,0.0,4095.9999999999995,117.56244592025769,104.31374669075012,0.04734301567077637,3082,870,2715,100.501845920257,92.03214592025701,4230.501845920257,4222.032145920257,58.2,loop,1,1.0,,,,,
phase1-loop,taker-iteration,2026-08-14T22:41:56.346223+00:00,jingjie-cpu-03.mae.cornell.edu,4cf37e9,50922,60,syn-s3-n12,92b0ba701fa1,12,6,5bf36d0dbadc,16b6e65e4a23,4,130.0,58.2,4130.0,4204.8083478640365,74.80834786403648,exact-milp/taker,GRB,OPTIMAL,4204.8083478640365,4204.8083478640365,0.0,4096.0,108.80834786403648,50.74386262893677,0.04924726486206055,3082,870,2715,91.89034786403612,83.3493478640361,4221.890347864036,4213.349347864036,58.2,loop,2,1.0,,,,cycle,2
phase1-static,uncontrolled,2026-08-14T22:33:38.459686+00:00,jingjie-cpu-03.mae.cornell.edu,4cf37e9,50922,60,syn-s3-n12,92b0ba701fa1,12,6,86e0ccab8e4a,5e0e8f353c84,4,130.0,58.2,4130.0,4201.217423112423,71.2174231124227,policy/uncontrolled-charge-on-arrival,GRB,OPTIMAL,4201.217423112423,4201.217423112423,0.0,4096.0,105.2174231124227,60.13731122016907,0.051401615142822266,3082,870,2715,137.09377790588331,128.62567790588332,4267.093777905883,4258.625677905883,58.2,s3_n12_duck_b0.01_a1,,,,,,,
phase1-static,taker,2026-08-14T22:34:35.361480+00:00,jingjie-cpu-03.mae.cornell.edu,4cf37e9,50922,60,syn-s3-n12,92b0ba701fa1,12,6,5bf36d0dbadc,16b6e65e4a23,4,130.0,58.2,4130.0,4204.8083478640365,74.80834786403648,exact-milp/taker,GRB,OPTIMAL,4204.8083478640365,4204.8083478640365,0.0,4096.0,108.80834786403648,56.7359676361084,0.050379037857055664,3082,870,2715,91.89034786403612,83.3493478640361,4221.890347864036,4213.349347864036,58.2,s3_n12_duck_b0.01_a1,,,,,,,
phase1-static,strategic,2026-08-14T22:36:12.907047+00:00,jingjie-cpu-03.mae.cornell.edu,4cf37e9,50922,60,syn-s3-n12,92b0ba701fa1,12,6,5bf36d0dbadc,ca34fa2b0d25,4,130.0,58.2,4130.0,4204.947502905288,74.94750290528827,exact-milp/strategic-pwl16,GRB,OPTIMAL,4204.947502905288,4204.947502905288,0.0,4095.9999999999995,108.94750290528873,97.4062991142273,0.04408407211303711,3110,870,3163,90.94950290528779,82.94850290528778,4220.949502905288,4212.948502905288,58.2,s3_n12_duck_b0.01_a1,,,,,,,
phase1-static,dictator,2026-08-14T22:38:26.560538+00:00,jingjie-cpu-03.mae.cornell.edu,4cf37e9,50922,60,syn-s3-n12,92b0ba701fa1,12,6,5bf36d0dbadc,ca34fa2b0d25,4,130.0,58.2,4130.0,4204.947502905288,74.94750290528827,exact-milp/dictator-pwl16,GRB,OPTIMAL,4204.947502905288,4204.947502905287,2.1629157109441649e-16,4095.9999999999995,108.94750290528873,133.52689838409424,0.040398597717285156,3110,870,3163,90.94950290528779,82.94850290528778,4220.949502905288,4212.948502905288,58.2,s3_n12_duck_b0.01_a1,,,,,,,
phase1-loop,taker-iteration,2026-08-14T22:54:04.083879+00:00,jingjie-cpu-04.mae.cornell.edu,4cf37e9,50858,63,syn-s3-n12,92b0ba701fa1,12,6,03b1026eae64,e40e1b76ead8,4,150.0,51.8,4150.0,4319.254539155594,169.2545391555941,exact-milp/taker,GRB,OPTIMAL,4319.254539155594,4319.254539155594,0.0,4096.0,223.2545391555941,256.7607843875885,0.04686760902404785,3082,870,2715,257.0715391555936,213.16303915559365,4407.071539155593,4363.163039155594,51.8,loop,0,0.5,,,,,
phase1-loop,taker-iteration,2026-08-14T22:58:14.376175+00:00,jingjie-cpu-04.mae.cornell.edu,4cf37e9,50858,63,syn-s3-n12,92b0ba701fa1,12,6,455fe329b9bb,6d8f938c7cfc,4,150.0,51.8,4150.0,4325.397262920125,175.39726292012529,exact-milp/taker,GRB,OPTIMAL,4325.397262920125,4325.397262920125,0.0,4096.0,229.39726292012529,250.16180086135864,0.047803640365600586,3082,870,2715,257.11926292012583,216.25826292012584,4407.119262920126,4366.258262920126,51.8,loop,1,0.5,,,,,
phase1-loop,taker-iteration,2026-08-14T23:03:22.263541+00:00,jingjie-cpu-04.mae.cornell.edu,4cf37e9,50858,63,syn-s3-n12,92b0ba701fa1,12,6,96de3a3c09e8,f587451004ba,4,150.0,51.799938,4150.0,4329.815645580378,179.81564558037826,exact-milp/taker,GRB,OPTIMAL,4329.815645580378,4329.815645580378,0.0,4096.0,233.81564558037826,307.6216719150543,0.04736614227294922,3082,870,2715,306.5315384410362,239.45069902094008,4456.531538441036,4389.45069902094,51.799938,loop,2,0.5,,,,,
phase1-loop,taker-iteration,2026-08-14T23:07:50.977219+00:00,jingjie-cpu-04.mae.cornell.edu,4cf37e9,50858,63,syn-s3-n12,92b0ba701fa1,12,6,455fe329b9bb,e89db2e44e1e,4,150.0,51.8,4150.0,4334.411295382592,184.41129538259156,exact-milp/taker,GRB,OPTIMAL,4334.411295382592,4334.411295382592,0.0,4096.0,238.41129538259156,268.58535504341125,0.04410099983215332,3082,870,2715,254.1815453825907,213.3205453825907,4404.181545382591,4363.32054538259,51.8,loop,3,0.5,,,,,
phase1-loop,taker-iteration,2026-08-14T23:13:10.594396+00:00,jingjie-cpu-04.mae.cornell.edu,4cf37e9,50858,63,syn-s3-n12,92b0ba701fa1,12,6,455fe329b9bb,66a115e6c757,4,150.0,51.8,4150.0,4337.989233351118,187.98923335111795,exact-milp/taker,GRB,OPTIMAL,4337.989233351118,4337.989233351118,0.0,4096.0,241.98923335111795,319.48808240890503,0.04492068290710449,3082,870,2715,269.71123335111827,228.85023335111828,4419.711233351119,4378.850233351119,51.8,loop,4,0.5,,,,,
phase1-loop,taker-iteration,2026-08-14T23:18:36.246816+00:00,jingjie-cpu-04.mae.cornell.edu,4cf37e9,50858,63,syn-s3-n12,92b0ba701fa1,12,6,bb644207cb00,67773932c0a0,4,150.0,51.8,4150.0,4331.085452081255,181.08545208125543,exact-milp/taker,GRB,OPTIMAL,4331.085452081255,4331.085118400257,7.704327295241535e-08,4096.000000000001,235.08545208125452,325.5044300556183,0.04751396179199219,3082,870,2715,260.1870659125059,216.27856591250588,4410.187065912506,4366.278565912506,51.8,loop,5,0.5,,,,,
phase1-loop,taker-iteration,2026-08-14T23:22:59.823054+00:00,jingjie-cpu-04.mae.cornell.edu,4cf37e9,50858,63,syn-s3-n12,92b0ba701fa1,12,6,455fe329b9bb,e89db2e44e1e,4,150.0,51.8,4150.0,4334.168764132591,184.1687641325907,exact-milp/taker,GRB,OPTIMAL,4334.168764132591,4334.168764132591,0.0,4096.000000000001,238.16876413258979,263.4468877315521,0.041620731353759766,3082,870,2715,254.1815453825907,213.3205453825907,4404.181545382591,4363.32054538259,51.8,loop,6,0.5,,,,cycle,3
phase1-static,uncontrolled,2026-08-14T22:33:32.399501+00:00,jingjie-cpu-04.mae.cornell.edu,4cf37e9,50858,63,syn-s3-n12,92b0ba701fa1,12,6,86e0ccab8e4a,5e0e8f353c84,4,130.0,58.2,4130.0,4201.217423112423,71.2174231124227,policy/uncontrolled-charge-on-arrival,GRB,OPTIMAL,4201.217423112423,4201.217423112423,0.0,4096.0,105.2174231124227,53.53679418563843,0.05424809455871582,3082,870,2715,321.23857790588335,278.8980779058833,4451.238577905883,4408.898077905883,58.2,s3_n12_duck_b0.05_a0.5,,,,,,,
phase1-static,taker,2026-08-14T22:37:29.937858+00:00,jingjie-cpu-04.mae.cornell.edu,4cf37e9,50858,63,syn-s3-n12,92b0ba701fa1,12,6,03b1026eae64,e40e1b76ead8,4,150.0,51.8,4150.0,4319.254539155594,169.2545391555941,exact-milp/taker,GRB,OPTIMAL,4319.254539155594,4319.254539155594,0.0,4096.0,223.2545391555941,237.39684581756592,0.04697918891906738,3082,870,2715,257.0715391555936,213.16303915559365,4407.071539155593,4363.163039155594,51.8,s3_n12_duck_b0.05_a0.5,,,,,,,
phase1-static,strategic,2026-08-14T22:43:17.111776+00:00,jingjie-cpu-04.mae.cornell.edu,4cf37e9,50858,63,syn-s3-n12,92b0ba701fa1,12,6,eea014196607,f8c9cb9ac5c8,4,150.0,51.8,4150.0,4320.050815224979,170.05081522497858,exact-milp/strategic-pwl16,GRB,OPTIMAL,4320.050815224979,4320.050815224977,4.2105740912474143e-16,4095.9999999999995,224.05081522497903,347.00442910194397,0.043992042541503906,3110,870,3163,228.30081522497818,199.17581522497815,4378.300815224979,4349.175815224979,51.800000000000004,s3_n12_duck_b0.05_a0.5,,,,,,,
phase1-static,dictator,2026-08-14T22:49:47.192535+00:00,jingjie-cpu-04.mae.cornell.edu,4cf37e9,50858,63,syn-s3-n12,92b0ba701fa1,12,6,96de3a3c09e8,f8c9cb9ac5c8,4,150.0,51.8,4150.0,4320.050815224979,170.05081522497858,exact-milp/dictator-pwl16,GRB,OPTIMAL,4320.050815224979,4320.050815224978,2.1052870456237071e-16,4095.9999999999995,224.05081522497903,389.94425654411316,0.04067564010620117,3110,870,3163,228.30081522497818,199.17581522497815,4378.300815224979,4349.175815224979,51.800000000000004,s3_n12_duck_b0.05_a0.5,,,,,,,
phase1-loop,taker-iteration,2026-08-14T22:53:01.536701+00:00,jingjie-cpu-04.mae.cornell.edu,4cf37e9,50924,62,syn-s3-n12,92b0ba701fa1,12,6,03b1026eae64,e40e1b76ead8,4,150.0,51.8,4150.0,4319.254539155594,169.2545391555941,exact-milp/taker,GRB,OPTIMAL,4319.254539155594,4319.254539155594,0.0,4096.0,223.2545391555941,260.86994528770447,0.04807138442993164,3082,870,2715,257.0715391555936,213.16303915559365,4407.071539155593,4363.163039155594,51.8,loop,0,1.0,,,,,
phase1-loop,taker-iteration,2026-08-14T22:58:16.810387+00:00,jingjie-cpu-04.mae.cornell.edu,4cf37e9,50924,62,syn-s3-n12,92b0ba701fa1,12,6,455fe329b9bb,6d8f938c7cfc,4,150.0,51.8,4150.0,4325.397262920125,175.39726292012529,exact-milp/taker,GRB,OPTIMAL,4325.397262920125,4325.397262920125,0.0,4096.0,229.39726292012529,315.14696168899536,0.042377471923828125,3082,870,2715,257.11926292012583,216.25826292012584,4407.119262920126,4366.258262920126,51.8,loop,1,1.0,,,,,
phase1-loop,taker-iteration,2026-08-14T23:02:54.685046+00:00,jingjie-cpu-04.mae.cornell.edu,4cf37e9,50924,62,syn-s3-n12,92b0ba701fa1,12,6,03b1026eae64,e40e1b76ead8,4,150.0,51.8,4150.0,4319.254539155594,169.2545391555941,exact-milp/taker,GRB,OPTIMAL,4319.254539155594,4319.254539155593,2.1056751657676851e-16,4096.0,223.2545391555941,277.6082761287689,0.04558086395263672,3082,870,2715,257.0715391555936,213.16303915559365,4407.071539155593,4363.163039155594,51.8,loop,2,1.0,,,,cycle,2
phase1-static,uncontrolled,2026-08-14T22:33:32.142402+00:00,jingjie-cpu-04.mae.cornell.edu,4cf37e9,50924,62,syn-s3-n12,92b0ba701fa1,12,6,86e0ccab8e4a,5e0e8f353c84,4,130.0,58.2,4130.0,4201.217423112423,71.2174231124227,policy/uncontrolled-charge-on-arrival,GRB,OPTIMAL,4201.217423112423,4201.217423112423,0.0,4096.0,105.2174231124227,53.28195810317993,0.05423879623413086,3082,870,2715,321.23857790588335,278.8980779058833,4451.238577905883,4408.898077905883,58.2,s3_n12_duck_b0.05_a1,,,,,,,
phase1-static,taker,2026-08-14T22:37:30.900174+00:00,jingjie-cpu-04.mae.cornell.edu,4cf37e9,50924,62,syn-s3-n12,92b0ba701fa1,12,6,03b1026eae64,e40e1b76ead8,4,150.0,51.8,4150.0,4319.254539155594,169.2545391555941,exact-milp/taker,GRB,OPTIMAL,4319.254539155594,4319.254539155594,0.0,4096.0,223.2545391555941,238.63511061668396,0.041542768478393555,3082,870,2715,257.0715391555936,213.16303915559365,4407.071539155593,4363.163039155594,51.8,s3_n12_duck_b0.05_a1,,,,,,,
phase1-static,strategic,2026-08-14T22:42:18.310606+00:00,jingjie-cpu-04.mae.cornell.edu,4cf37e9,50924,62,syn-s3-n12,92b0ba701fa1,12,6,96de3a3c09e8,f8c9cb9ac5c8,4,150.0,51.8,4150.0,4320.050815224979,170.05081522497858,exact-milp/strategic-pwl16,GRB,OPTIMAL,4320.050815224979,4320.050815224978,2.1052870456237071e-16,4095.9999999999995,224.05081522497903,287.26393604278564,0.0395047664642334,3110,870,3163,228.30081522497818,199.17581522497815,4378.300815224979,4349.175815224979,51.800000000000004,s3_n12_duck_b0.05_a1,,,,,,,
phase1-static,dictator,2026-08-14T22:48:40.533234+00:00,jingjie-cpu-04.mae.cornell.edu,4cf37e9,50924,62,syn-s3-n12,92b0ba701fa1,12,6,96de3a3c09e8,f8c9cb9ac5c8,4,150.0,51.8,4150.0,4320.050815224979,170.05081522497858,exact-milp/dictator-pwl16,GRB,OPTIMAL,4320.050815224979,4320.050815224979,0.0,4095.9999999999995,224.05081522497903,382.0925889015198,0.04117417335510254,3110,870,3163,228.30081522497818,199.17581522497815,4378.300815224979,4349.175815224979,51.800000000000004,s3_n12_duck_b0.05_a1,,,,,,,
phase1-loop,taker-iteration,2026-08-14T22:35:34.336338+00:00,jingjie-cpu-03.mae.cornell.edu,4cf37e9,50919,57,syn-s3-n12,92b0ba701fa1,12,6,5bf36d0dbadc,16b6e65e4a23,4,130.0,58.2,4130.0,4175.708347864036,45.708347864036114,exact-milp/taker,GRB,OPTIMAL,4175.708347864036,4175.708347864036,0.0,4096.0,79.70834786403611,28.453246355056763,0.05039072036743164,3082,870,2715,45.708347864036114,45.708347864036114,4175.708347864036,4175.708347864036,58.2,loop,0,0.5,,,,,
phase1-loop,taker-iteration,2026-08-14T22:36:06.857277+00:00,jingjie-cpu-03.mae.cornell.edu,4cf37e9,50919,57,syn-s3-n12,92b0ba701fa1,12,6,5bf36d0dbadc,16b6e65e4a23,4,130.0,58.2,4130.0,4175.708347864036,45.708347864036114,exact-milp/taker,GRB,OPTIMAL,4175.708347864036,4175.708347864036,0.0,4096.0,79.70834786403611,32.375781536102295,0.0511326789855957,3082,870,2715,45.708347864036114,45.708347864036114,4175.708347864036,4175.708347864036,58.2,loop,1,0.5,,,,fixed_point,
phase1-static,uncontrolled,2026-08-14T22:33:37.075531+00:00,jingjie-cpu-03.mae.cornell.edu,4cf37e9,50919,57,syn-s3-n12,92b0ba701fa1,12,6,86e0ccab8e4a,5e0e8f353c84,4,130.0,58.2,4130.0,4201.217423112423,71.2174231124227,policy/uncontrolled-charge-on-arrival,GRB,OPTIMAL,4201.217423112423,4201.217423112423,0.0,4096.0,105.2174231124227,58.80044221878052,0.054024696350097656,3082,870,2715,91.05757790588332,91.05757790588332,4221.057577905884,4221.057577905884,58.2,s3_n12_duck_b0_a0.5,,,,,,,
phase1-static,taker,2026-08-14T22:34:05.069775+00:00,jingjie-cpu-03.mae.cornell.edu,4cf37e9,50919,57,syn-s3-n12,92b0ba701fa1,12,6,5bf36d0dbadc,16b6e65e4a23,4,130.0,58.2,4130.0,4175.708347864036,45.708347864036114,exact-milp/taker,GRB,OPTIMAL,4175.708347864036,4175.708347864036,0.0,4096.0,79.70834786403611,27.82075023651123,0.047867774963378906,3082,870,2715,45.708347864036114,45.708347864036114,4175.708347864036,4175.708347864036,58.2,s3_n12_duck_b0_a0.5,,,,,,,
phase1-static,strategic,2026-08-14T22:34:33.502430+00:00,jingjie-cpu-03.mae.cornell.edu,4cf37e9,50919,57,syn-s3-n12,92b0ba701fa1,12,6,5bf36d0dbadc,6c511c586dfd,4,130.0,58.2,4130.0,4175.708347864036,45.708347864036114,exact-milp/strategic-pwl16,GRB,OPTIMAL,4175.708347864036,4175.708347864036,0.0,4096.0,79.70834786403611,28.256733179092407,0.06270170211791992,3110,870,3163,45.708347864036114,45.708347864036114,4175.708347864036,4175.708347864036,58.2,s3_n12_duck_b0_a0.5,,,,,,,
phase1-static,dictator,2026-08-14T22:35:05.740299+00:00,jingjie-cpu-03.mae.cornell.edu,4cf37e9,50919,57,syn-s3-n12,92b0ba701fa1,12,6,5bf36d0dbadc,16b6e65e4a23,4,130.0,58.2,4130.0,4175.708347864036,45.708347864036114,exact-milp/dictator-pwl16,GRB,OPTIMAL,4175.708347864036,4175.708347864036,0.0,4096.0,79.70834786403611,32.08051085472107,0.05225253105163574,3110,870,3163,45.708347864036114,45.708347864036114,4175.708347864036,4175.708347864036,58.2,s3_n12_duck_b0_a0.5,,,,,,,
phase1-loop,taker-iteration,2026-08-14T22:35:35.894530+00:00,jingjie-cpu-03.mae.cornell.edu,4cf37e9,50918,56,syn-s3-n12,92b0ba701fa1,12,6,5bf36d0dbadc,16b6e65e4a23,4,130.0,58.2,4130.0,4175.708347864036,45.708347864036114,exact-milp/taker,GRB,OPTIMAL,4175.708347864036,4175.708347864036,0.0,4096.0,79.70834786403611,31.17294955253601,0.04167342185974121,3082,870,2715,45.708347864036114,45.708347864036114,4175.708347864036,4175.708347864036,58.2,loop,0,1.0,,,,,
phase1-loop,taker-iteration,2026-08-14T22:36:02.751015+00:00,jingjie-cpu-03.mae.cornell.edu,4cf37e9,50918,56,syn-s3-n12,92b0ba701fa1,12,6,5bf36d0dbadc,16b6e65e4a23,4,130.0,58.2,4130.0,4175.708347864036,45.708347864036114,exact-milp/taker,GRB,OPTIMAL,4175.708347864036,4175.708347864036,0.0,4096.0,79.70834786403611,26.733124494552612,0.043561697006225586,3082,870,2715,45.708347864036114,45.708347864036114,4175.708347864036,4175.708347864036,58.2,loop,1,1.0,,,,fixed_point,
phase1-static,uncontrolled,2026-08-14T22:33:31.852987+00:00,jingjie-cpu-03.mae.cornell.edu,4cf37e9,50918,56,syn-s3-n12,92b0ba701fa1,12,6,86e0ccab8e4a,5e0e8f353c84,4,130.0,58.2,4130.0,4201.217423112423,71.2174231124227,policy/uncontrolled-charge-on-arrival,GRB,OPTIMAL,4201.217423112423,4201.217423112423,0.0,4096.0,105.2174231124227,53.601155042648315,0.05574464797973633,3082,870,2715,91.05757790588332,91.05757790588332,4221.057577905884,4221.057577905884,58.2,s3_n12_duck_b0_a1,,,,,,,
phase1-static,taker,2026-08-14T22:34:04.814958+00:00,jingjie-cpu-03.mae.cornell.edu,4cf37e9,50918,56,syn-s3-n12,92b0ba701fa1,12,6,5bf36d0dbadc,16b6e65e4a23,4,130.0,58.2,4130.0,4175.708347864036,45.708347864036114,exact-milp/taker,GRB,OPTIMAL,4175.708347864036,4175.708235795875,2.68381197995981e-08,4096.0,79.70834786403611,32.773112535476685,0.04056668281555176,3082,870,2715,45.708347864036114,45.708347864036114,4175.708347864036,4175.708347864036,58.2,s3_n12_duck_b0_a1,,,,,,,
phase1-static,strategic,2026-08-14T22:34:35.415792+00:00,jingjie-cpu-03.mae.cornell.edu,4cf37e9,50918,56,syn-s3-n12,92b0ba701fa1,12,6,5bf36d0dbadc,6c511c586dfd,4,130.0,58.2,4130.0,4175.708347864036,45.708347864036114,exact-milp/strategic-pwl16,GRB,OPTIMAL,4175.708347864036,4175.708347864036,0.0,4096.0,79.70834786403611,30.454296350479126,0.05408358573913574,3110,870,3163,45.708347864036114,45.708347864036114,4175.708347864036,4175.708347864036,58.2,s3_n12_duck_b0_a1,,,,,,,
phase1-static,dictator,2026-08-14T22:35:04.598409+00:00,jingjie-cpu-03.mae.cornell.edu,4cf37e9,50918,56,syn-s3-n12,92b0ba701fa1,12,6,5bf36d0dbadc,6c511c586dfd,4,130.0,58.2,4130.0,4175.708347864036,45.708347864036114,exact-milp/dictator-pwl16,GRB,OPTIMAL,4175.708347864036,4175.708347864036,0.0,4096.0,79.70834786403611,29.044519662857056,0.05229592323303223,3110,870,3163,45.708347864036114,45.708347864036114,4175.708347864036,4175.708347864036,58.2,s3_n12_duck_b0_a1,,,,,,,
phase1-loop,taker-iteration,2026-08-14T22:32:44.141282+00:00,jingjie-cpu-02.mae.cornell.edu,4cf37e9,50913,51,syn-s3-n8,ca21a3071609,8,4,a9a8a7bff486,d9db5ce5e7b3,3,90.0,26.1,3090.0,3114.210554446263,24.210554446262904,exact-milp/taker,GRB,OPTIMAL,3114.210554446263,3114.210554446263,0.0,3070.0,44.210554446262904,0.964163064956665,0.006829023361206055,848,296,915,25.572974446262638,24.891764446262638,3115.572974446263,3114.8917644462626,26.1,loop,0,0.5,,,,,
phase1-loop,taker-iteration,2026-08-14T22:32:44.902589+00:00,jingjie-cpu-02.mae.cornell.edu,4cf37e9,50913,51,syn-s3-n8,ca21a3071609,8,4,cf30cfd67498,d9db5ce5e7b3,3,90.0,26.1,3090.0,3114.8917644462626,24.89176444626264,exact-milp/taker,GRB,OPTIMAL,3114.8917644462626,3114.8917644462626,0.0,3070.0,44.89176444626264,0.7246091365814209,0.00684809684753418,848,296,915,25.572974446262638,24.891764446262638,3115.572974446263,3114.8917644462626,26.1,loop,1,0.5,,,,fixed_point,
phase1-static,uncontrolled,2026-08-14T22:32:39.412789+00:00,jingjie-cpu-02.mae.cornell.edu,4cf37e9,50913,51,syn-s3-n8,ca21a3071609,8,4,a9a8a7bff486,0ab62c7bb989,3,90.0,26.1,3090.0,3121.9377103648494,31.93771036484941,policy/uncontrolled-charge-on-arrival,GRB,OPTIMAL,3121.9377103648494,3121.9377103648494,0.0,3070.0,51.93771036484941,0.7303833961486816,0.015557527542114258,848,296,915,25.572974446262638,24.891764446262638,3115.572974446263,3114.8917644462626,26.1,s3_n8_duck_b0.002_a0.5,,,,,,,
phase1-static,taker,2026-08-14T22:32:40.454007+00:00,jingjie-cpu-02.mae.cornell.edu,4cf37e9,50913,51,syn-s3-n8,ca21a3071609,8,4,a9a8a7bff486,d9db5ce5e7b3,3,90.0,26.1,3090.0,3114.210554446263,24.210554446262904,exact-milp/taker,GRB,OPTIMAL,3114.210554446263,3114.210554446263,0.0,3070.0,44.210554446262904,0.9982187747955322,0.007418394088745117,848,296,915,25.572974446262638,24.891764446262638,3115.572974446263,3114.8917644462626,26.1,s3_n8_duck_b0.002_a0.5,,,,,,,
phase1-static,strategic,2026-08-14T22:32:41.724818+00:00,jingjie-cpu-02.mae.cornell.edu,4cf37e9,50913,51,syn-s3-n8,ca21a3071609,8,4,cf30cfd67498,d9db5ce5e7b3,3,90.0,26.1,3090.0,3115.1865544462626,25.186554446262562,exact-milp/strategic-pwl16,GRB,OPTIMAL,3115.1865544462626,3115.1865544462626,0.0,3070.0,45.18655444626256,1.2209341526031494,0.01376032829284668,876,296,1363,25.572974446262638,24.891764446262638,3115.572974446263,3114.8917644462626,26.1,s3_n8_duck_b0.002_a0.5,,,,,,,
phase1-static,dictator,2026-08-14T22:32:43.140262+00:00,jingjie-cpu-02.mae.cornell.edu,4cf37e9,50913,51,syn-s3-n8,ca21a3071609,8,4,cf30cfd67498,d9db5ce5e7b3,3,90.0,26.1,3090.0,3114.6985544462627,24.698554446262733,exact-milp/dictator-pwl16,GRB,OPTIMAL,3114.6985544462627,3114.6985544462627,0.0,3070.0,44.69855444626273,1.3458595275878906,0.015093803405761719,876,296,1363,25.572974446262638,24.891764446262638,3115.572974446263,3114.8917644462626,26.1,s3_n8_duck_b0.002_a0.5,,,,,,,
phase1-loop,taker-iteration,2026-08-14T22:32:43.648625+00:00,jingjie-cpu-02.mae.cornell.edu,4cf37e9,50912,50,syn-s3-n8,ca21a3071609,8,4,a9a8a7bff486,d9db5ce5e7b3,3,90.0,26.1,3090.0,3114.210554446263,24.210554446262904,exact-milp/taker,GRB,OPTIMAL,3114.210554446263,3114.210554446263,0.0,3070.0,44.210554446262904,0.9722673892974854,0.006804466247558594,848,296,915,25.572974446262638,24.891764446262638,3115.572974446263,3114.8917644462626,26.1,loop,0,1.0,,,,,
phase1-loop,taker-iteration,2026-08-14T22:32:44.685999+00:00,jingjie-cpu-02.mae.cornell.edu,4cf37e9,50912,50,syn-s3-n8,ca21a3071609,8,4,cf30cfd67498,d9db5ce5e7b3,3,90.0,26.1,3090.0,3115.5729744462624,25.57297444626238,exact-milp/taker,GRB,OPTIMAL,3115.5729744462624,3115.5729744462624,0.0,3070.0,45.57297444626238,1.0003938674926758,0.0068738460540771484,848,296,915,25.572974446262638,24.891764446262638,3115.572974446263,3114.8917644462626,26.1,loop,1,1.0,,,,fixed_point,
phase1-static,uncontrolled,2026-08-14T22:32:39.417118+00:00,jingjie-cpu-02.mae.cornell.edu,4cf37e9,50912,50,syn-s3-n8,ca21a3071609,8,4,a9a8a7bff486,0ab62c7bb989,3,90.0,26.1,3090.0,3121.9377103648494,31.93771036484941,policy/uncontrolled-charge-on-arrival,GRB,OPTIMAL,3121.9377103648494,3121.9377103648494,0.0,3070.0,51.93771036484941,0.7309114933013916,0.010457515716552734,848,296,915,25.572974446262638,24.891764446262638,3115.572974446263,3114.8917644462626,26.1,s3_n8_duck_b0.002_a1,,,,,,,
phase1-static,taker,2026-08-14T22:32:40.309351+00:00,jingjie-cpu-02.mae.cornell.edu,4cf37e9,50912,50,syn-s3-n8,ca21a3071609,8,4,a9a8a7bff486,d9db5ce5e7b3,3,90.0,26.1,3090.0,3114.210554446263,24.210554446262904,exact-milp/taker,GRB,OPTIMAL,3114.210554446263,3114.210554446263,0.0,3070.0,44.210554446262904,0.8401775360107422,0.007055997848510742,848,296,915,25.572974446262638,24.891764446262638,3115.572974446263,3114.8917644462626,26.1,s3_n8_duck_b0.002_a1,,,,,,,
phase1-static,strategic,2026-08-14T22:32:41.545084+00:00,jingjie-cpu-02.mae.cornell.edu,4cf37e9,50912,50,syn-s3-n8,ca21a3071609,8,4,cf30cfd67498,d9db5ce5e7b3,3,90.0,26.1,3090.0,3115.1865544462626,25.186554446262562,exact-milp/strategic-pwl16,GRB,OPTIMAL,3115.1865544462626,3115.1865544462626,0.0,3070.0,45.18655444626256,1.1858696937561035,0.013549327850341797,876,296,1363,25.572974446262638,24.891764446262638,3115.572974446263,3114.8917644462626,26.1,s3_n8_duck_b0.002_a1,,,,,,,
phase1-static,dictator,2026-08-14T22:32:42.639218+00:00,jingjie-cpu-02.mae.cornell.edu,4cf37e9,50912,50,syn-s3-n8,ca21a3071609,8,4,cf30cfd67498,d9db5ce5e7b3,3,90.0,26.1,3090.0,3114.6985544462627,24.698554446262733,exact-milp/dictator-pwl16,GRB,OPTIMAL,3114.6985544462627,3114.6985544462627,0.0,3070.0,44.69855444626273,1.0260684490203857,0.012645959854125977,876,296,1363,25.572974446262638,24.891764446262638,3115.572974446263,3114.8917644462626,26.1,s3_n8_duck_b0.002_a1,,,,,,,
phase1-loop,taker-iteration,2026-08-14T22:32:43.379340+00:00,jingjie-cpu-03.mae.cornell.edu,4cf37e9,50915,53,syn-s3-n8,ca21a3071609,8,4,a9a8a7bff486,d9db5ce5e7b3,3,90.0,26.099984,3090.0,3124.650550972293,34.650550972292876,exact-milp/taker,GRB,OPTIMAL,3124.650550972293,3124.650550972293,0.0,3070.0,54.650550972292876,0.8642957210540771,0.0069732666015625,848,296,915,41.462624852546,38.05657902854471,3131.462624852546,3128.0565790285445,26.099984,loop,0,0.5,,,,,
phase1-loop,taker-iteration,2026-08-14T22:32:44.299272+00:00,jingjie-cpu-03.mae.cornell.edu,4cf37e9,50915,53,syn-s3-n8,ca21a3071609,8,4,cf30cfd67498,d9db5ce5e7b3,3,90.0,26.099986,3090.0,3128.056597303961,38.0565973039611,exact-milp/taker,GRB,OPTIMAL,3128.056597303961,3128.056597303961,0.0,3070.0,58.0565973039611,0.8819587230682373,0.007315635681152344,848,296,915,41.4626285517603,38.05658220575931,3131.46262855176,3128.0565822057592,26.099986,loop,1,0.5,,,,fixed_point,
phase1-static,uncontrolled,2026-08-14T22:32:39.056960+00:00,jingjie-cpu-03.mae.cornell.edu,4cf37e9,50915,53,syn-s3-n8,ca21a3071609,8,4,a9a8a7bff486,0ab62c7bb989,3,90.0,26.1,3090.0,3121.9377103648494,31.93771036484941,policy/uncontrolled-charge-on-arrival,GRB,OPTIMAL,3121.9377103648494,3121.9377103648494,0.0,3070.0,51.93771036484941,0.8888115882873535,0.010419845581054688,848,296,915,41.46265444626264,38.05660444626264,3131.4626544462626,3128.0566044462626,26.1,s3_n8_duck_b0.01_a0.5,,,,,,,
phase1-static,taker,2026-08-14T22:32:40.102914+00:00,jingjie-cpu-03.mae.cornell.edu,4cf37e9,50915,53,syn-s3-n8,ca21a3071609,8,4,a9a8a7bff486,d9db5ce5e7b3,3,90.0,26.099984,3090.0,3124.650550972293,34.650550972292876,exact-milp/taker,GRB,OPTIMAL,3124.650550972293,3124.650550972293,0.0,3070.0,54.650550972292876,0.9971778392791748,0.0069789886474609375,848,296,915,41.462624852546,38.05657902854471,3131.462624852546,3128.0565790285445,26.099984,s3_n8_duck_b0.01_a0.5,,,,,,,
phase1-static,strategic,2026-08-14T22:32:41.199776+00:00,jingjie-cpu-03.mae.cornell.edu,4cf37e9,50915,53,syn-s3-n8,ca21a3071609,8,4,a9a8a7bff486,847676eb6dc6,3,90.0,26.1,3090.0,3125.988663268471,35.9886632684711,exact-milp/strategic-pwl16,GRB,OPTIMAL,3125.988663268471,3125.988663268471,0.0,3070.0,55.9886632684711,1.0477075576782227,0.01314234733581543,876,296,1363,40.36076326847145,38.17471326847145,3130.3607632684716,3128.1747132684714,26.1,s3_n8_duck_b0.01_a0.5,,,,,,,
phase1-static,dictator,2026-08-14T22:32:42.477616+00:00,jingjie-cpu-03.mae.cornell.edu,4cf37e9,50915,53,syn-s3-n8,ca21a3071609,8,4,cf30cfd67498,847676eb6dc6,3,90.0,26.1,3090.0,3125.988663268471,35.9886632684711,exact-milp/dictator-pwl16,GRB,OPTIMAL,3125.988663268471,3125.988663268471,0.0,3070.0,55.9886632684711,1.1999049186706543,0.025600194931030273,876,296,1363,40.36076326847145,38.17471326847145,3130.3607632684716,3128.1747132684714,26.1,s3_n8_duck_b0.01_a0.5,,,,,,,
phase1-loop,taker-iteration,2026-08-14T22:32:43.431750+00:00,jingjie-cpu-03.mae.cornell.edu,4cf37e9,50914,52,syn-s3-n8,ca21a3071609,8,4,a9a8a7bff486,d9db5ce5e7b3,3,90.0,26.099984,3090.0,3124.650550972293,34.650550972292876,exact-milp/taker,GRB,OPTIMAL,3124.650550972293,3124.650550972293,0.0,3070.0,54.650550972292876,0.9329073429107666,0.0068128108978271484,848,296,915,41.462624852546,38.05657902854471,3131.462624852546,3128.0565790285445,26.099984,loop,0,1.0,,,,,
phase1-loop,taker-iteration,2026-08-14T22:32:44.572365+00:00,jingjie-cpu-03.mae.cornell.edu,4cf37e9,50914,52,syn-s3-n8,ca21a3071609,8,4,a9a8a7bff486,b9687a424090,3,90.0,26.1,3090.0,3130.3759053085005,40.37590530850048,exact-milp/taker,GRB,OPTIMAL,3130.3759053085005,3130.3759053085005,0.0,3070.0,60.37590530850048,1.0846219062805176,0.00678706169128418,848,296,915,47.18800530850035,43.78195530850035,3137.1880053085006,3133.7819553085005,26.1,loop,1,1.0,,,,,
phase1-loop,taker-iteration,2026-08-14T22:32:45.548955+00:00,jingjie-cpu-03.mae.cornell.edu,4cf37e9,50914,52,syn-s3-n8,ca21a3071609,8,4,a9a8a7bff486,d9db5ce5e7b3,3,90.0,26.099984,3090.0,3124.650550972293,34.650550972292876,exact-milp/taker,GRB,OPTIMAL,3124.650550972293,3124.650550972293,0.0,3070.0,54.650550972292876,0.9362368583679199,0.009862899780273438,848,296,915,41.462624852546,38.05657902854471,3131.462624852546,3128.0565790285445,26.099984,loop,2,1.0,,,,cycle,2
phase1-static,uncontrolled,2026-08-14T22:32:39.057143+00:00,jingjie-cpu-03.mae.cornell.edu,4cf37e9,50914,52,syn-s3-n8,ca21a3071609,8,4,a9a8a7bff486,0ab62c7bb989,3,90.0,26.1,3090.0,3121.9377103648494,31.93771036484941,policy/uncontrolled-charge-on-arrival,GRB,OPTIMAL,3121.9377103648494,3121.9377103648494,0.0,3070.0,51.93771036484941,0.9024045467376709,0.01596689224243164,848,296,915,41.46265444626264,38.05660444626264,3131.4626544462626,3128.0566044462626,26.1,s3_n8_duck_b0.01_a1,,,,,,,
phase1-static,taker,2026-08-14T22:32:40.166088+00:00,jingjie-cpu-03.mae.cornell.edu,4cf37e9,50914,52,syn-s3-n8,ca21a3071609,8,4,a9a8a7bff486,d9db5ce5e7b3,3,90.0,26.099984,3090.0,3124.650550972293,34.650550972292876,exact-milp/taker,GRB,OPTIMAL,3124.650550972293,3124.650550972293,0.0,3070.0,54.650550972292876,1.0575809478759766,0.006823301315307617,848,296,915,41.462624852546,38.05657902854471,3131.462624852546,3128.0565790285445,26.099984,s3_n8_duck_b0.01_a1,,,,,,,
phase1-static,strategic,2026-08-14T22:32:41.420774+00:00,jingjie-cpu-03.mae.cornell.edu,4cf37e9,50914,52,syn-s3-n8,ca21a3071609,8,4,a9a8a7bff486,847676eb6dc6,3,90.0,26.1,3090.0,3125.988663268471,35.9886632684711,exact-milp/strategic-pwl16,GRB,OPTIMAL,3125.988663268471,3125.988663268471,0.0,3070.0,55.9886632684711,1.2052404880523682,0.013472795486450195,876,296,1363,40.36076326847145,38.17471326847145,3130.3607632684716,3128.1747132684714,26.1,s3_n8_duck_b0.01_a1,,,,,,,
phase1-static,dictator,2026-08-14T22:32:42.460310+00:00,jingjie-cpu-03.mae.cornell.edu,4cf37e9,50914,52,syn-s3-n8,ca21a3071609,8,4,cf30cfd67498,847676eb6dc6,3,90.0,26.1,3090.0,3125.988663268471,35.9886632684711,exact-milp/dictator-pwl16,GRB,OPTIMAL,3125.988663268471,3125.988663268471,0.0,3070.0,55.9886632684711,0.9679200649261475,0.011090517044067383,876,296,1363,40.36076326847145,38.17471326847145,3130.3607632684716,3128.1747132684714,26.1,s3_n8_duck_b0.01_a1,,,,,,,
phase1-loop,taker-iteration,2026-08-14T22:32:48.686858+00:00,jingjie-cpu-03.mae.cornell.edu,4cf37e9,50917,55,syn-s3-n8,ca21a3071609,8,4,a9a8a7bff486,d9db5ce5e7b3,3,90.0,26.099973,3090.0,3176.8504578687225,86.85045786872251,exact-milp/taker,GRB,OPTIMAL,3176.8504578687225,3176.8504578687225,0.0,3070.0,106.85045786872251,1.9132487773895264,0.006880283355712891,848,296,915,120.91089413089794,103.8806793658797,3210.9108941308978,3193.8806793658796,26.099973,loop,0,0.5,,,,,
phase1-loop,taker-iteration,2026-08-14T22:32:50.641328+00:00,jingjie-cpu-03.mae.cornell.edu,4cf37e9,50917,55,syn-s3-n8,ca21a3071609,8,4,a9a8a7bff486,b9687a424090,3,90.0,26.1,3090.0,3182.5759053085003,92.5759053085003,exact-milp/taker,GRB,OPTIMAL,3182.5759053085003,3182.5759053085,1.4288656874701738e-16,3070.0,112.5759053085003,1.8543202877044678,0.007211923599243164,848,296,915,126.63640530850034,109.60615530850035,3216.6364053085003,3199.6061553085005,26.1,loop,1,0.5,,,,,
phase1-loop,taker-iteration,2026-08-14T22:32:52.768039+00:00,jingjie-cpu-03.mae.cornell.edu,4cf37e9,50917,55,syn-s3-n8,ca21a3071609,8,4,a9a8a7bff486,d9db5ce5e7b3,3,90.0,26.099976,3090.0,3185.365574682589,95.36557468258889,exact-milp/taker,GRB,OPTIMAL,3185.365574682589,3185.365574682589,0.0,3070.0,115.36557468258889,2.088955879211426,0.007006645202636719,848,296,915,120.91091194371263,103.88069326369823,3210.9109119437126,3193.880693263698,26.099976,loop,2,0.5,,,,cycle,2
phase1-static,uncontrolled,2026-08-14T22:32:39.076971+00:00,jingjie-cpu-03.mae.cornell.edu,4cf37e9,50917,55,syn-s3-n8,ca21a3071609,8,4,a9a8a7bff486,0ab62c7bb989,3,90.0,26.1,3090.0,3121.9377103648494,31.93771036484941,policy/uncontrolled-charge-on-arrival,GRB,OPTIMAL,3121.9377103648494,3121.9377103648494,0.0,3070.0,51.93771036484941,0.8769750595092773,0.010423898696899414,848,296,915,120.91105444626264,103.88080444626263,3210.911054446263,3193.8808044462626,26.1,s3_n8_duck_b0.05_a0.5,,,,,,,
phase1-static,taker,2026-08-14T22:32:40.853912+00:00,jingjie-cpu-03.mae.cornell.edu,4cf37e9,50917,55,syn-s3-n8,ca21a3071609,8,4,a9a8a7bff486,d9db5ce5e7b3,3,90.0,26.099973,3090.0,3176.8504578687225,86.85045786872251,exact-milp/taker,GRB,OPTIMAL,3176.8504578687225,3176.8504578687225,0.0,3070.0,106.85045786872251,1.7405693531036377,0.006831645965576172,848,296,915,120.91089413089794,103.8806793658797,3210.9108941308978,3193.8806793658796,26.099973,s3_n8_duck_b0.05_a0.5,,,,,,,
phase1-static,strategic,2026-08-14T22:32:42.683680+00:00,jingjie-cpu-03.mae.cornell.edu,4cf37e9,50917,55,syn-s3-n8,ca21a3071609,8,4,cf30cfd67498,847676eb6dc6,3,90.0,26.1,3090.0,3178.1886632684714,88.18866326847137,exact-milp/strategic-pwl16,GRB,OPTIMAL,3178.1886632684714,3178.1886632684714,0.0,3070.0,108.18866326847137,1.7764055728912354,0.01612067222595215,876,296,1363,110.04916326847145,99.11891326847145,3200.0491632684716,3189.1189132684713,26.1,s3_n8_duck_b0.05_a0.5,,,,,,,
phase1-static,dictator,2026-08-14T22:32:46.729859+00:00,jingjie-cpu-03.mae.cornell.edu,4cf37e9,50917,55,syn-s3-n8,ca21a3071609,8,4,cf30cfd67498,847676eb6dc6,3,90.0,26.1,3090.0,3178.1886632684714,88.18866326847137,exact-milp/dictator-pwl16,GRB,OPTIMAL,3178.1886632684714,3178.1886632684714,0.0,3070.0,108.18866326847137,3.9758100509643555,0.012887001037597656,876,296,1363,110.04916326847145,99.11891326847145,3200.0491632684716,3189.1189132684713,26.1,s3_n8_duck_b0.05_a0.5,,,,,,,
phase1-loop,taker-iteration,2026-08-14T22:32:47.845285+00:00,jingjie-cpu-03.mae.cornell.edu,4cf37e9,50916,54,syn-s3-n8,ca21a3071609,8,4,a9a8a7bff486,d9db5ce5e7b3,3,90.0,26.099973,3090.0,3176.8504578687225,86.85045786872251,exact-milp/taker,GRB,OPTIMAL,3176.8504578687225,3176.8504578687225,0.0,3070.0,106.85045786872251,1.8911428451538086,0.0068471431732177734,848,296,915,120.91089413089794,103.8806793658797,3210.9108941308978,3193.8806793658796,26.099973,loop,0,1.0,,,,,
phase1-loop,taker-iteration,2026-08-14T22:32:50.154543+00:00,jingjie-cpu-03.mae.cornell.edu,4cf37e9,50916,54,syn-s3-n8,ca21a3071609,8,4,cf30cfd67498,b9687a424090,3,90.0,26.099975,3090.0,3182.575482853107,92.57548285310713,exact-milp/taker,GRB,OPTIMAL,3182.575482853107,3182.575482853107,0.0,3070.0,112.57548285310713,2.2706973552703857,0.007309436798095703,848,296,915,126.6362513842928,109.60603400927717,3216.636251384293,3199.606034009277,26.099975,loop,1,1.0,,,,,
phase1-loop,taker-iteration,2026-08-14T22:32:52.101311+00:00,jingjie-cpu-03.mae.cornell.edu,4cf37e9,50916,54,syn-s3-n8,ca21a3071609,8,4,a9a8a7bff486,d9db5ce5e7b3,3,90.0,26.099973,3090.0,3176.8504578687225,86.85045786872251,exact-milp/taker,GRB,OPTIMAL,3176.8504578687225,3176.8504578687225,0.0,3070.0,106.85045786872251,1.908034086227417,0.007168769836425781,848,296,915,120.91089413089794,103.8806793658797,3210.9108941308978,3193.8806793658796,26.099973,loop,2,1.0,,,,cycle,2
phase1-static,uncontrolled,2026-08-14T22:32:39.089171+00:00,jingjie-cpu-03.mae.cornell.edu,4cf37e9,50916,54,syn-s3-n8,ca21a3071609,8,4,a9a8a7bff486,0ab62c7bb989,3,90.0,26.1,3090.0,3121.9377103648494,31.93771036484941,policy/uncontrolled-charge-on-arrival,GRB,OPTIMAL,3121.9377103648494,3121.9377103648494,0.0,3070.0,51.93771036484941,0.8966341018676758,0.010358095169067383,848,296,915,120.91105444626264,103.88080444626263,3210.911054446263,3193.8808044462626,26.1,s3_n8_duck_b0.05_a1,,,,,,,
phase1-static,taker,2026-08-14T22:32:40.922888+00:00,jingjie-cpu-03.mae.cornell.edu,4cf37e9,50916,54,syn-s3-n8,ca21a3071609,8,4,a9a8a7bff486,d9db5ce5e7b3,3,90.0,26.099973,3090.0,3176.8504578687225,86.85045786872251,exact-milp/taker,GRB,OPTIMAL,3176.8504578687225,3176.8504578687225,0.0,3070.0,106.85045786872251,1.7719781398773193,0.00748753547668457,848,296,915,120.91089413089794,103.8806793658797,3210.9108941308978,3193.8806793658796,26.099973,s3_n8_duck_b0.05_a1,,,,,,,
phase1-static,strategic,2026-08-14T22:32:43.176010+00:00,jingjie-cpu-03.mae.cornell.edu,4cf37e9,50916,54,syn-s3-n8,ca21a3071609,8,4,cf30cfd67498,847676eb6dc6,3,90.0,26.1,3090.0,3178.1886632684714,88.18866326847137,exact-milp/strategic-pwl16,GRB,OPTIMAL,3178.1886632684714,3178.1886632684714,0.0,3070.0,108.18866326847137,2.199058771133423,0.016067981719970703,876,296,1363,110.04916326847145,99.11891326847145,3200.0491632684716,3189.1189132684713,26.1,s3_n8_duck_b0.05_a1,,,,,,,
phase1-static,dictator,2026-08-14T22:32:45.915632+00:00,jingjie-cpu-03.mae.cornell.edu,4cf37e9,50916,54,syn-s3-n8,ca21a3071609,8,4,cf30cfd67498,847676eb6dc6,3,90.0,26.1,3090.0,3178.1886632684714,88.18866326847137,exact-milp/dictator-pwl16,GRB,OPTIMAL,3178.1886632684714,3178.1886632684714,0.0,3070.0,108.18866326847137,2.66428542137146,0.014647722244262695,876,296,1363,110.04916326847145,99.11891326847145,3200.0491632684716,3189.1189132684713,26.1,s3_n8_duck_b0.05_a1,,,,,,,
phase1-loop,taker-iteration,2026-08-14T22:32:42.808948+00:00,jingjie-cpu-02.mae.cornell.edu,4cf37e9,50911,49,syn-s3-n8,ca21a3071609,8,4,cf30cfd67498,d9db5ce5e7b3,3,90.0,26.1,3090.0,3111.600554446263,21.600554446262777,exact-milp/taker,GRB,OPTIMAL,3111.600554446263,3111.600554446263,0.0,3070.0,41.60055444626278,1.021674633026123,0.006853342056274414,848,296,915,21.600554446262638,21.600554446262638,3111.600554446263,3111.600554446263,26.1,loop,0,0.5,,,,,
phase1-loop,taker-iteration,2026-08-14T22:32:43.763796+00:00,jingjie-cpu-02.mae.cornell.edu,4cf37e9,50911,49,syn-s3-n8,ca21a3071609,8,4,cf30cfd67498,d9db5ce5e7b3,3,90.0,26.1,3090.0,3111.600554446263,21.600554446262777,exact-milp/taker,GRB,OPTIMAL,3111.600554446263,3111.600554446263,0.0,3070.0,41.60055444626278,0.9186551570892334,0.006882667541503906,848,296,915,21.600554446262638,21.600554446262638,3111.600554446263,3111.600554446263,26.1,loop,1,0.5,,,,fixed_point,
phase1-static,uncontrolled,2026-08-14T22:32:39.644934+00:00,jingjie-cpu-02.mae.cornell.edu,4cf37e9,50911,49,syn-s3-n8,ca21a3071609,8,4,a9a8a7bff486,0ab62c7bb989,3,90.0,26.1,3090.0,3121.9377103648494,31.93771036484941,policy/uncontrolled-charge-on-arrival,GRB,OPTIMAL,3121.9377103648494,3121.9377103648494,0.0,3070.0,51.93771036484941,0.9416131973266602,0.010234832763671875,848,296,915,21.600554446262638,21.600554446262638,3111.600554446263,3111.600554446263,26.1,s3_n8_duck_b0_a0.5,,,,,,,
phase1-static,taker,2026-08-14T22:32:40.399663+00:00,jingjie-cpu-02.mae.cornell.edu,4cf37e9,50911,49,syn-s3-n8,ca21a3071609,8,4,cf30cfd67498,d9db5ce5e7b3,3,90.0,26.1,3090.0,3111.600554446263,21.600554446262777,exact-milp/taker,GRB,OPTIMAL,3111.600554446263,3111.600554446263,0.0,3070.0,41.60055444626278,0.7169294357299805,0.007730960845947266,848,296,915,21.600554446262638,21.600554446262638,3111.600554446263,3111.600554446263,26.1,s3_n8_duck_b0_a0.5,,,,,,,
phase1-static,strategic,2026-08-14T22:32:41.062108+00:00,jingjie-cpu-02.mae.cornell.edu,4cf37e9,50911,49,syn-s3-n8,ca21a3071609,8,4,cf30cfd67498,d9db5ce5e7b3,3,90.0,26.1,3090.0,3111.600554446263,21.600554446262777,exact-milp/strategic-pwl16,GRB,OPTIMAL,3111.600554446263,3111.600554446263,0.0,3070.0,41.60055444626278,0.6159992218017578,0.009784936904907227,876,296,1363,21.600554446262638,21.600554446262638,3111.600554446263,3111.600554446263,26.1,s3_n8_duck_b0_a0.5,,,,,,,
phase1-static,dictator,2026-08-14T22:32:41.750143+00:00,jingjie-cpu-02.mae.cornell.edu,4cf37e9,50911,49,syn-s3-n8,ca21a3071609,8,4,cf30cfd67498,d9db5ce5e7b3,3,90.0,26.1,3090.0,3111.600554446263,21.600554446262777,exact-milp/dictator-pwl16,GRB,OPTIMAL,3111.600554446263,3111.600554446263,0.0,3070.0,41.60055444626278,0.6129579544067383,0.008482933044433594,876,296,1363,21.600554446262638,21.600554446262638,3111.600554446263,3111.600554446263,26.1,s3_n8_duck_b0_a0.5,,,,,,,
phase1-loop,taker-iteration,2026-08-14T22:32:42.461309+00:00,jingjie-cpu-02.mae.cornell.edu,4cf37e9,50910,48,syn-s3-n8,ca21a3071609,8,4,cf30cfd67498,d9db5ce5e7b3,3,90.0,26.1,3090.0,3111.600554446263,21.600554446262777,exact-milp/taker,GRB,OPTIMAL,3111.600554446263,3111.600554446263,0.0,3070.0,41.60055444626278,0.8377017974853516,0.006945133209228516,848,296,915,21.600554446262638,21.600554446262638,3111.600554446263,3111.600554446263,26.1,loop,0,1.0,,,,,
phase1-loop,taker-iteration,2026-08-14T22:32:43.333199+00:00,jingjie-cpu-02.mae.cornell.edu,4cf37e9,50910,48,syn-s3-n8,ca21a3071609,8,4,cf30cfd67498,d9db5ce5e7b3,3,90.0,26.1,3090.0,3111.600554446263,21.600554446262777,exact-milp/taker,GRB,OPTIMAL,3111.600554446263,3111.600554446263,0.0,3070.0,41.60055444626278,0.8348827362060547,0.006809234619140625,848,296,915,21.600554446262638,21.600554446262638,3111.600554446263,3111.600554446263,26.1,loop,1,1.0,,,,fixed_point,
phase1-static,uncontrolled,2026-08-14T22:32:39.417010+00:00,jingjie-cpu-02.mae.cornell.edu,4cf37e9,50910,48,syn-s3-n8,ca21a3071609,8,4,a9a8a7bff486,0ab62c7bb989,3,90.0,26.1,3090.0,3121.9377103648494,31.93771036484941,policy/uncontrolled-charge-on-arrival,GRB,OPTIMAL,3121.9377103648494,3121.9377103648494,0.0,3070.0,51.93771036484941,0.7596628665924072,0.01186513900756836,848,296,915,21.600554446262638,21.600554446262638,3111.600554446263,3111.600554446263,26.1,s3_n8_duck_b0_a1,,,,,,,
phase1-static,taker,2026-08-14T22:32:40.302303+00:00,jingjie-cpu-02.mae.cornell.edu,4cf37e9,50910,48,syn-s3-n8,ca21a3071609,8,4,cf30cfd67498,d9db5ce5e7b3,3,90.0,26.1,3090.0,3111.600554446263,21.600554446262777,exact-milp/taker,GRB,OPTIMAL,3111.600554446263,3111.600554446263,0.0,3070.0,41.60055444626278,0.8483836650848389,0.006987094879150391,848,296,915,21.600554446262638,21.600554446262638,3111.600554446263,3111.600554446263,26.1,s3_n8_duck_b0_a1,,,,,,,
phase1-static,strategic,2026-08-14T22:32:40.946693+00:00,jingjie-cpu-02.mae.cornell.edu,4cf37e9,50910,48,syn-s3-n8,ca21a3071609,8,4,cf30cfd67498,d9db5ce5e7b3,3,90.0,26.1,3090.0,3111.600554446263,21.600554446262777,exact-milp/strategic-pwl16,GRB,OPTIMAL,3111.600554446263,3111.600554446263,0.0,3070.0,41.60055444626278,0.5979611873626709,0.009835958480834961,876,296,1363,21.600554446262638,21.600554446262638,3111.600554446263,3111.600554446263,26.1,s3_n8_duck_b0_a1,,,,,,,
phase1-static,dictator,2026-08-14T22:32:41.586234+00:00,jingjie-cpu-02.mae.cornell.edu,4cf37e9,50910,48,syn-s3-n8,ca21a3071609,8,4,cf30cfd67498,d9db5ce5e7b3,3,90.0,26.1,3090.0,3111.600554446263,21.600554446262777,exact-milp/dictator-pwl16,GRB,OPTIMAL,3111.600554446263,3111.600554446263,0.0,3070.0,41.60055444626278,0.5775790214538574,0.00835418701171875,876,296,1363,21.600554446262638,21.600554446262638,3111.600554446263,3111.600554446263,26.1,s3_n8_duck_b0_a1,,,,,,,
