cell,seed,n_trips,slot,kind,tie_margin,economic,load_l1,load_jump_slot,delta_lo,delta_hi,schedule_changed,margin_b_at_a,margin_a_at_b
s0_n8_slot12,0,8,12,degenerate_tie,False,False,0,0,-1.5,-1.49,True,,
s0_n8_slot12,0,8,12,degenerate_tie,False,False,0,0,-1.49,-1.48,True,,
s0_n8_slot12,0,8,12,degenerate_tie,False,False,0,0,-1.48,-1.47,True,,
s0_n8_slot12,0,8,12,degenerate_tie,False,False,0,0,-1.47,-1.46,True,,
s0_n8_slot12,0,8,12,degenerate_tie,False,False,0,0,-1.46,-1.45,True,,
s0_n8_slot12,0,8,12,degenerate_tie,False,False,0,0,-1.45,-1.44,True,,
s0_n8_slot12,0,8,12,degenerate_tie,False,False,0,0,-1.44,-1.43,True,,
s0_n8_slot12,0,8,12,degenerate_tie,False,False,0,0,-1.43,-1.42,True,,
s0_n8_slot12,0,8,12,degenerate_tie,False,False,0,0,-1.41,-1.4,True,,
s0_n8_slot12,0,8,12,degenerate_tie,False,False,0,0,-1.4,-1.39,True,,
s0_n8_slot12,0,8,12,degenerate_tie,False,False,0,0,-1.38,-1.37,True,,
s0_n8_slot12,0,8,12,degenerate_tie,False,False,0,0,-1.34,-1.33,True,,
s0_n8_slot12,0,8,12,degenerate_tie,False,False,0,0,-1.33,-1.32,True,,
s0_n8_slot12,0,8,12,degenerate_tie,False,False,0,0,-1.31,-1.3,True,,
s0_n8_slot12,0,8,12,degenerate_tie,False,False,0,0,-1.28,-1.27,True,,
s0_n8_slot12,0,8,12,degenerate_tie,False,False,0,0,-1.27,-1.26,True,,
s0_n8_slot12,0,8,12,degenerate_tie,False,False,0,0,-1.26,-1.25,True,,
s0_n8_slot12,0,8,12,degenerate_tie,False,False,0,0,-1.25,-1.24,True,,
s0_n8_slot12,0,8,12,degenerate_tie,False,False,0,0,-1.24,-1.23,True,,
s0_n8_slot12,0,8,12,degenerate_tie,False,False,0,0,-1.23,-1.22,True,,
s0_n8_slot12,0,8,12,degenerate_tie,False,False,0,0,-1.22,-1.21,True,,
s0_n8_slot12,0,8,12,degenerate_tie,False,False,0,0,-1.21,-1.2,True,,
s0_n8_slot12,0,8,12,degenerate_tie,False,False,0,0,-1.2,-1.19,True,,
s0_n8_slot12,0,8,12,degenerate_tie,False,False,0,0,-1.18,-1.17,True,,
s0_n8_slot12,0,8,12,degenerate_tie,False,False,0,0,-1.17,-1.16,True,,
s0_n8_slot12,0,8,12,degenerate_tie,False,False,0,0,-1.16,-1.15,True,,
s0_n8_slot12,0,8,12,degenerate_tie,False,False,0,0,-1.15,-1.14,True,,
s0_n8_slot12,0,8,12,degenerate_tie,False,False,0,0,-1.13,-1.12,True,,
s0_n8_slot12,0,8,12,degenerate_tie,False,False,0,0,-1.11,-1.1,True,,
s0_n8_slot12,0,8,12,degenerate_tie,False,False,0,0,-1.1,-1.09,True,,
s0_n8_slot12,0,8,12,degenerate_tie,False,False,0,0,-1.09,-1.08,True,,
s0_n8_slot12,0,8,12,degenerate_tie,False,False,0,0,-1.08,-1.07,True,,
s0_n8_slot12,0,8,12,degenerate_tie,False,False,0,0,-1.07,-1.06,True,,
s0_n8_slot12,0,8,12,degenerate_tie,False,False,0,0,-1.05,-1.04,True,,
s0_n8_slot12,0,8,12,degenerate_tie,False,False,0,0,-1.04,-1.03,True,,
s0_n8_slot12,0,8,12,degenerate_tie,False,False,0,0,-1.03,-1.02,True,,
s0_n8_slot12,0,8,12,degenerate_tie,False,False,0,0,-1.02,-1.01,True,,
s0_n8_slot12,0,8,12,degenerate_tie,False,False,0,0,-1.01,-1,True,,
s0_n8_slot12,0,8,12,degenerate_tie,False,False,0,0,-0.93,-0.92,True,,
s0_n8_slot12,0,8,12,degenerate_tie,False,False,0,0,-0.92,-0.91,True,,
s0_n8_slot12,0,8,12,degenerate_tie,False,False,0,0,-0.91,-0.9,True,,
s0_n8_slot12,0,8,12,degenerate_tie,False,False,0,0,-0.9,-0.89,True,,
s0_n8_slot12,0,8,12,degenerate_tie,False,False,0,0,-0.87,-0.86,True,,
s0_n8_slot12,0,8,12,degenerate_tie,False,False,0,0,-0.85,-0.84,True,,
s0_n8_slot12,0,8,12,degenerate_tie,False,False,0,0,-0.84,-0.83,True,,
s0_n8_slot12,0,8,12,duty_change,False,True,14,-14,-0.83,-0.82,True,0.007656159845,0.02662607517
s0_n8_slot12,0,8,12,charging_only,False,True,57,-28.5,-0.08,-0.07,False,,
s1_n8_slot8,1,8,8,charging_only,False,True,10.4,-5.2,-1.03,-1.02,False,,
s1_n8_slot12,1,8,12,degenerate_tie,False,False,0,0,-1.5,-1.49,True,,
s1_n8_slot12,1,8,12,degenerate_tie,False,False,0,0,-1.48,-1.47,True,,
s1_n8_slot12,1,8,12,degenerate_tie,False,False,0,0,-1.47,-1.46,True,,
s1_n8_slot12,1,8,12,degenerate_tie,False,False,0,0,-1.46,-1.45,True,,
s1_n8_slot12,1,8,12,duty_change,False,True,16.2,-16.2,-1.45,-1.44,True,0.08275930922,0.07924069078
s1_n8_slot12,1,8,12,degenerate_tie,False,False,0,0,-1.44,-1.43,True,,
s1_n8_slot12,1,8,12,degenerate_tie,False,False,0,0,-1.43,-1.42,True,,
s1_n8_slot12,1,8,12,degenerate_tie,False,False,0,0,-1.42,-1.41,True,,
s1_n8_slot12,1,8,12,degenerate_tie,False,False,0,0,-1.41,-1.4,True,,
s1_n8_slot12,1,8,12,degenerate_tie,False,False,0,0,-1.34,-1.33,True,,
s1_n8_slot12,1,8,12,degenerate_tie,False,False,0,0,-1.32,-1.31,True,,
s1_n8_slot12,1,8,12,degenerate_tie,False,False,0,0,-1.31,-1.3,True,,
s1_n8_slot12,1,8,12,degenerate_tie,False,False,0,0,-1.3,-1.29,True,,
s1_n8_slot12,1,8,12,degenerate_tie,False,False,0,0,-1.29,-1.28,True,,
s1_n8_slot12,1,8,12,degenerate_tie,False,False,0,0,-1.28,-1.27,True,,
s1_n8_slot12,1,8,12,degenerate_tie,False,False,0,0,-1.27,-1.26,True,,
s1_n8_slot12,1,8,12,degenerate_tie,False,False,0,0,-1.25,-1.24,True,,
s1_n8_slot12,1,8,12,degenerate_tie,False,False,0,0,-1.24,-1.23,True,,
s1_n8_slot12,1,8,12,degenerate_tie,False,False,0,0,-1.19,-1.18,True,,
s1_n8_slot12,1,8,12,degenerate_tie,False,False,0,0,-1.18,-1.17,True,,
s1_n8_slot12,1,8,12,degenerate_tie,False,False,0,0,-1.15,-1.14,True,,
s1_n8_slot12,1,8,12,degenerate_tie,False,False,0,0,-1.09,-1.08,True,,
s1_n8_slot12,1,8,12,degenerate_tie,False,False,0,0,-1.02,-1.01,True,,
s1_n8_slot12,1,8,12,degenerate_tie,False,False,0,0,-1.01,-1,True,,
s1_n8_slot12,1,8,12,duty_change,False,True,32.1,-32.1,-0.83,-0.82,True,0.04521919409,0.1437808059
s1_n8_slot12,1,8,12,degenerate_tie,False,False,0,0,-0.82,-0.81,True,,
s1_n8_slot12,1,8,12,degenerate_tie,False,False,0,0,-0.79,-0.78,True,,
s1_n8_slot12,1,8,12,degenerate_tie,False,False,0,0,-0.78,-0.77,True,,
s1_n8_slot12,1,8,12,degenerate_tie,False,False,0,0,-0.77,-0.76,True,,
s1_n8_slot12,1,8,12,degenerate_tie,False,False,0,0,-0.76,-0.75,True,,
s1_n8_slot12,1,8,12,degenerate_tie,False,False,0,0,-0.7,-0.69,True,,
s1_n8_slot12,1,8,12,degenerate_tie,False,False,0,0,-0.68,-0.67,True,,
s1_n8_slot12,1,8,12,degenerate_tie,False,False,0,0,-0.66,-0.65,True,,
s1_n8_slot12,1,8,12,degenerate_tie,False,False,0,0,-0.65,-0.64,True,,
s1_n8_slot12,1,8,12,degenerate_tie,False,False,0,0,-0.57,-0.56,True,,
s1_n8_slot12,1,8,12,degenerate_tie,False,False,0,0,-0.55,-0.54,True,,
s1_n8_slot12,1,8,12,degenerate_tie,False,False,0,0,-0.53,-0.52,True,,
s1_n8_slot12,1,8,12,degenerate_tie,False,False,0,0,-0.52,-0.51,True,,
s1_n8_slot12,1,8,12,degenerate_tie,False,False,0,0,-0.48,-0.47,True,,
s1_n8_slot12,1,8,12,degenerate_tie,False,False,0,0,-0.46,-0.45,True,,
s1_n8_slot12,1,8,12,degenerate_tie,False,False,0,0,-0.45,-0.44,True,,
s1_n8_slot12,1,8,12,degenerate_tie,False,False,0,0,-0.44,-0.43,True,,
s1_n8_slot12,1,8,12,degenerate_tie,False,False,0,0,-0.39,-0.38,True,,
s1_n8_slot12,1,8,12,degenerate_tie,False,False,0,0,-0.38,-0.37,True,,
s1_n8_slot12,1,8,12,degenerate_tie,False,False,0,0,-0.36,-0.35,True,,
s1_n8_slot12,1,8,12,degenerate_tie,False,False,0,0,-0.33,-0.32,True,,
s1_n8_slot12,1,8,12,degenerate_tie,False,False,0,0,-0.29,-0.28,True,,
s1_n8_slot12,1,8,12,degenerate_tie,False,False,0,0,-0.24,-0.23,True,,
s1_n8_slot12,1,8,12,degenerate_tie,False,False,0,0,-0.22,-0.21,True,,
s1_n8_slot12,1,8,12,degenerate_tie,False,False,0,0,-0.21,-0.2,True,,
s1_n8_slot12,1,8,12,degenerate_tie,False,False,0,0,-0.2,-0.19,True,,
s1_n8_slot12,1,8,12,degenerate_tie,False,False,0,0,-0.17,-0.16,True,,
s1_n8_slot12,1,8,12,degenerate_tie,False,False,0,0,-0.16,-0.15,True,,
s1_n8_slot12,1,8,12,degenerate_tie,False,False,0,0,-0.15,-0.14,True,,
s1_n8_slot12,1,8,12,degenerate_tie,False,False,0,0,-0.14,-0.13,True,,
s1_n8_slot12,1,8,12,degenerate_tie,False,False,0,0,-0.13,-0.12,True,,
s1_n8_slot12,1,8,12,charging_only,False,True,10.4,-5.2,-0.08,-0.07,False,,
s1_n8_slot16,1,8,16,degenerate_tie,False,False,0,0,-1.49,-1.48,True,,
s1_n8_slot16,1,8,16,duty_change,False,True,58.9,-53.7,-1.47,-1.46,True,0.05607970498,0.480920295
s1_n8_slot16,1,8,16,degenerate_tie,False,False,0,0,-1.46,-1.45,True,,
s1_n8_slot16,1,8,16,degenerate_tie,False,False,0,0,-1.45,-1.44,True,,
s1_n8_slot16,1,8,16,degenerate_tie,False,False,0,0,-1.42,-1.41,True,,
s1_n8_slot16,1,8,16,degenerate_tie,False,False,0,0,-1.41,-1.4,True,,
s1_n8_slot16,1,8,16,degenerate_tie,False,False,0,0,-0.74,-0.73,True,,
s1_n8_slot16,1,8,16,degenerate_tie,False,False,0,0,-0.68,-0.67,True,,
s1_n8_slot16,1,8,16,degenerate_tie,False,False,0,0,-0.67,-0.66,True,,
s1_n8_slot16,1,8,16,degenerate_tie,False,False,0,0,-0.27,-0.26,True,,
s1_n8_slot16,1,8,16,degenerate_tie,False,False,0,0,-0.23,-0.22,True,,
s1_n8_slot16,1,8,16,degenerate_tie,False,False,0,0,0.03,0.04,True,,
s1_n8_slot16,1,8,16,degenerate_tie,False,False,0,0,0.06,0.07,True,,
s1_n8_slot16,1,8,16,degenerate_tie,False,False,0,0,0.07,0.08,True,,
s1_n8_slot16,1,8,16,degenerate_tie,False,False,0,0,0.1,0.11,True,,
s1_n8_slot16,1,8,16,degenerate_tie,False,False,0,0,0.11,0.12,True,,
s1_n8_slot16,1,8,16,degenerate_tie,False,False,0,0,0.12,0.13,True,,
s1_n8_slot16,1,8,16,degenerate_tie,False,False,0,0,0.13,0.14,True,,
s1_n8_slot16,1,8,16,degenerate_tie,False,False,0,0,0.16,0.17,True,,
s1_n8_slot16,1,8,16,degenerate_tie,False,False,0,0,0.18,0.19,True,,
s1_n8_slot16,1,8,16,degenerate_tie,False,False,0,0,0.23,0.24,True,,
s1_n8_slot16,1,8,16,degenerate_tie,False,False,0,0,0.24,0.25,True,,
s1_n8_slot16,1,8,16,degenerate_tie,False,False,0,0,0.26,0.27,True,,
s1_n8_slot16,1,8,16,degenerate_tie,False,False,0,0,0.27,0.28,True,,
s1_n8_slot16,1,8,16,degenerate_tie,False,False,0,0,0.45,0.46,True,,
s1_n8_slot16,1,8,16,degenerate_tie,False,False,0,0,0.51,0.52,True,,
s1_n8_slot16,1,8,16,degenerate_tie,False,False,0,0,0.73,0.74,True,,
s1_n8_slot16,1,8,16,degenerate_tie,False,False,0,0,1.14,1.15,True,,
s2_n8_slot8,2,8,8,degenerate_tie,False,False,0,0,-1.49,-1.48,True,,
s2_n8_slot8,2,8,8,degenerate_tie,False,False,0,0,-1.48,-1.47,True,,
s2_n8_slot8,2,8,8,degenerate_tie,False,False,0,0,-1.47,-1.46,True,,
s2_n8_slot8,2,8,8,degenerate_tie,False,False,0,0,-1.45,-1.44,True,,
s2_n8_slot8,2,8,8,degenerate_tie,False,False,0,0,-1.4,-1.39,True,,
s2_n8_slot8,2,8,8,degenerate_tie,False,False,0,0,-1.39,-1.38,True,,
s2_n8_slot8,2,8,8,degenerate_tie,False,False,0,0,-1.38,-1.37,True,,
s2_n8_slot8,2,8,8,degenerate_tie,False,False,0,0,-1.34,-1.33,True,,
s2_n8_slot8,2,8,8,degenerate_tie,False,False,0,0,-1.31,-1.3,True,,
s2_n8_slot8,2,8,8,duty_change,False,True,42.3,-15.7,-1.27,-1.26,True,0.1057063976,0.05129360239
s2_n8_slot8,2,8,8,degenerate_tie,False,False,0,0,-1.26,-1.25,True,,
s2_n8_slot8,2,8,8,degenerate_tie,False,False,0,0,-1.25,-1.24,True,,
s2_n8_slot8,2,8,8,degenerate_tie,False,False,0,0,-1.24,-1.23,True,,
s2_n8_slot8,2,8,8,degenerate_tie,False,False,0,0,-1.23,-1.22,True,,
s2_n8_slot8,2,8,8,degenerate_tie,False,False,0,0,-1.18,-1.17,True,,
s2_n8_slot8,2,8,8,degenerate_tie,False,False,0,0,-1.15,-1.14,True,,
s2_n8_slot8,2,8,8,degenerate_tie,False,False,0,0,-1.1,-1.09,True,,
s2_n8_slot8,2,8,8,degenerate_tie,False,False,0,0,-1.09,-1.08,True,,
s2_n8_slot8,2,8,8,degenerate_tie,False,False,0,0,-1.07,-1.06,True,,
s2_n8_slot8,2,8,8,degenerate_tie,False,False,0,0,-1.05,-1.04,True,,
s2_n8_slot8,2,8,8,degenerate_tie,False,False,0,0,-1.04,-1.03,True,,
s2_n8_slot8,2,8,8,degenerate_tie,False,False,0,0,-0.86,-0.85,True,,
s2_n8_slot8,2,8,8,degenerate_tie,False,False,0,0,-0.49,-0.48,True,,
s2_n8_slot8,2,8,8,degenerate_tie,False,False,0,0,-0.48,-0.47,True,,
s2_n8_slot8,2,8,8,degenerate_tie,False,False,0,0,-0.42,-0.41,True,,
s2_n8_slot8,2,8,8,degenerate_tie,False,False,0,0,-0.39,-0.38,True,,
s2_n8_slot8,2,8,8,degenerate_tie,False,False,0,0,-0.38,-0.37,True,,
s2_n8_slot8,2,8,8,degenerate_tie,False,False,0,0,-0.37,-0.36,True,,
s2_n8_slot8,2,8,8,degenerate_tie,False,False,0,0,0.63,0.64,True,,
s2_n8_slot8,2,8,8,degenerate_tie,False,False,0,0,0.65,0.66,True,,
s2_n8_slot8,2,8,8,degenerate_tie,False,False,0,0,0.66,0.67,True,,
s2_n8_slot8,2,8,8,degenerate_tie,False,False,0,0,0.79,0.8,True,,
s2_n8_slot8,2,8,8,degenerate_tie,False,False,0,0,0.8,0.81,True,,
s2_n8_slot8,2,8,8,degenerate_tie,False,False,0,0,0.87,0.88,True,,
s2_n8_slot12,2,8,12,degenerate_tie,False,False,0,0,-1.49,-1.48,True,,
s2_n8_slot12,2,8,12,degenerate_tie,False,False,0,0,-1.48,-1.47,True,,
s2_n8_slot12,2,8,12,degenerate_tie,False,False,0,0,-1.47,-1.46,True,,
s2_n8_slot12,2,8,12,degenerate_tie,False,False,0,0,-1.46,-1.45,True,,
s2_n8_slot12,2,8,12,degenerate_tie,False,False,0,0,-1.45,-1.44,True,,
s2_n8_slot12,2,8,12,degenerate_tie,False,False,0,0,-1.44,-1.43,True,,
s2_n8_slot12,2,8,12,degenerate_tie,False,False,0,0,-1.43,-1.42,True,,
s2_n8_slot12,2,8,12,degenerate_tie,False,False,0,0,-1.42,-1.41,True,,
s2_n8_slot12,2,8,12,degenerate_tie,False,False,0,0,-1.41,-1.4,True,,
s2_n8_slot12,2,8,12,degenerate_tie,False,False,0,0,-1.4,-1.39,True,,
s2_n8_slot12,2,8,12,degenerate_tie,False,False,0,0,-1.37,-1.36,True,,
s2_n8_slot12,2,8,12,degenerate_tie,False,False,0,0,-1.36,-1.35,True,,
s2_n8_slot12,2,8,12,degenerate_tie,False,False,0,0,-1.35,-1.34,True,,
s2_n8_slot12,2,8,12,degenerate_tie,False,False,0,0,-1.34,-1.33,True,,
s2_n8_slot12,2,8,12,degenerate_tie,False,False,0,0,-1.33,-1.32,True,,
s2_n8_slot12,2,8,12,degenerate_tie,False,False,0,0,-1.32,-1.31,True,,
s2_n8_slot12,2,8,12,degenerate_tie,False,False,0,0,-1.31,-1.3,True,,
s2_n8_slot12,2,8,12,degenerate_tie,False,False,0,0,-1.3,-1.29,True,,
s2_n8_slot12,2,8,12,degenerate_tie,False,False,0,0,-1.29,-1.28,True,,
s2_n8_slot12,2,8,12,degenerate_tie,False,False,0,0,-1.28,-1.27,True,,
s2_n8_slot12,2,8,12,duty_change,False,True,45.7,-45.7,-1.27,-1.26,True,0.2173395328,0.2396604672
s2_n8_slot12,2,8,12,degenerate_tie,False,False,0,0,-1.26,-1.25,True,,
s2_n8_slot12,2,8,12,degenerate_tie,False,False,0,0,-1.25,-1.24,True,,
s2_n8_slot12,2,8,12,degenerate_tie,False,False,0,0,-1.24,-1.23,True,,
s2_n8_slot12,2,8,12,degenerate_tie,False,False,0,0,-1.23,-1.22,True,,
s2_n8_slot12,2,8,12,degenerate_tie,False,False,0,0,-1.2,-1.19,True,,
s2_n8_slot12,2,8,12,degenerate_tie,False,False,0,0,-1.17,-1.16,True,,
s2_n8_slot12,2,8,12,degenerate_tie,False,False,0,0,-1.16,-1.15,True,,
s2_n8_slot12,2,8,12,degenerate_tie,False,False,0,0,-1.1,-1.09,True,,
s2_n8_slot12,2,8,12,degenerate_tie,False,False,0,0,-1.04,-1.03,True,,
s2_n8_slot12,2,8,12,degenerate_tie,False,False,0,0,-1.03,-1.02,True,,
s2_n8_slot12,2,8,12,degenerate_tie,False,False,0,0,-1.02,-1.01,True,,
s2_n8_slot12,2,8,12,degenerate_tie,False,False,0,0,-1.01,-1,True,,
s2_n8_slot12,2,8,12,degenerate_tie,False,False,0,0,-0.99,-0.98,True,,
s2_n8_slot12,2,8,12,degenerate_tie,False,False,0,0,-0.96,-0.95,True,,
s2_n8_slot12,2,8,12,degenerate_tie,False,False,0,0,-0.91,-0.9,True,,
s2_n8_slot12,2,8,12,degenerate_tie,False,False,0,0,-0.9,-0.89,True,,
s2_n8_slot12,2,8,12,degenerate_tie,False,False,0,0,-0.89,-0.88,True,,
s2_n8_slot12,2,8,12,duty_change,False,True,16.7,-16.7,-0.83,-0.82,True,0.006699139865,0.02130086014
s2_n8_slot12,2,8,12,degenerate_tie,False,False,0,0,-0.82,-0.81,True,,
s2_n8_slot12,2,8,12,degenerate_tie,False,False,0,0,-0.79,-0.78,True,,
s2_n8_slot12,2,8,12,degenerate_tie,False,False,0,0,-0.63,-0.62,True,,
s2_n8_slot12,2,8,12,degenerate_tie,False,False,0,0,-0.58,-0.57,True,,
s2_n8_slot12,2,8,12,degenerate_tie,False,False,0,0,-0.54,-0.53,True,,
s2_n8_slot12,2,8,12,degenerate_tie,False,False,0,0,-0.53,-0.52,True,,
s2_n8_slot12,2,8,12,degenerate_tie,False,False,0,0,-0.42,-0.41,True,,
s2_n8_slot12,2,8,12,degenerate_tie,False,False,0,0,-0.4,-0.39,True,,
s2_n8_slot12,2,8,12,degenerate_tie,False,False,0,0,-0.39,-0.38,True,,
s2_n8_slot12,2,8,12,degenerate_tie,False,False,0,0,-0.37,-0.36,True,,
s2_n8_slot12,2,8,12,degenerate_tie,False,False,0,0,-0.24,-0.23,True,,
s2_n8_slot12,2,8,12,degenerate_tie,False,False,0,0,-0.23,-0.22,True,,
s2_n8_slot12,2,8,12,degenerate_tie,False,False,0,0,-0.22,-0.21,True,,
s2_n8_slot12,2,8,12,degenerate_tie,False,False,0,0,-0.2,-0.19,True,,
s2_n8_slot12,2,8,12,degenerate_tie,False,False,0,0,-0.18,-0.17,True,,
s2_n8_slot12,2,8,12,degenerate_tie,False,False,0,0,-0.17,-0.16,True,,
s2_n8_slot12,2,8,12,duty_change,False,True,53.2,-26.6,0.14,0.15,True,0.2195977237,0.04640227627
s2_n8_slot16,2,8,16,duty_change,False,True,20.9,-20.9,-1.36,-1.35,True,0.04286735717,0.05013264283
s2_n8_slot16,2,8,16,degenerate_tie,False,False,0,0,-1.27,-1.26,True,,
s2_n8_slot16,2,8,16,degenerate_tie,False,False,0,0,-1.25,-1.24,True,,
s2_n8_slot16,2,8,16,degenerate_tie,False,False,0,0,-1.2,-1.19,True,,
s2_n8_slot16,2,8,16,degenerate_tie,False,False,0,0,-1.13,-1.12,True,,
s2_n8_slot16,2,8,16,degenerate_tie,False,False,0,0,-1.12,-1.11,True,,
s2_n8_slot16,2,8,16,degenerate_tie,False,False,0,0,-1.07,-1.06,True,,
s2_n8_slot16,2,8,16,degenerate_tie,False,False,0,0,-1.06,-1.05,True,,
s2_n8_slot16,2,8,16,degenerate_tie,False,False,0,0,-1.05,-1.04,True,,
s2_n8_slot16,2,8,16,degenerate_tie,False,False,0,0,-1.01,-1,True,,
s2_n8_slot16,2,8,16,degenerate_tie,False,False,0,0,-0.99,-0.98,True,,
s2_n8_slot16,2,8,16,degenerate_tie,False,False,0,0,-0.96,-0.95,True,,
s2_n8_slot16,2,8,16,degenerate_tie,False,False,0,0,-0.94,-0.93,True,,
s2_n8_slot16,2,8,16,degenerate_tie,False,False,0,0,-0.8,-0.79,True,,
s2_n8_slot16,2,8,16,degenerate_tie,False,False,0,0,-0.79,-0.78,True,,
s2_n8_slot16,2,8,16,duty_change,False,True,53.2,-26.6,-0.76,-0.75,True,0.1769680316,0.08903196841
s2_n8_slot16,2,8,16,degenerate_tie,False,False,0,0,-0.61,-0.6,True,,
s2_n8_slot20,2,8,20,degenerate_tie,False,False,0,0,-1.45,-1.44,True,,
s2_n8_slot20,2,8,20,degenerate_tie,False,False,0,0,-1.42,-1.41,True,,
s2_n8_slot20,2,8,20,degenerate_tie,False,False,0,0,-1.28,-1.27,True,,
s2_n8_slot20,2,8,20,degenerate_tie,False,False,0,0,-1.26,-1.25,True,,
s2_n8_slot20,2,8,20,degenerate_tie,False,False,0,0,-1.19,-1.18,True,,
s2_n8_slot20,2,8,20,degenerate_tie,False,False,0,0,-1.16,-1.15,True,,
s2_n8_slot20,2,8,20,degenerate_tie,False,False,0,0,-1.15,-1.14,True,,
s2_n8_slot20,2,8,20,degenerate_tie,False,False,0,0,-1.14,-1.13,True,,
s2_n8_slot20,2,8,20,degenerate_tie,False,False,0,0,-1.11,-1.1,True,,
s2_n8_slot20,2,8,20,degenerate_tie,False,False,0,0,-1.09,-1.08,True,,
s2_n8_slot20,2,8,20,degenerate_tie,False,False,0,0,-1.03,-1.02,True,,
s2_n8_slot20,2,8,20,degenerate_tie,False,False,0,0,-1.02,-1.01,True,,
s2_n8_slot20,2,8,20,degenerate_tie,False,False,0,0,-0.98,-0.97,True,,
s2_n8_slot20,2,8,20,degenerate_tie,False,False,0,0,-0.96,-0.95,True,,
s2_n8_slot20,2,8,20,degenerate_tie,False,False,0,0,-0.92,-0.91,True,,
s2_n8_slot20,2,8,20,degenerate_tie,False,False,0,0,-0.91,-0.9,True,,
s2_n8_slot20,2,8,20,degenerate_tie,False,False,0,0,-0.85,-0.84,True,,
s2_n8_slot20,2,8,20,degenerate_tie,False,False,0,0,-0.81,-0.8,True,,
s2_n8_slot20,2,8,20,degenerate_tie,False,False,0,0,-0.74,-0.73,True,,
s2_n8_slot20,2,8,20,degenerate_tie,False,False,0,0,-0.73,-0.72,True,,
s2_n8_slot20,2,8,20,degenerate_tie,False,False,0,0,-0.71,-0.7,True,,
s2_n8_slot20,2,8,20,degenerate_tie,False,False,0,0,-0.66,-0.65,True,,
s2_n8_slot20,2,8,20,degenerate_tie,False,False,0,0,-0.48,-0.47,True,,
s2_n8_slot20,2,8,20,degenerate_tie,False,False,0,0,0.28,0.29,True,,
s2_n8_slot20,2,8,20,degenerate_tie,False,False,0,0,0.3,0.31,True,,
s2_n8_slot20,2,8,20,degenerate_tie,False,False,0,0,0.37,0.38,True,,
s2_n8_slot20,2,8,20,degenerate_tie,False,False,0,0,0.43,0.44,True,,
s2_n8_slot20,2,8,20,degenerate_tie,False,False,0,0,0.44,0.45,True,,
s2_n8_slot20,2,8,20,degenerate_tie,False,False,0,0,0.46,0.47,True,,
s2_n8_slot20,2,8,20,degenerate_tie,False,False,0,0,0.49,0.5,True,,
s2_n8_slot20,2,8,20,degenerate_tie,False,False,0,0,0.5,0.51,True,,
s2_n8_slot20,2,8,20,degenerate_tie,False,False,0,0,0.53,0.54,True,,
s2_n8_slot20,2,8,20,degenerate_tie,False,False,0,0,0.66,0.67,True,,
s2_n8_slot20,2,8,20,degenerate_tie,False,False,0,0,0.67,0.68,True,,
s2_n8_slot20,2,8,20,degenerate_tie,False,False,0,0,0.73,0.74,True,,
s2_n8_slot20,2,8,20,degenerate_tie,False,False,4.099099126e-05,0,0.89,0.9,True,,
s2_n8_slot20,2,8,20,degenerate_tie,False,False,0,0,0.9,0.91,True,,
s2_n8_slot20,2,8,20,degenerate_tie,False,False,0,0,0.92,0.93,True,,
s2_n8_slot20,2,8,20,degenerate_tie,False,False,0,0,0.93,0.94,True,,
s2_n8_slot20,2,8,20,degenerate_tie,False,False,0,0,0.99,1,True,,
s2_n8_slot20,2,8,20,degenerate_tie,False,False,0,0,1.15,1.16,True,,
s2_n8_slot20,2,8,20,degenerate_tie,False,False,0,0,1.35,1.36,True,,
s2_n8_slot20,2,8,20,degenerate_tie,False,False,0,0,1.36,1.37,True,,
s2_n8_slot20,2,8,20,degenerate_tie,False,False,0,0,1.37,1.38,True,,
s2_n8_slot20,2,8,20,degenerate_tie,False,False,0,0,1.38,1.39,True,,
s2_n8_slot20,2,8,20,degenerate_tie,False,False,0,0,1.39,1.4,True,,
s3_n8_slot8,3,8,8,degenerate_tie,False,False,0,0,-1.03,-1.02,True,,
s3_n8_slot8,3,8,8,degenerate_tie,False,False,0,0,-0.14,-0.13,True,,
s3_n8_slot12,3,8,12,degenerate_tie,False,False,0,0,-1.49,-1.48,True,,
s3_n8_slot12,3,8,12,degenerate_tie,False,False,0,0,-1.48,-1.47,True,,
s3_n8_slot12,3,8,12,degenerate_tie,False,False,0,0,-1.47,-1.46,True,,
s3_n8_slot12,3,8,12,degenerate_tie,False,False,0,0,-1.46,-1.45,True,,
s3_n8_slot12,3,8,12,degenerate_tie,False,False,0,0,-1.45,-1.44,True,,
s3_n8_slot12,3,8,12,degenerate_tie,False,False,0,0,-1.44,-1.43,True,,
s3_n8_slot12,3,8,12,degenerate_tie,False,False,0,0,-1.43,-1.42,True,,
s3_n8_slot12,3,8,12,degenerate_tie,False,False,0,0,-1.42,-1.41,True,,
s3_n8_slot12,3,8,12,degenerate_tie,False,False,0,0,-1.41,-1.4,True,,
s3_n8_slot12,3,8,12,degenerate_tie,False,False,0,0,-1.4,-1.39,True,,
s3_n8_slot12,3,8,12,degenerate_tie,False,False,0,0,-1.39,-1.38,True,,
s3_n8_slot12,3,8,12,degenerate_tie,False,False,0,0,-1.38,-1.37,True,,
s3_n8_slot12,3,8,12,degenerate_tie,False,False,0,0,-1.37,-1.36,True,,
s3_n8_slot12,3,8,12,degenerate_tie,False,False,0,0,-1.36,-1.35,True,,
s3_n8_slot12,3,8,12,degenerate_tie,False,False,0,0,-1.35,-1.34,True,,
s3_n8_slot12,3,8,12,degenerate_tie,False,False,0,0,-1.32,-1.31,True,,
s3_n8_slot12,3,8,12,degenerate_tie,False,False,0,0,-1.31,-1.3,True,,
s3_n8_slot12,3,8,12,degenerate_tie,False,False,0,0,-1.3,-1.29,True,,
s3_n8_slot12,3,8,12,degenerate_tie,False,False,0,0,-1.29,-1.28,True,,
s3_n8_slot12,3,8,12,degenerate_tie,False,False,0,0,-1.28,-1.27,True,,
s3_n8_slot12,3,8,12,degenerate_tie,False,False,0,0,-1.27,-1.26,True,,
s3_n8_slot12,3,8,12,degenerate_tie,False,False,0,0,-1.26,-1.25,True,,
s3_n8_slot12,3,8,12,degenerate_tie,False,False,0,0,-1.25,-1.24,True,,
s3_n8_slot12,3,8,12,degenerate_tie,False,False,0,0,-1.24,-1.23,True,,
s3_n8_slot12,3,8,12,degenerate_tie,False,False,0,0,-1.23,-1.22,True,,
s3_n8_slot12,3,8,12,degenerate_tie,False,False,0,0,-1.22,-1.21,True,,
s3_n8_slot12,3,8,12,degenerate_tie,False,False,0,0,-1.21,-1.2,True,,
s3_n8_slot12,3,8,12,degenerate_tie,False,False,0,0,-1.2,-1.19,True,,
s3_n8_slot12,3,8,12,degenerate_tie,False,False,0,0,-1.19,-1.18,True,,
s3_n8_slot12,3,8,12,degenerate_tie,False,False,0,0,-1.18,-1.17,True,,
s3_n8_slot12,3,8,12,degenerate_tie,False,False,0,0,-1.17,-1.16,True,,
s3_n8_slot12,3,8,12,degenerate_tie,False,False,0,0,-1.12,-1.11,True,,
s3_n8_slot12,3,8,12,degenerate_tie,False,False,0,0,-1.11,-1.1,True,,
s3_n8_slot12,3,8,12,degenerate_tie,False,False,0,0,-1.1,-1.09,True,,
s3_n8_slot12,3,8,12,degenerate_tie,False,False,0,0,-1.09,-1.08,True,,
s3_n8_slot12,3,8,12,degenerate_tie,False,False,0,0,-1.08,-1.07,True,,
s3_n8_slot12,3,8,12,degenerate_tie,False,False,0,0,-1.07,-1.06,True,,
s3_n8_slot12,3,8,12,degenerate_tie,False,False,0,0,-1.06,-1.05,True,,
s3_n8_slot12,3,8,12,degenerate_tie,False,False,0,0,-1.05,-1.04,True,,
s3_n8_slot12,3,8,12,degenerate_tie,False,False,0,0,-1.04,-1.03,True,,
s3_n8_slot12,3,8,12,degenerate_tie,False,False,0,0,-1.03,-1.02,True,,
s3_n8_slot12,3,8,12,degenerate_tie,False,False,0,0,-1.02,-1.01,True,,
s3_n8_slot12,3,8,12,degenerate_tie,False,False,0,0,-1.01,-1,True,,
s3_n8_slot12,3,8,12,degenerate_tie,False,False,0,0,-1,-0.99,True,,
s3_n8_slot12,3,8,12,degenerate_tie,False,False,0,0,-0.99,-0.98,True,,
s3_n8_slot12,3,8,12,degenerate_tie,False,False,0,0,-0.97,-0.96,True,,
s3_n8_slot12,3,8,12,degenerate_tie,False,False,0,0,-0.96,-0.95,True,,
s3_n8_slot12,3,8,12,degenerate_tie,False,False,0,0,-0.95,-0.94,True,,
s3_n8_slot12,3,8,12,degenerate_tie,False,False,0,0,-0.94,-0.93,True,,
s3_n8_slot12,3,8,12,degenerate_tie,False,False,0,0,-0.91,-0.9,True,,
s3_n8_slot12,3,8,12,degenerate_tie,False,False,0,0,-0.86,-0.85,True,,
s3_n8_slot12,3,8,12,degenerate_tie,False,False,0,0,-0.85,-0.84,True,,
s3_n8_slot12,3,8,12,duty_change,True,False,17.1,-17.1,-0.83,-0.82,True,0,0.04944842531
s3_n8_slot12,3,8,12,degenerate_tie,False,False,0,0,-0.81,-0.8,True,,
s3_n8_slot12,3,8,12,degenerate_tie,False,False,0,0,-0.8,-0.79,True,,
s3_n8_slot12,3,8,12,degenerate_tie,False,False,0,0,-0.79,-0.78,True,,
s3_n8_slot12,3,8,12,degenerate_tie,False,False,0,0,-0.78,-0.77,True,,
s3_n8_slot12,3,8,12,degenerate_tie,False,False,0,0,-0.74,-0.73,True,,
s3_n8_slot12,3,8,12,degenerate_tie,False,False,0,0,-0.73,-0.72,True,,
s3_n8_slot12,3,8,12,degenerate_tie,False,False,0,0,-0.68,-0.67,True,,
s3_n8_slot12,3,8,12,degenerate_tie,False,False,0,0,-0.67,-0.66,True,,
s3_n8_slot12,3,8,12,degenerate_tie,False,False,0,0,-0.65,-0.64,True,,
s3_n8_slot12,3,8,12,degenerate_tie,False,False,0,0,-0.64,-0.63,True,,
s3_n8_slot12,3,8,12,degenerate_tie,False,False,0,0,-0.63,-0.62,True,,
s3_n8_slot12,3,8,12,degenerate_tie,False,False,0,0,-0.62,-0.61,True,,
s3_n8_slot12,3,8,12,degenerate_tie,False,False,0,0,-0.61,-0.6,True,,
s3_n8_slot12,3,8,12,degenerate_tie,False,False,0,0,-0.6,-0.59,True,,
s3_n8_slot12,3,8,12,degenerate_tie,False,False,0,0,-0.58,-0.57,True,,
s3_n8_slot12,3,8,12,degenerate_tie,False,False,0,0,-0.57,-0.56,True,,
s3_n8_slot12,3,8,12,degenerate_tie,False,False,0,0,-0.56,-0.55,True,,
s3_n8_slot12,3,8,12,degenerate_tie,False,False,0,0,-0.53,-0.52,True,,
s3_n8_slot12,3,8,12,degenerate_tie,False,False,0,0,-0.5,-0.49,True,,
s3_n8_slot12,3,8,12,degenerate_tie,False,False,0,0,-0.49,-0.48,True,,
s3_n8_slot12,3,8,12,degenerate_tie,False,False,0,0,-0.47,-0.46,True,,
s3_n8_slot12,3,8,12,degenerate_tie,False,False,0,0,-0.45,-0.44,True,,
s3_n8_slot12,3,8,12,duty_change,False,True,55.4,-29.3,-0.44,-0.43,True,0.2436561598,0.04934384015
s3_n8_slot12,3,8,12,degenerate_tie,False,False,0,0,-0.43,-0.42,True,,
s3_n8_slot12,3,8,12,degenerate_tie,False,False,0,0,-0.42,-0.41,True,,
s3_n8_slot12,3,8,12,degenerate_tie,False,False,0,0,-0.4,-0.39,True,,
s3_n8_slot12,3,8,12,degenerate_tie,False,False,0,0,-0.39,-0.38,True,,
s3_n8_slot12,3,8,12,degenerate_tie,False,False,0,0,-0.38,-0.37,True,,
s3_n8_slot12,3,8,12,degenerate_tie,False,False,0,0,-0.37,-0.36,True,,
s3_n8_slot12,3,8,12,degenerate_tie,False,False,0,0,-0.19,-0.18,True,,
s3_n8_slot12,3,8,12,degenerate_tie,False,False,0,0,-0.17,-0.16,True,,
s3_n8_slot12,3,8,12,degenerate_tie,False,False,0,0,-0.08,-0.07,True,,
s3_n8_slot12,3,8,12,degenerate_tie,False,False,0,0,-0.01,1.33226763e-15,True,,
s3_n8_slot12,3,8,12,degenerate_tie,False,False,0,0,0.01,0.02,True,,
s3_n8_slot12,3,8,12,degenerate_tie,False,False,0,0,0.02,0.03,True,,
s3_n8_slot12,3,8,12,degenerate_tie,False,False,0,0,0.05,0.06,True,,
s3_n8_slot12,3,8,12,degenerate_tie,False,False,3.116061871e-05,0,0.07,0.08,True,,
s3_n8_slot12,3,8,12,degenerate_tie,False,False,3.116061871e-05,0,0.08,0.09,True,,
s3_n8_slot12,3,8,12,degenerate_tie,False,False,0,0,0.18,0.19,True,,
s3_n8_slot12,3,8,12,degenerate_tie,False,False,0,0,0.21,0.22,True,,
s3_n8_slot16,3,8,16,degenerate_tie,False,False,0,0,-1.49,-1.48,True,,
s3_n8_slot16,3,8,16,degenerate_tie,False,False,0,0,-1.47,-1.46,True,,
s3_n8_slot16,3,8,16,degenerate_tie,False,False,0,0,-1.46,-1.45,True,,
s3_n8_slot16,3,8,16,degenerate_tie,False,False,0,0,-1.45,-1.44,True,,
s3_n8_slot16,3,8,16,degenerate_tie,False,False,0,0,-1.43,-1.42,True,,
s3_n8_slot16,3,8,16,degenerate_tie,False,False,0,0,-1.42,-1.41,True,,
s3_n8_slot16,3,8,16,degenerate_tie,False,False,0,0,-1.4,-1.39,True,,
s3_n8_slot16,3,8,16,degenerate_tie,False,False,0,0,-1.39,-1.38,True,,
s3_n8_slot16,3,8,16,charging_only,False,True,17.1,-17.1,-1.36,-1.35,False,,
s3_n8_slot16,3,8,16,degenerate_tie,False,False,0,0,-1.34,-1.33,True,,
s3_n8_slot16,3,8,16,degenerate_tie,False,False,0,0,-1.3,-1.29,True,,
s3_n8_slot16,3,8,16,degenerate_tie,False,False,0,0,-1.29,-1.28,True,,
s3_n8_slot16,3,8,16,degenerate_tie,False,False,0,0,-1.19,-1.18,True,,
s3_n8_slot16,3,8,16,degenerate_tie,False,False,0,0,-1.17,-1.16,True,,
s3_n8_slot16,3,8,16,degenerate_tie,False,False,0,0,-1.16,-1.15,True,,
s3_n8_slot16,3,8,16,degenerate_tie,False,False,0,0,-1.15,-1.14,True,,
s3_n8_slot16,3,8,16,degenerate_tie,False,False,0,0,-1.12,-1.11,True,,
s3_n8_slot16,3,8,16,degenerate_tie,False,False,0,0,-1.11,-1.1,True,,
s3_n8_slot16,3,8,16,degenerate_tie,False,False,0,0,-1.1,-1.09,True,,
s3_n8_slot16,3,8,16,degenerate_tie,False,False,0,0,-1.09,-1.08,True,,
s3_n8_slot16,3,8,16,degenerate_tie,False,False,0,0,-1.08,-1.07,True,,
s3_n8_slot16,3,8,16,degenerate_tie,False,False,0,0,-0.61,-0.6,True,,
s3_n8_slot16,3,8,16,degenerate_tie,False,False,0,0,-0.6,-0.59,True,,
s3_n8_slot16,3,8,16,duty_change,True,False,52.2,-26.1,-0.53,-0.52,True,0,0
s3_n8_slot16,3,8,16,degenerate_tie,False,False,0,0,-0.27,-0.26,True,,
s3_n8_slot16,3,8,16,degenerate_tie,False,False,0,0,-0.25,-0.24,True,,
s3_n8_slot16,3,8,16,degenerate_tie,False,False,3.11606187e-05,0,-0.19,-0.18,True,,
s3_n8_slot16,3,8,16,degenerate_tie,False,False,0,0,-0.16,-0.15,True,,
s3_n8_slot16,3,8,16,degenerate_tie,False,False,0,0,-0.14,-0.13,True,,
s3_n8_slot16,3,8,16,degenerate_tie,False,False,0,0,-0.12,-0.11,True,,
s3_n8_slot16,3,8,16,degenerate_tie,False,False,0,0,-0.11,-0.1,True,,
s3_n8_slot16,3,8,16,degenerate_tie,False,False,0,0,0.09,0.1,True,,
s3_n8_slot16,3,8,16,degenerate_tie,False,False,0,0,0.12,0.13,True,,
s3_n8_slot16,3,8,16,degenerate_tie,False,False,0,0,0.14,0.15,True,,
s3_n8_slot16,3,8,16,degenerate_tie,False,False,0,0,0.15,0.16,True,,
s3_n8_slot16,3,8,16,degenerate_tie,False,False,0,0,0.16,0.17,True,,
s3_n8_slot16,3,8,16,degenerate_tie,False,False,0,0,0.18,0.19,True,,
s3_n8_slot16,3,8,16,degenerate_tie,False,False,0,0,0.21,0.22,True,,
s3_n8_slot16,3,8,16,degenerate_tie,False,False,0,0,0.25,0.26,True,,
s3_n8_slot16,3,8,16,degenerate_tie,False,False,0,0,0.28,0.29,True,,
s3_n8_slot16,3,8,16,degenerate_tie,False,False,0,0,1.16,1.17,True,,
s3_n8_slot16,3,8,16,degenerate_tie,False,False,0,0,1.18,1.19,True,,
s3_n8_slot16,3,8,16,degenerate_tie,False,False,0,0,1.2,1.21,True,,
s3_n8_slot16,3,8,16,degenerate_tie,False,False,0,0,1.22,1.23,True,,
s3_n8_slot16,3,8,16,degenerate_tie,False,False,0,0,1.26,1.27,True,,
s3_n8_slot16,3,8,16,degenerate_tie,False,False,0,0,1.27,1.28,True,,
s3_n8_slot16,3,8,16,degenerate_tie,False,False,0,0,1.29,1.3,True,,
s3_n8_slot16,3,8,16,degenerate_tie,False,False,0,0,1.3,1.31,True,,
s3_n8_slot16,3,8,16,degenerate_tie,False,False,0,0,1.33,1.34,True,,
s3_n8_slot16,3,8,16,degenerate_tie,False,False,0,0,1.39,1.4,True,,
s3_n8_slot16,3,8,16,degenerate_tie,False,False,0,0,1.45,1.46,True,,
s3_n8_slot16,3,8,16,degenerate_tie,False,False,0,0,1.46,1.47,True,,
s4_n8_slot12,4,8,12,degenerate_tie,False,False,0,0,-1.49,-1.48,True,,
s4_n8_slot12,4,8,12,degenerate_tie,False,False,0,0,-1.48,-1.47,True,,
s4_n8_slot12,4,8,12,degenerate_tie,False,False,0,0,-1.47,-1.46,True,,
s4_n8_slot12,4,8,12,degenerate_tie,False,False,0,0,-1.46,-1.45,True,,
s4_n8_slot12,4,8,12,degenerate_tie,False,False,0,0,-1.42,-1.41,True,,
s4_n8_slot12,4,8,12,degenerate_tie,False,False,0,0,-1.39,-1.38,True,,
s4_n8_slot12,4,8,12,degenerate_tie,False,False,0,0,-1.38,-1.37,True,,
s4_n8_slot12,4,8,12,degenerate_tie,False,False,0,0,-1.37,-1.36,True,,
s4_n8_slot12,4,8,12,degenerate_tie,False,False,0,0,-1.32,-1.31,True,,
s4_n8_slot12,4,8,12,degenerate_tie,False,False,0,0,-1.31,-1.3,True,,
s4_n8_slot12,4,8,12,degenerate_tie,False,False,0,0,-1.3,-1.29,True,,
s4_n8_slot12,4,8,12,degenerate_tie,False,False,0,0,-1.29,-1.28,True,,
s4_n8_slot12,4,8,12,degenerate_tie,False,False,0,0,-1.28,-1.27,True,,
s4_n8_slot12,4,8,12,degenerate_tie,False,False,0,0,-1.26,-1.25,True,,
s4_n8_slot12,4,8,12,degenerate_tie,False,False,0,0,-1.19,-1.18,True,,
s4_n8_slot12,4,8,12,degenerate_tie,False,False,0,0,-1.18,-1.17,True,,
s4_n8_slot12,4,8,12,degenerate_tie,False,False,0,0,-1.17,-1.16,True,,
s4_n8_slot12,4,8,12,degenerate_tie,False,False,0,0,-1.15,-1.14,True,,
s4_n8_slot12,4,8,12,degenerate_tie,False,False,0,0,-1.05,-1.04,True,,
s4_n8_slot12,4,8,12,degenerate_tie,False,False,0,0,-1.01,-1,True,,
s4_n8_slot12,4,8,12,degenerate_tie,False,False,0,0,-0.99,-0.98,True,,
s4_n8_slot12,4,8,12,degenerate_tie,False,False,0,0,-0.98,-0.97,True,,
s4_n8_slot12,4,8,12,degenerate_tie,False,False,0,0,-0.97,-0.96,True,,
s4_n8_slot12,4,8,12,degenerate_tie,False,False,0,0,-0.96,-0.95,True,,
s4_n8_slot12,4,8,12,degenerate_tie,False,False,0,0,-0.92,-0.91,True,,
s4_n8_slot12,4,8,12,degenerate_tie,False,False,0,0,-0.91,-0.9,True,,
s4_n8_slot12,4,8,12,degenerate_tie,False,False,0,0,-0.87,-0.86,True,,
s4_n8_slot12,4,8,12,degenerate_tie,False,False,0,0,-0.86,-0.85,True,,
s4_n8_slot12,4,8,12,degenerate_tie,False,False,0,0,-0.84,-0.83,True,,
s4_n8_slot12,4,8,12,duty_change,True,False,47.7,-47.7,-0.83,-0.82,True,-4.547473509e-13,0
s4_n8_slot12,4,8,12,degenerate_tie,False,False,0,0,-0.82,-0.81,True,,
s4_n8_slot12,4,8,12,degenerate_tie,False,False,0,0,-0.81,-0.8,True,,
s4_n8_slot12,4,8,12,degenerate_tie,False,False,0,0,-0.8,-0.79,True,,
s4_n8_slot12,4,8,12,degenerate_tie,False,False,0,0,-0.79,-0.78,True,,
s4_n8_slot12,4,8,12,degenerate_tie,False,False,0,0,-0.78,-0.77,True,,
s4_n8_slot12,4,8,12,degenerate_tie,False,False,0,0,-0.73,-0.72,True,,
s4_n8_slot12,4,8,12,duty_change,False,True,35.4,-19.1,-0.67,-0.66,True,0.05530140249,0.1356985975
s4_n8_slot12,4,8,12,charging_only,False,True,58,-29,-0.08,-0.07,False,,
s4_n8_slot16,4,8,16,duty_change,True,False,70.3,-54,-1.49,-1.48,True,0,0.2054890664
s5_n8_slot12,5,8,12,degenerate_tie,False,False,0,0,-1.5,-1.49,True,,
s5_n8_slot12,5,8,12,degenerate_tie,False,False,0,0,-1.48,-1.47,True,,
s5_n8_slot12,5,8,12,degenerate_tie,False,False,0,0,-1.46,-1.45,True,,
s5_n8_slot12,5,8,12,degenerate_tie,False,False,0,0,-1.45,-1.44,True,,
s5_n8_slot12,5,8,12,degenerate_tie,False,False,0,0,-1.43,-1.42,True,,
s5_n8_slot12,5,8,12,degenerate_tie,False,False,0,0,-1.4,-1.39,True,,
s5_n8_slot12,5,8,12,degenerate_tie,False,False,0,0,-1.38,-1.37,True,,
s5_n8_slot12,5,8,12,degenerate_tie,False,False,0,0,-1.36,-1.35,True,,
s5_n8_slot12,5,8,12,degenerate_tie,False,False,0,0,-1.35,-1.34,True,,
s5_n8_slot12,5,8,12,degenerate_tie,False,False,0,0,-1.32,-1.31,True,,
s5_n8_slot12,5,8,12,degenerate_tie,False,False,0,0,-1.26,-1.25,True,,
s5_n8_slot12,5,8,12,degenerate_tie,False,False,0,0,-1.25,-1.24,True,,
s5_n8_slot12,5,8,12,degenerate_tie,False,False,0,0,-1.24,-1.23,True,,
s5_n8_slot12,5,8,12,degenerate_tie,False,False,0,0,-1.23,-1.22,True,,
s5_n8_slot12,5,8,12,degenerate_tie,False,False,0,0,-1.22,-1.21,True,,
s5_n8_slot12,5,8,12,degenerate_tie,False,False,0,0,-1.2,-1.19,True,,
s5_n8_slot12,5,8,12,degenerate_tie,False,False,0,0,-1.19,-1.18,True,,
s5_n8_slot12,5,8,12,degenerate_tie,False,False,0,0,-1.18,-1.17,True,,
s5_n8_slot12,5,8,12,degenerate_tie,False,False,0,0,-1.15,-1.14,True,,
s5_n8_slot12,5,8,12,degenerate_tie,False,False,0,0,-1.14,-1.13,True,,
s5_n8_slot12,5,8,12,degenerate_tie,False,False,0,0,-1.13,-1.12,True,,
s5_n8_slot12,5,8,12,degenerate_tie,False,False,0,0,-1.11,-1.1,True,,
s5_n8_slot12,5,8,12,degenerate_tie,False,False,0,0,-1.06,-1.05,True,,
s5_n8_slot12,5,8,12,degenerate_tie,False,False,0,0,-0.98,-0.97,True,,
s5_n8_slot12,5,8,12,degenerate_tie,False,False,0,0,-0.91,-0.9,True,,
s5_n8_slot12,5,8,12,degenerate_tie,False,False,0,0,-0.9,-0.89,True,,
s5_n8_slot12,5,8,12,degenerate_tie,False,False,0,0,-0.89,-0.88,True,,
s5_n8_slot12,5,8,12,degenerate_tie,False,False,0,0,-0.88,-0.87,True,,
s5_n8_slot12,5,8,12,duty_change,True,False,38,-20.4,-0.87,-0.86,True,0,0.1339279302
s5_n8_slot16,5,8,16,duty_change,False,True,34.8,-11.4,-1.17,-1.16,True,0.06958534565,0.04441465435
s5_n8_slot16,5,8,16,charging_only,False,True,57.6,-28.8,-0.61,-0.6,False,,
s5_n8_slot20,5,8,20,charging_only,False,True,28.1,-28.1,-1.49,-1.48,False,,
s5_n8_slot20,5,8,20,duty_change,False,True,46,-23.8,-0.49,-0.48,True,0.1782898569,0.05971014308
s6_n8_slot8,6,8,8,duty_change,False,True,5.6,-2.8,-1.03,-1.02,True,0.0183772737,0.009622726303
s6_n8_slot8,6,8,8,duty_change,False,True,70.2,-34.5,-0.83,-0.82,True,0.2267931777,0.1182068223
s6_n8_slot8,6,8,8,degenerate_tie,False,False,2.000000005e-06,-1e-06,-0.62,-0.61,True,,
s6_n8_slot8,6,8,8,degenerate_tie,False,False,2.000000005e-06,1e-06,-0.6,-0.59,True,,
s6_n8_slot8,6,8,8,degenerate_tie,False,False,0,0,-0.42,-0.41,True,,
s6_n8_slot8,6,8,8,degenerate_tie,False,False,0,0,-0.3,-0.29,True,,
s6_n8_slot12,6,8,12,degenerate_tie,False,False,0,0,-1.39,-1.38,True,,
s6_n8_slot12,6,8,12,degenerate_tie,False,False,0,0,-1.37,-1.36,True,,
s6_n8_slot12,6,8,12,degenerate_tie,False,False,0,0,-1.36,-1.35,True,,
s6_n8_slot12,6,8,12,degenerate_tie,False,False,0,0,-1.35,-1.34,True,,
s6_n8_slot12,6,8,12,degenerate_tie,False,False,0,0,-1.34,-1.33,True,,
s6_n8_slot12,6,8,12,degenerate_tie,False,False,0,0,-1.33,-1.32,True,,
s6_n8_slot12,6,8,12,degenerate_tie,False,False,0,0,-1.3,-1.29,True,,
s6_n8_slot12,6,8,12,degenerate_tie,False,False,0,0,-1.29,-1.28,True,,
s6_n8_slot12,6,8,12,degenerate_tie,False,False,0,0,-1.28,-1.27,True,,
s6_n8_slot12,6,8,12,degenerate_tie,False,False,0,0,-1.27,-1.26,True,,
s6_n8_slot12,6,8,12,degenerate_tie,False,False,0,0,-1.26,-1.25,True,,
s6_n8_slot12,6,8,12,degenerate_tie,False,False,0,0,-1.25,-1.24,True,,
s6_n8_slot12,6,8,12,degenerate_tie,False,False,0,0,-1.23,-1.22,True,,
s6_n8_slot12,6,8,12,degenerate_tie,False,False,0,0,-1.22,-1.21,True,,
s6_n8_slot12,6,8,12,degenerate_tie,False,False,0,0,-1.21,-1.2,True,,
s6_n8_slot12,6,8,12,degenerate_tie,False,False,0,0,-1.19,-1.18,True,,
s6_n8_slot12,6,8,12,degenerate_tie,False,False,0,0,-1.18,-1.17,True,,
s6_n8_slot12,6,8,12,degenerate_tie,False,False,0,0,-1.17,-1.16,True,,
s6_n8_slot12,6,8,12,degenerate_tie,False,False,0,0,-1.16,-1.15,True,,
s6_n8_slot12,6,8,12,degenerate_tie,False,False,0,0,-1.15,-1.14,True,,
s6_n8_slot12,6,8,12,degenerate_tie,False,False,0,0,-1.14,-1.13,True,,
s6_n8_slot12,6,8,12,degenerate_tie,False,False,0,0,-1.13,-1.12,True,,
s6_n8_slot12,6,8,12,degenerate_tie,False,False,0,0,-1.11,-1.1,True,,
s6_n8_slot12,6,8,12,degenerate_tie,False,False,0,0,-1.1,-1.09,True,,
s6_n8_slot12,6,8,12,degenerate_tie,False,False,0,0,-1.09,-1.08,True,,
s6_n8_slot12,6,8,12,degenerate_tie,False,False,0,0,-1.08,-1.07,True,,
s6_n8_slot12,6,8,12,degenerate_tie,False,False,0,0,-1.07,-1.06,True,,
s6_n8_slot12,6,8,12,degenerate_tie,False,False,0,0,-1.06,-1.05,True,,
s6_n8_slot12,6,8,12,degenerate_tie,False,False,0,0,-1.05,-1.04,True,,
s6_n8_slot12,6,8,12,degenerate_tie,False,False,0,0,-1.04,-1.03,True,,
s6_n8_slot12,6,8,12,degenerate_tie,False,False,0,0,-1.03,-1.02,True,,
s6_n8_slot12,6,8,12,degenerate_tie,False,False,0,0,-1.02,-1.01,True,,
s6_n8_slot12,6,8,12,degenerate_tie,False,False,0,0,-0.98,-0.97,True,,
s6_n8_slot12,6,8,12,degenerate_tie,False,False,0,0,-0.96,-0.95,True,,
s6_n8_slot12,6,8,12,degenerate_tie,False,False,0,0,-0.94,-0.93,True,,
s6_n8_slot12,6,8,12,degenerate_tie,False,False,0,0,-0.92,-0.91,True,,
s6_n8_slot12,6,8,12,degenerate_tie,False,False,0,0,-0.9,-0.89,True,,
s6_n8_slot12,6,8,12,degenerate_tie,False,False,0,0,-0.89,-0.88,True,,
s6_n8_slot12,6,8,12,degenerate_tie,False,False,0,0,-0.88,-0.87,True,,
s6_n8_slot12,6,8,12,degenerate_tie,False,False,0,0,-0.87,-0.86,True,,
s6_n8_slot12,6,8,12,degenerate_tie,False,False,0,0,-0.86,-0.85,True,,
s6_n8_slot12,6,8,12,degenerate_tie,False,False,0,0,-0.85,-0.84,True,,
s6_n8_slot12,6,8,12,duty_change,True,False,47.6,-47.6,-0.83,-0.82,True,-4.547473509e-13,0
s6_n8_slot12,6,8,12,degenerate_tie,False,False,0,0,-0.82,-0.81,True,,
s6_n8_slot12,6,8,12,degenerate_tie,False,False,0,0,-0.81,-0.8,True,,
s6_n8_slot12,6,8,12,degenerate_tie,False,False,0,0,-0.78,-0.77,True,,
s6_n8_slot12,6,8,12,degenerate_tie,False,False,0,0,-0.74,-0.73,True,,
s6_n8_slot12,6,8,12,degenerate_tie,False,False,0,0,-0.73,-0.72,True,,
s6_n8_slot12,6,8,12,degenerate_tie,False,False,0,0,-0.71,-0.7,True,,
s6_n8_slot12,6,8,12,degenerate_tie,False,False,0,0,-0.7,-0.69,True,,
s6_n8_slot12,6,8,12,degenerate_tie,False,False,0,0,-0.68,-0.67,True,,
s6_n8_slot12,6,8,12,degenerate_tie,False,False,0,0,-0.56,-0.55,True,,
s6_n8_slot12,6,8,12,degenerate_tie,False,False,0,0,-0.54,-0.53,True,,
s6_n8_slot12,6,8,12,degenerate_tie,False,False,0,0,-0.53,-0.52,True,,
s6_n8_slot12,6,8,12,degenerate_tie,False,False,0,0,-0.52,-0.51,True,,
s6_n8_slot12,6,8,12,degenerate_tie,False,False,0,0,-0.47,-0.46,True,,
s6_n8_slot12,6,8,12,degenerate_tie,False,False,0,0,-0.46,-0.45,True,,
s6_n8_slot12,6,8,12,degenerate_tie,False,False,0,0,-0.45,-0.44,True,,
s6_n8_slot12,6,8,12,degenerate_tie,False,False,0,0,-0.44,-0.43,True,,
s6_n8_slot12,6,8,12,degenerate_tie,False,False,0,0,-0.43,-0.42,True,,
s6_n8_slot12,6,8,12,degenerate_tie,False,False,0,0,-0.4,-0.39,True,,
s6_n8_slot12,6,8,12,degenerate_tie,False,False,0,0,-0.39,-0.38,True,,
s6_n8_slot12,6,8,12,degenerate_tie,False,False,0,0,-0.33,-0.32,True,,
s6_n8_slot12,6,8,12,degenerate_tie,False,False,0,0,-0.32,-0.31,True,,
s6_n8_slot12,6,8,12,degenerate_tie,False,False,0,0,-0.31,-0.3,True,,
s6_n8_slot12,6,8,12,degenerate_tie,False,False,0,0,-0.3,-0.29,True,,
s6_n8_slot12,6,8,12,degenerate_tie,False,False,0,0,-0.29,-0.28,True,,
s6_n8_slot12,6,8,12,degenerate_tie,False,False,0,0,-0.28,-0.27,True,,
s6_n8_slot12,6,8,12,degenerate_tie,False,False,0,0,-0.27,-0.26,True,,
s6_n8_slot12,6,8,12,degenerate_tie,False,False,0,0,-0.26,-0.25,True,,
s6_n8_slot12,6,8,12,degenerate_tie,False,False,0,0,-0.23,-0.22,True,,
s6_n8_slot12,6,8,12,degenerate_tie,False,False,0,0,-0.22,-0.21,True,,
s6_n8_slot12,6,8,12,degenerate_tie,False,False,0,0,-0.21,-0.2,True,,
s6_n8_slot12,6,8,12,degenerate_tie,False,False,0,0,-0.2,-0.19,True,,
s6_n8_slot12,6,8,12,degenerate_tie,False,False,0,0,-0.19,-0.18,True,,
s6_n8_slot12,6,8,12,degenerate_tie,False,False,0,0,-0.17,-0.16,True,,
s6_n8_slot12,6,8,12,degenerate_tie,False,False,0,0,-0.16,-0.15,True,,
s6_n8_slot12,6,8,12,degenerate_tie,False,False,0,0,-0.15,-0.14,True,,
s6_n8_slot12,6,8,12,degenerate_tie,False,False,0,0,-0.13,-0.12,True,,
s6_n8_slot12,6,8,12,degenerate_tie,False,False,0,0,-0.09,-0.08,True,,
s6_n8_slot12,6,8,12,duty_change,True,False,92.8,-46.4,-0.08,-0.07,True,4.547473509e-13,4.547473509e-13
s6_n8_slot16,6,8,16,duty_change,False,True,12.5,-12.5,-1.36,-1.35,True,0.002304696622,0.002695303378
s6_n8_slot16,6,8,16,duty_change,False,True,45,-17.2,-1.08,-1.07,True,0.1191650782,0.05283492178
s6_n8_slot16,6,8,16,charging_only,False,True,48.6,-24.3,-0.61,-0.6,False,,
s6_n8_slot16,6,8,16,degenerate_tie,False,False,0,0,-0.6,-0.59,True,,
s6_n8_slot16,6,8,16,degenerate_tie,False,False,0,0,-0.59,-0.58,True,,
s6_n8_slot16,6,8,16,degenerate_tie,False,False,0,0,-0.58,-0.57,True,,
s6_n8_slot16,6,8,16,degenerate_tie,False,False,0,0,-0.57,-0.56,True,,
s6_n8_slot16,6,8,16,degenerate_tie,False,False,0,0,-0.56,-0.55,True,,
s6_n8_slot16,6,8,16,degenerate_tie,False,False,0,0,-0.55,-0.54,True,,
s6_n8_slot16,6,8,16,degenerate_tie,False,False,0,0,-0.54,-0.53,True,,
s6_n8_slot16,6,8,16,degenerate_tie,False,False,0,0,-0.52,-0.51,True,,
s6_n8_slot16,6,8,16,degenerate_tie,False,False,0,0,-0.51,-0.5,True,,
s6_n8_slot16,6,8,16,degenerate_tie,False,False,0,0,-0.5,-0.49,True,,
s6_n8_slot16,6,8,16,degenerate_tie,False,False,0,0,-0.49,-0.48,True,,
s6_n8_slot16,6,8,16,degenerate_tie,False,False,0,0,-0.48,-0.47,True,,
s6_n8_slot16,6,8,16,degenerate_tie,False,False,0,0,-0.47,-0.46,True,,
s6_n8_slot16,6,8,16,degenerate_tie,False,False,0,0,-0.46,-0.45,True,,
s6_n8_slot16,6,8,16,degenerate_tie,False,False,0,0,-0.45,-0.44,True,,
s6_n8_slot16,6,8,16,degenerate_tie,False,False,0,0,-0.44,-0.43,True,,
s6_n8_slot16,6,8,16,degenerate_tie,False,False,0,0,-0.43,-0.42,True,,
s6_n8_slot16,6,8,16,degenerate_tie,False,False,0,0,-0.42,-0.41,True,,
s6_n8_slot16,6,8,16,degenerate_tie,False,False,0,0,-0.4,-0.39,True,,
s6_n8_slot16,6,8,16,degenerate_tie,False,False,0,0,-0.39,-0.38,True,,
s6_n8_slot16,6,8,16,degenerate_tie,False,False,0,0,-0.37,-0.36,True,,
s6_n8_slot16,6,8,16,degenerate_tie,False,False,0,0,-0.36,-0.35,True,,
s6_n8_slot16,6,8,16,degenerate_tie,False,False,0,0,-0.34,-0.33,True,,
s6_n8_slot16,6,8,16,degenerate_tie,False,False,0,0,-0.33,-0.32,True,,
s6_n8_slot16,6,8,16,degenerate_tie,False,False,0,0,-0.32,-0.31,True,,
s6_n8_slot16,6,8,16,degenerate_tie,False,False,0,0,-0.3,-0.29,True,,
s6_n8_slot16,6,8,16,degenerate_tie,False,False,0,0,-0.27,-0.26,True,,
s6_n8_slot16,6,8,16,degenerate_tie,False,False,0,0,-0.26,-0.25,True,,
s6_n8_slot16,6,8,16,degenerate_tie,False,False,0,0,-0.22,-0.21,True,,
s6_n8_slot16,6,8,16,degenerate_tie,False,False,0,0,-0.21,-0.2,True,,
s6_n8_slot16,6,8,16,degenerate_tie,False,False,0,0,-0.2,-0.19,True,,
s6_n8_slot16,6,8,16,degenerate_tie,False,False,0,0,-0.18,-0.17,True,,
s6_n8_slot16,6,8,16,degenerate_tie,False,False,0,0,-0.15,-0.14,True,,
s6_n8_slot16,6,8,16,degenerate_tie,False,False,0,0,-0.14,-0.13,True,,
s6_n8_slot16,6,8,16,degenerate_tie,False,False,0,0,-0.11,-0.1,True,,
s6_n8_slot16,6,8,16,degenerate_tie,False,False,0,0,-0.1,-0.09,True,,
s6_n8_slot16,6,8,16,degenerate_tie,False,False,0,0,-0.08,-0.07,True,,
s6_n8_slot16,6,8,16,degenerate_tie,False,False,0,0,-0.07,-0.06,True,,
s6_n8_slot16,6,8,16,degenerate_tie,False,False,0,0,-0.05,-0.04,True,,
s6_n8_slot16,6,8,16,degenerate_tie,False,False,0,0,-0.01,1.33226763e-15,True,,
s6_n8_slot16,6,8,16,degenerate_tie,False,False,0,0,0.04,0.05,True,,
s6_n8_slot16,6,8,16,degenerate_tie,False,False,0,0,0.05,0.06,True,,
s6_n8_slot16,6,8,16,degenerate_tie,False,False,0,0,0.08,0.09,True,,
s6_n8_slot16,6,8,16,degenerate_tie,False,False,0,0,0.09,0.1,True,,
s6_n8_slot16,6,8,16,degenerate_tie,False,False,0,0,0.1,0.11,True,,
s6_n8_slot16,6,8,16,degenerate_tie,False,False,0,0,0.11,0.12,True,,
s6_n8_slot16,6,8,16,degenerate_tie,False,False,0,0,0.14,0.15,True,,
s6_n8_slot16,6,8,16,degenerate_tie,False,False,0,0,0.16,0.17,True,,
s6_n8_slot16,6,8,16,degenerate_tie,False,False,0,0,0.18,0.19,True,,
s6_n8_slot16,6,8,16,degenerate_tie,False,False,0,0,0.19,0.2,True,,
s6_n8_slot16,6,8,16,degenerate_tie,False,False,0,0,0.2,0.21,True,,
s6_n8_slot16,6,8,16,degenerate_tie,False,False,0,0,0.31,0.32,True,,
s6_n8_slot16,6,8,16,degenerate_tie,False,False,0,0,0.38,0.39,True,,
s6_n8_slot16,6,8,16,degenerate_tie,False,False,0,0,0.44,0.45,True,,
s6_n8_slot16,6,8,16,degenerate_tie,False,False,0,0,0.46,0.47,True,,
s6_n8_slot16,6,8,16,degenerate_tie,False,False,0,0,0.57,0.58,True,,
s6_n8_slot16,6,8,16,degenerate_tie,False,False,0,0,0.58,0.59,True,,
s6_n8_slot16,6,8,16,degenerate_tie,False,False,0,0,0.62,0.63,True,,
s6_n8_slot16,6,8,16,degenerate_tie,False,False,0,0,0.75,0.76,True,,
s6_n8_slot16,6,8,16,degenerate_tie,False,False,0,0,0.76,0.77,True,,
s6_n8_slot16,6,8,16,degenerate_tie,False,False,0,0,0.77,0.78,True,,
s6_n8_slot16,6,8,16,degenerate_tie,False,False,0,0,0.78,0.79,True,,
s6_n8_slot16,6,8,16,degenerate_tie,False,False,0,0,0.79,0.8,True,,
s6_n8_slot16,6,8,16,degenerate_tie,False,False,0,0,0.8,0.81,True,,
s6_n8_slot16,6,8,16,degenerate_tie,False,False,0,0,0.83,0.84,True,,
s6_n8_slot16,6,8,16,degenerate_tie,False,False,0,0,0.84,0.85,True,,
s6_n8_slot16,6,8,16,degenerate_tie,False,False,0,0,0.85,0.86,True,,
s6_n8_slot16,6,8,16,degenerate_tie,False,False,0,0,0.86,0.87,True,,
s6_n8_slot16,6,8,16,degenerate_tie,False,False,0,0,0.9,0.91,True,,
s6_n8_slot16,6,8,16,degenerate_tie,False,False,0,0,0.92,0.93,True,,
s6_n8_slot16,6,8,16,degenerate_tie,False,False,0,0,0.94,0.95,True,,
s6_n8_slot16,6,8,16,degenerate_tie,False,False,0,0,0.95,0.96,True,,
s6_n8_slot16,6,8,16,degenerate_tie,False,False,0,0,0.96,0.97,True,,
s6_n8_slot16,6,8,16,degenerate_tie,False,False,0,0,1,1.01,True,,
s6_n8_slot16,6,8,16,degenerate_tie,False,False,0,0,1.02,1.03,True,,
s6_n8_slot16,6,8,16,degenerate_tie,False,False,0,0,1.03,1.04,True,,
s6_n8_slot16,6,8,16,degenerate_tie,False,False,0,0,1.04,1.05,True,,
s6_n8_slot16,6,8,16,degenerate_tie,False,False,0,0,1.06,1.07,True,,
s7_n8_slot8,7,8,8,duty_change,False,True,35.4,-14.5,-1.07,-1.06,True,0.1344225029,0.01057749714
s7_n8_slot8,7,8,8,duty_change,False,True,35.6,-18,-1,-0.99,True,0.1188851383,0.06111486174
s7_n8_slot8,7,8,8,charging_only,False,True,17.8,-8.9,-0.95,-0.94,False,,
s7_n8_slot12,7,8,12,duty_change,False,True,32.5,-32.5,-1.45,-1.44,True,0.2277578734,0.09724212657
s7_n8_slot12,7,8,12,degenerate_tie,False,False,0.7,-0.7,-0.83,-0.82,False,,
s7_n8_slot12,7,8,12,charging_only,False,True,65,-32.5,-0.08,-0.07,False,,
s7_n8_slot12,7,8,12,charging_only,False,True,17.8,-8.9,0.21,0.22,False,,
s7_n8_slot16,7,8,16,degenerate_tie,False,False,0,0,-1.48,-1.47,True,,
s7_n8_slot16,7,8,16,degenerate_tie,False,False,0,0,-1.47,-1.46,True,,
s7_n8_slot16,7,8,16,duty_change,True,False,15,-15,-1.36,-1.35,True,0,0.06414822039
s7_n8_slot16,7,8,16,duty_change,False,True,89.2,-22.5,-0.85,-0.84,True,0.1234796317,0.1015203683
s0_n12_slot8,0,12,8,duty_change,True,False,1.2,0,-1.47,-1.46,True,4.547473509e-13,-4.547473509e-13
s0_n12_slot8,0,12,8,duty_change,True,False,1.2,0,-1.46,-1.45,True,-4.547473509e-13,4.547473509e-13
s0_n12_slot8,0,12,8,duty_change,True,False,1.2,0,-1.44,-1.43,True,4.547473509e-13,-4.547473509e-13
s0_n12_slot8,0,12,8,duty_change,True,False,1.2,0,-1.42,-1.41,True,-4.547473509e-13,4.547473509e-13
s0_n12_slot8,0,12,8,duty_change,True,False,1.2,0,-1.4,-1.39,True,4.547473509e-13,-4.547473509e-13
s0_n12_slot8,0,12,8,duty_change,True,False,1.2,0,-1.39,-1.38,True,-4.547473509e-13,4.547473509e-13
s0_n12_slot8,0,12,8,duty_change,True,False,1.2,0,-1.36,-1.35,True,4.547473509e-13,-4.547473509e-13
s0_n12_slot8,0,12,8,duty_change,True,False,1.2,0,-1.33,-1.32,True,-4.547473509e-13,4.547473509e-13
s0_n12_slot8,0,12,8,duty_change,True,False,1.2,0,-1.27,-1.26,True,4.547473509e-13,-4.547473509e-13
s0_n12_slot8,0,12,8,duty_change,True,False,1.2,0,-1.23,-1.22,True,-4.547473509e-13,4.547473509e-13
s0_n12_slot8,0,12,8,duty_change,True,False,1.2,0,-1.2,-1.19,True,4.547473509e-13,-4.547473509e-13
s0_n12_slot8,0,12,8,duty_change,True,False,1.2,0,-1.19,-1.18,True,-4.547473509e-13,4.547473509e-13
s0_n12_slot8,0,12,8,duty_change,True,False,1.2,0,-1.17,-1.16,True,4.547473509e-13,-4.547473509e-13
s0_n12_slot8,0,12,8,duty_change,True,False,1.2,0,-1.15,-1.14,True,4.547473509e-13,4.547473509e-13
s0_n12_slot8,0,12,8,duty_change,True,False,1.2,0,-1.08,-1.07,True,4.547473509e-13,4.547473509e-13
s0_n12_slot8,0,12,8,duty_change,True,False,1.2,0,-1.06,-1.05,True,-4.547473509e-13,4.547473509e-13
s0_n12_slot8,0,12,8,duty_change,True,False,1.2,0,-0.95,-0.94,True,4.547473509e-13,-4.547473509e-13
s0_n12_slot8,0,12,8,duty_change,True,False,1.2,0,-0.87,-0.86,True,-4.547473509e-13,4.547473509e-13
s0_n12_slot8,0,12,8,duty_change,True,False,1.2,0,-0.84,-0.83,True,4.547473509e-13,4.547473509e-13
s0_n12_slot8,0,12,8,duty_change,True,False,1.2,0,-0.83,-0.82,True,4.547473509e-13,4.547473509e-13
s0_n12_slot8,0,12,8,duty_change,True,False,1.200019581,0,-0.81,-0.8,True,4.658230864e-06,-4.547473509e-13
s0_n12_slot8,0,12,8,duty_change,True,False,1.2,0,-0.8,-0.79,True,-4.547473509e-13,4.547473509e-13
s0_n12_slot8,0,12,8,duty_change,True,False,1.2,0,-0.79,-0.78,True,4.547473509e-13,4.547473509e-13
s0_n12_slot8,0,12,8,duty_change,True,False,1.2,0,-0.78,-0.77,True,4.547473509e-13,4.547473509e-13
s0_n12_slot8,0,12,8,duty_change,True,False,1.2,0,-0.14,-0.13,True,4.547473509e-13,-4.547473509e-13
s0_n12_slot12,0,12,12,degenerate_tie,False,False,0,0,-1.5,-1.49,True,,
s0_n12_slot12,0,12,12,degenerate_tie,False,False,0,0,-1.49,-1.48,True,,
s0_n12_slot12,0,12,12,degenerate_tie,False,False,0,0,-1.48,-1.47,True,,
s0_n12_slot12,0,12,12,degenerate_tie,False,False,0,0,-1.47,-1.46,True,,
s0_n12_slot12,0,12,12,degenerate_tie,False,False,0,0,-1.45,-1.44,True,,
s0_n12_slot12,0,12,12,degenerate_tie,False,False,0,0,-1.44,-1.43,True,,
s0_n12_slot12,0,12,12,degenerate_tie,False,False,0,0,-1.43,-1.42,True,,
s0_n12_slot12,0,12,12,degenerate_tie,False,False,0,0,-1.42,-1.41,True,,
s0_n12_slot12,0,12,12,degenerate_tie,False,False,0,0,-1.41,-1.4,True,,
s0_n12_slot12,0,12,12,degenerate_tie,False,False,0,0,-1.4,-1.39,True,,
s0_n12_slot12,0,12,12,degenerate_tie,False,False,0,0,-1.38,-1.37,True,,
s0_n12_slot12,0,12,12,degenerate_tie,False,False,0,0,-1.37,-1.36,True,,
s0_n12_slot12,0,12,12,degenerate_tie,False,False,0,0,-1.36,-1.35,True,,
s0_n12_slot12,0,12,12,degenerate_tie,False,False,0,0,-1.35,-1.34,True,,
s0_n12_slot12,0,12,12,degenerate_tie,False,False,0,0,-1.34,-1.33,True,,
s0_n12_slot12,0,12,12,degenerate_tie,False,False,0,0,-1.32,-1.31,True,,
s0_n12_slot12,0,12,12,degenerate_tie,False,False,0,0,-1.31,-1.3,True,,
s0_n12_slot12,0,12,12,degenerate_tie,False,False,0,0,-1.3,-1.29,True,,
s0_n12_slot12,0,12,12,degenerate_tie,False,False,0,0,-1.29,-1.28,True,,
s0_n12_slot12,0,12,12,degenerate_tie,False,False,0,0,-1.28,-1.27,True,,
s0_n12_slot12,0,12,12,degenerate_tie,False,False,0,0,-1.27,-1.26,True,,
s0_n12_slot12,0,12,12,degenerate_tie,False,False,0,0,-1.25,-1.24,True,,
s0_n12_slot12,0,12,12,degenerate_tie,False,False,0,0,-1.24,-1.23,True,,
s0_n12_slot12,0,12,12,degenerate_tie,False,False,0,0,-1.22,-1.21,True,,
s0_n12_slot12,0,12,12,degenerate_tie,False,False,0,0,-1.21,-1.2,True,,
s0_n12_slot12,0,12,12,degenerate_tie,False,False,0,0,-1.19,-1.18,True,,
s0_n12_slot12,0,12,12,degenerate_tie,False,False,0,0,-1.18,-1.17,True,,
s0_n12_slot12,0,12,12,degenerate_tie,False,False,0,0,-1.17,-1.16,True,,
s0_n12_slot12,0,12,12,degenerate_tie,False,False,0,0,-1.16,-1.15,True,,
s0_n12_slot12,0,12,12,degenerate_tie,False,False,0,0,-1.15,-1.14,True,,
s0_n12_slot12,0,12,12,degenerate_tie,False,False,0,0,-1.14,-1.13,True,,
s0_n12_slot12,0,12,12,degenerate_tie,False,False,0,0,-1.13,-1.12,True,,
s0_n12_slot12,0,12,12,degenerate_tie,False,False,0,0,-1.12,-1.11,True,,
s0_n12_slot12,0,12,12,degenerate_tie,False,False,0,0,-1.11,-1.1,True,,
s0_n12_slot12,0,12,12,degenerate_tie,False,False,0,0,-1.08,-1.07,True,,
s0_n12_slot12,0,12,12,degenerate_tie,False,False,0,0,-1.07,-1.06,True,,
s0_n12_slot12,0,12,12,degenerate_tie,False,False,0,0,-1.06,-1.05,True,,
s0_n12_slot12,0,12,12,degenerate_tie,False,False,0,0,-1.03,-1.02,True,,
s0_n12_slot12,0,12,12,degenerate_tie,False,False,0,0,-1.02,-1.01,True,,
s0_n12_slot12,0,12,12,degenerate_tie,False,False,0,0,-1.01,-1,True,,
s0_n12_slot12,0,12,12,degenerate_tie,False,False,0,0,-1,-0.99,True,,
s0_n12_slot12,0,12,12,degenerate_tie,False,False,0,0,-0.99,-0.98,True,,
s0_n12_slot12,0,12,12,degenerate_tie,False,False,0,0,-0.98,-0.97,True,,
s0_n12_slot12,0,12,12,degenerate_tie,False,False,0,0,-0.96,-0.95,True,,
s0_n12_slot12,0,12,12,degenerate_tie,False,False,0,0,-0.95,-0.94,True,,
s0_n12_slot12,0,12,12,degenerate_tie,False,False,0,0,-0.94,-0.93,True,,
s0_n12_slot12,0,12,12,degenerate_tie,False,False,0,0,-0.93,-0.92,True,,
s0_n12_slot12,0,12,12,degenerate_tie,False,False,0,0,-0.92,-0.91,True,,
s0_n12_slot12,0,12,12,degenerate_tie,False,False,0,0,-0.87,-0.86,True,,
s0_n12_slot12,0,12,12,duty_change,True,False,15,-15,-0.83,-0.82,True,-4.547473509e-13,-4.547473509e-13
s0_n12_slot12,0,12,12,degenerate_tie,False,False,1.421085472e-14,1.421085472e-14,-0.8,-0.79,True,,
s0_n12_slot12,0,12,12,degenerate_tie,False,False,1.421085472e-14,-1.421085472e-14,-0.77,-0.76,True,,
s0_n12_slot12,0,12,12,degenerate_tie,False,False,1.421085472e-14,1.421085472e-14,-0.76,-0.75,True,,
s0_n12_slot12,0,12,12,degenerate_tie,False,False,1.421085472e-14,-1.421085472e-14,-0.74,-0.73,True,,
s0_n12_slot12,0,12,12,degenerate_tie,False,False,1.421085472e-14,1.421085472e-14,-0.69,-0.68,True,,
s0_n12_slot12,0,12,12,degenerate_tie,False,False,1.421085472e-14,-1.421085472e-14,-0.68,-0.67,True,,
s0_n12_slot12,0,12,12,degenerate_tie,False,False,1.421085472e-14,1.421085472e-14,-0.67,-0.66,True,,
s0_n12_slot12,0,12,12,degenerate_tie,False,False,1.421085472e-14,-1.421085472e-14,-0.65,-0.64,True,,
s0_n12_slot12,0,12,12,degenerate_tie,False,False,1.421085472e-14,1.421085472e-14,-0.64,-0.63,True,,
s0_n12_slot12,0,12,12,degenerate_tie,False,False,1.421085472e-14,-1.421085472e-14,-0.62,-0.61,True,,
s0_n12_slot12,0,12,12,degenerate_tie,False,False,1.421085472e-14,1.421085472e-14,-0.58,-0.57,True,,
s0_n12_slot12,0,12,12,degenerate_tie,False,False,1.421085472e-14,-1.421085472e-14,-0.57,-0.56,True,,
s0_n12_slot12,0,12,12,degenerate_tie,False,False,1.421085472e-14,1.421085472e-14,-0.55,-0.54,True,,
s0_n12_slot12,0,12,12,degenerate_tie,False,False,1.421085472e-14,-1.421085472e-14,-0.54,-0.53,True,,
s0_n12_slot12,0,12,12,degenerate_tie,False,False,1.421085472e-14,1.421085472e-14,-0.5,-0.49,True,,
s0_n12_slot12,0,12,12,degenerate_tie,False,False,1.421085472e-14,-1.421085472e-14,-0.49,-0.48,True,,
s0_n12_slot12,0,12,12,degenerate_tie,False,False,1.421085472e-14,1.421085472e-14,-0.44,-0.43,True,,
s0_n12_slot12,0,12,12,degenerate_tie,False,False,1.421085472e-14,-1.421085472e-14,-0.42,-0.41,True,,
s0_n12_slot12,0,12,12,degenerate_tie,False,False,1.421085472e-14,1.421085472e-14,-0.41,-0.4,True,,
s0_n12_slot12,0,12,12,degenerate_tie,False,False,1.421085472e-14,-1.421085472e-14,-0.39,-0.38,True,,
s0_n12_slot12,0,12,12,degenerate_tie,False,False,2.682550426e-05,2.682550426e-05,-0.36,-0.35,True,,
s0_n12_slot12,0,12,12,degenerate_tie,False,False,1.421085472e-14,-1.421085472e-14,-0.34,-0.33,True,,
s0_n12_slot12,0,12,12,degenerate_tie,False,False,1.421085472e-14,1.421085472e-14,-0.33,-0.32,True,,
s0_n12_slot12,0,12,12,degenerate_tie,False,False,1.421085472e-14,-1.421085472e-14,-0.3,-0.29,True,,
s0_n12_slot12,0,12,12,degenerate_tie,False,False,1.421085472e-14,1.421085472e-14,-0.29,-0.28,True,,
s0_n12_slot12,0,12,12,degenerate_tie,False,False,1.421085472e-14,-1.421085472e-14,-0.26,-0.25,True,,
s0_n12_slot12,0,12,12,degenerate_tie,False,False,1.421085472e-14,1.421085472e-14,-0.24,-0.23,True,,
s0_n12_slot12,0,12,12,degenerate_tie,False,False,1.421085472e-14,-1.421085472e-14,-0.23,-0.22,True,,
s0_n12_slot12,0,12,12,degenerate_tie,False,False,1.421085472e-14,1.421085472e-14,-0.22,-0.21,True,,
s0_n12_slot12,0,12,12,degenerate_tie,False,False,1.421085472e-14,-1.421085472e-14,-0.2,-0.19,True,,
s0_n12_slot12,0,12,12,degenerate_tie,False,False,1.421085472e-14,1.421085472e-14,-0.19,-0.18,True,,
s0_n12_slot12,0,12,12,degenerate_tie,False,False,1.421085472e-14,-1.421085472e-14,-0.17,-0.16,True,,
s0_n12_slot12,0,12,12,degenerate_tie,False,False,1.421085472e-14,1.421085472e-14,-0.16,-0.15,True,,
s0_n12_slot12,0,12,12,degenerate_tie,False,False,1.421085472e-14,-1.421085472e-14,-0.15,-0.14,True,,
s0_n12_slot12,0,12,12,degenerate_tie,False,False,1.421085472e-14,1.421085472e-14,-0.14,-0.13,True,,
s0_n12_slot12,0,12,12,degenerate_tie,False,False,1.421085472e-14,-1.421085472e-14,-0.12,-0.11,True,,
s0_n12_slot12,0,12,12,degenerate_tie,False,False,1.421085472e-14,1.421085472e-14,-0.11,-0.1,True,,
s0_n12_slot12,0,12,12,duty_change,True,False,68.6,-34.3,-0.08,-0.07,True,-4.547473509e-13,0.009500863126
s0_n12_slot12,0,12,12,duty_change,True,False,1.2,-0.6,1.33226763e-15,0.01,True,-4.547473509e-13,0.006
s0_n12_slot12,0,12,12,charging_only,False,True,63.6,-31.8,0.21,0.22,False,,
s0_n12_slot16,0,12,16,degenerate_tie,False,False,0,0,-1.5,-1.49,True,,
s0_n12_slot16,0,12,16,duty_change,True,False,1.2,0,-1.49,-1.48,True,0,0
s0_n12_slot16,0,12,16,duty_change,True,False,1.2,0,-1.48,-1.47,True,0,0
s0_n12_slot16,0,12,16,degenerate_tie,False,False,0,0,-1.47,-1.46,True,,
s0_n12_slot16,0,12,16,duty_change,True,False,1.2,0,-1.46,-1.45,True,0,4.547473509e-13
s0_n12_slot16,0,12,16,degenerate_tie,False,False,0,0,-1.45,-1.44,True,,
s0_n12_slot16,0,12,16,duty_change,True,False,1.2,0,-1.44,-1.43,True,4.547473509e-13,4.547473509e-13
s0_n12_slot16,0,12,16,duty_change,True,False,1.2,0,-1.43,-1.42,True,4.547473509e-13,-4.547473509e-13
s0_n12_slot16,0,12,16,duty_change,True,False,1.2,0,-1.42,-1.41,True,-4.547473509e-13,4.547473509e-13
s0_n12_slot16,0,12,16,duty_change,True,False,31.1,-29.9,-1.36,-1.35,True,-4.547473509e-13,9.41032431e-06
s0_n12_slot16,0,12,16,degenerate_tie,False,False,0,0,-1.35,-1.34,True,,
s0_n12_slot16,0,12,16,duty_change,True,False,1.2,0,-1.34,-1.33,True,9.410312941e-06,4.547473509e-13
s0_n12_slot16,0,12,16,degenerate_tie,False,False,0,0,-1.31,-1.3,True,,
s0_n12_slot16,0,12,16,duty_change,True,False,1.2,0,-1.3,-1.29,True,9.410263829e-06,-4.547473509e-13
s0_n12_slot16,0,12,16,degenerate_tie,False,False,6.982935201e-05,4.880028277e-05,-1.28,-1.27,True,,
s0_n12_slot16,0,12,16,duty_change,True,False,1.199978346,0,-1.23,-1.22,True,6.402287363e-05,4.547473509e-13
s0_n12_slot16,0,12,16,duty_change,True,False,1.2,0,-1.22,-1.21,True,4.547473509e-13,-4.547473509e-13
s0_n12_slot16,0,12,16,duty_change,False,True,46.6,-24.1,-1.21,-1.2,True,0.1241250632,0.1168749368
s0_n12_slot16,0,12,16,duty_change,True,False,1.2,0,-1.13,-1.12,True,9.410150142e-06,9.410149232e-06
s0_n12_slot16,0,12,16,duty_change,True,False,1.199998074,0,-1.11,-1.1,True,9.554968074e-06,1.124098935e-05
s0_n12_slot16,0,12,16,duty_change,True,False,1.2,0,-1.1,-1.09,True,1.124098935e-05,1.100445616e-05
s0_n12_slot16,0,12,16,duty_change,True,False,1.200001926,0,-1.08,-1.07,True,1.100445616e-05,9.554968074e-06
s0_n12_slot16,0,12,16,duty_change,True,False,1.2,0,-1.02,-1.01,True,4.547473509e-13,9.554968074e-06
s0_n12_slot16,0,12,16,duty_change,True,False,1.199976542,0,-1.01,-1,True,9.554968074e-06,1.887449662e-05
s0_n12_slot16,0,12,16,duty_change,True,False,1.2,0,-0.94,-0.93,True,4.547473509e-13,9.410149232e-06
s0_n12_slot16,0,12,16,duty_change,True,False,1.2,0,-0.93,-0.92,True,9.410149232e-06,4.547473509e-13
s0_n12_slot16,0,12,16,duty_change,True,False,1.2,0,-0.91,-0.9,True,4.547473509e-13,4.547473509e-13
s0_n12_slot16,0,12,16,duty_change,True,False,1.2,0,-0.9,-0.89,True,4.547473509e-13,4.547473509e-13
s0_n12_slot16,0,12,16,duty_change,True,False,1.2,0,-0.78,-0.77,True,4.547473509e-13,-4.547473509e-13
s0_n12_slot16,0,12,16,duty_change,True,False,1.200000593,0,-0.76,-0.75,True,-4.547473509e-13,4.44858415e-07
s0_n12_slot16,0,12,16,duty_change,True,False,1.199999504,0,-0.72,-0.71,True,4.547473509e-13,6.289385965e-06
s0_n12_slot16,0,12,16,duty_change,True,False,1.199999504,0,-0.71,-0.7,True,6.289385965e-06,4.547473509e-13
s0_n12_slot16,0,12,16,duty_change,True,False,1.2,0,-0.59,-0.58,True,4.547473509e-13,-4.547473509e-13
s0_n12_slot16,0,12,16,duty_change,True,False,1.2,0,-0.55,-0.54,True,-4.547473509e-13,4.547473509e-13
s0_n12_slot16,0,12,16,duty_change,True,False,1.2,0,-0.53,-0.52,True,4.547473509e-13,-4.547473509e-13
s0_n12_slot16,0,12,16,duty_change,True,False,1.2,0,0.15,0.16,True,-4.547473509e-13,4.547473509e-13
s0_n12_slot16,0,12,16,duty_change,True,False,1.2,0,0.17,0.18,True,4.547473509e-13,-4.547473509e-13
s0_n12_slot16,0,12,16,duty_change,True,False,1.2,0,0.28,0.29,True,-4.547473509e-13,4.547473509e-13
s0_n12_slot16,0,12,16,duty_change,True,False,1.2,0,0.29,0.3,True,4.547473509e-13,-4.547473509e-13
s0_n12_slot16,0,12,16,duty_change,True,False,1.2,0,0.3,0.31,True,-4.547473509e-13,4.547473509e-13
s0_n12_slot16,0,12,16,duty_change,True,False,1.200057428,0,0.49,0.5,True,5.474408908e-05,-4.547473509e-13
s0_n12_slot16,0,12,16,duty_change,True,False,1.2,0,0.54,0.55,True,-4.547473509e-13,4.547473509e-13
s0_n12_slot16,0,12,16,duty_change,True,False,1.2,0,0.75,0.76,True,4.547473509e-13,-4.547473509e-13
s0_n12_slot16,0,12,16,duty_change,True,False,1.2,0,0.78,0.79,True,-4.547473509e-13,4.547473509e-13
s0_n12_slot16,0,12,16,duty_change,True,False,1.2,0,0.79,0.8,True,4.547473509e-13,-4.547473509e-13
s0_n12_slot16,0,12,16,duty_change,True,False,1.2,0,1.25,1.26,True,-4.547473509e-13,4.547473509e-13
s1_n12_slot8,1,12,8,degenerate_tie,False,False,0,0,-1.49,-1.48,True,,
s1_n12_slot8,1,12,8,degenerate_tie,False,False,0,0,-1.48,-1.47,True,,
s1_n12_slot8,1,12,8,degenerate_tie,False,False,0,0,-1.47,-1.46,True,,
s1_n12_slot8,1,12,8,degenerate_tie,False,False,0,0,-1.46,-1.45,True,,
s1_n12_slot8,1,12,8,degenerate_tie,False,False,0,0,-1.45,-1.44,True,,
s1_n12_slot8,1,12,8,degenerate_tie,False,False,0,0,-1.44,-1.43,True,,
s1_n12_slot8,1,12,8,degenerate_tie,False,False,0,0,-1.42,-1.41,True,,
s1_n12_slot8,1,12,8,degenerate_tie,False,False,0,0,-1.41,-1.4,True,,
s1_n12_slot8,1,12,8,degenerate_tie,False,False,0,0,-1.4,-1.39,True,,
s1_n12_slot8,1,12,8,degenerate_tie,False,False,0,0,-1.39,-1.38,True,,
s1_n12_slot8,1,12,8,degenerate_tie,False,False,0,0,-1.38,-1.37,True,,
s1_n12_slot8,1,12,8,degenerate_tie,False,False,0,0,-1.37,-1.36,True,,
s1_n12_slot8,1,12,8,degenerate_tie,False,False,0,0,-1.36,-1.35,True,,
s1_n12_slot8,1,12,8,degenerate_tie,False,False,0,0,-1.35,-1.34,True,,
s1_n12_slot8,1,12,8,degenerate_tie,False,False,0,0,-1.34,-1.33,True,,
s1_n12_slot8,1,12,8,duty_change,False,True,75.2,-38.6,-1.33,-1.32,True,0.3327456569,0.05325434306
s1_n12_slot8,1,12,8,degenerate_tie,False,False,0,0,-1.32,-1.31,True,,
s1_n12_slot8,1,12,8,degenerate_tie,False,False,0,0,-1.29,-1.28,True,,
s1_n12_slot8,1,12,8,degenerate_tie,False,False,0,0,-1.28,-1.27,True,,
s1_n12_slot8,1,12,8,degenerate_tie,False,False,0,0,-1.27,-1.26,True,,
s1_n12_slot8,1,12,8,degenerate_tie,False,False,0,0,-1.26,-1.25,True,,
s1_n12_slot8,1,12,8,degenerate_tie,False,False,0,0,-1.25,-1.24,True,,
s1_n12_slot8,1,12,8,degenerate_tie,False,False,0,0,-1.24,-1.23,True,,
s1_n12_slot8,1,12,8,degenerate_tie,False,False,0,0,-1.23,-1.22,True,,
s1_n12_slot8,1,12,8,degenerate_tie,False,False,0,0,-1.22,-1.21,True,,
s1_n12_slot8,1,12,8,degenerate_tie,False,False,0,0,-1.19,-1.18,True,,
s1_n12_slot8,1,12,8,degenerate_tie,False,False,0,0,-1.18,-1.17,True,,
s1_n12_slot8,1,12,8,degenerate_tie,False,False,0,0,-1.17,-1.16,True,,
s1_n12_slot8,1,12,8,degenerate_tie,False,False,0,0,-1.16,-1.15,True,,
s1_n12_slot8,1,12,8,degenerate_tie,False,False,0,0,-1.15,-1.14,True,,
s1_n12_slot8,1,12,8,degenerate_tie,False,False,0,0,-1.14,-1.13,True,,
s1_n12_slot8,1,12,8,degenerate_tie,False,False,0,0,-1.13,-1.12,True,,
s1_n12_slot8,1,12,8,degenerate_tie,False,False,0,0,-1.11,-1.1,True,,
s1_n12_slot8,1,12,8,degenerate_tie,False,False,0,0,-1.1,-1.09,True,,
s1_n12_slot8,1,12,8,degenerate_tie,False,False,0,0,-1.09,-1.08,True,,
s1_n12_slot8,1,12,8,degenerate_tie,False,False,0,0,-1.08,-1.07,True,,
s1_n12_slot8,1,12,8,degenerate_tie,False,False,0,0,-1.07,-1.06,True,,
s1_n12_slot8,1,12,8,degenerate_tie,False,False,0,0,-1.06,-1.05,True,,
s1_n12_slot8,1,12,8,degenerate_tie,False,False,0,0,-1.05,-1.04,True,,
s1_n12_slot8,1,12,8,duty_change,False,True,5.4,-2.7,-1.03,-1.02,True,0.01772094249,0.009279057507
s1_n12_slot8,1,12,8,degenerate_tie,False,False,0,0,-1.02,-1.01,True,,
s1_n12_slot8,1,12,8,degenerate_tie,False,False,0,0,-1.01,-1,True,,
s1_n12_slot8,1,12,8,degenerate_tie,False,False,0,0,-1,-0.99,True,,
s1_n12_slot8,1,12,8,degenerate_tie,False,False,0,0,-0.99,-0.98,True,,
s1_n12_slot8,1,12,8,degenerate_tie,False,False,0,0,-0.98,-0.97,True,,
s1_n12_slot8,1,12,8,degenerate_tie,False,False,0,0,-0.96,-0.95,True,,
s1_n12_slot8,1,12,8,duty_change,True,False,51,-25.5,-0.95,-0.94,True,0,0
s1_n12_slot8,1,12,8,degenerate_tie,False,False,0,0,-0.93,-0.92,True,,
s1_n12_slot8,1,12,8,degenerate_tie,False,False,0,0,-0.92,-0.91,True,,
s1_n12_slot8,1,12,8,degenerate_tie,False,False,0,0,-0.91,-0.9,True,,
s1_n12_slot8,1,12,8,degenerate_tie,False,False,0,0,-0.9,-0.89,True,,
s1_n12_slot8,1,12,8,degenerate_tie,False,False,0,0,-0.88,-0.87,True,,
s1_n12_slot8,1,12,8,degenerate_tie,False,False,0,0,-0.87,-0.86,True,,
s1_n12_slot8,1,12,8,degenerate_tie,False,False,0,0,-0.86,-0.85,True,,
s1_n12_slot8,1,12,8,degenerate_tie,False,False,0,0,-0.84,-0.83,True,,
s1_n12_slot8,1,12,8,degenerate_tie,False,False,0,0,-0.83,-0.82,True,,
s1_n12_slot8,1,12,8,degenerate_tie,False,False,0,0,-0.81,-0.8,True,,
s1_n12_slot8,1,12,8,degenerate_tie,False,False,0,0,-0.8,-0.79,True,,
s1_n12_slot8,1,12,8,degenerate_tie,False,False,0,0,-0.79,-0.78,True,,
s1_n12_slot8,1,12,8,degenerate_tie,False,False,0,0,-0.78,-0.77,True,,
s1_n12_slot8,1,12,8,degenerate_tie,False,False,0,0,-0.77,-0.76,True,,
s1_n12_slot8,1,12,8,degenerate_tie,False,False,0,0,-0.75,-0.74,True,,
s1_n12_slot8,1,12,8,degenerate_tie,False,False,0,0,-0.73,-0.72,True,,
s1_n12_slot8,1,12,8,degenerate_tie,False,False,0,0,-0.72,-0.71,True,,
s1_n12_slot8,1,12,8,degenerate_tie,False,False,0,0,-0.7,-0.69,True,,
s1_n12_slot8,1,12,8,degenerate_tie,False,False,0,0,-0.69,-0.68,True,,
s1_n12_slot8,1,12,8,degenerate_tie,False,False,0,0,-0.68,-0.67,True,,
s1_n12_slot8,1,12,8,degenerate_tie,False,False,0,0,-0.67,-0.66,True,,
s1_n12_slot8,1,12,8,degenerate_tie,False,False,0,0,-0.66,-0.65,True,,
s1_n12_slot8,1,12,8,degenerate_tie,False,False,0,0,-0.65,-0.64,True,,
s1_n12_slot8,1,12,8,degenerate_tie,False,False,0,0,-0.63,-0.62,True,,
s1_n12_slot8,1,12,8,degenerate_tie,False,False,0,0,-0.62,-0.61,True,,
s1_n12_slot8,1,12,8,degenerate_tie,False,False,0,0,-0.61,-0.6,True,,
s1_n12_slot8,1,12,8,degenerate_tie,False,False,0,0,-0.6,-0.59,True,,
s1_n12_slot8,1,12,8,degenerate_tie,False,False,0,0,-0.59,-0.58,True,,
s1_n12_slot8,1,12,8,degenerate_tie,False,False,0,0,-0.58,-0.57,True,,
s1_n12_slot8,1,12,8,degenerate_tie,False,False,0,0,-0.57,-0.56,True,,
s1_n12_slot8,1,12,8,degenerate_tie,False,False,0,0,-0.55,-0.54,True,,
s1_n12_slot8,1,12,8,degenerate_tie,False,False,0,0,-0.54,-0.53,True,,
s1_n12_slot8,1,12,8,degenerate_tie,False,False,0,0,-0.53,-0.52,True,,
s1_n12_slot8,1,12,8,degenerate_tie,False,False,0,0,-0.52,-0.51,True,,
s1_n12_slot8,1,12,8,degenerate_tie,False,False,0,0,-0.51,-0.5,True,,
s1_n12_slot8,1,12,8,degenerate_tie,False,False,0,0,-0.5,-0.49,True,,
s1_n12_slot8,1,12,8,degenerate_tie,False,False,0,0,-0.49,-0.48,True,,
s1_n12_slot8,1,12,8,degenerate_tie,False,False,0,0,-0.48,-0.47,True,,
s1_n12_slot8,1,12,8,degenerate_tie,False,False,0,0,-0.47,-0.46,True,,
s1_n12_slot8,1,12,8,degenerate_tie,False,False,0,0,-0.46,-0.45,True,,
s1_n12_slot8,1,12,8,degenerate_tie,False,False,0,0,-0.45,-0.44,True,,
s1_n12_slot8,1,12,8,degenerate_tie,False,False,0,0,-0.44,-0.43,True,,
s1_n12_slot8,1,12,8,degenerate_tie,False,False,0,0,-0.43,-0.42,True,,
s1_n12_slot8,1,12,8,degenerate_tie,False,False,0,0,-0.42,-0.41,True,,
s1_n12_slot8,1,12,8,degenerate_tie,False,False,0,0,-0.4,-0.39,True,,
s1_n12_slot8,1,12,8,degenerate_tie,False,False,0,0,-0.39,-0.38,True,,
s1_n12_slot8,1,12,8,degenerate_tie,False,False,0,0,-0.38,-0.37,True,,
s1_n12_slot8,1,12,8,degenerate_tie,False,False,0,0,-0.37,-0.36,True,,
s1_n12_slot8,1,12,8,degenerate_tie,False,False,0,0,-0.36,-0.35,True,,
s1_n12_slot8,1,12,8,degenerate_tie,False,False,0,0,-0.35,-0.34,True,,
s1_n12_slot8,1,12,8,degenerate_tie,False,False,0,0,-0.34,-0.33,True,,
s1_n12_slot8,1,12,8,degenerate_tie,False,False,0,0,-0.33,-0.32,True,,
s1_n12_slot8,1,12,8,degenerate_tie,False,False,0,0,-0.32,-0.31,True,,
s1_n12_slot8,1,12,8,degenerate_tie,False,False,0,0,-0.31,-0.3,True,,
s1_n12_slot8,1,12,8,degenerate_tie,False,False,0,0,-0.3,-0.29,True,,
s1_n12_slot8,1,12,8,degenerate_tie,False,False,0,0,-0.29,-0.28,True,,
s1_n12_slot8,1,12,8,degenerate_tie,False,False,0,0,-0.28,-0.27,True,,
s1_n12_slot8,1,12,8,degenerate_tie,False,False,0,0,-0.27,-0.26,True,,
s1_n12_slot8,1,12,8,degenerate_tie,False,False,0,0,-0.26,-0.25,True,,
s1_n12_slot8,1,12,8,degenerate_tie,False,False,0,0,-0.25,-0.24,True,,
s1_n12_slot8,1,12,8,degenerate_tie,False,False,0,0,-0.24,-0.23,True,,
s1_n12_slot8,1,12,8,degenerate_tie,False,False,0,0,-0.22,-0.21,True,,
s1_n12_slot8,1,12,8,degenerate_tie,False,False,0,0,-0.21,-0.2,True,,
s1_n12_slot8,1,12,8,degenerate_tie,False,False,0,0,-0.2,-0.19,True,,
s1_n12_slot8,1,12,8,degenerate_tie,False,False,0,0,-0.19,-0.18,True,,
s1_n12_slot8,1,12,8,degenerate_tie,False,False,0,0,-0.18,-0.17,True,,
s1_n12_slot8,1,12,8,degenerate_tie,False,False,0,0,-0.17,-0.16,True,,
s1_n12_slot8,1,12,8,degenerate_tie,False,False,0,0,-0.16,-0.15,True,,
s1_n12_slot8,1,12,8,degenerate_tie,False,False,0,0,-0.15,-0.14,True,,
s1_n12_slot8,1,12,8,degenerate_tie,False,False,0,0,-0.14,-0.13,True,,
s1_n12_slot8,1,12,8,degenerate_tie,False,False,0,0,-0.13,-0.12,True,,
s1_n12_slot8,1,12,8,degenerate_tie,False,False,0,0,-0.12,-0.11,True,,
s1_n12_slot8,1,12,8,degenerate_tie,False,False,0,0,-0.11,-0.1,True,,
s1_n12_slot8,1,12,8,degenerate_tie,False,False,0,0,-0.1,-0.09,True,,
s1_n12_slot8,1,12,8,degenerate_tie,False,False,0,0,-0.09,-0.08,True,,
s1_n12_slot8,1,12,8,degenerate_tie,False,False,0,0,-0.08,-0.07,True,,
s1_n12_slot8,1,12,8,degenerate_tie,False,False,0,0,-0.05,-0.04,True,,
s1_n12_slot8,1,12,8,degenerate_tie,False,False,0,0,-0.04,-0.03,True,,
s1_n12_slot8,1,12,8,degenerate_tie,False,False,0,0,-0.02,-0.01,True,,
s1_n12_slot8,1,12,8,degenerate_tie,False,False,0,0,-0.01,1.33226763e-15,True,,
s1_n12_slot8,1,12,8,degenerate_tie,False,False,0,0,1.33226763e-15,0.01,True,,
s1_n12_slot8,1,12,8,degenerate_tie,False,False,0,0,0.02,0.03,True,,
s1_n12_slot8,1,12,8,degenerate_tie,False,False,0,0,0.03,0.04,True,,
s1_n12_slot8,1,12,8,degenerate_tie,False,False,0,0,0.06,0.07,True,,
s1_n12_slot8,1,12,8,degenerate_tie,False,False,0,0,0.07,0.08,True,,
s1_n12_slot8,1,12,8,degenerate_tie,False,False,0,0,0.11,0.12,True,,
s1_n12_slot8,1,12,8,degenerate_tie,False,False,0,0,0.13,0.14,True,,
s1_n12_slot8,1,12,8,degenerate_tie,False,False,0,0,0.14,0.15,True,,
s1_n12_slot8,1,12,8,degenerate_tie,False,False,0,0,0.15,0.16,True,,
s1_n12_slot8,1,12,8,degenerate_tie,False,False,0,0,0.19,0.2,True,,
s1_n12_slot8,1,12,8,degenerate_tie,False,False,0,0,0.2,0.21,True,,
s1_n12_slot8,1,12,8,degenerate_tie,False,False,0,0,0.21,0.22,True,,
s1_n12_slot8,1,12,8,degenerate_tie,False,False,0,0,0.22,0.23,True,,
s1_n12_slot8,1,12,8,degenerate_tie,False,False,0,0,0.24,0.25,True,,
s1_n12_slot8,1,12,8,degenerate_tie,False,False,0,0,0.26,0.27,True,,
s1_n12_slot8,1,12,8,degenerate_tie,False,False,0,0,0.27,0.28,True,,
s1_n12_slot8,1,12,8,degenerate_tie,False,False,0,0,0.28,0.29,True,,
s1_n12_slot8,1,12,8,degenerate_tie,False,False,0,0,0.3,0.31,True,,
s1_n12_slot8,1,12,8,degenerate_tie,False,False,0,0,0.31,0.32,True,,
s1_n12_slot8,1,12,8,degenerate_tie,False,False,0,0,0.32,0.33,True,,
s1_n12_slot8,1,12,8,degenerate_tie,False,False,0,0,0.33,0.34,True,,
s1_n12_slot8,1,12,8,degenerate_tie,False,False,0,0,0.34,0.35,True,,
s1_n12_slot8,1,12,8,degenerate_tie,False,False,0,0,0.35,0.36,True,,
s1_n12_slot8,1,12,8,degenerate_tie,False,False,0,0,0.36,0.37,True,,
s1_n12_slot8,1,12,8,degenerate_tie,False,False,0,0,0.37,0.38,True,,
s1_n12_slot8,1,12,8,degenerate_tie,False,False,0,0,0.39,0.4,True,,
s1_n12_slot8,1,12,8,degenerate_tie,False,False,0,0,0.41,0.42,True,,
s1_n12_slot8,1,12,8,degenerate_tie,False,False,0,0,0.43,0.44,True,,
s1_n12_slot8,1,12,8,degenerate_tie,False,False,0,0,0.44,0.45,True,,
s1_n12_slot8,1,12,8,degenerate_tie,False,False,0,0,0.45,0.46,True,,
s1_n12_slot8,1,12,8,degenerate_tie,False,False,0,0,0.46,0.47,True,,
s1_n12_slot8,1,12,8,degenerate_tie,False,False,0,0,0.47,0.48,True,,
s1_n12_slot8,1,12,8,degenerate_tie,False,False,0,0,0.48,0.49,True,,
s1_n12_slot8,1,12,8,degenerate_tie,False,False,0,0,0.49,0.5,True,,
s1_n12_slot8,1,12,8,degenerate_tie,False,False,0,0,0.52,0.53,True,,
s1_n12_slot8,1,12,8,degenerate_tie,False,False,0,0,0.53,0.54,True,,
s1_n12_slot8,1,12,8,degenerate_tie,False,False,0,0,0.54,0.55,True,,
s1_n12_slot8,1,12,8,degenerate_tie,False,False,0,0,0.62,0.63,True,,
s1_n12_slot8,1,12,8,degenerate_tie,False,False,0,0,0.64,0.65,True,,
s1_n12_slot8,1,12,8,degenerate_tie,False,False,0,0,0.65,0.66,True,,
s1_n12_slot8,1,12,8,degenerate_tie,False,False,0,0,0.67,0.68,True,,
s1_n12_slot8,1,12,8,degenerate_tie,False,False,0,0,0.68,0.69,True,,
s1_n12_slot8,1,12,8,degenerate_tie,False,False,0,0,0.69,0.7,True,,
s1_n12_slot8,1,12,8,degenerate_tie,False,False,0,0,0.7,0.71,True,,
s1_n12_slot8,1,12,8,degenerate_tie,False,False,0,0,0.71,0.72,True,,
s1_n12_slot8,1,12,8,degenerate_tie,False,False,0,0,0.72,0.73,True,,
s1_n12_slot8,1,12,8,degenerate_tie,False,False,0,0,0.75,0.76,True,,
s1_n12_slot8,1,12,8,degenerate_tie,False,False,0,0,0.79,0.8,True,,
s1_n12_slot8,1,12,8,degenerate_tie,False,False,0,0,0.8,0.81,True,,
s1_n12_slot8,1,12,8,degenerate_tie,False,False,0,0,0.87,0.88,True,,
s1_n12_slot8,1,12,8,degenerate_tie,False,False,0,0,0.89,0.9,True,,
s1_n12_slot8,1,12,8,degenerate_tie,False,False,0,0,0.93,0.94,True,,
s1_n12_slot8,1,12,8,degenerate_tie,False,False,0,0,1,1.01,True,,
s1_n12_slot8,1,12,8,degenerate_tie,False,False,0,0,1.03,1.04,True,,
s1_n12_slot8,1,12,8,degenerate_tie,False,False,0,0,1.04,1.05,True,,
s1_n12_slot8,1,12,8,degenerate_tie,False,False,0,0,1.05,1.06,True,,
s1_n12_slot8,1,12,8,degenerate_tie,False,False,0,0,1.09,1.1,True,,
s1_n12_slot8,1,12,8,degenerate_tie,False,False,0,0,1.1,1.11,True,,
s1_n12_slot8,1,12,8,degenerate_tie,False,False,0,0,1.12,1.13,True,,
s1_n12_slot8,1,12,8,degenerate_tie,False,False,0,0,1.13,1.14,True,,
s1_n12_slot8,1,12,8,degenerate_tie,False,False,0,0,1.15,1.16,True,,
s1_n12_slot8,1,12,8,degenerate_tie,False,False,0,0,1.18,1.19,True,,
s1_n12_slot8,1,12,8,degenerate_tie,False,False,0,0,1.21,1.22,True,,
s1_n12_slot8,1,12,8,degenerate_tie,False,False,0,0,1.22,1.23,True,,
s1_n12_slot8,1,12,8,degenerate_tie,False,False,0,0,1.23,1.24,True,,
s1_n12_slot8,1,12,8,degenerate_tie,False,False,0,0,1.25,1.26,True,,
s1_n12_slot8,1,12,8,degenerate_tie,False,False,0,0,1.26,1.27,True,,
s1_n12_slot8,1,12,8,degenerate_tie,False,False,0,0,1.27,1.28,True,,
s1_n12_slot8,1,12,8,degenerate_tie,False,False,0,0,1.29,1.3,True,,
s1_n12_slot8,1,12,8,degenerate_tie,False,False,0,0,1.32,1.33,True,,
s1_n12_slot8,1,12,8,degenerate_tie,False,False,0,0,1.34,1.35,True,,
s1_n12_slot8,1,12,8,degenerate_tie,False,False,0,0,1.36,1.37,True,,
s1_n12_slot8,1,12,8,degenerate_tie,False,False,0,0,1.37,1.38,True,,
s1_n12_slot8,1,12,8,degenerate_tie,False,False,0,0,1.43,1.44,True,,
s1_n12_slot8,1,12,8,degenerate_tie,False,False,0,0,1.44,1.45,True,,
s1_n12_slot8,1,12,8,degenerate_tie,False,False,0,0,1.45,1.46,True,,
s1_n12_slot8,1,12,8,degenerate_tie,False,False,0,0,1.46,1.47,True,,
s1_n12_slot8,1,12,8,degenerate_tie,False,False,0,0,1.48,1.49,True,,
s1_n12_slot12,1,12,12,degenerate_tie,False,False,0,0,-1.5,-1.49,True,,
s1_n12_slot12,1,12,12,degenerate_tie,False,False,0,0,-1.49,-1.48,True,,
s1_n12_slot12,1,12,12,degenerate_tie,False,False,0,0,-1.48,-1.47,True,,
s1_n12_slot12,1,12,12,degenerate_tie,False,False,0,0,-1.47,-1.46,True,,
s1_n12_slot12,1,12,12,degenerate_tie,False,False,0,0,-1.46,-1.45,True,,
s1_n12_slot12,1,12,12,degenerate_tie,False,False,0,0,-1.45,-1.44,True,,
s1_n12_slot12,1,12,12,degenerate_tie,False,False,0,0,-1.44,-1.43,True,,
s1_n12_slot12,1,12,12,degenerate_tie,False,False,0,0,-1.43,-1.42,True,,
s1_n12_slot12,1,12,12,degenerate_tie,False,False,0,0,-1.42,-1.41,True,,
s1_n12_slot12,1,12,12,degenerate_tie,False,False,0,0,-1.41,-1.4,True,,
s1_n12_slot12,1,12,12,degenerate_tie,False,False,0,0,-1.4,-1.39,True,,
s1_n12_slot12,1,12,12,degenerate_tie,False,False,0,0,-1.39,-1.38,True,,
s1_n12_slot12,1,12,12,degenerate_tie,False,False,0,0,-1.38,-1.37,True,,
s1_n12_slot12,1,12,12,degenerate_tie,False,False,0,0,-1.37,-1.36,True,,
s1_n12_slot12,1,12,12,degenerate_tie,False,False,0,0,-1.36,-1.35,True,,
s1_n12_slot12,1,12,12,degenerate_tie,False,False,0,0,-1.35,-1.34,True,,
s1_n12_slot12,1,12,12,degenerate_tie,False,False,0,0,-1.34,-1.33,True,,
s1_n12_slot12,1,12,12,degenerate_tie,False,False,0,0,-1.33,-1.32,True,,
s1_n12_slot12,1,12,12,degenerate_tie,False,False,0,0,-1.32,-1.31,True,,
s1_n12_slot12,1,12,12,degenerate_tie,False,False,0,0,-1.31,-1.3,True,,
s1_n12_slot12,1,12,12,degenerate_tie,False,False,0,0,-1.3,-1.29,True,,
s1_n12_slot12,1,12,12,degenerate_tie,False,False,0,0,-1.29,-1.28,True,,
s1_n12_slot12,1,12,12,degenerate_tie,False,False,0,0,-1.28,-1.27,True,,
s1_n12_slot12,1,12,12,degenerate_tie,False,False,0,0,-1.27,-1.26,True,,
s1_n12_slot12,1,12,12,degenerate_tie,False,False,0,0,-1.26,-1.25,True,,
s1_n12_slot12,1,12,12,degenerate_tie,False,False,0,0,-1.25,-1.24,True,,
s1_n12_slot12,1,12,12,degenerate_tie,False,False,0,0,-1.24,-1.23,True,,
s1_n12_slot12,1,12,12,degenerate_tie,False,False,0,0,-1.23,-1.22,True,,
s1_n12_slot12,1,12,12,degenerate_tie,False,False,0,0,-1.22,-1.21,True,,
s1_n12_slot12,1,12,12,degenerate_tie,False,False,0,0,-1.21,-1.2,True,,
s1_n12_slot12,1,12,12,degenerate_tie,False,False,0,0,-1.2,-1.19,True,,
s1_n12_slot12,1,12,12,degenerate_tie,False,False,0,0,-1.17,-1.16,True,,
s1_n12_slot12,1,12,12,degenerate_tie,False,False,0,0,-1.16,-1.15,True,,
s1_n12_slot12,1,12,12,degenerate_tie,False,False,0,0,-1.13,-1.12,True,,
s1_n12_slot12,1,12,12,degenerate_tie,False,False,0,0,-1.12,-1.11,True,,
s1_n12_slot12,1,12,12,degenerate_tie,False,False,0,0,-1.11,-1.1,True,,
s1_n12_slot12,1,12,12,degenerate_tie,False,False,0,0,-1.1,-1.09,True,,
s1_n12_slot12,1,12,12,degenerate_tie,False,False,0,0,-1.09,-1.08,True,,
s1_n12_slot12,1,12,12,degenerate_tie,False,False,0,0,-1.08,-1.07,True,,
s1_n12_slot12,1,12,12,degenerate_tie,False,False,0,0,-1.07,-1.06,True,,
s1_n12_slot12,1,12,12,degenerate_tie,False,False,0,0,-1.06,-1.05,True,,
s1_n12_slot12,1,12,12,degenerate_tie,False,False,0,0,-1.05,-1.04,True,,
s1_n12_slot12,1,12,12,degenerate_tie,False,False,0,0,-1.04,-1.03,True,,
s1_n12_slot12,1,12,12,degenerate_tie,False,False,0,0,-1.03,-1.02,True,,
s1_n12_slot12,1,12,12,degenerate_tie,False,False,0,0,-1.02,-1.01,True,,
s1_n12_slot12,1,12,12,degenerate_tie,False,False,0,0,-1.01,-1,True,,
s1_n12_slot12,1,12,12,degenerate_tie,False,False,0,0,-1,-0.99,True,,
s1_n12_slot12,1,12,12,degenerate_tie,False,False,0,0,-0.99,-0.98,True,,
s1_n12_slot12,1,12,12,degenerate_tie,False,False,0,0,-0.98,-0.97,True,,
s1_n12_slot12,1,12,12,degenerate_tie,False,False,0,0,-0.97,-0.96,True,,
s1_n12_slot12,1,12,12,degenerate_tie,False,False,0,0,-0.96,-0.95,True,,
s1_n12_slot12,1,12,12,degenerate_tie,False,False,0,0,-0.95,-0.94,True,,
s1_n12_slot12,1,12,12,degenerate_tie,False,False,0,0,-0.94,-0.93,True,,
s1_n12_slot12,1,12,12,degenerate_tie,False,False,0,0,-0.93,-0.92,True,,
s1_n12_slot12,1,12,12,degenerate_tie,False,False,0,0,-0.92,-0.91,True,,
s1_n12_slot12,1,12,12,degenerate_tie,False,False,0,0,-0.91,-0.9,True,,
s1_n12_slot12,1,12,12,degenerate_tie,False,False,0,0,-0.9,-0.89,True,,
s1_n12_slot12,1,12,12,degenerate_tie,False,False,0,0,-0.89,-0.88,True,,
s1_n12_slot12,1,12,12,degenerate_tie,False,False,0,0,-0.87,-0.86,True,,
s1_n12_slot12,1,12,12,degenerate_tie,False,False,0,0,-0.86,-0.85,True,,
s1_n12_slot12,1,12,12,degenerate_tie,False,False,0,0,-0.85,-0.84,True,,
s1_n12_slot12,1,12,12,degenerate_tie,False,False,0,0,-0.84,-0.83,True,,
s1_n12_slot12,1,12,12,duty_change,True,False,32.8,-32.8,-0.83,-0.82,True,0,0
s1_n12_slot12,1,12,12,degenerate_tie,False,False,0,0,-0.82,-0.81,True,,
s1_n12_slot12,1,12,12,degenerate_tie,False,False,0,0,-0.81,-0.8,True,,
s1_n12_slot12,1,12,12,degenerate_tie,False,False,0,0,-0.78,-0.77,True,,
s1_n12_slot12,1,12,12,degenerate_tie,False,False,0,0,-0.77,-0.76,True,,
s1_n12_slot12,1,12,12,degenerate_tie,False,False,0,0,-0.76,-0.75,True,,
s1_n12_slot12,1,12,12,degenerate_tie,False,False,0,0,-0.75,-0.74,True,,
s1_n12_slot12,1,12,12,degenerate_tie,False,False,0,0,-0.74,-0.73,True,,
s1_n12_slot12,1,12,12,degenerate_tie,False,False,0,0,-0.73,-0.72,True,,
s1_n12_slot12,1,12,12,degenerate_tie,False,False,0,0,-0.72,-0.71,True,,
s1_n12_slot12,1,12,12,degenerate_tie,False,False,0,0,-0.71,-0.7,True,,
s1_n12_slot12,1,12,12,degenerate_tie,False,False,0,0,-0.7,-0.69,True,,
s1_n12_slot12,1,12,12,degenerate_tie,False,False,0,0,-0.69,-0.68,True,,
s1_n12_slot12,1,12,12,degenerate_tie,False,False,0,0,-0.68,-0.67,True,,
s1_n12_slot12,1,12,12,degenerate_tie,False,False,0,0,-0.67,-0.66,True,,
s1_n12_slot12,1,12,12,degenerate_tie,False,False,1.001602932e-05,-1.001602932e-05,-0.66,-0.65,True,,
s1_n12_slot12,1,12,12,degenerate_tie,False,False,1.001602932e-05,1.001602932e-05,-0.65,-0.64,True,,
s1_n12_slot12,1,12,12,degenerate_tie,False,False,1.421085472e-14,-1.421085472e-14,-0.61,-0.6,True,,
s1_n12_slot12,1,12,12,degenerate_tie,False,False,1.421085472e-14,1.421085472e-14,-0.58,-0.57,True,,
s1_n12_slot12,1,12,12,degenerate_tie,False,False,0,0,-0.57,-0.56,True,,
s1_n12_slot12,1,12,12,degenerate_tie,False,False,0,0,-0.56,-0.55,True,,
s1_n12_slot12,1,12,12,degenerate_tie,False,False,7.809032425e-06,-7.809032425e-06,-0.54,-0.53,True,,
s1_n12_slot12,1,12,12,degenerate_tie,False,False,0,0,-0.51,-0.5,True,,
s1_n12_slot12,1,12,12,degenerate_tie,False,False,0,0,-0.44,-0.43,True,,
s1_n12_slot12,1,12,12,degenerate_tie,False,False,0,0,-0.43,-0.42,True,,
s1_n12_slot12,1,12,12,degenerate_tie,False,False,0,0,-0.42,-0.41,True,,
s1_n12_slot12,1,12,12,degenerate_tie,False,False,0,0,-0.41,-0.4,True,,
s1_n12_slot12,1,12,12,degenerate_tie,False,False,0,0,-0.4,-0.39,True,,
s1_n12_slot12,1,12,12,degenerate_tie,False,False,0,0,-0.39,-0.38,True,,
s1_n12_slot12,1,12,12,degenerate_tie,False,False,1.421085472e-14,-1.421085472e-14,-0.35,-0.34,True,,
s1_n12_slot12,1,12,12,degenerate_tie,False,False,0,0,-0.34,-0.33,True,,
s1_n12_slot12,1,12,12,degenerate_tie,False,False,1.421085472e-14,1.421085472e-14,-0.33,-0.32,True,,
s1_n12_slot12,1,12,12,degenerate_tie,False,False,0,0,-0.32,-0.31,True,,
s1_n12_slot12,1,12,12,degenerate_tie,False,False,0,0,-0.31,-0.3,True,,
s1_n12_slot12,1,12,12,degenerate_tie,False,False,1.421085472e-14,-1.421085472e-14,-0.3,-0.29,True,,
s1_n12_slot12,1,12,12,degenerate_tie,False,False,4.344694318e-06,-4.344694318e-06,-0.29,-0.28,True,,
s1_n12_slot12,1,12,12,degenerate_tie,False,False,4.344694332e-06,4.344694332e-06,-0.28,-0.27,True,,
s1_n12_slot12,1,12,12,degenerate_tie,False,False,1.421085472e-14,-1.421085472e-14,-0.27,-0.26,True,,
s1_n12_slot12,1,12,12,degenerate_tie,False,False,1.421085472e-14,1.421085472e-14,-0.26,-0.25,True,,
s1_n12_slot12,1,12,12,degenerate_tie,False,False,1.421085472e-14,1.421085472e-14,-0.25,-0.24,True,,
s1_n12_slot12,1,12,12,degenerate_tie,False,False,1.421085472e-14,-1.421085472e-14,-0.24,-0.23,True,,
s1_n12_slot12,1,12,12,degenerate_tie,False,False,1.421085472e-14,1.421085472e-14,-0.23,-0.22,True,,
s1_n12_slot12,1,12,12,degenerate_tie,False,False,1.421085472e-14,-1.421085472e-14,-0.22,-0.21,True,,
s1_n12_slot12,1,12,12,degenerate_tie,False,False,0,0,-0.21,-0.2,True,,
s1_n12_slot12,1,12,12,degenerate_tie,False,False,0,0,-0.2,-0.19,True,,
s1_n12_slot12,1,12,12,degenerate_tie,False,False,0,0,-0.19,-0.18,True,,
s1_n12_slot12,1,12,12,degenerate_tie,False,False,0,0,-0.18,-0.17,True,,
s1_n12_slot12,1,12,12,degenerate_tie,False,False,0,0,-0.17,-0.16,True,,
s1_n12_slot12,1,12,12,degenerate_tie,False,False,0,0,-0.16,-0.15,True,,
s1_n12_slot12,1,12,12,degenerate_tie,False,False,0,0,-0.15,-0.14,True,,
s1_n12_slot12,1,12,12,degenerate_tie,False,False,0,0,-0.14,-0.13,True,,
s1_n12_slot12,1,12,12,degenerate_tie,False,False,1.421085472e-14,1.421085472e-14,-0.13,-0.12,True,,
s1_n12_slot12,1,12,12,degenerate_tie,False,False,1.421085472e-14,-1.421085472e-14,-0.12,-0.11,True,,
s1_n12_slot12,1,12,12,degenerate_tie,False,False,0,0,-0.11,-0.1,True,,
s1_n12_slot12,1,12,12,degenerate_tie,False,False,1.421085472e-14,1.421085472e-14,-0.1,-0.09,True,,
s1_n12_slot12,1,12,12,degenerate_tie,False,False,1.421085472e-14,-1.421085472e-14,-0.09,-0.08,True,,
s1_n12_slot12,1,12,12,duty_change,True,False,128.4,-64.2,-0.08,-0.07,True,0,0.01973256188
s1_n12_slot12,1,12,12,degenerate_tie,False,False,1.421085472e-14,0,-0.07,-0.06,True,,
s1_n12_slot12,1,12,12,degenerate_tie,False,False,1.421085472e-14,0,-0.06,-0.05,True,,
s1_n12_slot12,1,12,12,degenerate_tie,False,False,0,0,-0.05,-0.04,True,,
s1_n12_slot12,1,12,12,degenerate_tie,False,False,0,0,-0.04,-0.03,True,,
s1_n12_slot12,1,12,12,degenerate_tie,False,False,0,0,-0.03,-0.02,True,,
s1_n12_slot12,1,12,12,degenerate_tie,False,False,0,0,-0.02,-0.01,True,,
s1_n12_slot12,1,12,12,degenerate_tie,False,False,0,0,-0.01,1.33226763e-15,True,,
s1_n12_slot12,1,12,12,degenerate_tie,False,False,0,0,1.33226763e-15,0.01,True,,
s1_n12_slot12,1,12,12,degenerate_tie,False,False,1.421085472e-14,0,0.01,0.02,True,,
s1_n12_slot12,1,12,12,degenerate_tie,False,False,1.421085472e-14,0,0.03,0.04,True,,
s1_n12_slot12,1,12,12,degenerate_tie,False,False,0,0,0.04,0.05,True,,
s1_n12_slot12,1,12,12,degenerate_tie,False,False,1.421085472e-14,0,0.05,0.06,True,,
s1_n12_slot12,1,12,12,degenerate_tie,False,False,1.421085472e-14,0,0.06,0.07,True,,
s1_n12_slot12,1,12,12,degenerate_tie,False,False,0,0,0.07,0.08,True,,
s1_n12_slot12,1,12,12,degenerate_tie,False,False,1.421085472e-14,0,0.08,0.09,True,,
s1_n12_slot12,1,12,12,degenerate_tie,False,False,1.421085472e-14,0,0.09,0.1,True,,
s1_n12_slot12,1,12,12,degenerate_tie,False,False,1.421085472e-14,0,0.1,0.11,True,,
s1_n12_slot12,1,12,12,degenerate_tie,False,False,1.421085472e-14,0,0.11,0.12,True,,
s1_n12_slot12,1,12,12,degenerate_tie,False,False,0,0,0.12,0.13,True,,
s1_n12_slot12,1,12,12,degenerate_tie,False,False,1.421085472e-14,0,0.13,0.14,True,,
s1_n12_slot12,1,12,12,degenerate_tie,False,False,1.421085472e-14,0,0.14,0.15,True,,
s1_n12_slot12,1,12,12,degenerate_tie,False,False,0,0,0.16,0.17,True,,
s1_n12_slot12,1,12,12,degenerate_tie,False,False,0,0,0.17,0.18,True,,
s1_n12_slot12,1,12,12,degenerate_tie,False,False,1.421085472e-14,0,0.18,0.19,True,,
s1_n12_slot12,1,12,12,degenerate_tie,False,False,1.421085472e-14,0,0.19,0.2,True,,
s1_n12_slot12,1,12,12,duty_change,False,True,78.7,-11.5,0.2,0.21,True,0.08972370317,0.02527629683
s1_n12_slot12,1,12,12,charging_only,False,True,28,-14,0.21,0.22,False,,
s1_n12_slot16,1,12,16,degenerate_tie,False,False,0,0,-1.5,-1.49,True,,
s1_n12_slot16,1,12,16,degenerate_tie,False,False,0,0,-1.48,-1.47,True,,
s1_n12_slot16,1,12,16,degenerate_tie,False,False,0,0,-1.43,-1.42,True,,
s1_n12_slot16,1,12,16,degenerate_tie,False,False,0,0,-1.4,-1.39,True,,
s1_n12_slot16,1,12,16,degenerate_tie,False,False,0,0,-1.38,-1.37,True,,
s1_n12_slot16,1,12,16,duty_change,False,True,12,-12,-1.36,-1.35,True,0.001382817974,0.001617182027
s1_n12_slot16,1,12,16,duty_change,True,False,100.2,-42,-0.63,-0.62,True,0.4199587701,4.122986775e-05
s1_n12_slot16,1,12,16,degenerate_tie,False,False,0,0,-0.6,-0.59,True,,
s1_n12_slot16,1,12,16,degenerate_tie,False,False,0,0,-0.59,-0.58,True,,
s1_n12_slot16,1,12,16,degenerate_tie,False,False,0,0,-0.58,-0.57,True,,
s1_n12_slot16,1,12,16,degenerate_tie,False,False,0,0,-0.57,-0.56,True,,
s1_n12_slot16,1,12,16,degenerate_tie,False,False,0,0,-0.56,-0.55,True,,
s1_n12_slot16,1,12,16,degenerate_tie,False,False,0,0,-0.55,-0.54,True,,
s1_n12_slot16,1,12,16,degenerate_tie,False,False,0,0,-0.53,-0.52,True,,
s1_n12_slot16,1,12,16,degenerate_tie,False,False,0,0,-0.52,-0.51,True,,
s1_n12_slot16,1,12,16,degenerate_tie,False,False,0,0,-0.51,-0.5,True,,
s1_n12_slot16,1,12,16,degenerate_tie,False,False,0,0,-0.5,-0.49,True,,
s1_n12_slot16,1,12,16,degenerate_tie,False,False,0,0,-0.49,-0.48,True,,
s1_n12_slot16,1,12,16,degenerate_tie,False,False,0,0,-0.48,-0.47,True,,
s1_n12_slot16,1,12,16,degenerate_tie,False,False,0,0,-0.47,-0.46,True,,
s1_n12_slot16,1,12,16,degenerate_tie,False,False,0,0,-0.46,-0.45,True,,
s1_n12_slot16,1,12,16,degenerate_tie,False,False,0,0,-0.44,-0.43,True,,
s1_n12_slot16,1,12,16,degenerate_tie,False,False,0,0,-0.43,-0.42,True,,
s1_n12_slot16,1,12,16,degenerate_tie,False,False,0,0,-0.42,-0.41,True,,
s1_n12_slot16,1,12,16,degenerate_tie,False,False,0,0,-0.39,-0.38,True,,
s1_n12_slot16,1,12,16,degenerate_tie,False,False,0,0,-0.38,-0.37,True,,
s1_n12_slot16,1,12,16,degenerate_tie,False,False,0,0,-0.37,-0.36,True,,
s1_n12_slot16,1,12,16,degenerate_tie,False,False,0,0,-0.36,-0.35,True,,
s1_n12_slot16,1,12,16,degenerate_tie,False,False,0,0,-0.33,-0.32,True,,
s1_n12_slot16,1,12,16,degenerate_tie,False,False,0,0,-0.32,-0.31,True,,
s1_n12_slot16,1,12,16,degenerate_tie,False,False,0,0,-0.29,-0.28,True,,
s1_n12_slot16,1,12,16,degenerate_tie,False,False,0,0,-0.28,-0.27,True,,
s1_n12_slot16,1,12,16,degenerate_tie,False,False,0,0,-0.27,-0.26,True,,
s1_n12_slot16,1,12,16,degenerate_tie,False,False,0,0,-0.26,-0.25,True,,
s1_n12_slot16,1,12,16,degenerate_tie,False,False,0,0,-0.25,-0.24,True,,
s1_n12_slot16,1,12,16,degenerate_tie,False,False,0,0,-0.24,-0.23,True,,
s1_n12_slot16,1,12,16,degenerate_tie,False,False,0,0,-0.22,-0.21,True,,
s1_n12_slot16,1,12,16,degenerate_tie,False,False,0,0,-0.21,-0.2,True,,
s1_n12_slot16,1,12,16,degenerate_tie,False,False,0,0,-0.2,-0.19,True,,
s1_n12_slot16,1,12,16,degenerate_tie,False,False,0,0,-0.19,-0.18,True,,
s1_n12_slot16,1,12,16,degenerate_tie,False,False,0,0,-0.18,-0.17,True,,
s1_n12_slot16,1,12,16,degenerate_tie,False,False,0,0,-0.17,-0.16,True,,
s1_n12_slot16,1,12,16,degenerate_tie,False,False,0,0,-0.16,-0.15,True,,
s1_n12_slot16,1,12,16,degenerate_tie,False,False,0,0,-0.15,-0.14,True,,
s1_n12_slot16,1,12,16,degenerate_tie,False,False,0,0,-0.13,-0.12,True,,
s1_n12_slot16,1,12,16,degenerate_tie,False,False,0,0,-0.12,-0.11,True,,
s1_n12_slot16,1,12,16,degenerate_tie,False,False,0,0,-0.11,-0.1,True,,
s1_n12_slot16,1,12,16,degenerate_tie,False,False,0,0,-0.1,-0.09,True,,
s1_n12_slot16,1,12,16,degenerate_tie,False,False,0,0,-0.09,-0.08,True,,
s1_n12_slot16,1,12,16,degenerate_tie,False,False,0,0,-0.08,-0.07,True,,
s1_n12_slot16,1,12,16,degenerate_tie,False,False,0,0,-0.07,-0.06,True,,
s1_n12_slot16,1,12,16,degenerate_tie,False,False,0,0,-0.06,-0.05,True,,
s1_n12_slot16,1,12,16,degenerate_tie,False,False,0,0,-0.04,-0.03,True,,
s1_n12_slot16,1,12,16,degenerate_tie,False,False,0,0,-0.02,-0.01,True,,
s1_n12_slot16,1,12,16,degenerate_tie,False,False,0,0,-0.01,1.33226763e-15,True,,
s1_n12_slot16,1,12,16,degenerate_tie,False,False,0,0,1.33226763e-15,0.01,True,,
s1_n12_slot16,1,12,16,degenerate_tie,False,False,0,0,0.01,0.02,True,,
s1_n12_slot16,1,12,16,degenerate_tie,False,False,0,0,0.02,0.03,True,,
s1_n12_slot16,1,12,16,degenerate_tie,False,False,0,0,0.03,0.04,True,,
s1_n12_slot16,1,12,16,degenerate_tie,False,False,0,0,0.04,0.05,True,,
s1_n12_slot16,1,12,16,degenerate_tie,False,False,0,0,0.05,0.06,True,,
s1_n12_slot16,1,12,16,degenerate_tie,False,False,0,0,0.06,0.07,True,,
s1_n12_slot16,1,12,16,degenerate_tie,False,False,0,0,0.07,0.08,True,,
s1_n12_slot16,1,12,16,degenerate_tie,False,False,0,0,0.08,0.09,True,,
s1_n12_slot16,1,12,16,degenerate_tie,False,False,0,0,0.09,0.1,True,,
s1_n12_slot16,1,12,16,degenerate_tie,False,False,0,0,0.1,0.11,True,,
s1_n12_slot16,1,12,16,degenerate_tie,False,False,0,0,0.11,0.12,True,,
s1_n12_slot16,1,12,16,degenerate_tie,False,False,0,0,0.12,0.13,True,,
s1_n12_slot16,1,12,16,degenerate_tie,False,False,0,0,0.13,0.14,True,,
s1_n12_slot16,1,12,16,degenerate_tie,False,False,0,0,0.14,0.15,True,,
s1_n12_slot16,1,12,16,degenerate_tie,False,False,0,0,0.15,0.16,True,,
s1_n12_slot16,1,12,16,degenerate_tie,False,False,0,0,0.16,0.17,True,,
s1_n12_slot16,1,12,16,degenerate_tie,False,False,0,0,0.17,0.18,True,,
s1_n12_slot16,1,12,16,degenerate_tie,False,False,0,0,0.19,0.2,True,,
s1_n12_slot16,1,12,16,degenerate_tie,False,False,0,0,0.2,0.21,True,,
s1_n12_slot16,1,12,16,degenerate_tie,False,False,0,0,0.21,0.22,True,,
s1_n12_slot16,1,12,16,degenerate_tie,False,False,0,0,0.22,0.23,True,,
s1_n12_slot16,1,12,16,degenerate_tie,False,False,0,0,0.23,0.24,True,,
s1_n12_slot16,1,12,16,degenerate_tie,False,False,0,0,0.24,0.25,True,,
s1_n12_slot16,1,12,16,degenerate_tie,False,False,0,0,0.25,0.26,True,,
s1_n12_slot16,1,12,16,degenerate_tie,False,False,0,0,0.26,0.27,True,,
s1_n12_slot16,1,12,16,degenerate_tie,False,False,0,0,0.27,0.28,True,,
s1_n12_slot16,1,12,16,degenerate_tie,False,False,0,0,0.28,0.29,True,,
s1_n12_slot16,1,12,16,degenerate_tie,False,False,0,0,0.29,0.3,True,,
s1_n12_slot16,1,12,16,degenerate_tie,False,False,0,0,0.3,0.31,True,,
s1_n12_slot16,1,12,16,degenerate_tie,False,False,0,0,0.31,0.32,True,,
s1_n12_slot16,1,12,16,degenerate_tie,False,False,0,0,0.32,0.33,True,,
s1_n12_slot16,1,12,16,degenerate_tie,False,False,0,0,0.33,0.34,True,,
s1_n12_slot16,1,12,16,degenerate_tie,False,False,0,0,0.36,0.37,True,,
s1_n12_slot16,1,12,16,degenerate_tie,False,False,0,0,0.37,0.38,True,,
s1_n12_slot16,1,12,16,degenerate_tie,False,False,0,0,0.38,0.39,True,,
s1_n12_slot16,1,12,16,degenerate_tie,False,False,0,0,0.4,0.41,True,,
s1_n12_slot16,1,12,16,degenerate_tie,False,False,0,0,0.41,0.42,True,,
s1_n12_slot16,1,12,16,degenerate_tie,False,False,0,0,0.42,0.43,True,,
s1_n12_slot16,1,12,16,degenerate_tie,False,False,0,0,0.43,0.44,True,,
s1_n12_slot16,1,12,16,degenerate_tie,False,False,0,0,0.44,0.45,True,,
s1_n12_slot16,1,12,16,degenerate_tie,False,False,0,0,0.45,0.46,True,,
s1_n12_slot16,1,12,16,degenerate_tie,False,False,0,0,0.49,0.5,True,,
s1_n12_slot16,1,12,16,degenerate_tie,False,False,0,0,0.5,0.51,True,,
s1_n12_slot16,1,12,16,degenerate_tie,False,False,0,0,0.51,0.52,True,,
s1_n12_slot16,1,12,16,degenerate_tie,False,False,0,0,0.53,0.54,True,,
s1_n12_slot16,1,12,16,degenerate_tie,False,False,0,0,0.54,0.55,True,,
s1_n12_slot16,1,12,16,degenerate_tie,False,False,0,0,0.55,0.56,True,,
s1_n12_slot16,1,12,16,degenerate_tie,False,False,0,0,0.59,0.6,True,,
s1_n12_slot16,1,12,16,degenerate_tie,False,False,0,0,0.61,0.62,True,,
s1_n12_slot16,1,12,16,degenerate_tie,False,False,0,0,0.62,0.63,True,,
s1_n12_slot16,1,12,16,degenerate_tie,False,False,0,0,0.63,0.64,True,,
s1_n12_slot16,1,12,16,degenerate_tie,False,False,0,0,0.64,0.65,True,,
s1_n12_slot16,1,12,16,degenerate_tie,False,False,0,0,0.65,0.66,True,,
s1_n12_slot16,1,12,16,degenerate_tie,False,False,0,0,0.66,0.67,True,,
s1_n12_slot16,1,12,16,degenerate_tie,False,False,0,0,0.67,0.68,True,,
s1_n12_slot16,1,12,16,degenerate_tie,False,False,0,0,0.68,0.69,True,,
s1_n12_slot16,1,12,16,degenerate_tie,False,False,0,0,0.7,0.71,True,,
s1_n12_slot16,1,12,16,degenerate_tie,False,False,0,0,0.71,0.72,True,,
s1_n12_slot16,1,12,16,degenerate_tie,False,False,0,0,0.73,0.74,True,,
s1_n12_slot16,1,12,16,degenerate_tie,False,False,0,0,0.74,0.75,True,,
s1_n12_slot16,1,12,16,degenerate_tie,False,False,0,0,0.75,0.76,True,,
s1_n12_slot16,1,12,16,degenerate_tie,False,False,0,0,0.76,0.77,True,,
s1_n12_slot16,1,12,16,degenerate_tie,False,False,0,0,0.77,0.78,True,,
s1_n12_slot16,1,12,16,degenerate_tie,False,False,0,0,0.78,0.79,True,,
s1_n12_slot16,1,12,16,degenerate_tie,False,False,0,0,0.79,0.8,True,,
s1_n12_slot16,1,12,16,degenerate_tie,False,False,0,0,0.8,0.81,True,,
s1_n12_slot16,1,12,16,degenerate_tie,False,False,0,0,0.81,0.82,True,,
s1_n12_slot16,1,12,16,degenerate_tie,False,False,0,0,0.83,0.84,True,,
s1_n12_slot16,1,12,16,degenerate_tie,False,False,0,0,0.85,0.86,True,,
s1_n12_slot16,1,12,16,degenerate_tie,False,False,0,0,0.86,0.87,True,,
s1_n12_slot16,1,12,16,degenerate_tie,False,False,0,0,0.87,0.88,True,,
s1_n12_slot16,1,12,16,degenerate_tie,False,False,0,0,0.88,0.89,True,,
s1_n12_slot16,1,12,16,degenerate_tie,False,False,0,0,0.89,0.9,True,,
s1_n12_slot16,1,12,16,degenerate_tie,False,False,0,0,0.9,0.91,True,,
s1_n12_slot16,1,12,16,degenerate_tie,False,False,0,0,0.91,0.92,True,,
s1_n12_slot16,1,12,16,degenerate_tie,False,False,0,0,0.92,0.93,True,,
s1_n12_slot16,1,12,16,degenerate_tie,False,False,0,0,0.93,0.94,True,,
s1_n12_slot16,1,12,16,degenerate_tie,False,False,0,0,0.94,0.95,True,,
s1_n12_slot16,1,12,16,degenerate_tie,False,False,0,0,0.95,0.96,True,,
s1_n12_slot16,1,12,16,degenerate_tie,False,False,0,0,0.96,0.97,True,,
s1_n12_slot16,1,12,16,degenerate_tie,False,False,0,0,0.97,0.98,True,,
s1_n12_slot16,1,12,16,degenerate_tie,False,False,0,0,0.98,0.99,True,,
s1_n12_slot16,1,12,16,degenerate_tie,False,False,0,0,0.99,1,True,,
s1_n12_slot16,1,12,16,degenerate_tie,False,False,0,0,1.01,1.02,True,,
s1_n12_slot16,1,12,16,degenerate_tie,False,False,0,0,1.05,1.06,True,,
s1_n12_slot16,1,12,16,degenerate_tie,False,False,0,0,1.06,1.07,True,,
s1_n12_slot16,1,12,16,degenerate_tie,False,False,0,0,1.07,1.08,True,,
s1_n12_slot16,1,12,16,degenerate_tie,False,False,0,0,1.08,1.09,True,,
s1_n12_slot16,1,12,16,degenerate_tie,False,False,0,0,1.11,1.12,True,,
s1_n12_slot16,1,12,16,degenerate_tie,False,False,0,0,1.12,1.13,True,,
s1_n12_slot16,1,12,16,degenerate_tie,False,False,0,0,1.13,1.14,True,,
s1_n12_slot16,1,12,16,degenerate_tie,False,False,0,0,1.14,1.15,True,,
s1_n12_slot16,1,12,16,degenerate_tie,False,False,0,0,1.16,1.17,True,,
s1_n12_slot16,1,12,16,degenerate_tie,False,False,0,0,1.17,1.18,True,,
s1_n12_slot16,1,12,16,degenerate_tie,False,False,0,0,1.18,1.19,True,,
s1_n12_slot16,1,12,16,degenerate_tie,False,False,0,0,1.19,1.2,True,,
s1_n12_slot16,1,12,16,degenerate_tie,False,False,0,0,1.21,1.22,True,,
s1_n12_slot16,1,12,16,degenerate_tie,False,False,0,0,1.22,1.23,True,,
s1_n12_slot16,1,12,16,degenerate_tie,False,False,0,0,1.25,1.26,True,,
s1_n12_slot16,1,12,16,degenerate_tie,False,False,0,0,1.26,1.27,True,,
s1_n12_slot16,1,12,16,degenerate_tie,False,False,0,0,1.27,1.28,True,,
s1_n12_slot16,1,12,16,degenerate_tie,False,False,0,0,1.29,1.3,True,,
s1_n12_slot16,1,12,16,degenerate_tie,False,False,0,0,1.3,1.31,True,,
s1_n12_slot16,1,12,16,degenerate_tie,False,False,0,0,1.31,1.32,True,,
s1_n12_slot16,1,12,16,degenerate_tie,False,False,0,0,1.32,1.33,True,,
s1_n12_slot16,1,12,16,degenerate_tie,False,False,0,0,1.33,1.34,True,,
s1_n12_slot16,1,12,16,degenerate_tie,False,False,0,0,1.34,1.35,True,,
s1_n12_slot16,1,12,16,degenerate_tie,False,False,0,0,1.35,1.36,True,,
s1_n12_slot16,1,12,16,degenerate_tie,False,False,0,0,1.37,1.38,True,,
s1_n12_slot16,1,12,16,degenerate_tie,False,False,0,0,1.38,1.39,True,,
s1_n12_slot16,1,12,16,degenerate_tie,False,False,0,0,1.39,1.4,True,,
s1_n12_slot16,1,12,16,degenerate_tie,False,False,0,0,1.4,1.41,True,,
s1_n12_slot16,1,12,16,degenerate_tie,False,False,0,0,1.42,1.43,True,,
s1_n12_slot16,1,12,16,degenerate_tie,False,False,0,0,1.43,1.44,True,,
s1_n12_slot16,1,12,16,degenerate_tie,False,False,0,0,1.46,1.47,True,,
s1_n12_slot16,1,12,16,degenerate_tie,False,False,0,0,1.48,1.49,True,,
s1_n12_slot16,1,12,16,degenerate_tie,False,False,0,0,1.49,1.5,True,,
s2_n12_slot8,2,12,8,charging_only,False,True,23,-11.5,-1.03,-1.02,False,,
s2_n12_slot8,2,12,8,duty_change,False,True,30.8,-15.4,-0.73,-0.72,True,0.04980006242,0.1041999376
s2_n12_slot8,2,12,8,charging_only,False,True,22,-11,-0.08,-0.07,False,,
s2_n12_slot12,2,12,12,charging_only,False,True,10.8,-10.8,-0.83,-0.82,False,,
s2_n12_slot12,2,12,12,duty_change,False,True,168.6,-53.6,-0.28,-0.27,True,0.4618873485,0.0741126515
s2_n12_slot12,2,12,12,charging_only,False,True,86.4,-43.2,-0.08,-0.07,False,,
s2_n12_slot16,2,12,16,degenerate_tie,False,False,0,0,-1.47,-1.46,True,,
s2_n12_slot16,2,12,16,degenerate_tie,False,False,0,0,-1.44,-1.43,True,,
s2_n12_slot16,2,12,16,degenerate_tie,False,False,0,0,-1.41,-1.4,True,,
s2_n12_slot16,2,12,16,degenerate_tie,False,False,0,0,-1.4,-1.39,True,,
s2_n12_slot16,2,12,16,degenerate_tie,False,False,0,0,-1.39,-1.38,True,,
s2_n12_slot16,2,12,16,degenerate_tie,False,False,0,0,-1.38,-1.37,True,,
s2_n12_slot16,2,12,16,duty_change,True,False,25,-25,-1.36,-1.35,True,0,0
s2_n12_slot16,2,12,16,duty_change,True,False,126.4,-63.2,-0.61,-0.6,True,0,0.01731114406
s2_n12_slot16,2,12,16,charging_only,False,True,39.6,-19.8,-0.53,-0.52,False,,
s2_n12_slot20,2,12,20,charging_only,False,True,31.5,-31.5,-1.49,-1.48,False,,
s2_n12_slot20,2,12,20,degenerate_tie,False,False,6.874073845e-05,-2.249007115e-05,-1.45,-1.44,True,,
s2_n12_slot20,2,12,20,degenerate_tie,False,False,3.308792688e-05,2.410093911e-05,-1.43,-1.42,True,,
s2_n12_slot20,2,12,20,degenerate_tie,False,False,2.331356072e-05,-2.331356072e-05,-1.39,-1.38,True,,
s2_n12_slot20,2,12,20,degenerate_tie,False,False,2.331356072e-05,2.331356072e-05,-1.38,-1.37,True,,
s2_n12_slot20,2,12,20,degenerate_tie,False,False,2.330722141e-05,-2.330722141e-05,-1.36,-1.35,True,,
s2_n12_slot20,2,12,20,degenerate_tie,False,False,2.330722141e-05,2.330722141e-05,-1.35,-1.34,True,,
s2_n12_slot20,2,12,20,degenerate_tie,False,False,2.410093918e-05,-2.410093918e-05,-1.24,-1.23,True,,
s2_n12_slot20,2,12,20,degenerate_tie,False,False,2.41009391e-05,2.41009391e-05,-1.21,-1.2,True,,
s2_n12_slot20,2,12,20,degenerate_tie,False,False,2.410093905e-05,-2.410093905e-05,-1.2,-1.19,True,,
s2_n12_slot20,2,12,20,degenerate_tie,False,False,2.410093905e-05,2.410093905e-05,-1.19,-1.18,True,,
s2_n12_slot20,2,12,20,duty_change,False,True,195.8,-22.5,-1.15,-1.14,True,0.1658871963,0.05911280375
s3_n12_slot8,3,12,8,charging_only,False,True,63.6,-31.8,-1.03,-1.02,False,,
s3_n12_slot12,3,12,12,degenerate_tie,False,False,0,0,-1.5,-1.49,True,,
s3_n12_slot12,3,12,12,degenerate_tie,False,False,0,0,-1.49,-1.48,True,,
s3_n12_slot12,3,12,12,degenerate_tie,False,False,0,0,-1.48,-1.47,True,,
s3_n12_slot12,3,12,12,degenerate_tie,False,False,0,0,-1.47,-1.46,True,,
s3_n12_slot12,3,12,12,degenerate_tie,False,False,0,0,-1.46,-1.45,True,,
s3_n12_slot12,3,12,12,degenerate_tie,False,False,0,0,-1.45,-1.44,True,,
s3_n12_slot12,3,12,12,degenerate_tie,False,False,0,0,-1.44,-1.43,True,,
s3_n12_slot12,3,12,12,degenerate_tie,False,False,0,0,-1.43,-1.42,True,,
s3_n12_slot12,3,12,12,degenerate_tie,False,False,0,0,-1.42,-1.41,True,,
s3_n12_slot12,3,12,12,degenerate_tie,False,False,0,0,-1.41,-1.4,True,,
s3_n12_slot12,3,12,12,degenerate_tie,False,False,0,0,-1.4,-1.39,True,,
s3_n12_slot12,3,12,12,degenerate_tie,False,False,0,0,-1.39,-1.38,True,,
s3_n12_slot12,3,12,12,degenerate_tie,False,False,0,0,-1.38,-1.37,True,,
s3_n12_slot12,3,12,12,degenerate_tie,False,False,0,0,-1.36,-1.35,True,,
s3_n12_slot12,3,12,12,degenerate_tie,False,False,0,0,-1.35,-1.34,True,,
s3_n12_slot12,3,12,12,degenerate_tie,False,False,0,0,-1.34,-1.33,True,,
s3_n12_slot12,3,12,12,degenerate_tie,False,False,0,0,-1.33,-1.32,True,,
s3_n12_slot12,3,12,12,degenerate_tie,False,False,0,0,-1.32,-1.31,True,,
s3_n12_slot12,3,12,12,degenerate_tie,False,False,0,0,-1.31,-1.3,True,,
s3_n12_slot12,3,12,12,degenerate_tie,False,False,0,0,-1.3,-1.29,True,,
s3_n12_slot12,3,12,12,degenerate_tie,False,False,0,0,-1.29,-1.28,True,,
s3_n12_slot12,3,12,12,degenerate_tie,False,False,0,0,-1.28,-1.27,True,,
s3_n12_slot12,3,12,12,degenerate_tie,False,False,0,0,-1.27,-1.26,True,,
s3_n12_slot12,3,12,12,degenerate_tie,False,False,0,0,-1.26,-1.25,True,,
s3_n12_slot12,3,12,12,degenerate_tie,False,False,0,0,-1.25,-1.24,True,,
s3_n12_slot12,3,12,12,degenerate_tie,False,False,0,0,-1.24,-1.23,True,,
s3_n12_slot12,3,12,12,degenerate_tie,False,False,0,0,-1.23,-1.22,True,,
s3_n12_slot12,3,12,12,degenerate_tie,False,False,0,0,-1.22,-1.21,True,,
s3_n12_slot12,3,12,12,degenerate_tie,False,False,0,0,-1.21,-1.2,True,,
s3_n12_slot12,3,12,12,degenerate_tie,False,False,0,0,-1.2,-1.19,True,,
s3_n12_slot12,3,12,12,degenerate_tie,False,False,0,0,-1.19,-1.18,True,,
s3_n12_slot12,3,12,12,degenerate_tie,False,False,0,0,-1.18,-1.17,True,,
s3_n12_slot12,3,12,12,degenerate_tie,False,False,0,0,-1.17,-1.16,True,,
s3_n12_slot12,3,12,12,degenerate_tie,False,False,0,0,-1.16,-1.15,True,,
s3_n12_slot12,3,12,12,degenerate_tie,False,False,0,0,-1.15,-1.14,True,,
s3_n12_slot12,3,12,12,degenerate_tie,False,False,0,0,-1.14,-1.13,True,,
s3_n12_slot12,3,12,12,degenerate_tie,False,False,0,0,-1.13,-1.12,True,,
s3_n12_slot12,3,12,12,degenerate_tie,False,False,0,0,-1.12,-1.11,True,,
s3_n12_slot12,3,12,12,degenerate_tie,False,False,0,0,-1.11,-1.1,True,,
s3_n12_slot12,3,12,12,degenerate_tie,False,False,0,0,-1.1,-1.09,True,,
s3_n12_slot12,3,12,12,degenerate_tie,False,False,0,0,-1.09,-1.08,True,,
s3_n12_slot12,3,12,12,degenerate_tie,False,False,0,0,-1.08,-1.07,True,,
s3_n12_slot12,3,12,12,degenerate_tie,False,False,0,0,-1.07,-1.06,True,,
s3_n12_slot12,3,12,12,degenerate_tie,False,False,0,0,-1.06,-1.05,True,,
s3_n12_slot12,3,12,12,degenerate_tie,False,False,0,0,-1.05,-1.04,True,,
s3_n12_slot12,3,12,12,degenerate_tie,False,False,0,0,-1.04,-1.03,True,,
s3_n12_slot12,3,12,12,degenerate_tie,False,False,0,0,-1.03,-1.02,True,,
s3_n12_slot12,3,12,12,degenerate_tie,False,False,0,0,-1.02,-1.01,True,,
s3_n12_slot12,3,12,12,degenerate_tie,False,False,0,0,-1.01,-1,True,,
s3_n12_slot12,3,12,12,degenerate_tie,False,False,0,0,-1,-0.99,True,,
s3_n12_slot12,3,12,12,degenerate_tie,False,False,0,0,-0.99,-0.98,True,,
s3_n12_slot12,3,12,12,degenerate_tie,False,False,0,0,-0.98,-0.97,True,,
s3_n12_slot12,3,12,12,degenerate_tie,False,False,0,0,-0.96,-0.95,True,,
s3_n12_slot12,3,12,12,degenerate_tie,False,False,0,0,-0.95,-0.94,True,,
s3_n12_slot12,3,12,12,degenerate_tie,False,False,0,0,-0.94,-0.93,True,,
s3_n12_slot12,3,12,12,degenerate_tie,False,False,0,0,-0.93,-0.92,True,,
s3_n12_slot12,3,12,12,degenerate_tie,False,False,0,0,-0.92,-0.91,True,,
s3_n12_slot12,3,12,12,degenerate_tie,False,False,0,0,-0.91,-0.9,True,,
s3_n12_slot12,3,12,12,degenerate_tie,False,False,0,0,-0.9,-0.89,True,,
s3_n12_slot12,3,12,12,degenerate_tie,False,False,0,0,-0.89,-0.88,True,,
s3_n12_slot12,3,12,12,degenerate_tie,False,False,0,0,-0.88,-0.87,True,,
s3_n12_slot12,3,12,12,degenerate_tie,False,False,0,0,-0.87,-0.86,True,,
s3_n12_slot12,3,12,12,degenerate_tie,False,False,0,0,-0.86,-0.85,True,,
s3_n12_slot12,3,12,12,degenerate_tie,False,False,0,0,-0.85,-0.84,True,,
s3_n12_slot12,3,12,12,degenerate_tie,False,False,0,0,-0.84,-0.83,True,,
s3_n12_slot12,3,12,12,duty_change,True,False,25.7,-25.7,-0.83,-0.82,True,0,0.02586533016
s3_n12_slot12,3,12,12,degenerate_tie,False,False,0,0,-0.82,-0.81,True,,
s3_n12_slot12,3,12,12,degenerate_tie,False,False,0,0,-0.81,-0.8,True,,
s3_n12_slot12,3,12,12,degenerate_tie,False,False,0,0,-0.79,-0.78,True,,
s3_n12_slot12,3,12,12,degenerate_tie,False,False,0,0,-0.78,-0.77,True,,
s3_n12_slot12,3,12,12,degenerate_tie,False,False,0,0,-0.77,-0.76,True,,
s3_n12_slot12,3,12,12,degenerate_tie,False,False,0,0,-0.75,-0.74,True,,
s3_n12_slot12,3,12,12,degenerate_tie,False,False,0,0,-0.74,-0.73,True,,
s3_n12_slot12,3,12,12,degenerate_tie,False,False,3.501097353e-05,3.501097353e-05,-0.71,-0.7,True,,
s3_n12_slot12,3,12,12,degenerate_tie,False,False,0,0,-0.69,-0.68,True,,
s3_n12_slot12,3,12,12,degenerate_tie,False,False,0,0,-0.68,-0.67,True,,
s3_n12_slot12,3,12,12,degenerate_tie,False,False,0,0,-0.67,-0.66,True,,
s3_n12_slot12,3,12,12,degenerate_tie,False,False,0,0,-0.65,-0.64,True,,
s3_n12_slot12,3,12,12,degenerate_tie,False,False,0,0,-0.64,-0.63,True,,
s3_n12_slot12,3,12,12,degenerate_tie,False,False,0,0,-0.63,-0.62,True,,
s3_n12_slot12,3,12,12,degenerate_tie,False,False,0,0,-0.62,-0.61,True,,
s3_n12_slot12,3,12,12,degenerate_tie,False,False,0,0,-0.61,-0.6,True,,
s3_n12_slot12,3,12,12,degenerate_tie,False,False,0,0,-0.59,-0.58,True,,
s3_n12_slot12,3,12,12,degenerate_tie,False,False,0,0,-0.58,-0.57,True,,
s3_n12_slot12,3,12,12,degenerate_tie,False,False,0,0,-0.57,-0.56,True,,
s3_n12_slot12,3,12,12,degenerate_tie,False,False,0,0,-0.54,-0.53,True,,
s3_n12_slot12,3,12,12,degenerate_tie,False,False,0,0,-0.53,-0.52,True,,
s3_n12_slot12,3,12,12,degenerate_tie,False,False,0,0,-0.51,-0.5,True,,
s3_n12_slot12,3,12,12,degenerate_tie,False,False,0,0,-0.5,-0.49,True,,
s3_n12_slot12,3,12,12,degenerate_tie,False,False,0,0,-0.49,-0.48,True,,
s3_n12_slot12,3,12,12,duty_change,False,True,54,-27.6,-0.48,-0.47,True,0.2548732051,0.02112894006
s3_n12_slot12,3,12,12,charging_only,False,True,63.6,-31.8,-0.08,-0.07,False,,
s3_n12_slot16,3,12,16,degenerate_tie,False,False,0,0,-1.49,-1.48,True,,
s3_n12_slot16,3,12,16,degenerate_tie,False,False,0,0,-1.48,-1.47,True,,
s3_n12_slot16,3,12,16,degenerate_tie,False,False,0,0,-1.47,-1.46,True,,
s3_n12_slot16,3,12,16,degenerate_tie,False,False,0,0,-1.46,-1.45,True,,
s3_n12_slot16,3,12,16,degenerate_tie,False,False,0,0,-1.44,-1.43,True,,
s3_n12_slot16,3,12,16,degenerate_tie,False,False,0,0,-1.43,-1.42,True,,
s3_n12_slot16,3,12,16,degenerate_tie,False,False,0,0,-1.42,-1.41,True,,
s3_n12_slot16,3,12,16,degenerate_tie,False,False,0,0,-1.4,-1.39,True,,
s3_n12_slot16,3,12,16,degenerate_tie,False,False,0,0,-1.38,-1.37,True,,
s3_n12_slot16,3,12,16,degenerate_tie,False,False,0,0,-1.37,-1.36,True,,
s3_n12_slot16,3,12,16,duty_change,False,True,29.1,-29.1,-1.36,-1.35,True,0.03457044933,0.04042955067
s3_n12_slot16,3,12,16,degenerate_tie,False,False,0,0,-1.35,-1.34,True,,
s3_n12_slot16,3,12,16,degenerate_tie,False,False,0,0,-1.31,-1.3,True,,
s3_n12_slot16,3,12,16,degenerate_tie,False,False,0,0,-1.23,-1.22,True,,
s3_n12_slot16,3,12,16,degenerate_tie,False,False,0,0,-1.15,-1.14,True,,
s3_n12_slot16,3,12,16,degenerate_tie,False,False,0,0,-1.14,-1.13,True,,
s3_n12_slot16,3,12,16,degenerate_tie,False,False,0,0,-1.13,-1.12,True,,
s3_n12_slot16,3,12,16,degenerate_tie,False,False,0,0,-1.12,-1.11,True,,
s3_n12_slot16,3,12,16,degenerate_tie,False,False,0,0,-1.11,-1.1,True,,
s3_n12_slot16,3,12,16,degenerate_tie,False,False,0,0,-1.09,-1.08,True,,
s3_n12_slot16,3,12,16,degenerate_tie,False,False,0,0,-1.04,-1.03,True,,
s3_n12_slot16,3,12,16,degenerate_tie,False,False,0,0,-1.03,-1.02,True,,
s3_n12_slot16,3,12,16,degenerate_tie,False,False,0,0,-0.92,-0.91,True,,
s3_n12_slot16,3,12,16,degenerate_tie,False,False,0,0,-0.9,-0.89,True,,
s3_n12_slot16,3,12,16,degenerate_tie,False,False,5.147176111e-05,-5.147176111e-05,-0.88,-0.87,True,,
s3_n12_slot16,3,12,16,degenerate_tie,False,False,5.147176111e-05,5.147176111e-05,-0.87,-0.86,True,,
s3_n12_slot16,3,12,16,degenerate_tie,False,False,0,0,-0.79,-0.78,True,,
s3_n12_slot16,3,12,16,degenerate_tie,False,False,1.421085472e-14,-1.421085472e-14,-0.77,-0.76,True,,
s3_n12_slot16,3,12,16,degenerate_tie,False,False,0,0,-0.75,-0.74,True,,
s3_n12_slot16,3,12,16,degenerate_tie,False,False,1.421085472e-14,1.421085472e-14,-0.73,-0.72,True,,
s3_n12_slot16,3,12,16,degenerate_tie,False,False,0,0,-0.7,-0.69,True,,
s3_n12_slot16,3,12,16,duty_change,False,True,62.1,-32.6,-0.68,-0.67,True,0.1160894868,0.2099105132
s3_n12_slot16,3,12,16,duty_change,False,True,57.4,-28.7,-0.54,-0.53,True,0.1728141831,0.1141858169
s4_n12_slot8,4,12,8,degenerate_tie,False,False,0,0,-1.5,-1.49,True,,
s4_n12_slot8,4,12,8,degenerate_tie,False,False,0,0,-1.49,-1.48,True,,
s4_n12_slot8,4,12,8,degenerate_tie,False,False,0,0,-1.47,-1.46,True,,
s4_n12_slot8,4,12,8,degenerate_tie,False,False,0,0,-1.46,-1.45,True,,
s4_n12_slot8,4,12,8,degenerate_tie,False,False,0,0,-1.42,-1.41,True,,
s4_n12_slot8,4,12,8,degenerate_tie,False,False,0,0,-1.36,-1.35,True,,
s4_n12_slot8,4,12,8,degenerate_tie,False,False,0,0,-1.34,-1.33,True,,
s4_n12_slot8,4,12,8,degenerate_tie,False,False,0,0,-1.33,-1.32,True,,
s4_n12_slot8,4,12,8,duty_change,False,True,24.6,-11.7,-1.28,-1.27,True,0.08768971836,0.02931028164
s4_n12_slot8,4,12,8,degenerate_tie,False,False,0,0,-1.24,-1.23,True,,
s4_n12_slot8,4,12,8,degenerate_tie,False,False,0,0,-1.22,-1.21,True,,
s4_n12_slot8,4,12,8,degenerate_tie,False,False,0,0,-1.21,-1.2,True,,
s4_n12_slot8,4,12,8,degenerate_tie,False,False,0,0,-1.2,-1.19,True,,
s4_n12_slot8,4,12,8,degenerate_tie,False,False,0,0,-1.14,-1.13,True,,
s4_n12_slot8,4,12,8,degenerate_tie,False,False,0,0,-1.09,-1.08,True,,
s4_n12_slot8,4,12,8,degenerate_tie,False,False,0,0,-1.08,-1.07,True,,
s4_n12_slot8,4,12,8,degenerate_tie,False,False,0,0,-1.07,-1.06,True,,
s4_n12_slot8,4,12,8,degenerate_tie,False,False,0,0,-1.05,-1.04,True,,
s4_n12_slot8,4,12,8,degenerate_tie,False,False,0,0,-1.03,-1.02,True,,
s4_n12_slot8,4,12,8,degenerate_tie,False,False,0,0,-1.02,-1.01,True,,
s4_n12_slot8,4,12,8,degenerate_tie,False,False,0,0,-1.01,-1,True,,
s4_n12_slot8,4,12,8,degenerate_tie,False,False,0,0,-1,-0.99,True,,
s4_n12_slot8,4,12,8,degenerate_tie,False,False,0,0,-0.97,-0.96,True,,
s4_n12_slot8,4,12,8,degenerate_tie,False,False,0,0,-0.96,-0.95,True,,
s4_n12_slot8,4,12,8,degenerate_tie,False,False,0,0,-0.9,-0.89,True,,
s4_n12_slot8,4,12,8,degenerate_tie,False,False,0,0,-0.87,-0.86,True,,
s4_n12_slot8,4,12,8,degenerate_tie,False,False,0,0,-0.85,-0.84,True,,
s4_n12_slot8,4,12,8,degenerate_tie,False,False,0,0,-0.78,-0.77,True,,
s4_n12_slot8,4,12,8,degenerate_tie,False,False,0,0,-0.77,-0.76,True,,
s4_n12_slot8,4,12,8,degenerate_tie,False,False,0,0,-0.73,-0.72,True,,
s4_n12_slot8,4,12,8,degenerate_tie,False,False,0,0,-0.71,-0.7,True,,
s4_n12_slot8,4,12,8,degenerate_tie,False,False,0,0,-0.7,-0.69,True,,
s4_n12_slot8,4,12,8,degenerate_tie,False,False,0,0,-0.69,-0.68,True,,
s4_n12_slot8,4,12,8,degenerate_tie,False,False,0,0,-0.64,-0.63,True,,
s4_n12_slot8,4,12,8,degenerate_tie,False,False,0,0,-0.63,-0.62,True,,
s4_n12_slot8,4,12,8,degenerate_tie,False,False,0,0,-0.6,-0.59,True,,
s4_n12_slot8,4,12,8,degenerate_tie,False,False,0,0,-0.59,-0.58,True,,
s4_n12_slot8,4,12,8,degenerate_tie,False,False,0,0,-0.58,-0.57,True,,
s4_n12_slot8,4,12,8,degenerate_tie,False,False,0,0,-0.57,-0.56,True,,
s4_n12_slot8,4,12,8,degenerate_tie,False,False,0,0,-0.56,-0.55,True,,
s4_n12_slot8,4,12,8,degenerate_tie,False,False,0,0,-0.55,-0.54,True,,
s4_n12_slot8,4,12,8,degenerate_tie,False,False,0,0,-0.53,-0.52,True,,
s4_n12_slot8,4,12,8,degenerate_tie,False,False,0,0,-0.52,-0.51,True,,
s4_n12_slot8,4,12,8,degenerate_tie,False,False,0,0,-0.51,-0.5,True,,
s4_n12_slot8,4,12,8,degenerate_tie,False,False,0,0,-0.5,-0.49,True,,
s4_n12_slot8,4,12,8,degenerate_tie,False,False,0,0,-0.49,-0.48,True,,
s4_n12_slot8,4,12,8,degenerate_tie,False,False,0,0,-0.48,-0.47,True,,
s4_n12_slot8,4,12,8,degenerate_tie,False,False,0,0,-0.47,-0.46,True,,
s4_n12_slot8,4,12,8,duty_change,False,True,73,-33.6,-0.45,-0.44,True,0.1974000707,0.1385999293
s4_n12_slot8,4,12,8,degenerate_tie,False,False,0,0,-0.35,-0.34,True,,
s4_n12_slot8,4,12,8,degenerate_tie,False,False,0,0,-0.34,-0.33,True,,
s4_n12_slot8,4,12,8,degenerate_tie,False,False,0,0,-0.33,-0.32,True,,
s4_n12_slot8,4,12,8,degenerate_tie,False,False,0,0,-0.29,-0.28,True,,
s4_n12_slot8,4,12,8,degenerate_tie,False,False,0,0,-0.28,-0.27,True,,
s4_n12_slot8,4,12,8,degenerate_tie,False,False,0,0,-0.19,-0.18,True,,
s4_n12_slot8,4,12,8,degenerate_tie,False,False,0,0,-0.16,-0.15,True,,
s4_n12_slot8,4,12,8,charging_only,False,True,14.8,-7.4,-0.14,-0.13,False,,
s4_n12_slot8,4,12,8,degenerate_tie,False,False,0,0,-0.12,-0.11,True,,
s4_n12_slot8,4,12,8,degenerate_tie,False,False,0,0,-0.11,-0.1,True,,
s4_n12_slot8,4,12,8,degenerate_tie,False,False,0,0,-0.05,-0.04,True,,
s4_n12_slot8,4,12,8,degenerate_tie,False,False,0,0,-0.03,-0.02,True,,
s4_n12_slot8,4,12,8,degenerate_tie,False,False,0,0,-0.02,-0.01,True,,
s4_n12_slot8,4,12,8,degenerate_tie,False,False,0,0,1.33226763e-15,0.01,True,,
s4_n12_slot8,4,12,8,degenerate_tie,False,False,0,0,0.01,0.02,True,,
s4_n12_slot8,4,12,8,degenerate_tie,False,False,0,0,0.02,0.03,True,,
s4_n12_slot8,4,12,8,degenerate_tie,False,False,0,0,0.03,0.04,True,,
s4_n12_slot8,4,12,8,degenerate_tie,False,False,0,0,0.04,0.05,True,,
s4_n12_slot8,4,12,8,degenerate_tie,False,False,0,0,0.13,0.14,True,,
s4_n12_slot8,4,12,8,degenerate_tie,False,False,0,0,0.14,0.15,True,,
s4_n12_slot8,4,12,8,degenerate_tie,False,False,0,0,0.15,0.16,True,,
s4_n12_slot8,4,12,8,degenerate_tie,False,False,0,0,0.17,0.18,True,,
s4_n12_slot8,4,12,8,degenerate_tie,False,False,0,0,0.18,0.19,True,,
s4_n12_slot8,4,12,8,degenerate_tie,False,False,0,0,0.2,0.21,True,,
s4_n12_slot8,4,12,8,degenerate_tie,False,False,0,0,0.26,0.27,True,,
s4_n12_slot8,4,12,8,degenerate_tie,False,False,0,0,0.27,0.28,True,,
s4_n12_slot8,4,12,8,degenerate_tie,False,False,0,0,0.31,0.32,True,,
s4_n12_slot8,4,12,8,degenerate_tie,False,False,0,0,0.33,0.34,True,,
s4_n12_slot8,4,12,8,degenerate_tie,False,False,0,0,0.37,0.38,True,,
s4_n12_slot8,4,12,8,degenerate_tie,False,False,0,0,0.38,0.39,True,,
s4_n12_slot8,4,12,8,degenerate_tie,False,False,0,0,0.39,0.4,True,,
s4_n12_slot8,4,12,8,degenerate_tie,False,False,0,0,0.41,0.42,True,,
s4_n12_slot8,4,12,8,degenerate_tie,False,False,0,0,0.43,0.44,True,,
s4_n12_slot8,4,12,8,degenerate_tie,False,False,0,0,0.46,0.47,True,,
s4_n12_slot8,4,12,8,degenerate_tie,False,False,0,0,0.49,0.5,True,,
s4_n12_slot8,4,12,8,degenerate_tie,False,False,0,0,0.5,0.51,True,,
s4_n12_slot8,4,12,8,degenerate_tie,False,False,0,0,0.53,0.54,True,,
s4_n12_slot8,4,12,8,degenerate_tie,False,False,0,0,0.58,0.59,True,,
s4_n12_slot8,4,12,8,degenerate_tie,False,False,0,0,0.59,0.6,True,,
s4_n12_slot8,4,12,8,degenerate_tie,False,False,0,0,0.62,0.63,True,,
s4_n12_slot8,4,12,8,degenerate_tie,False,False,0,0,0.64,0.65,True,,
s4_n12_slot8,4,12,8,degenerate_tie,False,False,0,0,0.75,0.76,True,,
s4_n12_slot8,4,12,8,degenerate_tie,False,False,0,0,0.77,0.78,True,,
s4_n12_slot8,4,12,8,degenerate_tie,False,False,0,0,0.79,0.8,True,,
s4_n12_slot8,4,12,8,degenerate_tie,False,False,0,0,0.8,0.81,True,,
s4_n12_slot8,4,12,8,degenerate_tie,False,False,0,0,0.81,0.82,True,,
s4_n12_slot8,4,12,8,degenerate_tie,False,False,0,0,0.82,0.83,True,,
s4_n12_slot8,4,12,8,degenerate_tie,False,False,0,0,0.83,0.84,True,,
s4_n12_slot8,4,12,8,degenerate_tie,False,False,0,0,0.84,0.85,True,,
s4_n12_slot8,4,12,8,degenerate_tie,False,False,0,0,0.86,0.87,True,,
s4_n12_slot8,4,12,8,degenerate_tie,False,False,0,0,0.87,0.88,True,,
s4_n12_slot8,4,12,8,degenerate_tie,False,False,0,0,0.88,0.89,True,,
s4_n12_slot8,4,12,8,degenerate_tie,False,False,0,0,0.89,0.9,True,,
s4_n12_slot8,4,12,8,degenerate_tie,False,False,0,0,0.9,0.91,True,,
s4_n12_slot8,4,12,8,degenerate_tie,False,False,0,0,0.92,0.93,True,,
s4_n12_slot8,4,12,8,degenerate_tie,False,False,0,0,0.93,0.94,True,,
s4_n12_slot8,4,12,8,degenerate_tie,False,False,0,0,0.95,0.96,True,,
s4_n12_slot8,4,12,8,degenerate_tie,False,False,0,0,1.18,1.19,True,,
s4_n12_slot8,4,12,8,degenerate_tie,False,False,0,0,1.19,1.2,True,,
s4_n12_slot8,4,12,8,degenerate_tie,False,False,0,0,1.27,1.28,True,,
s4_n12_slot8,4,12,8,degenerate_tie,False,False,0,0,1.28,1.29,True,,
s4_n12_slot8,4,12,8,degenerate_tie,False,False,0,0,1.31,1.32,True,,
s4_n12_slot8,4,12,8,degenerate_tie,False,False,0,0,1.33,1.34,True,,
s4_n12_slot8,4,12,8,degenerate_tie,False,False,0,0,1.34,1.35,True,,
s4_n12_slot8,4,12,8,degenerate_tie,False,False,0,0,1.38,1.39,True,,
s4_n12_slot8,4,12,8,degenerate_tie,False,False,0,0,1.39,1.4,True,,
s4_n12_slot8,4,12,8,degenerate_tie,False,False,0,0,1.41,1.42,True,,
s4_n12_slot8,4,12,8,degenerate_tie,False,False,0,0,1.44,1.45,True,,
s4_n12_slot8,4,12,8,degenerate_tie,False,False,0,0,1.45,1.46,True,,
s4_n12_slot8,4,12,8,degenerate_tie,False,False,0,0,1.47,1.48,True,,
s4_n12_slot12,4,12,12,degenerate_tie,False,False,0,0,-1.5,-1.49,True,,
s4_n12_slot12,4,12,12,degenerate_tie,False,False,0,0,-1.49,-1.48,True,,
s4_n12_slot12,4,12,12,degenerate_tie,False,False,0,0,-1.48,-1.47,True,,
s4_n12_slot12,4,12,12,degenerate_tie,False,False,0,0,-1.47,-1.46,True,,
s4_n12_slot12,4,12,12,degenerate_tie,False,False,0,0,-1.46,-1.45,True,,
s4_n12_slot12,4,12,12,degenerate_tie,False,False,0,0,-1.45,-1.44,True,,
s4_n12_slot12,4,12,12,degenerate_tie,False,False,0,0,-1.44,-1.43,True,,
s4_n12_slot12,4,12,12,degenerate_tie,False,False,0,0,-1.43,-1.42,True,,
s4_n12_slot12,4,12,12,degenerate_tie,False,False,9.999999975e-07,9.999999975e-07,-1.42,-1.41,True,,
s4_n12_slot12,4,12,12,degenerate_tie,False,False,9.999999975e-07,-9.999999975e-07,-1.41,-1.4,True,,
s4_n12_slot12,4,12,12,degenerate_tie,False,False,0,0,-1.4,-1.39,True,,
s4_n12_slot12,4,12,12,degenerate_tie,False,False,0,0,-1.39,-1.38,True,,
s4_n12_slot12,4,12,12,degenerate_tie,False,False,0,0,-1.38,-1.37,True,,
s4_n12_slot12,4,12,12,degenerate_tie,False,False,0,0,-1.37,-1.36,True,,
s4_n12_slot12,4,12,12,degenerate_tie,False,False,0,0,-1.36,-1.35,True,,
s4_n12_slot12,4,12,12,degenerate_tie,False,False,0,0,-1.35,-1.34,True,,
s4_n12_slot12,4,12,12,degenerate_tie,False,False,0,0,-1.33,-1.32,True,,
s4_n12_slot12,4,12,12,degenerate_tie,False,False,0,0,-1.32,-1.31,True,,
s4_n12_slot12,4,12,12,degenerate_tie,False,False,0,0,-1.31,-1.3,True,,
s4_n12_slot12,4,12,12,degenerate_tie,False,False,0,0,-1.3,-1.29,True,,
s4_n12_slot12,4,12,12,degenerate_tie,False,False,0,0,-1.29,-1.28,True,,
s4_n12_slot12,4,12,12,degenerate_tie,False,False,0,0,-1.28,-1.27,True,,
s4_n12_slot12,4,12,12,degenerate_tie,False,False,0,0,-1.27,-1.26,True,,
s4_n12_slot12,4,12,12,degenerate_tie,False,False,0,0,-1.26,-1.25,True,,
s4_n12_slot12,4,12,12,degenerate_tie,False,False,0,0,-1.25,-1.24,True,,
s4_n12_slot12,4,12,12,degenerate_tie,False,False,0,0,-1.23,-1.22,True,,
s4_n12_slot12,4,12,12,degenerate_tie,False,False,0,0,-1.22,-1.21,True,,
s4_n12_slot12,4,12,12,degenerate_tie,False,False,0,0,-1.21,-1.2,True,,
s4_n12_slot12,4,12,12,degenerate_tie,False,False,0,0,-1.2,-1.19,True,,
s4_n12_slot12,4,12,12,degenerate_tie,False,False,0,0,-1.19,-1.18,True,,
s4_n12_slot12,4,12,12,degenerate_tie,False,False,0,0,-1.18,-1.17,True,,
s4_n12_slot12,4,12,12,degenerate_tie,False,False,0,0,-1.17,-1.16,True,,
s4_n12_slot12,4,12,12,duty_change,False,True,42.4,-42.4,-1.16,-1.15,True,0.09344411795,0.3305558821
s4_n12_slot12,4,12,12,degenerate_tie,False,False,0,0,-1.15,-1.14,True,,
s4_n12_slot12,4,12,12,degenerate_tie,False,False,0,0,-1.13,-1.12,True,,
s4_n12_slot12,4,12,12,degenerate_tie,False,False,0,0,-1.12,-1.11,True,,
s4_n12_slot12,4,12,12,degenerate_tie,False,False,0,0,-1.1,-1.09,True,,
s4_n12_slot12,4,12,12,degenerate_tie,False,False,0,0,-1.09,-1.08,True,,
s4_n12_slot12,4,12,12,degenerate_tie,False,False,0,0,-1.08,-1.07,True,,
s4_n12_slot12,4,12,12,degenerate_tie,False,False,0,0,-1.07,-1.06,True,,
s4_n12_slot12,4,12,12,degenerate_tie,False,False,0,0,-1.06,-1.05,True,,
s4_n12_slot12,4,12,12,degenerate_tie,False,False,0,0,-1.05,-1.04,True,,
s4_n12_slot12,4,12,12,degenerate_tie,False,False,0,0,-1.04,-1.03,True,,
s4_n12_slot12,4,12,12,degenerate_tie,False,False,0,0,-1.03,-1.02,True,,
s4_n12_slot12,4,12,12,degenerate_tie,False,False,0,0,-1.02,-1.01,True,,
s4_n12_slot12,4,12,12,degenerate_tie,False,False,0,0,-1.01,-1,True,,
s4_n12_slot12,4,12,12,degenerate_tie,False,False,2.750089112e-06,0,-0.99,-0.98,True,,
s4_n12_slot12,4,12,12,degenerate_tie,False,False,0,0,-0.98,-0.97,True,,
s4_n12_slot12,4,12,12,degenerate_tie,False,False,0,0,-0.97,-0.96,True,,
s4_n12_slot12,4,12,12,degenerate_tie,False,False,0,0,-0.96,-0.95,True,,
s4_n12_slot12,4,12,12,degenerate_tie,False,False,0,0,-0.95,-0.94,True,,
s4_n12_slot12,4,12,12,degenerate_tie,False,False,0,0,-0.93,-0.92,True,,
s4_n12_slot12,4,12,12,degenerate_tie,False,False,0,0,-0.92,-0.91,True,,
s4_n12_slot12,4,12,12,degenerate_tie,False,False,0,0,-0.91,-0.9,True,,
s4_n12_slot12,4,12,12,degenerate_tie,False,False,0,0,-0.9,-0.89,True,,
s4_n12_slot12,4,12,12,degenerate_tie,False,False,0,0,-0.89,-0.88,True,,
s4_n12_slot12,4,12,12,degenerate_tie,False,False,0,0,-0.87,-0.86,True,,
s4_n12_slot12,4,12,12,degenerate_tie,False,False,0,0,-0.86,-0.85,True,,
s4_n12_slot12,4,12,12,degenerate_tie,False,False,0,0,-0.85,-0.84,True,,
s4_n12_slot12,4,12,12,degenerate_tie,False,False,0,0,-0.84,-0.83,True,,
s4_n12_slot12,4,12,12,duty_change,False,True,24.7,-24.7,-0.83,-0.82,True,0.02775357944,0.08824642056
s4_n12_slot12,4,12,12,degenerate_tie,False,False,0,0,-0.82,-0.81,True,,
s4_n12_slot12,4,12,12,degenerate_tie,False,False,0,0,-0.81,-0.8,True,,
s4_n12_slot12,4,12,12,degenerate_tie,False,False,0,0,-0.8,-0.79,True,,
s4_n12_slot12,4,12,12,degenerate_tie,False,False,0,0,-0.79,-0.78,True,,
s4_n12_slot12,4,12,12,degenerate_tie,False,False,0,0,-0.78,-0.77,True,,
s4_n12_slot12,4,12,12,degenerate_tie,False,False,0,0,-0.77,-0.76,True,,
s4_n12_slot12,4,12,12,degenerate_tie,False,False,0,0,-0.75,-0.74,True,,
s4_n12_slot12,4,12,12,degenerate_tie,False,False,0,0,-0.74,-0.73,True,,
s4_n12_slot12,4,12,12,duty_change,False,True,16,-4.8,-0.73,-0.72,True,0.04321392821,0.004786071793
s4_n12_slot12,4,12,12,degenerate_tie,False,False,0,0,-0.72,-0.71,True,,
s4_n12_slot12,4,12,12,degenerate_tie,False,False,0,0,-0.7,-0.69,True,,
s4_n12_slot12,4,12,12,degenerate_tie,False,False,0,0,-0.69,-0.68,True,,
s4_n12_slot12,4,12,12,degenerate_tie,False,False,0,0,-0.68,-0.67,True,,
s4_n12_slot12,4,12,12,degenerate_tie,False,False,0,0,-0.67,-0.66,True,,
s4_n12_slot12,4,12,12,degenerate_tie,False,False,0,0,-0.66,-0.65,True,,
s4_n12_slot12,4,12,12,degenerate_tie,False,False,0,0,-0.65,-0.64,True,,
s4_n12_slot12,4,12,12,degenerate_tie,False,False,0,0,-0.63,-0.62,True,,
s4_n12_slot12,4,12,12,degenerate_tie,False,False,0,0,-0.62,-0.61,True,,
s4_n12_slot12,4,12,12,degenerate_tie,False,False,0,0,-0.61,-0.6,True,,
s4_n12_slot12,4,12,12,degenerate_tie,False,False,0,0,-0.6,-0.59,True,,
s4_n12_slot12,4,12,12,degenerate_tie,False,False,0,0,-0.59,-0.58,True,,
s4_n12_slot12,4,12,12,degenerate_tie,False,False,0,0,-0.58,-0.57,True,,
s4_n12_slot12,4,12,12,degenerate_tie,False,False,0,0,-0.57,-0.56,True,,
s4_n12_slot12,4,12,12,degenerate_tie,False,False,0,0,-0.56,-0.55,True,,
s4_n12_slot12,4,12,12,degenerate_tie,False,False,0,0,-0.55,-0.54,True,,
s4_n12_slot12,4,12,12,degenerate_tie,False,False,0,0,-0.54,-0.53,True,,
s4_n12_slot12,4,12,12,degenerate_tie,False,False,0,0,-0.53,-0.52,True,,
s4_n12_slot12,4,12,12,degenerate_tie,False,False,0,0,-0.52,-0.51,True,,
s4_n12_slot12,4,12,12,degenerate_tie,False,False,0,0,-0.51,-0.5,True,,
s4_n12_slot12,4,12,12,degenerate_tie,False,False,0,0,-0.5,-0.49,True,,
s4_n12_slot12,4,12,12,degenerate_tie,False,False,0,0,-0.48,-0.47,True,,
s4_n12_slot12,4,12,12,degenerate_tie,False,False,0,0,-0.47,-0.46,True,,
s4_n12_slot12,4,12,12,degenerate_tie,False,False,0,0,-0.46,-0.45,True,,
s4_n12_slot12,4,12,12,degenerate_tie,False,False,8.881784197e-15,0,-0.45,-0.44,True,,
s4_n12_slot12,4,12,12,degenerate_tie,False,False,8.881784197e-15,0,-0.44,-0.43,True,,
s4_n12_slot12,4,12,12,degenerate_tie,False,False,2.309263891e-14,1.421085472e-14,-0.43,-0.42,True,,
s4_n12_slot12,4,12,12,degenerate_tie,False,False,1.421085472e-14,-1.421085472e-14,-0.42,-0.41,True,,
s4_n12_slot12,4,12,12,degenerate_tie,False,False,8.881784197e-15,0,-0.41,-0.4,True,,
s4_n12_slot12,4,12,12,degenerate_tie,False,False,2.309263891e-14,1.421085472e-14,-0.4,-0.39,True,,
s4_n12_slot12,4,12,12,degenerate_tie,False,False,0,0,-0.39,-0.38,True,,
s4_n12_slot12,4,12,12,degenerate_tie,False,False,2.309263891e-14,-1.421085472e-14,-0.38,-0.37,True,,
s4_n12_slot12,4,12,12,degenerate_tie,False,False,1.421085472e-14,-1.421085472e-14,-0.36,-0.35,True,,
s4_n12_slot12,4,12,12,degenerate_tie,False,False,0,0,-0.34,-0.33,True,,
s4_n12_slot12,4,12,12,degenerate_tie,False,False,1.421085472e-14,1.421085472e-14,-0.33,-0.32,True,,
s4_n12_slot12,4,12,12,degenerate_tie,False,False,1.421085472e-14,-1.421085472e-14,-0.32,-0.31,True,,
s4_n12_slot12,4,12,12,degenerate_tie,False,False,0,0,-0.31,-0.3,True,,
s4_n12_slot12,4,12,12,degenerate_tie,False,False,1.421085472e-14,1.421085472e-14,-0.3,-0.29,True,,
s4_n12_slot12,4,12,12,degenerate_tie,False,False,0,0,-0.28,-0.27,True,,
s4_n12_slot12,4,12,12,degenerate_tie,False,False,1.421085472e-14,-1.421085472e-14,-0.27,-0.26,True,,
s4_n12_slot12,4,12,12,degenerate_tie,False,False,0,0,-0.26,-0.25,True,,
s4_n12_slot12,4,12,12,degenerate_tie,False,False,1.421085472e-14,1.421085472e-14,-0.25,-0.24,True,,
s4_n12_slot12,4,12,12,degenerate_tie,False,False,1.421085472e-14,-1.421085472e-14,-0.24,-0.23,True,,
s4_n12_slot12,4,12,12,degenerate_tie,False,False,0,0,-0.23,-0.22,True,,
s4_n12_slot12,4,12,12,degenerate_tie,False,False,0,0,-0.22,-0.21,True,,
s4_n12_slot12,4,12,12,degenerate_tie,False,False,1.421085472e-14,1.421085472e-14,-0.21,-0.2,True,,
s4_n12_slot12,4,12,12,degenerate_tie,False,False,1.421085472e-14,-1.421085472e-14,-0.2,-0.19,True,,
s4_n12_slot12,4,12,12,degenerate_tie,False,False,1.421085472e-14,1.421085472e-14,-0.19,-0.18,True,,
s4_n12_slot12,4,12,12,degenerate_tie,False,False,1.421085472e-14,-1.421085472e-14,-0.18,-0.17,True,,
s4_n12_slot12,4,12,12,degenerate_tie,False,False,0,0,-0.17,-0.16,True,,
s4_n12_slot12,4,12,12,degenerate_tie,False,False,0,0,-0.16,-0.15,True,,
s4_n12_slot12,4,12,12,degenerate_tie,False,False,0,0,-0.15,-0.14,True,,
s4_n12_slot12,4,12,12,duty_change,False,True,61,-31,-0.14,-0.13,True,0.09325561,0.21674439
s4_n12_slot12,4,12,12,degenerate_tie,False,False,0,0,-0.12,-0.11,True,,
s4_n12_slot12,4,12,12,degenerate_tie,False,False,0,0,-0.11,-0.1,True,,
s4_n12_slot12,4,12,12,duty_change,True,False,79,-39.5,-0.08,-0.07,True,4.547473509e-13,0
s4_n12_slot12,4,12,12,degenerate_tie,False,False,0,0,-0.06,-0.05,True,,
s4_n12_slot12,4,12,12,degenerate_tie,False,False,0,0,-0.03,-0.02,True,,
s4_n12_slot12,4,12,12,degenerate_tie,False,False,0,0,-0.01,1.33226763e-15,True,,
s4_n12_slot12,4,12,12,degenerate_tie,False,False,0,0,1.33226763e-15,0.01,True,,
s4_n12_slot12,4,12,12,degenerate_tie,False,False,0,0,0.02,0.03,True,,
s4_n12_slot12,4,12,12,degenerate_tie,False,False,0,0,0.03,0.04,True,,
s4_n12_slot12,4,12,12,degenerate_tie,False,False,0,0,0.06,0.07,True,,
s4_n12_slot12,4,12,12,degenerate_tie,False,False,0,0,0.07,0.08,True,,
s4_n12_slot12,4,12,12,degenerate_tie,False,False,0,0,0.08,0.09,True,,
s4_n12_slot12,4,12,12,degenerate_tie,False,False,0,0,0.11,0.12,True,,
s4_n12_slot12,4,12,12,degenerate_tie,False,False,0,0,0.12,0.13,True,,
s4_n12_slot12,4,12,12,degenerate_tie,False,False,0,0,0.14,0.15,True,,
s4_n12_slot12,4,12,12,degenerate_tie,False,False,0,0,0.17,0.18,True,,
s4_n12_slot12,4,12,12,degenerate_tie,False,False,0,0,0.19,0.2,True,,
s4_n12_slot12,4,12,12,degenerate_tie,False,False,0,0,0.21,0.22,True,,
s4_n12_slot12,4,12,12,degenerate_tie,False,False,0,0,0.22,0.23,True,,
s4_n12_slot12,4,12,12,degenerate_tie,False,False,0,0,0.24,0.25,True,,
s4_n12_slot12,4,12,12,degenerate_tie,False,False,0,0,0.25,0.26,True,,
s4_n12_slot12,4,12,12,degenerate_tie,False,False,0,0,0.26,0.27,True,,
s4_n12_slot12,4,12,12,degenerate_tie,False,False,0,0,0.31,0.32,True,,
s4_n12_slot12,4,12,12,degenerate_tie,False,False,0,0,0.33,0.34,True,,
s4_n12_slot12,4,12,12,degenerate_tie,False,False,0,0,0.37,0.38,True,,
s4_n12_slot12,4,12,12,degenerate_tie,False,False,0,0,0.38,0.39,True,,
s4_n12_slot12,4,12,12,degenerate_tie,False,False,0,0,0.4,0.41,True,,
s4_n12_slot12,4,12,12,degenerate_tie,False,False,0,0,0.42,0.43,True,,
s4_n12_slot12,4,12,12,degenerate_tie,False,False,0,0,0.44,0.45,True,,
s4_n12_slot12,4,12,12,degenerate_tie,False,False,0,0,0.47,0.48,True,,
s4_n12_slot12,4,12,12,degenerate_tie,False,False,0,0,0.48,0.49,True,,
s4_n12_slot12,4,12,12,degenerate_tie,False,False,0,0,0.5,0.51,True,,
s4_n12_slot12,4,12,12,degenerate_tie,False,False,0,0,0.51,0.52,True,,
s4_n12_slot12,4,12,12,degenerate_tie,False,False,0,0,0.57,0.58,True,,
s4_n12_slot12,4,12,12,degenerate_tie,False,False,0,0,0.59,0.6,True,,
s4_n12_slot12,4,12,12,degenerate_tie,False,False,0,0,0.61,0.62,True,,
s4_n12_slot12,4,12,12,degenerate_tie,False,False,0,0,0.65,0.66,True,,
s4_n12_slot12,4,12,12,degenerate_tie,False,False,0,0,0.7,0.71,True,,
s4_n12_slot12,4,12,12,degenerate_tie,False,False,0,0,0.71,0.72,True,,
s4_n12_slot12,4,12,12,degenerate_tie,False,False,0,0,0.72,0.73,True,,
s4_n12_slot12,4,12,12,degenerate_tie,False,False,0,0,0.74,0.75,True,,
s4_n12_slot12,4,12,12,degenerate_tie,False,False,0,0,0.82,0.83,True,,
s4_n12_slot12,4,12,12,degenerate_tie,False,False,0,0,0.87,0.88,True,,
s4_n12_slot12,4,12,12,degenerate_tie,False,False,0,0,0.9,0.91,True,,
s4_n12_slot12,4,12,12,degenerate_tie,False,False,0,0,0.91,0.92,True,,
s4_n12_slot12,4,12,12,degenerate_tie,False,False,0,0,0.92,0.93,True,,
s4_n12_slot12,4,12,12,degenerate_tie,False,False,0,0,0.93,0.94,True,,
s4_n12_slot12,4,12,12,degenerate_tie,False,False,0,0,0.96,0.97,True,,
s4_n12_slot12,4,12,12,degenerate_tie,False,False,0,0,0.98,0.99,True,,
s4_n12_slot12,4,12,12,degenerate_tie,False,False,0,0,0.99,1,True,,
s4_n12_slot12,4,12,12,degenerate_tie,False,False,0,0,1.01,1.02,True,,
s4_n12_slot12,4,12,12,degenerate_tie,False,False,0,0,1.03,1.04,True,,
s4_n12_slot12,4,12,12,degenerate_tie,False,False,0,0,1.07,1.08,True,,
s4_n12_slot12,4,12,12,degenerate_tie,False,False,0,0,1.08,1.09,True,,
s4_n12_slot12,4,12,12,degenerate_tie,False,False,0,0,1.09,1.1,True,,
s4_n12_slot12,4,12,12,degenerate_tie,False,False,0,0,1.12,1.13,True,,
s4_n12_slot12,4,12,12,degenerate_tie,False,False,0,0,1.18,1.19,True,,
s4_n12_slot12,4,12,12,degenerate_tie,False,False,0,0,1.19,1.2,True,,
s4_n12_slot12,4,12,12,degenerate_tie,False,False,0,0,1.2,1.21,True,,
s4_n12_slot12,4,12,12,degenerate_tie,False,False,0,0,1.21,1.22,True,,
s4_n12_slot12,4,12,12,degenerate_tie,False,False,0,0,1.23,1.24,True,,
s4_n12_slot12,4,12,12,degenerate_tie,False,False,0,0,1.24,1.25,True,,
s4_n12_slot12,4,12,12,degenerate_tie,False,False,0,0,1.28,1.29,True,,
s4_n12_slot12,4,12,12,degenerate_tie,False,False,0,0,1.3,1.31,True,,
s4_n12_slot12,4,12,12,degenerate_tie,False,False,0,0,1.31,1.32,True,,
s4_n12_slot12,4,12,12,degenerate_tie,False,False,0,0,1.32,1.33,True,,
s4_n12_slot12,4,12,12,degenerate_tie,False,False,0,0,1.33,1.34,True,,
s4_n12_slot12,4,12,12,degenerate_tie,False,False,0,0,1.37,1.38,True,,
s4_n12_slot12,4,12,12,degenerate_tie,False,False,0,0,1.39,1.4,True,,
s4_n12_slot12,4,12,12,degenerate_tie,False,False,0,0,1.4,1.41,True,,
s4_n12_slot12,4,12,12,degenerate_tie,False,False,0,0,1.43,1.44,True,,
s4_n12_slot12,4,12,12,degenerate_tie,False,False,0,0,1.44,1.45,True,,
s4_n12_slot12,4,12,12,degenerate_tie,False,False,0,0,1.45,1.46,True,,
s4_n12_slot12,4,12,12,degenerate_tie,False,False,0,0,1.46,1.47,True,,
s4_n12_slot12,4,12,12,degenerate_tie,False,False,0,0,1.47,1.48,True,,
s4_n12_slot12,4,12,12,degenerate_tie,False,False,0,0,1.48,1.49,True,,
s4_n12_slot16,4,12,16,degenerate_tie,False,False,0,0,-1.49,-1.48,True,,
s4_n12_slot16,4,12,16,degenerate_tie,False,False,0,0,-1.48,-1.47,True,,
s4_n12_slot16,4,12,16,degenerate_tie,False,False,0,0,-1.47,-1.46,True,,
s4_n12_slot16,4,12,16,degenerate_tie,False,False,0,0,-1.44,-1.43,True,,
s4_n12_slot16,4,12,16,degenerate_tie,False,False,0,0,-1.39,-1.38,True,,
s4_n12_slot16,4,12,16,degenerate_tie,False,False,0,0,-1.38,-1.37,True,,
s4_n12_slot16,4,12,16,duty_change,False,True,18.7,-18.7,-1.36,-1.35,True,0.03687514596,0.04312485404
s4_n12_slot16,4,12,16,degenerate_tie,False,False,0,0,-1.3,-1.29,True,,
s4_n12_slot16,4,12,16,degenerate_tie,False,False,0,0,-1.29,-1.28,True,,
s4_n12_slot16,4,12,16,degenerate_tie,False,False,0,0,-1.28,-1.27,True,,
s4_n12_slot16,4,12,16,degenerate_tie,False,False,0,0,-1.26,-1.25,True,,
s4_n12_slot16,4,12,16,degenerate_tie,False,False,0,0,-1.25,-1.24,True,,
s4_n12_slot16,4,12,16,degenerate_tie,False,False,0,0,-1.24,-1.23,True,,
s4_n12_slot16,4,12,16,degenerate_tie,False,False,0,0,-1.23,-1.22,True,,
s4_n12_slot16,4,12,16,degenerate_tie,False,False,0,0,-1.22,-1.21,True,,
s4_n12_slot16,4,12,16,duty_change,False,True,36.6,-19.3,-1.21,-1.2,True,0.1741356123,0.01886438768
s4_n12_slot16,4,12,16,degenerate_tie,False,False,0,0,-1.19,-1.18,True,,
s4_n12_slot16,4,12,16,degenerate_tie,False,False,0,0,-1.18,-1.17,True,,
s4_n12_slot16,4,12,16,degenerate_tie,False,False,0,0,-1.15,-1.14,True,,
s4_n12_slot16,4,12,16,degenerate_tie,False,False,0,0,-1.14,-1.13,True,,
s4_n12_slot16,4,12,16,degenerate_tie,False,False,0,0,-1.1,-1.09,True,,
s4_n12_slot16,4,12,16,degenerate_tie,False,False,0,0,-1.08,-1.07,True,,
s4_n12_slot16,4,12,16,degenerate_tie,False,False,0,0,-1.05,-1.04,True,,
s4_n12_slot16,4,12,16,degenerate_tie,False,False,0,0,-1.03,-1.02,True,,
s4_n12_slot16,4,12,16,degenerate_tie,False,False,0,0,-0.98,-0.97,True,,
s4_n12_slot16,4,12,16,degenerate_tie,False,False,0,0,-0.97,-0.96,True,,
s4_n12_slot16,4,12,16,degenerate_tie,False,False,0,0,-0.9,-0.89,True,,
s4_n12_slot16,4,12,16,degenerate_tie,False,False,0,0,-0.88,-0.87,True,,
s4_n12_slot16,4,12,16,degenerate_tie,False,False,0,0,-0.83,-0.82,True,,
s4_n12_slot16,4,12,16,degenerate_tie,False,False,0,0,-0.82,-0.81,True,,
s4_n12_slot16,4,12,16,degenerate_tie,False,False,0,0,-0.81,-0.8,True,,
s4_n12_slot16,4,12,16,degenerate_tie,False,False,0,0,-0.79,-0.78,True,,
s4_n12_slot16,4,12,16,duty_change,False,True,31,-16,-0.78,-0.77,True,0.06656949964,0.09343050036
s4_n12_slot16,4,12,16,degenerate_tie,False,False,0,0,-0.76,-0.75,True,,
s4_n12_slot16,4,12,16,degenerate_tie,False,False,0,0,-0.75,-0.74,True,,
s4_n12_slot16,4,12,16,degenerate_tie,False,False,0,0,-0.74,-0.73,True,,
s4_n12_slot16,4,12,16,degenerate_tie,False,False,0,0,-0.72,-0.71,True,,
s4_n12_slot16,4,12,16,degenerate_tie,False,False,0,0,-0.71,-0.7,True,,
s4_n12_slot16,4,12,16,degenerate_tie,False,False,0,0,-0.7,-0.69,True,,
s4_n12_slot16,4,12,16,degenerate_tie,False,False,0,0,-0.67,-0.66,True,,
s4_n12_slot16,4,12,16,degenerate_tie,False,False,0,0,-0.62,-0.61,True,,
s4_n12_slot16,4,12,16,degenerate_tie,False,False,0,0,-0.61,-0.6,True,,
s4_n12_slot16,4,12,16,degenerate_tie,False,False,0,0,-0.56,-0.55,True,,
s4_n12_slot16,4,12,16,degenerate_tie,False,False,0,0,-0.55,-0.54,True,,
s4_n12_slot16,4,12,16,degenerate_tie,False,False,0,0,-0.53,-0.52,True,,
s4_n12_slot16,4,12,16,degenerate_tie,False,False,0,0,-0.49,-0.48,True,,
s4_n12_slot16,4,12,16,degenerate_tie,False,False,0,0,-0.48,-0.47,True,,
s4_n12_slot16,4,12,16,degenerate_tie,False,False,0,0,-0.46,-0.45,True,,
s4_n12_slot16,4,12,16,degenerate_tie,False,False,0,0,-0.45,-0.44,True,,
s4_n12_slot16,4,12,16,degenerate_tie,False,False,0,0,-0.44,-0.43,True,,
s4_n12_slot16,4,12,16,degenerate_tie,False,False,0,0,-0.43,-0.42,True,,
s4_n12_slot16,4,12,16,degenerate_tie,False,False,0,0,-0.42,-0.41,True,,
s4_n12_slot16,4,12,16,degenerate_tie,False,False,0,0,-0.39,-0.38,True,,
s4_n12_slot16,4,12,16,degenerate_tie,False,False,0,0,-0.37,-0.36,True,,
s4_n12_slot16,4,12,16,degenerate_tie,False,False,0,0,-0.36,-0.35,True,,
s4_n12_slot16,4,12,16,degenerate_tie,False,False,0,0,-0.35,-0.34,True,,
s4_n12_slot16,4,12,16,degenerate_tie,False,False,0,0,-0.33,-0.32,True,,
s4_n12_slot16,4,12,16,degenerate_tie,False,False,0,0,-0.32,-0.31,True,,
s4_n12_slot16,4,12,16,degenerate_tie,False,False,0,0,-0.31,-0.3,True,,
s4_n12_slot16,4,12,16,degenerate_tie,False,False,0,0,-0.29,-0.28,True,,
s4_n12_slot16,4,12,16,degenerate_tie,False,False,0,0,-0.28,-0.27,True,,
s4_n12_slot16,4,12,16,degenerate_tie,False,False,0,0,-0.24,-0.23,True,,
s4_n12_slot16,4,12,16,degenerate_tie,False,False,0,0,-0.2,-0.19,True,,
s4_n12_slot16,4,12,16,degenerate_tie,False,False,0,0,-0.19,-0.18,True,,
s4_n12_slot16,4,12,16,degenerate_tie,False,False,0,0,-0.18,-0.17,True,,
s4_n12_slot16,4,12,16,degenerate_tie,False,False,0,0,-0.17,-0.16,True,,
s4_n12_slot16,4,12,16,degenerate_tie,False,False,0,0,-0.16,-0.15,True,,
s4_n12_slot16,4,12,16,degenerate_tie,False,False,0,0,-0.14,-0.13,True,,
s4_n12_slot16,4,12,16,degenerate_tie,False,False,0,0,-0.12,-0.11,True,,
s4_n12_slot16,4,12,16,degenerate_tie,False,False,0,0,-0.06,-0.05,True,,
s4_n12_slot16,4,12,16,degenerate_tie,False,False,0,0,-0.05,-0.04,True,,
s4_n12_slot16,4,12,16,degenerate_tie,False,False,0,0,-0.01,1.33226763e-15,True,,
s4_n12_slot16,4,12,16,degenerate_tie,False,False,0,0,0.03,0.04,True,,
s4_n12_slot16,4,12,16,degenerate_tie,False,False,0,0,0.04,0.05,True,,
s4_n12_slot16,4,12,16,degenerate_tie,False,False,0,0,0.06,0.07,True,,
s4_n12_slot16,4,12,16,degenerate_tie,False,False,0,0,0.11,0.12,True,,
s4_n12_slot16,4,12,16,degenerate_tie,False,False,0,0,0.15,0.16,True,,
s4_n12_slot16,4,12,16,degenerate_tie,False,False,0,0,0.16,0.17,True,,
s4_n12_slot16,4,12,16,degenerate_tie,False,False,0,0,0.19,0.2,True,,
s4_n12_slot16,4,12,16,degenerate_tie,False,False,0,0,0.2,0.21,True,,
s4_n12_slot16,4,12,16,degenerate_tie,False,False,0,0,0.21,0.22,True,,
s4_n12_slot16,4,12,16,degenerate_tie,False,False,0,0,0.23,0.24,True,,
s4_n12_slot16,4,12,16,degenerate_tie,False,False,0,0,0.25,0.26,True,,
s4_n12_slot16,4,12,16,degenerate_tie,False,False,0,0,0.33,0.34,True,,
s4_n12_slot16,4,12,16,degenerate_tie,False,False,0,0,0.35,0.36,True,,
s4_n12_slot16,4,12,16,degenerate_tie,False,False,0,0,0.39,0.4,True,,
s4_n12_slot16,4,12,16,degenerate_tie,False,False,0,0,0.4,0.41,True,,
s4_n12_slot16,4,12,16,degenerate_tie,False,False,0,0,0.45,0.46,True,,
s4_n12_slot16,4,12,16,degenerate_tie,False,False,0,0,0.46,0.47,True,,
s4_n12_slot16,4,12,16,degenerate_tie,False,False,0,0,0.48,0.49,True,,
s4_n12_slot16,4,12,16,degenerate_tie,False,False,0,0,0.49,0.5,True,,
s4_n12_slot16,4,12,16,degenerate_tie,False,False,0,0,0.52,0.53,True,,
s4_n12_slot16,4,12,16,degenerate_tie,False,False,0,0,0.65,0.66,True,,
s4_n12_slot16,4,12,16,degenerate_tie,False,False,0,0,0.68,0.69,True,,
s4_n12_slot16,4,12,16,degenerate_tie,False,False,0,0,0.75,0.76,True,,
s4_n12_slot16,4,12,16,degenerate_tie,False,False,0,0,0.8,0.81,True,,
s4_n12_slot16,4,12,16,degenerate_tie,False,False,0,0,0.82,0.83,True,,
s4_n12_slot16,4,12,16,degenerate_tie,False,False,0,0,0.98,0.99,True,,
s4_n12_slot16,4,12,16,degenerate_tie,False,False,0,0,1,1.01,True,,
s4_n12_slot16,4,12,16,degenerate_tie,False,False,0,0,1.01,1.02,True,,
s4_n12_slot16,4,12,16,degenerate_tie,False,False,0,0,1.02,1.03,True,,
s4_n12_slot16,4,12,16,degenerate_tie,False,False,0,0,1.04,1.05,True,,
s4_n12_slot16,4,12,16,degenerate_tie,False,False,0,0,1.06,1.07,True,,
s4_n12_slot16,4,12,16,degenerate_tie,False,False,0,0,1.07,1.08,True,,
s4_n12_slot16,4,12,16,degenerate_tie,False,False,0,0,1.08,1.09,True,,
s4_n12_slot16,4,12,16,degenerate_tie,False,False,0,0,1.1,1.11,True,,
s4_n12_slot16,4,12,16,degenerate_tie,False,False,0,0,1.11,1.12,True,,
s4_n12_slot16,4,12,16,degenerate_tie,False,False,0,0,1.21,1.22,True,,
s4_n12_slot16,4,12,16,degenerate_tie,False,False,0,0,1.23,1.24,True,,
s4_n12_slot16,4,12,16,degenerate_tie,False,False,0,0,1.24,1.25,True,,
s4_n12_slot16,4,12,16,degenerate_tie,False,False,0,0,1.25,1.26,True,,
s4_n12_slot16,4,12,16,degenerate_tie,False,False,0,0,1.26,1.27,True,,
s4_n12_slot16,4,12,16,degenerate_tie,False,False,0,0,1.29,1.3,True,,
s4_n12_slot16,4,12,16,degenerate_tie,False,False,0,0,1.34,1.35,True,,
s4_n12_slot16,4,12,16,degenerate_tie,False,False,0,0,1.35,1.36,True,,
s4_n12_slot16,4,12,16,degenerate_tie,False,False,0,0,1.48,1.49,True,,
s4_n12_slot20,4,12,20,charging_only,False,True,5.9,-5.9,-1.49,-1.48,False,,
s4_n12_slot20,4,12,20,degenerate_tie,False,False,0,0,-1.48,-1.47,True,,
s4_n12_slot20,4,12,20,degenerate_tie,False,False,0,0,-1.38,-1.37,True,,
s4_n12_slot20,4,12,20,degenerate_tie,False,False,0,0,-1.35,-1.34,True,,
s4_n12_slot20,4,12,20,degenerate_tie,False,False,0,0,-1.34,-1.33,True,,
s4_n12_slot20,4,12,20,degenerate_tie,False,False,0,0,-1.32,-1.31,True,,
s4_n12_slot20,4,12,20,degenerate_tie,False,False,0,0,-1.29,-1.28,True,,
s4_n12_slot20,4,12,20,degenerate_tie,False,False,0,0,-1.27,-1.26,True,,
s4_n12_slot20,4,12,20,degenerate_tie,False,False,0,0,-1.26,-1.25,True,,
s4_n12_slot20,4,12,20,degenerate_tie,False,False,0,0,-1.25,-1.24,True,,
s4_n12_slot20,4,12,20,degenerate_tie,False,False,0,0,-1.16,-1.15,True,,
s4_n12_slot20,4,12,20,degenerate_tie,False,False,0,0,-1.15,-1.14,True,,
s4_n12_slot20,4,12,20,degenerate_tie,False,False,0,0,-1.12,-1.11,True,,
s4_n12_slot20,4,12,20,degenerate_tie,False,False,0,0,-1.11,-1.1,True,,
s4_n12_slot20,4,12,20,degenerate_tie,False,False,0,0,-1.08,-1.07,True,,
s4_n12_slot20,4,12,20,degenerate_tie,False,False,0,0,-1.06,-1.05,True,,
s4_n12_slot20,4,12,20,degenerate_tie,False,False,0,0,-1.05,-1.04,True,,
s4_n12_slot20,4,12,20,degenerate_tie,False,False,0,0,-1.04,-1.03,True,,
s4_n12_slot20,4,12,20,degenerate_tie,False,False,0,0,-0.99,-0.98,True,,
s4_n12_slot20,4,12,20,degenerate_tie,False,False,0,0,-0.97,-0.96,True,,
s4_n12_slot20,4,12,20,duty_change,False,True,27.2,-14.1,-0.93,-0.92,True,0.05218389897,0.08881610103
s4_n12_slot20,4,12,20,degenerate_tie,False,False,0,0,-0.92,-0.91,True,,
s4_n12_slot20,4,12,20,degenerate_tie,False,False,0,0,-0.9,-0.89,True,,
s4_n12_slot20,4,12,20,degenerate_tie,False,False,0,0,-0.89,-0.88,True,,
s4_n12_slot20,4,12,20,degenerate_tie,False,False,0,0,-0.88,-0.87,True,,
s4_n12_slot20,4,12,20,degenerate_tie,False,False,0,0,-0.87,-0.86,True,,
s4_n12_slot20,4,12,20,degenerate_tie,False,False,0,0,-0.85,-0.84,True,,
s4_n12_slot20,4,12,20,degenerate_tie,False,False,0,0,-0.81,-0.8,True,,
s4_n12_slot20,4,12,20,degenerate_tie,False,False,0,0,-0.75,-0.74,True,,
s4_n12_slot20,4,12,20,degenerate_tie,False,False,0,0,-0.74,-0.73,True,,
s4_n12_slot20,4,12,20,degenerate_tie,False,False,0,0,-0.68,-0.67,True,,
s4_n12_slot20,4,12,20,degenerate_tie,False,False,0,0,-0.67,-0.66,True,,
s4_n12_slot20,4,12,20,degenerate_tie,False,False,0,0,-0.62,-0.61,True,,
s4_n12_slot20,4,12,20,degenerate_tie,False,False,0,0,-0.59,-0.58,True,,
s4_n12_slot20,4,12,20,degenerate_tie,False,False,0,0,-0.57,-0.56,True,,
s4_n12_slot20,4,12,20,degenerate_tie,False,False,0,0,-0.54,-0.53,True,,
s4_n12_slot20,4,12,20,degenerate_tie,False,False,0,0,-0.53,-0.52,True,,
s4_n12_slot20,4,12,20,degenerate_tie,False,False,0,0,-0.52,-0.51,True,,
s4_n12_slot20,4,12,20,degenerate_tie,False,False,0,0,-0.51,-0.5,True,,
s4_n12_slot20,4,12,20,degenerate_tie,False,False,0,0,-0.46,-0.45,True,,
s4_n12_slot20,4,12,20,degenerate_tie,False,False,0,0,-0.45,-0.44,True,,
s4_n12_slot20,4,12,20,degenerate_tie,False,False,0,0,-0.44,-0.43,True,,
s4_n12_slot20,4,12,20,degenerate_tie,False,False,0,0,-0.41,-0.4,True,,
s4_n12_slot20,4,12,20,degenerate_tie,False,False,0,0,-0.4,-0.39,True,,
s4_n12_slot20,4,12,20,degenerate_tie,False,False,0,0,-0.38,-0.37,True,,
s4_n12_slot20,4,12,20,degenerate_tie,False,False,0,0,-0.37,-0.36,True,,
s4_n12_slot20,4,12,20,degenerate_tie,False,False,0,0,-0.35,-0.34,True,,
s4_n12_slot20,4,12,20,degenerate_tie,False,False,0,0,-0.34,-0.33,True,,
s4_n12_slot20,4,12,20,degenerate_tie,False,False,0,0,-0.31,-0.3,True,,
s4_n12_slot20,4,12,20,degenerate_tie,False,False,0,0,-0.27,-0.26,True,,
s4_n12_slot20,4,12,20,degenerate_tie,False,False,0,0,-0.26,-0.25,True,,
s4_n12_slot20,4,12,20,degenerate_tie,False,False,0,0,-0.19,-0.18,True,,
s4_n12_slot20,4,12,20,degenerate_tie,False,False,0,0,-0.16,-0.15,True,,
s4_n12_slot20,4,12,20,degenerate_tie,False,False,0,0,-0.15,-0.14,True,,
s4_n12_slot20,4,12,20,degenerate_tie,False,False,0,0,-0.14,-0.13,True,,
s4_n12_slot20,4,12,20,degenerate_tie,False,False,0,0,-0.13,-0.12,True,,
s4_n12_slot20,4,12,20,degenerate_tie,False,False,0,0,-0.11,-0.1,True,,
s4_n12_slot20,4,12,20,degenerate_tie,False,False,0,0,-0.1,-0.09,True,,
s4_n12_slot20,4,12,20,degenerate_tie,False,False,0,0,-0.04,-0.03,True,,
s4_n12_slot20,4,12,20,degenerate_tie,False,False,0,0,0.09,0.1,True,,
s4_n12_slot20,4,12,20,degenerate_tie,False,False,0,0,0.11,0.12,True,,
s4_n12_slot20,4,12,20,degenerate_tie,False,False,0,0,0.13,0.14,True,,
s4_n12_slot20,4,12,20,degenerate_tie,False,False,0,0,0.19,0.2,True,,
s4_n12_slot20,4,12,20,degenerate_tie,False,False,0,0,0.2,0.21,True,,
s4_n12_slot20,4,12,20,degenerate_tie,False,False,0,0,0.21,0.22,True,,
s4_n12_slot20,4,12,20,degenerate_tie,False,False,0,0,0.24,0.25,True,,
s4_n12_slot20,4,12,20,degenerate_tie,False,False,0,0,0.26,0.27,True,,
s4_n12_slot20,4,12,20,degenerate_tie,False,False,0,0,0.27,0.28,True,,
s4_n12_slot20,4,12,20,degenerate_tie,False,False,0,0,0.28,0.29,True,,
s4_n12_slot20,4,12,20,degenerate_tie,False,False,0,0,0.39,0.4,True,,
s4_n12_slot20,4,12,20,degenerate_tie,False,False,0,0,0.4,0.41,True,,
s4_n12_slot20,4,12,20,degenerate_tie,False,False,0,0,0.43,0.44,True,,
s4_n12_slot20,4,12,20,degenerate_tie,False,False,0,0,0.44,0.45,True,,
s4_n12_slot20,4,12,20,degenerate_tie,False,False,0,0,0.45,0.46,True,,
s4_n12_slot20,4,12,20,degenerate_tie,False,False,0,0,0.46,0.47,True,,
s4_n12_slot20,4,12,20,degenerate_tie,False,False,0,0,0.48,0.49,True,,
s4_n12_slot20,4,12,20,degenerate_tie,False,False,0,0,0.49,0.5,True,,
s4_n12_slot20,4,12,20,degenerate_tie,False,False,0,0,0.55,0.56,True,,
s4_n12_slot20,4,12,20,degenerate_tie,False,False,0,0,0.56,0.57,True,,
s4_n12_slot20,4,12,20,degenerate_tie,False,False,0,0,0.59,0.6,True,,
s4_n12_slot20,4,12,20,degenerate_tie,False,False,0,0,0.6,0.61,True,,
s4_n12_slot20,4,12,20,degenerate_tie,False,False,0,0,0.62,0.63,True,,
s4_n12_slot20,4,12,20,degenerate_tie,False,False,0,0,0.63,0.64,True,,
s4_n12_slot20,4,12,20,degenerate_tie,False,False,0,0,0.64,0.65,True,,
s4_n12_slot20,4,12,20,degenerate_tie,False,False,0,0,0.65,0.66,True,,
s4_n12_slot20,4,12,20,degenerate_tie,False,False,0,0,0.72,0.73,True,,
s4_n12_slot20,4,12,20,degenerate_tie,False,False,0,0,0.73,0.74,True,,
s4_n12_slot20,4,12,20,degenerate_tie,False,False,0,0,0.77,0.78,True,,
s4_n12_slot20,4,12,20,degenerate_tie,False,False,0,0,0.78,0.79,True,,
s4_n12_slot20,4,12,20,degenerate_tie,False,False,0,0,0.79,0.8,True,,
s4_n12_slot20,4,12,20,degenerate_tie,False,False,0,0,0.8,0.81,True,,
s4_n12_slot20,4,12,20,degenerate_tie,False,False,0,0,0.83,0.84,True,,
s4_n12_slot20,4,12,20,degenerate_tie,False,False,0,0,0.84,0.85,True,,
s4_n12_slot20,4,12,20,degenerate_tie,False,False,0,0,0.85,0.86,True,,
s4_n12_slot20,4,12,20,degenerate_tie,False,False,0,0,0.86,0.87,True,,
s4_n12_slot20,4,12,20,degenerate_tie,False,False,0,0,0.98,0.99,True,,
s4_n12_slot20,4,12,20,degenerate_tie,False,False,0,0,0.99,1,True,,
s4_n12_slot20,4,12,20,degenerate_tie,False,False,0,0,1.23,1.24,True,,
s4_n12_slot20,4,12,20,degenerate_tie,False,False,0,0,1.24,1.25,True,,
s4_n12_slot20,4,12,20,degenerate_tie,False,False,0,0,1.33,1.34,True,,
s4_n12_slot20,4,12,20,degenerate_tie,False,False,0,0,1.34,1.35,True,,
s4_n12_slot20,4,12,20,degenerate_tie,False,False,0,0,1.36,1.37,True,,
s4_n12_slot20,4,12,20,degenerate_tie,False,False,0,0,1.37,1.38,True,,
s4_n12_slot20,4,12,20,degenerate_tie,False,False,0,0,1.38,1.39,True,,
s4_n12_slot20,4,12,20,degenerate_tie,False,False,0,0,1.39,1.4,True,,
s4_n12_slot20,4,12,20,degenerate_tie,False,False,0,0,1.42,1.43,True,,
s4_n12_slot20,4,12,20,degenerate_tie,False,False,0,0,1.44,1.45,True,,
s4_n12_slot20,4,12,20,degenerate_tie,False,False,0,0,1.46,1.47,True,,
s4_n12_slot20,4,12,20,degenerate_tie,False,False,0,0,1.47,1.48,True,,
s5_n12_slot8,5,12,8,degenerate_tie,False,False,0,0,-1.48,-1.47,True,,
s5_n12_slot8,5,12,8,degenerate_tie,False,False,0,0,-1.47,-1.46,True,,
s5_n12_slot8,5,12,8,degenerate_tie,False,False,0,0,-1.46,-1.45,True,,
s5_n12_slot8,5,12,8,degenerate_tie,False,False,0,0,-1.45,-1.44,True,,
s5_n12_slot8,5,12,8,degenerate_tie,False,False,0,0,-1.44,-1.43,True,,
s5_n12_slot8,5,12,8,degenerate_tie,False,False,0,0,-1.43,-1.42,True,,
s5_n12_slot8,5,12,8,degenerate_tie,False,False,0,0,-1.42,-1.41,True,,
s5_n12_slot8,5,12,8,degenerate_tie,False,False,0,0,-1.41,-1.4,True,,
s5_n12_slot8,5,12,8,degenerate_tie,False,False,0,0,-1.34,-1.33,True,,
s5_n12_slot8,5,12,8,degenerate_tie,False,False,0,0,-1.33,-1.32,True,,
s5_n12_slot8,5,12,8,degenerate_tie,False,False,0,0,-1.32,-1.31,True,,
s5_n12_slot8,5,12,8,degenerate_tie,False,False,0,0,-1.31,-1.3,True,,
s5_n12_slot8,5,12,8,degenerate_tie,False,False,0,0,-1.29,-1.28,True,,
s5_n12_slot8,5,12,8,degenerate_tie,False,False,0,0,-1.27,-1.26,True,,
s5_n12_slot8,5,12,8,degenerate_tie,False,False,0,0,-1.23,-1.22,True,,
s5_n12_slot8,5,12,8,degenerate_tie,False,False,0,0,-1.2,-1.19,True,,
s5_n12_slot8,5,12,8,degenerate_tie,False,False,0,0,-1.16,-1.15,True,,
s5_n12_slot8,5,12,8,degenerate_tie,False,False,0,0,-1.15,-1.14,True,,
s5_n12_slot8,5,12,8,degenerate_tie,False,False,0,0,-1.13,-1.12,True,,
s5_n12_slot8,5,12,8,degenerate_tie,False,False,0,0,-1.08,-1.07,True,,
s5_n12_slot8,5,12,8,degenerate_tie,False,False,0,0,-1.07,-1.06,True,,
s5_n12_slot8,5,12,8,degenerate_tie,False,False,0,0,-1.05,-1.04,True,,
s5_n12_slot8,5,12,8,degenerate_tie,False,False,0,0,-1.04,-1.03,True,,
s5_n12_slot8,5,12,8,duty_change,True,False,45.2,-22.6,-1.03,-1.02,True,4.547473509e-13,0.07766914802
s5_n12_slot8,5,12,8,degenerate_tie,False,False,0,0,-1.01,-1,True,,
s5_n12_slot8,5,12,8,degenerate_tie,False,False,0,0,-1,-0.99,True,,
s5_n12_slot8,5,12,8,degenerate_tie,False,False,0,0,-0.96,-0.95,True,,
s5_n12_slot8,5,12,8,degenerate_tie,False,False,0,0,-0.95,-0.94,True,,
s5_n12_slot8,5,12,8,degenerate_tie,False,False,0,0,-0.94,-0.93,True,,
s5_n12_slot8,5,12,8,degenerate_tie,False,False,0,0,-0.93,-0.92,True,,
s5_n12_slot8,5,12,8,degenerate_tie,False,False,0,0,-0.89,-0.88,True,,
s5_n12_slot8,5,12,8,degenerate_tie,False,False,0,0,-0.86,-0.85,True,,
s5_n12_slot8,5,12,8,degenerate_tie,False,False,0,0,-0.85,-0.84,True,,
s5_n12_slot8,5,12,8,degenerate_tie,False,False,0,0,-0.83,-0.82,True,,
s5_n12_slot8,5,12,8,degenerate_tie,False,False,4.93258137e-05,0,-0.82,-0.81,True,,
s5_n12_slot8,5,12,8,degenerate_tie,False,False,0,0,-0.8,-0.79,True,,
s5_n12_slot8,5,12,8,degenerate_tie,False,False,0,0,-0.77,-0.76,True,,
s5_n12_slot8,5,12,8,degenerate_tie,False,False,0,0,-0.76,-0.75,True,,
s5_n12_slot8,5,12,8,degenerate_tie,False,False,0,0,-0.73,-0.72,True,,
s5_n12_slot8,5,12,8,degenerate_tie,False,False,0,0,-0.71,-0.7,True,,
s5_n12_slot8,5,12,8,degenerate_tie,False,False,0,0,-0.68,-0.67,True,,
s5_n12_slot8,5,12,8,degenerate_tie,False,False,0,0,-0.67,-0.66,True,,
s5_n12_slot8,5,12,8,degenerate_tie,False,False,0,0,-0.65,-0.64,True,,
s5_n12_slot8,5,12,8,degenerate_tie,False,False,0,0,-0.64,-0.63,True,,
s5_n12_slot8,5,12,8,degenerate_tie,False,False,0,0,-0.62,-0.61,True,,
s5_n12_slot8,5,12,8,degenerate_tie,False,False,0,0,-0.59,-0.58,True,,
s5_n12_slot8,5,12,8,degenerate_tie,False,False,0,0,-0.49,-0.48,True,,
s5_n12_slot8,5,12,8,degenerate_tie,False,False,0,0,-0.48,-0.47,True,,
s5_n12_slot8,5,12,8,degenerate_tie,False,False,0,0,-0.46,-0.45,True,,
s5_n12_slot8,5,12,8,degenerate_tie,False,False,0,0,-0.44,-0.43,True,,
s5_n12_slot8,5,12,8,degenerate_tie,False,False,0,0,-0.41,-0.4,True,,
s5_n12_slot8,5,12,8,degenerate_tie,False,False,0,0,-0.39,-0.38,True,,
s5_n12_slot8,5,12,8,degenerate_tie,False,False,0,0,-0.37,-0.36,True,,
s5_n12_slot8,5,12,8,degenerate_tie,False,False,0,0,-0.36,-0.35,True,,
s5_n12_slot8,5,12,8,degenerate_tie,False,False,0,0,-0.34,-0.33,True,,
s5_n12_slot8,5,12,8,degenerate_tie,False,False,0,0,-0.33,-0.32,True,,
s5_n12_slot8,5,12,8,degenerate_tie,False,False,0,0,-0.19,-0.18,True,,
s5_n12_slot8,5,12,8,degenerate_tie,False,False,0,0,-0.18,-0.17,True,,
s5_n12_slot8,5,12,8,degenerate_tie,False,False,0,0,-0.07,-0.06,True,,
s5_n12_slot8,5,12,8,degenerate_tie,False,False,0,0,-0.06,-0.05,True,,
s5_n12_slot8,5,12,8,degenerate_tie,False,False,0,0,0.54,0.55,True,,
s5_n12_slot8,5,12,8,degenerate_tie,False,False,0,0,0.55,0.56,True,,
s5_n12_slot8,5,12,8,degenerate_tie,False,False,0,0,0.84,0.85,True,,
s5_n12_slot8,5,12,8,degenerate_tie,False,False,0,0,0.85,0.86,True,,
s5_n12_slot8,5,12,8,degenerate_tie,False,False,0,0,1.18,1.19,True,,
s5_n12_slot8,5,12,8,degenerate_tie,False,False,0,0,1.19,1.2,True,,
s5_n12_slot12,5,12,12,degenerate_tie,False,False,0,0,-1.5,-1.49,True,,
s5_n12_slot12,5,12,12,degenerate_tie,False,False,0,0,-1.49,-1.48,True,,
s5_n12_slot12,5,12,12,degenerate_tie,False,False,0,0,-1.48,-1.47,True,,
s5_n12_slot12,5,12,12,degenerate_tie,False,False,0,0,-1.47,-1.46,True,,
s5_n12_slot12,5,12,12,degenerate_tie,False,False,0,0,-1.46,-1.45,True,,
s5_n12_slot12,5,12,12,degenerate_tie,False,False,0,0,-1.45,-1.44,True,,
s5_n12_slot12,5,12,12,degenerate_tie,False,False,0,0,-1.44,-1.43,True,,
s5_n12_slot12,5,12,12,degenerate_tie,False,False,0,0,-1.43,-1.42,True,,
s5_n12_slot12,5,12,12,degenerate_tie,False,False,0,0,-1.42,-1.41,True,,
s5_n12_slot12,5,12,12,degenerate_tie,False,False,0,0,-1.41,-1.4,True,,
s5_n12_slot12,5,12,12,degenerate_tie,False,False,0,0,-1.4,-1.39,True,,
s5_n12_slot12,5,12,12,degenerate_tie,False,False,0,0,-1.39,-1.38,True,,
s5_n12_slot12,5,12,12,degenerate_tie,False,False,0,0,-1.38,-1.37,True,,
s5_n12_slot12,5,12,12,degenerate_tie,False,False,0,0,-1.37,-1.36,True,,
s5_n12_slot12,5,12,12,degenerate_tie,False,False,0,0,-1.36,-1.35,True,,
s5_n12_slot12,5,12,12,degenerate_tie,False,False,0,0,-1.35,-1.34,True,,
s5_n12_slot12,5,12,12,degenerate_tie,False,False,0,0,-1.34,-1.33,True,,
s5_n12_slot12,5,12,12,degenerate_tie,False,False,0,0,-1.33,-1.32,True,,
s5_n12_slot12,5,12,12,degenerate_tie,False,False,0,0,-1.32,-1.31,True,,
s5_n12_slot12,5,12,12,degenerate_tie,False,False,0,0,-1.31,-1.3,True,,
s5_n12_slot12,5,12,12,degenerate_tie,False,False,0,0,-1.3,-1.29,True,,
s5_n12_slot12,5,12,12,degenerate_tie,False,False,0,0,-1.29,-1.28,True,,
s5_n12_slot12,5,12,12,degenerate_tie,False,False,0,0,-1.28,-1.27,True,,
s5_n12_slot12,5,12,12,degenerate_tie,False,False,0,0,-1.27,-1.26,True,,
s5_n12_slot12,5,12,12,degenerate_tie,False,False,0,0,-1.26,-1.25,True,,
s5_n12_slot12,5,12,12,degenerate_tie,False,False,0,0,-1.25,-1.24,True,,
s5_n12_slot12,5,12,12,degenerate_tie,False,False,0,0,-1.24,-1.23,True,,
s5_n12_slot12,5,12,12,duty_change,True,False,36,-20,-1.23,-1.22,True,0,0.1473635002
s5_n12_slot12,5,12,12,degenerate_tie,False,False,0,0,-1.21,-1.2,True,,
s5_n12_slot12,5,12,12,degenerate_tie,False,False,0,0,-1.2,-1.19,True,,
s5_n12_slot12,5,12,12,degenerate_tie,False,False,0,0,-1.19,-1.18,True,,
s5_n12_slot12,5,12,12,degenerate_tie,False,False,0,0,-1.18,-1.17,True,,
s5_n12_slot12,5,12,12,degenerate_tie,False,False,0,0,-1.17,-1.16,True,,
s5_n12_slot12,5,12,12,degenerate_tie,False,False,0,0,-1.16,-1.15,True,,
s5_n12_slot12,5,12,12,degenerate_tie,False,False,0,0,-1.15,-1.14,True,,
s5_n12_slot12,5,12,12,degenerate_tie,False,False,0,0,-1.14,-1.13,True,,
s5_n12_slot12,5,12,12,degenerate_tie,False,False,0,0,-1.13,-1.12,True,,
s5_n12_slot12,5,12,12,degenerate_tie,False,False,8.642936031e-07,0,-1.12,-1.11,True,,
s5_n12_slot12,5,12,12,degenerate_tie,False,False,8.642936031e-07,0,-1.11,-1.1,True,,
s5_n12_slot12,5,12,12,degenerate_tie,False,False,0,0,-1.1,-1.09,True,,
s5_n12_slot12,5,12,12,degenerate_tie,False,False,0,0,-1.09,-1.08,True,,
s5_n12_slot12,5,12,12,degenerate_tie,False,False,0,0,-1.08,-1.07,True,,
s5_n12_slot12,5,12,12,degenerate_tie,False,False,0,0,-1.07,-1.06,True,,
s5_n12_slot12,5,12,12,degenerate_tie,False,False,0,0,-1.06,-1.05,True,,
s5_n12_slot12,5,12,12,degenerate_tie,False,False,0,0,-1.05,-1.04,True,,
s5_n12_slot12,5,12,12,degenerate_tie,False,False,0,0,-1.04,-1.03,True,,
s5_n12_slot12,5,12,12,degenerate_tie,False,False,0,0,-1.02,-1.01,True,,
s5_n12_slot12,5,12,12,degenerate_tie,False,False,0,0,-1.01,-1,True,,
s5_n12_slot12,5,12,12,degenerate_tie,False,False,0,0,-1,-0.99,True,,
s5_n12_slot12,5,12,12,degenerate_tie,False,False,0,0,-0.99,-0.98,True,,
s5_n12_slot12,5,12,12,degenerate_tie,False,False,0,0,-0.97,-0.96,True,,
s5_n12_slot12,5,12,12,degenerate_tie,False,False,0,0,-0.96,-0.95,True,,
s5_n12_slot12,5,12,12,degenerate_tie,False,False,0,0,-0.95,-0.94,True,,
s5_n12_slot12,5,12,12,degenerate_tie,False,False,0,0,-0.94,-0.93,True,,
s5_n12_slot12,5,12,12,degenerate_tie,False,False,0,0,-0.93,-0.92,True,,
s5_n12_slot12,5,12,12,degenerate_tie,False,False,0,0,-0.92,-0.91,True,,
s5_n12_slot12,5,12,12,degenerate_tie,False,False,0,0,-0.91,-0.9,True,,
s5_n12_slot12,5,12,12,degenerate_tie,False,False,0,0,-0.9,-0.89,True,,
s5_n12_slot12,5,12,12,degenerate_tie,False,False,0,0,-0.89,-0.88,True,,
s5_n12_slot12,5,12,12,degenerate_tie,False,False,0,0,-0.88,-0.87,True,,
s5_n12_slot12,5,12,12,degenerate_tie,False,False,0,0,-0.86,-0.85,True,,
s5_n12_slot12,5,12,12,degenerate_tie,False,False,0,0,-0.85,-0.84,True,,
s5_n12_slot12,5,12,12,degenerate_tie,False,False,0,0,-0.84,-0.83,True,,
s5_n12_slot12,5,12,12,degenerate_tie,False,False,0,0,-0.82,-0.81,True,,
s5_n12_slot12,5,12,12,degenerate_tie,False,False,0,0,-0.81,-0.8,True,,
s5_n12_slot12,5,12,12,degenerate_tie,False,False,0,0,-0.8,-0.79,True,,
s5_n12_slot12,5,12,12,degenerate_tie,False,False,0,0,-0.78,-0.77,True,,
s5_n12_slot12,5,12,12,degenerate_tie,False,False,0,0,-0.77,-0.76,True,,
s5_n12_slot12,5,12,12,degenerate_tie,False,False,0,0,-0.76,-0.75,True,,
s5_n12_slot12,5,12,12,degenerate_tie,False,False,0,0,-0.75,-0.74,True,,
s5_n12_slot12,5,12,12,degenerate_tie,False,False,0,0,-0.74,-0.73,True,,
s5_n12_slot12,5,12,12,degenerate_tie,False,False,0,0,-0.73,-0.72,True,,
s5_n12_slot12,5,12,12,degenerate_tie,False,False,0,0,-0.72,-0.71,True,,
s5_n12_slot12,5,12,12,degenerate_tie,False,False,0,0,-0.71,-0.7,True,,
s5_n12_slot12,5,12,12,degenerate_tie,False,False,0,0,-0.7,-0.69,True,,
s5_n12_slot12,5,12,12,degenerate_tie,False,False,0,0,-0.69,-0.68,True,,
s5_n12_slot12,5,12,12,degenerate_tie,False,False,0,0,-0.68,-0.67,True,,
s5_n12_slot12,5,12,12,degenerate_tie,False,False,0,0,-0.67,-0.66,True,,
s5_n12_slot12,5,12,12,degenerate_tie,False,False,0,0,-0.66,-0.65,True,,
s5_n12_slot12,5,12,12,degenerate_tie,False,False,0,0,-0.64,-0.63,True,,
s5_n12_slot12,5,12,12,degenerate_tie,False,False,0,0,-0.63,-0.62,True,,
s5_n12_slot12,5,12,12,degenerate_tie,False,False,0,0,-0.62,-0.61,True,,
s5_n12_slot12,5,12,12,degenerate_tie,False,False,0,0,-0.61,-0.6,True,,
s5_n12_slot12,5,12,12,degenerate_tie,False,False,0,0,-0.6,-0.59,True,,
s5_n12_slot12,5,12,12,degenerate_tie,False,False,0,0,-0.59,-0.58,True,,
s5_n12_slot12,5,12,12,degenerate_tie,False,False,0,0,-0.58,-0.57,True,,
s5_n12_slot12,5,12,12,degenerate_tie,False,False,0,0,-0.57,-0.56,True,,
s5_n12_slot12,5,12,12,degenerate_tie,False,False,0,0,-0.55,-0.54,True,,
s5_n12_slot12,5,12,12,degenerate_tie,False,False,0,0,-0.54,-0.53,True,,
s5_n12_slot12,5,12,12,degenerate_tie,False,False,0,0,-0.53,-0.52,True,,
s5_n12_slot12,5,12,12,degenerate_tie,False,False,0,0,-0.51,-0.5,True,,
s5_n12_slot12,5,12,12,degenerate_tie,False,False,0,0,-0.5,-0.49,True,,
s5_n12_slot12,5,12,12,degenerate_tie,False,False,0,0,-0.48,-0.47,True,,
s5_n12_slot12,5,12,12,degenerate_tie,False,False,0,0,-0.47,-0.46,True,,
s5_n12_slot12,5,12,12,degenerate_tie,False,False,0,0,-0.46,-0.45,True,,
s5_n12_slot12,5,12,12,degenerate_tie,False,False,3.197442311e-14,-7.105427358e-15,-0.45,-0.44,True,,
s5_n12_slot12,5,12,12,degenerate_tie,False,False,0,0,-0.44,-0.43,True,,
s5_n12_slot12,5,12,12,degenerate_tie,False,False,3.197442311e-14,7.105427358e-15,-0.43,-0.42,True,,
s5_n12_slot12,5,12,12,degenerate_tie,False,False,3.197442311e-14,-7.105427358e-15,-0.42,-0.41,True,,
s5_n12_slot12,5,12,12,degenerate_tie,False,False,0,0,-0.41,-0.4,True,,
s5_n12_slot12,5,12,12,degenerate_tie,False,False,3.197442311e-14,7.105427358e-15,-0.4,-0.39,True,,
s5_n12_slot12,5,12,12,degenerate_tie,False,False,0,0,-0.39,-0.38,True,,
s5_n12_slot12,5,12,12,degenerate_tie,False,False,0,0,-0.38,-0.37,True,,
s5_n12_slot12,5,12,12,degenerate_tie,False,False,3.197442311e-14,-7.105427358e-15,-0.37,-0.36,True,,
s5_n12_slot12,5,12,12,degenerate_tie,False,False,3.197442311e-14,7.105427358e-15,-0.36,-0.35,True,,
s5_n12_slot12,5,12,12,degenerate_tie,False,False,0,0,-0.35,-0.34,True,,
s5_n12_slot12,5,12,12,degenerate_tie,False,False,3.197442311e-14,-7.105427358e-15,-0.34,-0.33,True,,
s5_n12_slot12,5,12,12,degenerate_tie,False,False,0,0,-0.33,-0.32,True,,
s5_n12_slot12,5,12,12,degenerate_tie,False,False,3.197442311e-14,7.105427358e-15,-0.32,-0.31,True,,
s5_n12_slot12,5,12,12,degenerate_tie,False,False,3.197442311e-14,-7.105427358e-15,-0.31,-0.3,True,,
s5_n12_slot12,5,12,12,degenerate_tie,False,False,7.830631954e-05,5.791607656e-05,-0.29,-0.28,True,,
s5_n12_slot12,5,12,12,degenerate_tie,False,False,0,0,-0.28,-0.27,True,,
s5_n12_slot12,5,12,12,degenerate_tie,False,False,0,0,-0.27,-0.26,True,,
s5_n12_slot12,5,12,12,degenerate_tie,False,False,0,0,-0.26,-0.25,True,,
s5_n12_slot12,5,12,12,degenerate_tie,False,False,0,0,-0.24,-0.23,True,,
s5_n12_slot12,5,12,12,duty_change,False,True,81.2,-22.1,-0.23,-0.22,True,0.01472183215,0.2062781678
s5_n12_slot12,5,12,12,charging_only,False,True,45.2,-22.6,-0.08,-0.07,False,,
s5_n12_slot12,5,12,12,degenerate_tie,False,False,0,0,-0.07,-0.06,True,,
s5_n12_slot12,5,12,12,degenerate_tie,False,False,0,0,-0.05,-0.04,True,,
s5_n12_slot12,5,12,12,degenerate_tie,False,False,0,0,-0.03,-0.02,True,,
s5_n12_slot12,5,12,12,degenerate_tie,False,False,0,0,-0.02,-0.01,True,,
s5_n12_slot12,5,12,12,degenerate_tie,False,False,0,0,0.04,0.05,True,,
s5_n12_slot12,5,12,12,degenerate_tie,False,False,0,0,0.05,0.06,True,,
s5_n12_slot12,5,12,12,degenerate_tie,False,False,0,0,0.07,0.08,True,,
s5_n12_slot12,5,12,12,degenerate_tie,False,False,0,0,0.09,0.1,True,,
s5_n12_slot12,5,12,12,degenerate_tie,False,False,0,0,0.1,0.11,True,,
s5_n12_slot12,5,12,12,degenerate_tie,False,False,0,0,0.11,0.12,True,,
s5_n12_slot12,5,12,12,degenerate_tie,False,False,0,0,0.12,0.13,True,,
s5_n12_slot12,5,12,12,degenerate_tie,False,False,0,0,0.13,0.14,True,,
s5_n12_slot12,5,12,12,degenerate_tie,False,False,0,0,0.21,0.22,True,,
s5_n12_slot12,5,12,12,degenerate_tie,False,False,0,0,0.29,0.3,True,,
s5_n12_slot12,5,12,12,degenerate_tie,False,False,0,0,0.3,0.31,True,,
s5_n12_slot12,5,12,12,degenerate_tie,False,False,0,0,0.41,0.42,True,,
s5_n12_slot12,5,12,12,degenerate_tie,False,False,0,0,0.42,0.43,True,,
s5_n12_slot12,5,12,12,degenerate_tie,False,False,0,0,0.47,0.48,True,,
s5_n12_slot12,5,12,12,degenerate_tie,False,False,0,0,0.48,0.49,True,,
s5_n12_slot12,5,12,12,degenerate_tie,False,False,0,0,0.55,0.56,True,,
s5_n12_slot12,5,12,12,degenerate_tie,False,False,0,0,0.56,0.57,True,,
s5_n12_slot12,5,12,12,degenerate_tie,False,False,0,0,0.61,0.62,True,,
s5_n12_slot12,5,12,12,degenerate_tie,False,False,0,0,0.62,0.63,True,,
s5_n12_slot12,5,12,12,degenerate_tie,False,False,0,0,0.71,0.72,True,,
s5_n12_slot12,5,12,12,degenerate_tie,False,False,0,0,0.72,0.73,True,,
s5_n12_slot12,5,12,12,degenerate_tie,False,False,0,0,0.81,0.82,True,,
s5_n12_slot12,5,12,12,degenerate_tie,False,False,0,0,0.82,0.83,True,,
s5_n12_slot12,5,12,12,degenerate_tie,False,False,0,0,0.95,0.96,True,,
s5_n12_slot12,5,12,12,degenerate_tie,False,False,0,0,0.96,0.97,True,,
s5_n12_slot12,5,12,12,degenerate_tie,False,False,0,0,1.04,1.05,True,,
s5_n12_slot12,5,12,12,degenerate_tie,False,False,0,0,1.05,1.06,True,,
s5_n12_slot12,5,12,12,degenerate_tie,False,False,0,0,1.09,1.1,True,,
s5_n12_slot12,5,12,12,degenerate_tie,False,False,0,0,1.1,1.11,True,,
s5_n12_slot12,5,12,12,degenerate_tie,False,False,0,0,1.13,1.14,True,,
s5_n12_slot12,5,12,12,degenerate_tie,False,False,0,0,1.14,1.15,True,,
s5_n12_slot12,5,12,12,degenerate_tie,False,False,0,0,1.16,1.17,True,,
s5_n12_slot12,5,12,12,degenerate_tie,False,False,0,0,1.17,1.18,True,,
s5_n12_slot12,5,12,12,degenerate_tie,False,False,0,0,1.18,1.19,True,,
s5_n12_slot12,5,12,12,degenerate_tie,False,False,0,0,1.19,1.2,True,,
s5_n12_slot12,5,12,12,degenerate_tie,False,False,0,0,1.39,1.4,True,,
s5_n12_slot12,5,12,12,degenerate_tie,False,False,0,0,1.4,1.41,True,,
s5_n12_slot16,5,12,16,degenerate_tie,False,False,0,0,-1.5,-1.49,True,,
s5_n12_slot16,5,12,16,degenerate_tie,False,False,0,0,-1.49,-1.48,True,,
s5_n12_slot16,5,12,16,degenerate_tie,False,False,0,0,-1.43,-1.42,True,,
s5_n12_slot16,5,12,16,degenerate_tie,False,False,0,0,-1.42,-1.41,True,,
s5_n12_slot16,5,12,16,degenerate_tie,False,False,0,0,-1.4,-1.39,True,,
s5_n12_slot16,5,12,16,degenerate_tie,False,False,0,0,-1.38,-1.37,True,,
s5_n12_slot16,5,12,16,charging_only,False,True,22,-22,-1.36,-1.35,False,,
s5_n12_slot16,5,12,16,degenerate_tie,False,False,0,0,-1.35,-1.34,True,,
s5_n12_slot16,5,12,16,degenerate_tie,False,False,0,0,-1.33,-1.32,True,,
s5_n12_slot16,5,12,16,degenerate_tie,False,False,0,0,-1.32,-1.31,True,,
s5_n12_slot16,5,12,16,degenerate_tie,False,False,0,0,-1.31,-1.3,True,,
s5_n12_slot16,5,12,16,degenerate_tie,False,False,0,0,-1.27,-1.26,True,,
s5_n12_slot16,5,12,16,degenerate_tie,False,False,0,0,-1.25,-1.24,True,,
s5_n12_slot16,5,12,16,degenerate_tie,False,False,0,0,-1.24,-1.23,True,,
s5_n12_slot16,5,12,16,degenerate_tie,False,False,0,0,-1.23,-1.22,True,,
s5_n12_slot16,5,12,16,degenerate_tie,False,False,0,0,-1.2,-1.19,True,,
s5_n12_slot16,5,12,16,degenerate_tie,False,False,0,0,-1.19,-1.18,True,,
s5_n12_slot16,5,12,16,duty_change,False,True,62.8,-28.7,-1.18,-1.17,True,0.262297039,0.02470296102
s5_n12_slot16,5,12,16,duty_change,False,True,27.2,-13.6,-0.61,-0.6,True,0.005399335746,0.005600664254
s5_n12_slot16,5,12,16,duty_change,False,True,95.4,-36.4,-0.09,-0.08,True,0.2916087366,0.0723912634
s5_n12_slot16,5,12,16,degenerate_tie,False,False,0,0,-0.07,-0.06,True,,
s5_n12_slot16,5,12,16,degenerate_tie,False,False,0,0,-0.05,-0.04,True,,
s5_n12_slot16,5,12,16,degenerate_tie,False,False,0,0,-0.01,1.33226763e-15,True,,
s5_n12_slot16,5,12,16,degenerate_tie,False,False,0,0,1.33226763e-15,0.01,True,,
s5_n12_slot16,5,12,16,degenerate_tie,False,False,0,0,0.01,0.02,True,,
s5_n12_slot16,5,12,16,degenerate_tie,False,False,0,0,0.02,0.03,True,,
s5_n12_slot16,5,12,16,degenerate_tie,False,False,0,0,0.06,0.07,True,,
s5_n12_slot16,5,12,16,degenerate_tie,False,False,0,0,0.08,0.09,True,,
s5_n12_slot16,5,12,16,degenerate_tie,False,False,0,0,0.11,0.12,True,,
s5_n12_slot16,5,12,16,degenerate_tie,False,False,0,0,0.12,0.13,True,,
s5_n12_slot16,5,12,16,degenerate_tie,False,False,0,0,0.13,0.14,True,,
s5_n12_slot16,5,12,16,degenerate_tie,False,False,0,0,0.15,0.16,True,,
s5_n12_slot16,5,12,16,degenerate_tie,False,False,0,0,0.16,0.17,True,,
s5_n12_slot16,5,12,16,degenerate_tie,False,False,0,0,0.18,0.19,True,,
s5_n12_slot16,5,12,16,degenerate_tie,False,False,0,0,0.19,0.2,True,,
s5_n12_slot16,5,12,16,degenerate_tie,False,False,0,0,0.21,0.22,True,,
s5_n12_slot16,5,12,16,degenerate_tie,False,False,0,0,0.23,0.24,True,,
s5_n12_slot16,5,12,16,degenerate_tie,False,False,0,0,0.25,0.26,True,,
s5_n12_slot16,5,12,16,degenerate_tie,False,False,0,0,0.28,0.29,True,,
s5_n12_slot16,5,12,16,degenerate_tie,False,False,0,0,1.14,1.15,True,,
s5_n12_slot16,5,12,16,degenerate_tie,False,False,0,0,1.15,1.16,True,,
s5_n12_slot20,5,12,20,degenerate_tie,False,False,0,0,-1.5,-1.49,True,,
s5_n12_slot20,5,12,20,duty_change,True,False,62.9,-62.9,-1.49,-1.48,True,4.547473509e-13,0
s5_n12_slot20,5,12,20,degenerate_tie,False,False,0,0,-1.48,-1.47,True,,
s5_n12_slot20,5,12,20,degenerate_tie,False,False,0,0,-1.47,-1.46,True,,
s5_n12_slot20,5,12,20,degenerate_tie,False,False,0,0,-1.46,-1.45,True,,
s5_n12_slot20,5,12,20,degenerate_tie,False,False,0,0,-1.37,-1.36,True,,
s5_n12_slot20,5,12,20,degenerate_tie,False,False,0,0,-1.34,-1.33,True,,
s5_n12_slot20,5,12,20,duty_change,False,True,15,-12.1,-1.31,-1.3,True,0.08448360822,0.03651639178
s5_n12_slot20,5,12,20,degenerate_tie,False,False,0,0,-1.25,-1.24,True,,
s5_n12_slot20,5,12,20,degenerate_tie,False,False,0,0,-1.24,-1.23,True,,
s5_n12_slot20,5,12,20,degenerate_tie,False,False,0,0,-1.23,-1.22,True,,
s5_n12_slot20,5,12,20,degenerate_tie,False,False,0,0,-1.22,-1.21,True,,
s5_n12_slot20,5,12,20,degenerate_tie,False,False,0,0,-1.2,-1.19,True,,
s5_n12_slot20,5,12,20,degenerate_tie,False,False,0,0,-1.19,-1.18,True,,
s5_n12_slot20,5,12,20,degenerate_tie,False,False,0,0,-1.18,-1.17,True,,
s5_n12_slot20,5,12,20,degenerate_tie,False,False,0,0,-1.17,-1.16,True,,
s5_n12_slot20,5,12,20,degenerate_tie,False,False,0,0,-1.16,-1.15,True,,
s5_n12_slot20,5,12,20,degenerate_tie,False,False,0,0,-1.15,-1.14,True,,
s5_n12_slot20,5,12,20,degenerate_tie,False,False,1.266226012e-05,-8.397602912e-06,-1.14,-1.13,True,,
s5_n12_slot20,5,12,20,degenerate_tie,False,False,1.266226012e-05,8.397602912e-06,-1.13,-1.12,True,,
s5_n12_slot20,5,12,20,degenerate_tie,False,False,0,0,-1.12,-1.11,True,,
s5_n12_slot20,5,12,20,degenerate_tie,False,False,0,0,-1.11,-1.1,True,,
s5_n12_slot20,5,12,20,degenerate_tie,False,False,0,0,-1.1,-1.09,True,,
s5_n12_slot20,5,12,20,degenerate_tie,False,False,0,0,-1.09,-1.08,True,,
s5_n12_slot20,5,12,20,degenerate_tie,False,False,0,0,-1.08,-1.07,True,,
s5_n12_slot20,5,12,20,degenerate_tie,False,False,1.744434179e-05,-1.744434179e-05,-1.07,-1.06,True,,
s5_n12_slot20,5,12,20,degenerate_tie,False,False,1.744434179e-05,1.744434179e-05,-1.06,-1.05,True,,
s5_n12_slot20,5,12,20,degenerate_tie,False,False,0,0,-1.05,-1.04,True,,
s5_n12_slot20,5,12,20,degenerate_tie,False,False,0,0,-1.04,-1.03,True,,
s5_n12_slot20,5,12,20,degenerate_tie,False,False,0,0,-1.03,-1.02,True,,
s5_n12_slot20,5,12,20,degenerate_tie,False,False,2.131628207e-14,1.421085472e-14,-1.02,-1.01,True,,
s5_n12_slot20,5,12,20,degenerate_tie,False,False,2.131628207e-14,-1.421085472e-14,-1.01,-1,True,,
s5_n12_slot20,5,12,20,degenerate_tie,False,False,0,0,-0.99,-0.98,True,,
s5_n12_slot20,5,12,20,degenerate_tie,False,False,0,0,-0.95,-0.94,True,,
s5_n12_slot20,5,12,20,degenerate_tie,False,False,0,0,-0.94,-0.93,True,,
s5_n12_slot20,5,12,20,degenerate_tie,False,False,0,0,-0.92,-0.91,True,,
s5_n12_slot20,5,12,20,degenerate_tie,False,False,0,0,-0.91,-0.9,True,,
s5_n12_slot20,5,12,20,degenerate_tie,False,False,2.131628207e-14,-1.421085472e-14,-0.84,-0.83,True,,
s5_n12_slot20,5,12,20,degenerate_tie,False,False,2.131628207e-14,1.421085472e-14,-0.83,-0.82,True,,
s5_n12_slot20,5,12,20,degenerate_tie,False,False,2.131628207e-14,-1.421085472e-14,-0.82,-0.81,True,,
s5_n12_slot20,5,12,20,degenerate_tie,False,False,2.131628207e-14,1.421085472e-14,-0.81,-0.8,True,,
s5_n12_slot20,5,12,20,degenerate_tie,False,False,2.131628207e-14,-1.421085472e-14,-0.8,-0.79,True,,
s5_n12_slot20,5,12,20,degenerate_tie,False,False,0,0,-0.79,-0.78,True,,
s5_n12_slot20,5,12,20,degenerate_tie,False,False,2.131628207e-14,1.421085472e-14,-0.78,-0.77,True,,
s5_n12_slot20,5,12,20,degenerate_tie,False,False,0,0,-0.76,-0.75,True,,
s5_n12_slot20,5,12,20,duty_change,True,False,25,-12.5,-0.74,-0.73,True,0.0007457460424,0
s5_n12_slot20,5,12,20,degenerate_tie,False,False,0,0,-0.73,-0.72,True,,
s5_n12_slot20,5,12,20,degenerate_tie,False,False,0,0,-0.72,-0.71,True,,
s5_n12_slot20,5,12,20,degenerate_tie,False,False,0,0,-0.71,-0.7,True,,
s5_n12_slot20,5,12,20,degenerate_tie,False,False,0,0,-0.7,-0.69,True,,
s5_n12_slot20,5,12,20,degenerate_tie,False,False,2.131628207e-14,2.131628207e-14,-0.69,-0.68,True,,
s5_n12_slot20,5,12,20,degenerate_tie,False,False,0,0,-0.68,-0.67,True,,
s5_n12_slot20,5,12,20,degenerate_tie,False,False,0,0,-0.67,-0.66,True,,
s5_n12_slot20,5,12,20,degenerate_tie,False,False,2.131628207e-14,2.131628207e-14,-0.65,-0.64,True,,
s5_n12_slot20,5,12,20,degenerate_tie,False,False,0,0,-0.64,-0.63,True,,
s5_n12_slot20,5,12,20,degenerate_tie,False,False,0,0,-0.63,-0.62,True,,
s5_n12_slot20,5,12,20,degenerate_tie,False,False,0,0,-0.62,-0.61,True,,
s5_n12_slot20,5,12,20,degenerate_tie,False,False,0,0,-0.61,-0.6,True,,
s5_n12_slot20,5,12,20,degenerate_tie,False,False,2.131628207e-14,-2.131628207e-14,-0.6,-0.59,True,,
s5_n12_slot20,5,12,20,degenerate_tie,False,False,0,0,-0.59,-0.58,True,,
s5_n12_slot20,5,12,20,degenerate_tie,False,False,0,0,-0.58,-0.57,True,,
s5_n12_slot20,5,12,20,degenerate_tie,False,False,2.131628207e-14,2.131628207e-14,-0.57,-0.56,True,,
s5_n12_slot20,5,12,20,degenerate_tie,False,False,0,0,-0.56,-0.55,True,,
s5_n12_slot20,5,12,20,degenerate_tie,False,False,0,0,-0.54,-0.53,True,,
s5_n12_slot20,5,12,20,degenerate_tie,False,False,0,0,-0.53,-0.52,True,,
s5_n12_slot20,5,12,20,degenerate_tie,False,False,2.131628207e-14,-2.131628207e-14,-0.52,-0.51,True,,
s5_n12_slot20,5,12,20,degenerate_tie,False,False,2.131628207e-14,2.131628207e-14,-0.51,-0.5,True,,
s5_n12_slot20,5,12,20,degenerate_tie,False,False,2.131628207e-14,-2.131628207e-14,-0.5,-0.49,True,,
s5_n12_slot20,5,12,20,degenerate_tie,False,False,2.131628207e-14,2.131628207e-14,-0.49,-0.48,True,,
s5_n12_slot20,5,12,20,degenerate_tie,False,False,2.131628207e-14,-2.131628207e-14,-0.48,-0.47,True,,
s5_n12_slot20,5,12,20,degenerate_tie,False,False,2.131628207e-14,2.131628207e-14,-0.47,-0.46,True,,
s5_n12_slot20,5,12,20,degenerate_tie,False,False,0,0,-0.46,-0.45,True,,
s5_n12_slot20,5,12,20,degenerate_tie,False,False,2.131628207e-14,-2.131628207e-14,-0.45,-0.44,True,,
s5_n12_slot20,5,12,20,degenerate_tie,False,False,0,0,-0.44,-0.43,True,,
s5_n12_slot20,5,12,20,degenerate_tie,False,False,2.131628207e-14,2.131628207e-14,-0.43,-0.42,True,,
s5_n12_slot20,5,12,20,degenerate_tie,False,False,0,0,-0.42,-0.41,True,,
s5_n12_slot20,5,12,20,degenerate_tie,False,False,0,0,-0.41,-0.4,True,,
s5_n12_slot20,5,12,20,degenerate_tie,False,False,2.131628207e-14,-2.131628207e-14,-0.4,-0.39,True,,
s5_n12_slot20,5,12,20,degenerate_tie,False,False,0,0,-0.39,-0.38,True,,
s5_n12_slot20,5,12,20,degenerate_tie,False,False,2.131628207e-14,2.131628207e-14,-0.38,-0.37,True,,
s5_n12_slot20,5,12,20,degenerate_tie,False,False,0,0,-0.37,-0.36,True,,
s5_n12_slot20,5,12,20,degenerate_tie,False,False,0,0,-0.36,-0.35,True,,
s5_n12_slot20,5,12,20,degenerate_tie,False,False,0,0,-0.35,-0.34,True,,
s5_n12_slot20,5,12,20,degenerate_tie,False,False,0,0,-0.34,-0.33,True,,
s5_n12_slot20,5,12,20,degenerate_tie,False,False,0,0,-0.33,-0.32,True,,
s5_n12_slot20,5,12,20,degenerate_tie,False,False,0,0,-0.32,-0.31,True,,
s5_n12_slot20,5,12,20,degenerate_tie,False,False,0,0,-0.31,-0.3,True,,
s5_n12_slot20,5,12,20,degenerate_tie,False,False,0,0,-0.3,-0.29,True,,
s5_n12_slot20,5,12,20,degenerate_tie,False,False,0,0,-0.29,-0.28,True,,
s5_n12_slot20,5,12,20,degenerate_tie,False,False,0,0,-0.28,-0.27,True,,
s5_n12_slot20,5,12,20,degenerate_tie,False,False,0,0,-0.27,-0.26,True,,
s5_n12_slot20,5,12,20,degenerate_tie,False,False,0,0,-0.26,-0.25,True,,
s5_n12_slot20,5,12,20,degenerate_tie,False,False,0,0,-0.21,-0.2,True,,
s5_n12_slot20,5,12,20,duty_change,False,True,77.2,-20.5,-0.17,-0.16,True,0.1252365053,0.0797634947
s5_n12_slot20,5,12,20,degenerate_tie,False,False,0,0,-0.16,-0.15,True,,
s5_n12_slot20,5,12,20,degenerate_tie,False,False,0,0,-0.15,-0.14,True,,
s5_n12_slot20,5,12,20,degenerate_tie,False,False,0,0,-0.14,-0.13,True,,
s5_n12_slot20,5,12,20,degenerate_tie,False,False,0,0,-0.09,-0.08,True,,
s5_n12_slot20,5,12,20,degenerate_tie,False,False,0,0,-0.08,-0.07,True,,
s5_n12_slot20,5,12,20,degenerate_tie,False,False,0,0,-0.06,-0.05,True,,
s5_n12_slot20,5,12,20,degenerate_tie,False,False,0,0,-0.03,-0.02,True,,
s5_n12_slot20,5,12,20,degenerate_tie,False,False,0,0,-0.02,-0.01,True,,
s5_n12_slot20,5,12,20,degenerate_tie,False,False,0,0,0.04,0.05,True,,
s5_n12_slot20,5,12,20,degenerate_tie,False,False,0,0,0.05,0.06,True,,
s5_n12_slot20,5,12,20,degenerate_tie,False,False,0,0,0.06,0.07,True,,
s5_n12_slot20,5,12,20,degenerate_tie,False,False,0,0,0.07,0.08,True,,
s5_n12_slot20,5,12,20,degenerate_tie,False,False,0,0,0.1,0.11,True,,
s5_n12_slot20,5,12,20,degenerate_tie,False,False,0,0,0.11,0.12,True,,
s5_n12_slot20,5,12,20,degenerate_tie,False,False,0,0,0.14,0.15,True,,
s5_n12_slot20,5,12,20,degenerate_tie,False,False,0,0,0.15,0.16,True,,
s5_n12_slot20,5,12,20,degenerate_tie,False,False,0,0,0.16,0.17,True,,
s5_n12_slot20,5,12,20,degenerate_tie,False,False,2.842170943e-14,0,0.18,0.19,True,,
s5_n12_slot20,5,12,20,degenerate_tie,False,False,0,0,0.23,0.24,True,,
s5_n12_slot20,5,12,20,degenerate_tie,False,False,0,0,0.26,0.27,True,,
s5_n12_slot20,5,12,20,degenerate_tie,False,False,0,0,0.28,0.29,True,,
s5_n12_slot20,5,12,20,degenerate_tie,False,False,0,0,0.35,0.36,True,,
s5_n12_slot20,5,12,20,degenerate_tie,False,False,0,0,0.39,0.4,True,,
s5_n12_slot20,5,12,20,degenerate_tie,False,False,0,0,0.41,0.42,True,,
s5_n12_slot20,5,12,20,degenerate_tie,False,False,0,0,0.42,0.43,True,,
s5_n12_slot20,5,12,20,degenerate_tie,False,False,0,0,0.45,0.46,True,,
s5_n12_slot20,5,12,20,degenerate_tie,False,False,0,0,0.46,0.47,True,,
s5_n12_slot20,5,12,20,degenerate_tie,False,False,0,0,0.5,0.51,True,,
s5_n12_slot20,5,12,20,degenerate_tie,False,False,0,0,0.52,0.53,True,,
s5_n12_slot20,5,12,20,degenerate_tie,False,False,0,0,0.53,0.54,True,,
s5_n12_slot20,5,12,20,degenerate_tie,False,False,0,0,0.57,0.58,True,,
s5_n12_slot20,5,12,20,degenerate_tie,False,False,0,0,0.6,0.61,True,,
s5_n12_slot20,5,12,20,degenerate_tie,False,False,0,0,0.61,0.62,True,,
s5_n12_slot20,5,12,20,degenerate_tie,False,False,0,0,0.63,0.64,True,,
s5_n12_slot20,5,12,20,degenerate_tie,False,False,0,0,0.65,0.66,True,,
s5_n12_slot20,5,12,20,degenerate_tie,False,False,0,0,0.66,0.67,True,,
s5_n12_slot20,5,12,20,degenerate_tie,False,False,0,0,0.7,0.71,True,,
s5_n12_slot20,5,12,20,degenerate_tie,False,False,0,0,0.72,0.73,True,,
s5_n12_slot20,5,12,20,degenerate_tie,False,False,0,0,0.77,0.78,True,,
s5_n12_slot20,5,12,20,degenerate_tie,False,False,0,0,0.81,0.82,True,,
s5_n12_slot20,5,12,20,degenerate_tie,False,False,0,0,0.83,0.84,True,,
s5_n12_slot20,5,12,20,degenerate_tie,False,False,0,0,0.85,0.86,True,,
s5_n12_slot20,5,12,20,degenerate_tie,False,False,0,0,0.92,0.93,True,,
s5_n12_slot20,5,12,20,degenerate_tie,False,False,0,0,0.94,0.95,True,,
s5_n12_slot20,5,12,20,degenerate_tie,False,False,0,0,0.97,0.98,True,,
s5_n12_slot20,5,12,20,degenerate_tie,False,False,0,0,0.98,0.99,True,,
s5_n12_slot20,5,12,20,degenerate_tie,False,False,0,0,0.99,1,True,,
s5_n12_slot20,5,12,20,degenerate_tie,False,False,0,0,1.02,1.03,True,,
s5_n12_slot20,5,12,20,degenerate_tie,False,False,0,0,1.04,1.05,True,,
s5_n12_slot20,5,12,20,degenerate_tie,False,False,0,0,1.06,1.07,True,,
s5_n12_slot20,5,12,20,degenerate_tie,False,False,0,0,1.08,1.09,True,,
s5_n12_slot20,5,12,20,degenerate_tie,False,False,0,0,1.09,1.1,True,,
s5_n12_slot20,5,12,20,degenerate_tie,False,False,0,0,1.13,1.14,True,,
s5_n12_slot20,5,12,20,degenerate_tie,False,False,0,0,1.15,1.16,True,,
s5_n12_slot20,5,12,20,degenerate_tie,False,False,0,0,1.17,1.18,True,,
s5_n12_slot20,5,12,20,degenerate_tie,False,False,0,0,1.18,1.19,True,,
s5_n12_slot20,5,12,20,degenerate_tie,False,False,0,0,1.19,1.2,True,,
s5_n12_slot20,5,12,20,degenerate_tie,False,False,0,0,1.2,1.21,True,,
s5_n12_slot20,5,12,20,degenerate_tie,False,False,0,0,1.23,1.24,True,,
s5_n12_slot20,5,12,20,degenerate_tie,False,False,0,0,1.26,1.27,True,,
s5_n12_slot20,5,12,20,degenerate_tie,False,False,0,0,1.3,1.31,True,,
s5_n12_slot20,5,12,20,degenerate_tie,False,False,0,0,1.33,1.34,True,,
s5_n12_slot20,5,12,20,degenerate_tie,False,False,0,0,1.35,1.36,True,,
s5_n12_slot20,5,12,20,degenerate_tie,False,False,0,0,1.37,1.38,True,,
s5_n12_slot20,5,12,20,degenerate_tie,False,False,0,0,1.4,1.41,True,,
s5_n12_slot20,5,12,20,degenerate_tie,False,False,0,0,1.42,1.43,True,,
s5_n12_slot20,5,12,20,degenerate_tie,False,False,0,0,1.47,1.48,True,,
s5_n12_slot20,5,12,20,degenerate_tie,False,False,0,0,1.49,1.5,True,,
s6_n12_slot8,6,12,8,charging_only,False,True,85,-42.5,-0.95,-0.94,False,,
s6_n12_slot12,6,12,12,degenerate_tie,False,False,0,0,-1.5,-1.49,True,,
s6_n12_slot12,6,12,12,degenerate_tie,False,False,0,0,-1.48,-1.47,True,,
s6_n12_slot12,6,12,12,degenerate_tie,False,False,0,0,-1.47,-1.46,True,,
s6_n12_slot12,6,12,12,degenerate_tie,False,False,0,0,-1.46,-1.45,True,,
s6_n12_slot12,6,12,12,degenerate_tie,False,False,0,0,-1.44,-1.43,True,,
s6_n12_slot12,6,12,12,degenerate_tie,False,False,0,0,-1.43,-1.42,True,,
s6_n12_slot12,6,12,12,degenerate_tie,False,False,0,0,-1.41,-1.4,True,,
s6_n12_slot12,6,12,12,degenerate_tie,False,False,0,0,-1.4,-1.39,True,,
s6_n12_slot12,6,12,12,degenerate_tie,False,False,0,0,-1.39,-1.38,True,,
s6_n12_slot12,6,12,12,degenerate_tie,False,False,0,0,-1.38,-1.37,True,,
s6_n12_slot12,6,12,12,degenerate_tie,False,False,0,0,-1.37,-1.36,True,,
s6_n12_slot12,6,12,12,degenerate_tie,False,False,0,0,-1.35,-1.34,True,,
s6_n12_slot12,6,12,12,degenerate_tie,False,False,0,0,-1.33,-1.32,True,,
s6_n12_slot12,6,12,12,degenerate_tie,False,False,0,0,-1.32,-1.31,True,,
s6_n12_slot12,6,12,12,degenerate_tie,False,False,0,0,-1.3,-1.29,True,,
s6_n12_slot12,6,12,12,degenerate_tie,False,False,0,0,-1.29,-1.28,True,,
s6_n12_slot12,6,12,12,degenerate_tie,False,False,0,0,-1.27,-1.26,True,,
s6_n12_slot12,6,12,12,degenerate_tie,False,False,0,0,-1.25,-1.24,True,,
s6_n12_slot12,6,12,12,degenerate_tie,False,False,0,0,-1.23,-1.22,True,,
s6_n12_slot12,6,12,12,degenerate_tie,False,False,0,0,-1.17,-1.16,True,,
s6_n12_slot12,6,12,12,degenerate_tie,False,False,0,0,-1.03,-1.02,True,,
s6_n12_slot12,6,12,12,degenerate_tie,False,False,0,0,-1.01,-1,True,,
s6_n12_slot12,6,12,12,degenerate_tie,False,False,0,0,-0.99,-0.98,True,,
s6_n12_slot12,6,12,12,degenerate_tie,False,False,0,0,-0.98,-0.97,True,,
s6_n12_slot12,6,12,12,degenerate_tie,False,False,0,0,-0.96,-0.95,True,,
s6_n12_slot12,6,12,12,degenerate_tie,False,False,0,0,-0.95,-0.94,True,,
s6_n12_slot12,6,12,12,degenerate_tie,False,False,0,0,-0.9,-0.89,True,,
s6_n12_slot12,6,12,12,degenerate_tie,False,False,0,0,-0.89,-0.88,True,,
s6_n12_slot12,6,12,12,degenerate_tie,False,False,0,0,-0.86,-0.85,True,,
s6_n12_slot12,6,12,12,degenerate_tie,False,False,0,0,-0.85,-0.84,True,,
s6_n12_slot12,6,12,12,degenerate_tie,False,False,0,0,-0.83,-0.82,True,,
s6_n12_slot12,6,12,12,degenerate_tie,False,False,0,0,-0.82,-0.81,True,,
s6_n12_slot12,6,12,12,degenerate_tie,False,False,0,0,-0.78,-0.77,True,,
s6_n12_slot12,6,12,12,degenerate_tie,False,False,0,0,-0.68,-0.67,True,,
s6_n12_slot12,6,12,12,degenerate_tie,False,False,0,0,-0.66,-0.65,True,,
s6_n12_slot12,6,12,12,degenerate_tie,False,False,0,0,-0.62,-0.61,True,,
s6_n12_slot12,6,12,12,degenerate_tie,False,False,0,0,-0.61,-0.6,True,,
s6_n12_slot12,6,12,12,degenerate_tie,False,False,0,0,-0.6,-0.59,True,,
s6_n12_slot12,6,12,12,degenerate_tie,False,False,0,0,-0.54,-0.53,True,,
s6_n12_slot12,6,12,12,degenerate_tie,False,False,0,0,-0.48,-0.47,True,,
s6_n12_slot12,6,12,12,degenerate_tie,False,False,0,0,-0.44,-0.43,True,,
s6_n12_slot12,6,12,12,degenerate_tie,False,False,0,0,-0.41,-0.4,True,,
s6_n12_slot12,6,12,12,degenerate_tie,False,False,0,0,-0.39,-0.38,True,,
s6_n12_slot12,6,12,12,degenerate_tie,False,False,0,0,-0.34,-0.33,True,,
s6_n12_slot12,6,12,12,degenerate_tie,False,False,0,0,-0.32,-0.31,True,,
s6_n12_slot12,6,12,12,degenerate_tie,False,False,0,0,-0.31,-0.3,True,,
s6_n12_slot12,6,12,12,degenerate_tie,False,False,0,0,-0.27,-0.26,True,,
s6_n12_slot12,6,12,12,degenerate_tie,False,False,0,0,-0.26,-0.25,True,,
s6_n12_slot12,6,12,12,degenerate_tie,False,False,0,0,-0.23,-0.22,True,,
s6_n12_slot12,6,12,12,degenerate_tie,False,False,0,0,-0.2,-0.19,True,,
s6_n12_slot12,6,12,12,degenerate_tie,False,False,0,0,-0.19,-0.18,True,,
s6_n12_slot12,6,12,12,degenerate_tie,False,False,0,0,-0.18,-0.17,True,,
s6_n12_slot12,6,12,12,degenerate_tie,False,False,0,0,-0.17,-0.16,True,,
s6_n12_slot12,6,12,12,degenerate_tie,False,False,0,0,-0.16,-0.15,True,,
s6_n12_slot12,6,12,12,degenerate_tie,False,False,0,0,-0.14,-0.13,True,,
s6_n12_slot12,6,12,12,degenerate_tie,False,False,0,0,-0.13,-0.12,True,,
s6_n12_slot12,6,12,12,degenerate_tie,False,False,0,0,-0.11,-0.1,True,,
s6_n12_slot12,6,12,12,degenerate_tie,False,False,0,0,-0.09,-0.08,True,,
s6_n12_slot12,6,12,12,duty_change,True,False,107.8,-53.9,-0.08,-0.07,True,0,0.08331526126
s6_n12_slot12,6,12,12,charging_only,False,True,85,-42.5,0.21,0.22,False,,
s6_n12_slot16,6,12,16,degenerate_tie,False,False,0,0,-1.48,-1.47,True,,
s6_n12_slot16,6,12,16,degenerate_tie,False,False,0,0,-1.4,-1.39,True,,
s6_n12_slot16,6,12,16,charging_only,False,True,23.5,-23.5,-1.36,-1.35,False,,
s6_n12_slot16,6,12,16,degenerate_tie,False,False,0,0,-1.32,-1.31,True,,
s6_n12_slot16,6,12,16,degenerate_tie,False,False,0,0,-1.31,-1.3,True,,
s6_n12_slot16,6,12,16,degenerate_tie,False,False,0,0,-1.23,-1.22,True,,
s6_n12_slot16,6,12,16,degenerate_tie,False,False,0,0,-1.22,-1.21,True,,
s6_n12_slot16,6,12,16,degenerate_tie,False,False,0,0,-1.2,-1.19,True,,
s6_n12_slot16,6,12,16,degenerate_tie,False,False,0,0,-1.19,-1.18,True,,
s6_n12_slot16,6,12,16,degenerate_tie,False,False,0,0,-1.14,-1.13,True,,
s6_n12_slot16,6,12,16,degenerate_tie,False,False,0,0,-1.12,-1.11,True,,
s6_n12_slot16,6,12,16,degenerate_tie,False,False,0,0,-1.08,-1.07,True,,
s6_n12_slot16,6,12,16,degenerate_tie,False,False,0,0,-1.07,-1.06,True,,
s6_n12_slot16,6,12,16,degenerate_tie,False,False,0,0,-0.95,-0.94,True,,
s6_n12_slot16,6,12,16,degenerate_tie,False,False,0,0,-0.94,-0.93,True,,
s6_n12_slot16,6,12,16,degenerate_tie,False,False,0,0,-0.87,-0.86,True,,
s6_n12_slot16,6,12,16,degenerate_tie,False,False,0,0,-0.86,-0.85,True,,
s6_n12_slot16,6,12,16,degenerate_tie,False,False,0,0,-0.79,-0.78,True,,
s6_n12_slot16,6,12,16,degenerate_tie,False,False,0,0,-0.78,-0.77,True,,
s6_n12_slot16,6,12,16,degenerate_tie,False,False,0,0,-0.7,-0.69,True,,
s6_n12_slot16,6,12,16,degenerate_tie,False,False,0,0,-0.69,-0.68,True,,
s6_n12_slot16,6,12,16,degenerate_tie,False,False,0,0,-0.66,-0.65,True,,
s6_n12_slot16,6,12,16,degenerate_tie,False,False,0,0,-0.65,-0.64,True,,
s6_n12_slot16,6,12,16,degenerate_tie,False,False,0,0,-0.64,-0.63,True,,
s6_n12_slot16,6,12,16,degenerate_tie,False,False,0,0,-0.63,-0.62,True,,
s6_n12_slot16,6,12,16,degenerate_tie,False,False,0,0,-0.57,-0.56,True,,
s6_n12_slot16,6,12,16,degenerate_tie,False,False,0,0,-0.55,-0.54,True,,
s6_n12_slot16,6,12,16,charging_only,False,True,26.6,-13.3,-0.53,-0.52,False,,
s6_n12_slot16,6,12,16,duty_change,False,True,105.8,-30.8,-0.49,-0.48,True,0.03432511169,0.2736748883
s6_n12_slot16,6,12,16,charging_only,False,True,18.4,-9.2,-0.31,-0.3,False,,
s6_n12_slot16,6,12,16,duty_change,False,True,44,-21.8,-0.07,-0.06,True,0.0107901487,0.2072098513
s6_n12_slot16,6,12,16,charging_only,False,True,12.4,-6.2,0.28,0.29,False,,
s6_n12_slot20,6,12,20,duty_change,True,False,33.5,-33.5,-1.49,-1.48,True,0,4.547473509e-13
s6_n12_slot20,6,12,20,degenerate_tie,False,False,0,0,-1.47,-1.46,True,,
s6_n12_slot20,6,12,20,degenerate_tie,False,False,0,0,-1.46,-1.45,True,,
s6_n12_slot20,6,12,20,degenerate_tie,False,False,0,0,-1.45,-1.44,True,,
s6_n12_slot20,6,12,20,degenerate_tie,False,False,0,0,-1.44,-1.43,True,,
s6_n12_slot20,6,12,20,degenerate_tie,False,False,0,0,-1.41,-1.4,True,,
s6_n12_slot20,6,12,20,degenerate_tie,False,False,0,0,-1.39,-1.38,True,,
s6_n12_slot20,6,12,20,degenerate_tie,False,False,0,0,-1.37,-1.36,True,,
s6_n12_slot20,6,12,20,degenerate_tie,False,False,0,0,-1.36,-1.35,True,,
s6_n12_slot20,6,12,20,degenerate_tie,False,False,0,0,-1.35,-1.34,True,,
s6_n12_slot20,6,12,20,degenerate_tie,False,False,0,0,-1.34,-1.33,True,,
s6_n12_slot20,6,12,20,degenerate_tie,False,False,0,0,-1.29,-1.28,True,,
s6_n12_slot20,6,12,20,degenerate_tie,False,False,0,0,-1.28,-1.27,True,,
s6_n12_slot20,6,12,20,degenerate_tie,False,False,0,0,-1.24,-1.23,True,,
s6_n12_slot20,6,12,20,degenerate_tie,False,False,0,0,-1.23,-1.22,True,,
s6_n12_slot20,6,12,20,degenerate_tie,False,False,0,0,-1.15,-1.14,True,,
s6_n12_slot20,6,12,20,degenerate_tie,False,False,0,0,-1.14,-1.13,True,,
s6_n12_slot20,6,12,20,degenerate_tie,False,False,0,0,-1.13,-1.12,True,,
s6_n12_slot20,6,12,20,degenerate_tie,False,False,0,0,-1.12,-1.11,True,,
s6_n12_slot20,6,12,20,degenerate_tie,False,False,0,0,-1.1,-1.09,True,,
s6_n12_slot20,6,12,20,degenerate_tie,False,False,0,0,-1.09,-1.08,True,,
s6_n12_slot20,6,12,20,degenerate_tie,False,False,0,0,-1.07,-1.06,True,,
s6_n12_slot20,6,12,20,degenerate_tie,False,False,0,0,-1.06,-1.05,True,,
s6_n12_slot20,6,12,20,degenerate_tie,False,False,0,0,-1.04,-1.03,True,,
s6_n12_slot20,6,12,20,degenerate_tie,False,False,0,0,-1.03,-1.02,True,,
s6_n12_slot20,6,12,20,degenerate_tie,False,False,0,0,-1.01,-1,True,,
s6_n12_slot20,6,12,20,degenerate_tie,False,False,0,0,-1,-0.99,True,,
s6_n12_slot20,6,12,20,degenerate_tie,False,False,0,0,-0.98,-0.97,True,,
s6_n12_slot20,6,12,20,degenerate_tie,False,False,0,0,-0.97,-0.96,True,,
s6_n12_slot20,6,12,20,degenerate_tie,False,False,0,0,-0.96,-0.95,True,,
s6_n12_slot20,6,12,20,degenerate_tie,False,False,0,0,-0.95,-0.94,True,,
s6_n12_slot20,6,12,20,degenerate_tie,False,False,0,0,-0.93,-0.92,True,,
s6_n12_slot20,6,12,20,degenerate_tie,False,False,0,0,-0.92,-0.91,True,,
s6_n12_slot20,6,12,20,degenerate_tie,False,False,0,0,-0.91,-0.9,True,,
s6_n12_slot20,6,12,20,degenerate_tie,False,False,0,0,-0.89,-0.88,True,,
s6_n12_slot20,6,12,20,degenerate_tie,False,False,0,0,-0.86,-0.85,True,,
s6_n12_slot20,6,12,20,degenerate_tie,False,False,0,0,-0.85,-0.84,True,,
s6_n12_slot20,6,12,20,degenerate_tie,False,False,0,0,-0.82,-0.81,True,,
s6_n12_slot20,6,12,20,degenerate_tie,False,False,0,0,-0.8,-0.79,True,,
s6_n12_slot20,6,12,20,degenerate_tie,False,False,0,0,-0.76,-0.75,True,,
s6_n12_slot20,6,12,20,charging_only,False,True,28.2,-14.1,-0.74,-0.73,False,,
s6_n12_slot20,6,12,20,charging_only,False,True,12.8,-6.4,0.21,0.22,False,,
s7_n12_slot8,7,12,8,duty_change,False,True,105.6,-38.3,-1.34,-1.33,True,0.2144504134,0.1685495866
s7_n12_slot8,7,12,8,degenerate_tie,False,False,0,0,-1.32,-1.31,True,,
s7_n12_slot8,7,12,8,degenerate_tie,False,False,0,0,-1.31,-1.3,True,,
s7_n12_slot8,7,12,8,degenerate_tie,False,False,0,0,-1.3,-1.29,True,,
s7_n12_slot8,7,12,8,degenerate_tie,False,False,0,0,-1.29,-1.28,True,,
s7_n12_slot8,7,12,8,degenerate_tie,False,False,0,0,-1.2,-1.19,True,,
s7_n12_slot8,7,12,8,degenerate_tie,False,False,0,0,-1.19,-1.18,True,,
s7_n12_slot8,7,12,8,degenerate_tie,False,False,0,0,-1.16,-1.15,True,,
s7_n12_slot8,7,12,8,degenerate_tie,False,False,0,0,-1.13,-1.12,True,,
s7_n12_slot8,7,12,8,degenerate_tie,False,False,0,0,-1.06,-1.05,True,,
s7_n12_slot8,7,12,8,degenerate_tie,False,False,0,0,-1.05,-1.04,True,,
s7_n12_slot8,7,12,8,degenerate_tie,False,False,0,0,-1.03,-1.02,True,,
s7_n12_slot8,7,12,8,degenerate_tie,False,False,0,0,-0.99,-0.98,True,,
s7_n12_slot8,7,12,8,degenerate_tie,False,False,0,0,-0.98,-0.97,True,,
s7_n12_slot8,7,12,8,degenerate_tie,False,False,0,0,-0.95,-0.94,True,,
s7_n12_slot8,7,12,8,degenerate_tie,False,False,0,0,-0.94,-0.93,True,,
s7_n12_slot8,7,12,8,degenerate_tie,False,False,0,0,-0.93,-0.92,True,,
s7_n12_slot8,7,12,8,degenerate_tie,False,False,0,0,-0.92,-0.91,True,,
s7_n12_slot8,7,12,8,degenerate_tie,False,False,0,0,-0.89,-0.88,True,,
s7_n12_slot8,7,12,8,degenerate_tie,False,False,0,0,-0.87,-0.86,True,,
s7_n12_slot8,7,12,8,degenerate_tie,False,False,0,0,-0.86,-0.85,True,,
s7_n12_slot8,7,12,8,degenerate_tie,False,False,0,0,-0.8,-0.79,True,,
s7_n12_slot8,7,12,8,degenerate_tie,False,False,0,0,-0.78,-0.77,True,,
s7_n12_slot8,7,12,8,degenerate_tie,False,False,0,0,-0.77,-0.76,True,,
s7_n12_slot8,7,12,8,degenerate_tie,False,False,0,0,-0.76,-0.75,True,,
s7_n12_slot8,7,12,8,degenerate_tie,False,False,0,0,-0.73,-0.72,True,,
s7_n12_slot8,7,12,8,degenerate_tie,False,False,0,0,-0.45,-0.44,True,,
s7_n12_slot8,7,12,8,degenerate_tie,False,False,0,0,-0.44,-0.43,True,,
s7_n12_slot8,7,12,8,degenerate_tie,False,False,0,0,-0.24,-0.23,True,,
s7_n12_slot8,7,12,8,degenerate_tie,False,False,0,0,-0.23,-0.22,True,,
s7_n12_slot8,7,12,8,degenerate_tie,False,False,0,0,0.79,0.8,True,,
s7_n12_slot8,7,12,8,degenerate_tie,False,False,0,0,0.8,0.81,True,,
s7_n12_slot8,7,12,8,degenerate_tie,False,False,0,0,0.84,0.85,True,,
s7_n12_slot8,7,12,8,degenerate_tie,False,False,0,0,0.85,0.86,True,,
s7_n12_slot12,7,12,12,degenerate_tie,False,False,0,0,-1.49,-1.48,True,,
s7_n12_slot12,7,12,12,degenerate_tie,False,False,0,0,-1.48,-1.47,True,,
s7_n12_slot12,7,12,12,degenerate_tie,False,False,0,0,-1.47,-1.46,True,,
s7_n12_slot12,7,12,12,degenerate_tie,False,False,0,0,-1.46,-1.45,True,,
s7_n12_slot12,7,12,12,degenerate_tie,False,False,0,0,-1.45,-1.44,True,,
s7_n12_slot12,7,12,12,degenerate_tie,False,False,0,0,-1.44,-1.43,True,,
s7_n12_slot12,7,12,12,degenerate_tie,False,False,0,0,-1.43,-1.42,True,,
s7_n12_slot12,7,12,12,degenerate_tie,False,False,0,0,-1.42,-1.41,True,,
s7_n12_slot12,7,12,12,degenerate_tie,False,False,5.999999999e-06,5.999999999e-06,-1.41,-1.4,True,,
s7_n12_slot12,7,12,12,degenerate_tie,False,False,5.999999999e-06,-5.999999999e-06,-1.4,-1.39,True,,
s7_n12_slot12,7,12,12,degenerate_tie,False,False,0,0,-1.39,-1.38,True,,
s7_n12_slot12,7,12,12,degenerate_tie,False,False,0,0,-1.38,-1.37,True,,
s7_n12_slot12,7,12,12,degenerate_tie,False,False,0,0,-1.37,-1.36,True,,
s7_n12_slot12,7,12,12,degenerate_tie,False,False,2.000000009e-06,2.000000009e-06,-1.36,-1.35,True,,
s7_n12_slot12,7,12,12,degenerate_tie,False,False,2.000000009e-06,-2.000000009e-06,-1.35,-1.34,True,,
s7_n12_slot12,7,12,12,degenerate_tie,False,False,0,0,-1.34,-1.33,True,,
s7_n12_slot12,7,12,12,degenerate_tie,False,False,0,0,-1.33,-1.32,True,,
s7_n12_slot12,7,12,12,degenerate_tie,False,False,0,0,-1.31,-1.3,True,,
s7_n12_slot12,7,12,12,degenerate_tie,False,False,0,0,-1.29,-1.28,True,,
s7_n12_slot12,7,12,12,degenerate_tie,False,False,0,0,-1.28,-1.27,True,,
s7_n12_slot12,7,12,12,degenerate_tie,False,False,0,0,-1.27,-1.26,True,,
s7_n12_slot12,7,12,12,degenerate_tie,False,False,0,0,-1.26,-1.25,True,,
s7_n12_slot12,7,12,12,degenerate_tie,False,False,0,0,-1.25,-1.24,True,,
s7_n12_slot12,7,12,12,degenerate_tie,False,False,0,0,-1.24,-1.23,True,,
s7_n12_slot12,7,12,12,degenerate_tie,False,False,0,0,-1.23,-1.22,True,,
s7_n12_slot12,7,12,12,degenerate_tie,False,False,0,0,-1.21,-1.2,True,,
s7_n12_slot12,7,12,12,degenerate_tie,False,False,0,0,-1.2,-1.19,True,,
s7_n12_slot12,7,12,12,degenerate_tie,False,False,0,0,-1.19,-1.18,True,,
s7_n12_slot12,7,12,12,degenerate_tie,False,False,0,0,-1.17,-1.16,True,,
s7_n12_slot12,7,12,12,degenerate_tie,False,False,0,0,-1.16,-1.15,True,,
s7_n12_slot12,7,12,12,duty_change,False,True,54.8,-39.3,-1.15,-1.14,True,0.299663167,0.09333683304
s7_n12_slot12,7,12,12,charging_only,False,True,9.5,-9.5,-0.83,-0.82,False,,
s7_n12_slot12,7,12,12,duty_change,False,True,98.6,-49.3,-0.08,-0.07,True,0.008074931247,0.05846685001
s7_n12_slot12,7,12,12,degenerate_tie,False,False,0,0,-0.07,-0.06,True,,
s7_n12_slot12,7,12,12,degenerate_tie,False,False,0,0,-0.06,-0.05,True,,
s7_n12_slot12,7,12,12,degenerate_tie,False,False,2.396975482e-05,0,-0.04,-0.03,True,,
s7_n12_slot12,7,12,12,degenerate_tie,False,False,0,0,-0.03,-0.02,True,,
s7_n12_slot12,7,12,12,degenerate_tie,False,False,0,0,-0.01,1.33226763e-15,True,,
s7_n12_slot12,7,12,12,degenerate_tie,False,False,0,0,0.02,0.03,True,,
s7_n12_slot12,7,12,12,degenerate_tie,False,False,0,0,0.03,0.04,True,,
s7_n12_slot12,7,12,12,degenerate_tie,False,False,0,0,0.06,0.07,True,,
s7_n12_slot12,7,12,12,degenerate_tie,False,False,0,0,0.08,0.09,True,,
s7_n12_slot12,7,12,12,degenerate_tie,False,False,0,0,0.11,0.12,True,,
s7_n12_slot12,7,12,12,degenerate_tie,False,False,0,0,0.12,0.13,True,,
s7_n12_slot12,7,12,12,degenerate_tie,False,False,0,0,0.13,0.14,True,,
s7_n12_slot12,7,12,12,degenerate_tie,False,False,0,0,0.17,0.18,True,,
s7_n12_slot12,7,12,12,degenerate_tie,False,False,0,0,0.2,0.21,True,,
s7_n12_slot12,7,12,12,degenerate_tie,False,False,0,0,0.23,0.24,True,,
s7_n12_slot12,7,12,12,degenerate_tie,False,False,0,0,0.24,0.25,True,,
s7_n12_slot12,7,12,12,degenerate_tie,False,False,0,0,0.29,0.3,True,,
s7_n12_slot12,7,12,12,degenerate_tie,False,False,0,0,0.3,0.31,True,,
s7_n12_slot12,7,12,12,degenerate_tie,False,False,0,0,0.4,0.41,True,,
s7_n12_slot12,7,12,12,degenerate_tie,False,False,0,0,0.81,0.82,True,,
s7_n12_slot12,7,12,12,degenerate_tie,False,False,0,0,0.82,0.83,True,,
s7_n12_slot12,7,12,12,degenerate_tie,False,False,0,0,0.83,0.84,True,,
s7_n12_slot12,7,12,12,degenerate_tie,False,False,0,0,0.86,0.87,True,,
s7_n12_slot12,7,12,12,degenerate_tie,False,False,0,0,0.87,0.88,True,,
s7_n12_slot12,7,12,12,degenerate_tie,False,False,0,0,0.9,0.91,True,,
s7_n12_slot12,7,12,12,degenerate_tie,False,False,0,0,0.95,0.96,True,,
s7_n12_slot16,7,12,16,duty_change,False,True,10.9,-10.9,-1.36,-1.35,True,0.003226575271,0.003773424728
s7_n12_slot16,7,12,16,charging_only,False,True,25,-12.5,-0.61,-0.6,False,,
s7_n12_slot16,7,12,16,duty_change,False,True,61.3,-30.3,-0.59,-0.58,True,0.06793652303,0.235063477
s7_n12_slot16,7,12,16,degenerate_tie,False,False,0,0,-0.58,-0.57,True,,
s7_n12_slot16,7,12,16,degenerate_tie,False,False,0,0,-0.57,-0.56,True,,
s7_n12_slot16,7,12,16,degenerate_tie,False,False,0,0,-0.48,-0.47,True,,
s7_n12_slot16,7,12,16,degenerate_tie,False,False,0,0,-0.44,-0.43,True,,
s7_n12_slot16,7,12,16,degenerate_tie,False,False,0,0,-0.41,-0.4,True,,
s7_n12_slot16,7,12,16,degenerate_tie,False,False,0,0,-0.37,-0.36,True,,
s7_n12_slot16,7,12,16,degenerate_tie,False,False,0,0,-0.34,-0.33,True,,
s7_n12_slot16,7,12,16,degenerate_tie,False,False,0,0,-0.27,-0.26,True,,
s7_n12_slot16,7,12,16,degenerate_tie,False,False,2.719999999e-05,0,-0.23,-0.22,True,,
s7_n12_slot16,7,12,16,degenerate_tie,False,False,0,0,-0.18,-0.17,True,,
s7_n12_slot16,7,12,16,degenerate_tie,False,False,0,0,-0.06,-0.05,True,,
s7_n12_slot16,7,12,16,degenerate_tie,False,False,0,0,-0.05,-0.04,True,,
s7_n12_slot16,7,12,16,degenerate_tie,False,False,0,0,-0.02,-0.01,True,,
s7_n12_slot16,7,12,16,degenerate_tie,False,False,0,0,0.08,0.09,True,,
s7_n12_slot16,7,12,16,degenerate_tie,False,False,0,0,0.09,0.1,True,,
s7_n12_slot16,7,12,16,degenerate_tie,False,False,5.298670715e-05,0,0.22,0.23,True,,
s7_n12_slot16,7,12,16,degenerate_tie,False,False,0,0,0.27,0.28,True,,
