experiment,regime,timestamp,host,git_commit,slurm_job_id,slurm_array_task_id,instance_name,instance_hash,n_trips,max_vehicles,schedule_hash,load_hash,fleet,dh_min_total,energy_charged_kwh,ops_cost,obj_model,energy_cost_model,oracle_tier,solver_backend,solver_status,solver_obj,solver_bound,solver_mip_gap,solver_lp_obj,solver_lp_mip_gap_abs,solver_wall_s,solver_lp_wall_s,solver_n_vars,solver_n_int,solver_n_constrs,econ_bill,econ_system_cost_delta,econ_total_private,econ_total_system,econ_energy_kwh,x_tag,x_iter,x_alpha,x_sweep_slot,x_delta,x_idx,x_outcome_type,x_cycle_length
phase2,taker-sweep,2026-08-14T22:32:42.391549+00:00,jingjie-cpu-04.mae.cornell.edu,4cf37e9,50930,5,syn-s0-n12,00b39b5d48ce,12,6,e8d46d5db497,32fb46bd4b92,3,150.0,113.3,3150.0,3121.2179240904816,-28.782075909518426,exact-milp/taker,GRB,OPTIMAL,3121.2179240904816,3121.2179240904816,0.0,3022.969341008707,98.24858308177454,3.5279839038848877,0.05335569381713867,2350,888,2787,,,,,,sweep,,,12,-1.5,0,,
phase2,taker-sweep,2026-08-14T22:32:46.836422+00:00,jingjie-cpu-04.mae.cornell.edu,4cf37e9,50930,5,syn-s0-n12,00b39b5d48ce,12,6,e9cec48b8056,32fb46bd4b92,3,150.0,113.3,3150.0,3125.3029240904816,-24.69707590951839,exact-milp/taker,GRB,OPTIMAL,3125.3029240904816,3125.302924090481,1.4550504764871828e-16,3031.969341008708,93.33358308177367,4.303185701370239,0.053694963455200195,2350,888,2787,,,,,,sweep,,,12,-1.45,1,,
phase2,taker-sweep,2026-08-14T22:32:49.257015+00:00,jingjie-cpu-04.mae.cornell.edu,4cf37e9,50930,5,syn-s0-n12,00b39b5d48ce,12,6,e9cec48b8056,32fb46bd4b92,3,150.0,113.3,3150.0,3129.3879240904816,-20.612075909518353,exact-milp/taker,GRB,OPTIMAL,3129.3879240904816,3129.387924090481,1.4531511014845848e-16,3040.969341008708,88.4185830817737,2.2929303646087646,0.05130815505981445,2350,888,2787,,,,,,sweep,,,12,-1.4,2,,
phase2,taker-sweep,2026-08-14T22:32:52.597440+00:00,jingjie-cpu-04.mae.cornell.edu,4cf37e9,50930,5,syn-s0-n12,00b39b5d48ce,12,6,e8d46d5db497,32fb46bd4b92,3,150.0,113.3,3150.0,3133.4729240904812,-16.52707590951877,exact-milp/taker,GRB,OPTIMAL,3133.4729240904812,3133.4729240904812,0.0,3049.969341008708,83.50358308177329,3.2107884883880615,0.05309581756591797,2350,888,2787,,,,,,sweep,,,12,-1.3499999999999999,3,,
phase2,taker-sweep,2026-08-14T22:32:55.426811+00:00,jingjie-cpu-04.mae.cornell.edu,4cf37e9,50930,5,syn-s0-n12,00b39b5d48ce,12,6,7211947f90b3,32fb46bd4b92,3,150.0,113.3,3150.0,3137.5579240904813,-12.442075909518735,exact-milp/taker,GRB,OPTIMAL,3137.5579240904813,3137.5579240904813,0.0,3058.9693410087075,78.58858308177378,2.6840250492095947,0.05142068862915039,2350,888,2787,,,,,,sweep,,,12,-1.2999999999999998,4,,
phase2,taker-sweep,2026-08-14T22:32:58.416304+00:00,jingjie-cpu-04.mae.cornell.edu,4cf37e9,50930,5,syn-s0-n12,00b39b5d48ce,12,6,e8d46d5db497,32fb46bd4b92,3,150.0,113.3,3150.0,3141.6429240904813,-8.357075909518699,exact-milp/taker,GRB,OPTIMAL,3141.6429240904813,3141.6429240904813,0.0,3067.9693410087098,73.67358308177154,2.8582606315612793,0.05271339416503906,2350,888,2787,,,,,,sweep,,,12,-1.2499999999999998,5,,
phase2,taker-sweep,2026-08-14T22:33:01.580025+00:00,jingjie-cpu-04.mae.cornell.edu,4cf37e9,50930,5,syn-s0-n12,00b39b5d48ce,12,6,7211947f90b3,32fb46bd4b92,3,150.0,113.3,3150.0,3145.7279240904813,-4.272075909518662,exact-milp/taker,GRB,OPTIMAL,3145.7279240904813,3145.727924090481,1.4456029315311636e-16,3076.9693410087084,68.75858308177294,3.0238168239593506,0.06326913833618164,2350,888,2787,,,,,,sweep,,,12,-1.1999999999999997,6,,
phase2,taker-sweep,2026-08-14T22:33:04.911288+00:00,jingjie-cpu-04.mae.cornell.edu,4cf37e9,50930,5,syn-s0-n12,00b39b5d48ce,12,6,e8d46d5db497,32fb46bd4b92,3,150.0,113.3,3150.0,3149.8129240904814,-0.18707590951862585,exact-milp/taker,GRB,OPTIMAL,3149.8129240904814,3149.812924090481,1.4437281255926458e-16,3085.9693410087075,63.843583081773886,3.1419148445129395,0.05213522911071777,2350,888,2787,,,,,,sweep,,,12,-1.1499999999999997,7,,
phase2,taker-sweep,2026-08-14T22:33:07.506503+00:00,jingjie-cpu-04.mae.cornell.edu,4cf37e9,50930,5,syn-s0-n12,00b39b5d48ce,12,6,e9cec48b8056,32fb46bd4b92,3,150.0,113.3,3150.0,3153.8979240904814,3.8979240904814105,exact-milp/taker,GRB,OPTIMAL,3153.8979240904814,3153.897924090481,1.4418581762363277e-16,3094.969341008708,58.92858308177347,2.46799635887146,0.051413774490356445,2350,888,2787,,,,,,sweep,,,12,-1.0999999999999996,8,,
phase2,taker-sweep,2026-08-14T22:33:10.629863+00:00,jingjie-cpu-04.mae.cornell.edu,4cf37e9,50930,5,syn-s0-n12,00b39b5d48ce,12,6,7211947f90b3,32fb46bd4b92,3,150.0,113.3,3150.0,3157.9829240904814,7.982924090481447,exact-milp/taker,GRB,OPTIMAL,3157.9829240904814,3157.9829240904814,0.0,3102.000000000001,55.98292409048054,2.9874866008758545,0.0496523380279541,2350,888,2787,,,,,,sweep,,,12,-1.0499999999999996,9,,
phase2,taker-sweep,2026-08-14T22:33:12.323649+00:00,jingjie-cpu-04.mae.cornell.edu,4cf37e9,50930,5,syn-s0-n12,00b39b5d48ce,12,6,7211947f90b3,32fb46bd4b92,3,150.0,113.3,3150.0,3162.0679240904815,12.067924090481483,exact-milp/taker,GRB,OPTIMAL,3162.0679240904815,3162.0679240904815,0.0,3101.9999999999995,60.06792409048194,1.5621857643127441,0.05183696746826172,2350,888,2787,,,,,,sweep,,,12,-0.9999999999999996,10,,
phase2,taker-sweep,2026-08-14T22:33:15.166718+00:00,jingjie-cpu-04.mae.cornell.edu,4cf37e9,50930,5,syn-s0-n12,00b39b5d48ce,12,6,7211947f90b3,32fb46bd4b92,3,150.0,113.3,3150.0,3166.1529240904815,16.15292409048152,exact-milp/taker,GRB,OPTIMAL,3166.1529240904815,3166.1529240904815,0.0,3102.0,64.15292409048152,2.699528455734253,0.05077075958251953,2350,888,2787,,,,,,sweep,,,12,-0.9499999999999995,11,,
phase2,taker-sweep,2026-08-14T22:33:18.115497+00:00,jingjie-cpu-04.mae.cornell.edu,4cf37e9,50930,5,syn-s0-n12,00b39b5d48ce,12,6,43d21a4a9143,32fb46bd4b92,3,150.0,113.3,3150.0,3170.2379240904816,20.237924090481556,exact-milp/taker,GRB,OPTIMAL,3170.2379240904816,3170.237924090481,1.4344265691570385e-16,3102.0,68.23792409048156,2.829331874847412,0.04276752471923828,2350,888,2787,,,,,,sweep,,,12,-0.8999999999999995,12,,
phase2,taker-sweep,2026-08-14T22:33:20.337929+00:00,jingjie-cpu-04.mae.cornell.edu,4cf37e9,50930,5,syn-s0-n12,00b39b5d48ce,12,6,e9cec48b8056,32fb46bd4b92,3,150.0,113.3,3150.0,3174.3229240904816,24.322924090481592,exact-milp/taker,GRB,OPTIMAL,3174.3229240904816,3174.322924090481,1.4325806219503013e-16,3102.0,72.32292409048159,2.1034066677093506,0.038687705993652344,2350,888,2787,,,,,,sweep,,,12,-0.8499999999999994,13,,
phase2,taker-sweep,2026-08-14T22:33:22.356301+00:00,jingjie-cpu-04.mae.cornell.edu,4cf37e9,50930,5,syn-s0-n12,00b39b5d48ce,12,6,43d21a4a9143,bc798da2a6e3,3,150.0,98.3,3150.0,3177.993812339756,27.993812339756005,exact-milp/taker,GRB,OPTIMAL,3177.993812339756,3177.9938123397556,1.4309258536650907e-16,3102.0,75.993812339756,1.8919265270233154,0.0496671199798584,2350,888,2787,,,,,,sweep,,,12,-0.7999999999999994,14,,
phase2,taker-sweep,2026-08-14T22:33:24.250405+00:00,jingjie-cpu-04.mae.cornell.edu,4cf37e9,50930,5,syn-s0-n12,00b39b5d48ce,12,6,e9cec48b8056,bc798da2a6e3,3,150.0,98.3,3150.0,3181.328812339756,31.32881233975604,exact-milp/taker,GRB,OPTIMAL,3181.328812339756,3181.328812339756,0.0,3101.999999999999,79.32881233975695,1.7764954566955566,0.04082798957824707,2350,888,2787,,,,,,sweep,,,12,-0.7499999999999993,15,,
phase2,taker-sweep,2026-08-14T22:33:26.804313+00:00,jingjie-cpu-04.mae.cornell.edu,4cf37e9,50930,5,syn-s0-n12,00b39b5d48ce,12,6,43d21a4a9143,bc798da2a6e3,3,150.0,98.3,3150.0,3184.6638123397556,34.66381233975562,exact-milp/taker,GRB,OPTIMAL,3184.6638123397556,3184.6638123397556,0.0,3101.9999999999995,82.66381233975608,2.413015842437744,0.05203557014465332,2350,888,2787,,,,,,sweep,,,12,-0.6999999999999993,16,,
phase2,taker-sweep,2026-08-14T22:33:29.052041+00:00,jingjie-cpu-04.mae.cornell.edu,4cf37e9,50930,5,syn-s0-n12,00b39b5d48ce,12,6,e9cec48b8056,bc798da2a6e3,3,150.0,98.3,3150.0,3187.9988123397557,37.99881233975566,exact-milp/taker,GRB,OPTIMAL,3187.9988123397557,3187.9988123397557,0.0,3101.9999999999995,85.99881233975611,2.121185302734375,0.04989027976989746,2350,888,2787,,,,,,sweep,,,12,-0.6499999999999992,17,,
phase2,taker-sweep,2026-08-14T22:33:31.771642+00:00,jingjie-cpu-04.mae.cornell.edu,4cf37e9,50930,5,syn-s0-n12,00b39b5d48ce,12,6,43d21a4a9143,bc798da2a6e3,3,150.0,98.3,3150.0,3191.3338123397557,41.333812339755696,exact-milp/taker,GRB,OPTIMAL,3191.3338123397557,3191.3338123397557,0.0,3101.9999999999995,89.33381233975615,2.6015167236328125,0.041420936584472656,2350,888,2787,,,,,,sweep,,,12,-0.5999999999999992,18,,
phase2,taker-sweep,2026-08-14T22:33:34.333365+00:00,jingjie-cpu-04.mae.cornell.edu,4cf37e9,50930,5,syn-s0-n12,00b39b5d48ce,12,6,43d21a4a9143,bc798da2a6e3,3,150.0,98.3,3150.0,3194.6688123397557,44.66881233975573,exact-milp/taker,GRB,OPTIMAL,3194.6688123397557,3194.6688123397557,0.0,3101.999999999999,92.66881233975664,2.433661699295044,0.0440673828125,2350,888,2787,,,,,,sweep,,,12,-0.5499999999999992,19,,
phase2,taker-sweep,2026-08-14T22:33:38.784215+00:00,jingjie-cpu-04.mae.cornell.edu,4cf37e9,50930,5,syn-s0-n12,00b39b5d48ce,12,6,43d21a4a9143,bc798da2a6e3,3,150.0,98.3,3150.0,3198.0038123397558,48.00381233975577,exact-milp/taker,GRB,OPTIMAL,3198.0038123397558,3198.0038123397553,1.421972510263386e-16,3101.9999999999986,96.00381233975713,4.301832675933838,0.07161784172058105,2350,888,2787,,,,,,sweep,,,12,-0.4999999999999991,20,,
phase2,taker-sweep,2026-08-14T22:33:42.042263+00:00,jingjie-cpu-04.mae.cornell.edu,4cf37e9,50930,5,syn-s0-n12,00b39b5d48ce,12,6,43d21a4a9143,bc798da2a6e3,3,150.0,98.3,3150.0,3201.338812339756,51.338812339755805,exact-milp/taker,GRB,OPTIMAL,3201.338812339756,3201.3388123397553,1.4204911680501068e-16,3101.9999999999986,99.33881233975717,3.1397576332092285,0.04146432876586914,2350,888,2787,,,,,,sweep,,,12,-0.44999999999999907,21,,
phase2,taker-sweep,2026-08-14T22:33:45.830187+00:00,jingjie-cpu-04.mae.cornell.edu,4cf37e9,50930,5,syn-s0-n12,00b39b5d48ce,12,6,e9cec48b8056,bc798da2a6e3,3,150.0,98.3,3150.0,3204.673812339756,54.67381233975584,exact-milp/taker,GRB,OPTIMAL,3204.673812339756,3204.6738123397554,1.4190129090063294e-16,3101.9999999999986,102.6738123397572,3.6392738819122314,0.06002449989318848,2350,888,2787,,,,,,sweep,,,12,-0.399999999999999,22,,
phase2,taker-sweep,2026-08-14T22:33:49.995123+00:00,jingjie-cpu-04.mae.cornell.edu,4cf37e9,50930,5,syn-s0-n12,00b39b5d48ce,12,6,e9cec48b8056,bc798da2a6e3,3,150.0,98.3,3150.0,3208.008812339756,58.00881233975588,exact-milp/taker,GRB,OPTIMAL,3208.008812339756,3208.008812339756,0.0,3101.9999999999986,106.00881233975724,3.896000862121582,0.050893545150756836,2350,888,2787,,,,,,sweep,,,12,-0.349999999999999,23,,
phase2,taker-sweep,2026-08-14T22:33:53.797968+00:00,jingjie-cpu-04.mae.cornell.edu,4cf37e9,50930,5,syn-s0-n12,00b39b5d48ce,12,6,e9cec48b8056,bc798da2a6e3,3,150.0,98.3,3150.0,3211.343812339756,61.343812339755914,exact-milp/taker,GRB,OPTIMAL,3211.343812339756,3211.3438123397555,1.4160656020045994e-16,3102.0000000000005,109.34381233975546,3.6843433380126953,0.04209566116333008,2350,888,2787,,,,,,sweep,,,12,-0.29999999999999893,24,,
phase2,taker-sweep,2026-08-14T22:33:57.291439+00:00,jingjie-cpu-04.mae.cornell.edu,4cf37e9,50930,5,syn-s0-n12,00b39b5d48ce,12,6,43d21a4a9143,bc798da2a6e3,3,150.0,98.3,3150.0,3214.678812339756,64.67881233975595,exact-milp/taker,GRB,OPTIMAL,3214.678812339756,3214.678812339756,0.0,3101.999999999999,112.67881233975686,3.3635568618774414,0.045564889907836914,2350,888,2787,,,,,,sweep,,,12,-0.2499999999999989,25,,
phase2,taker-sweep,2026-08-14T22:34:03.276922+00:00,jingjie-cpu-04.mae.cornell.edu,4cf37e9,50930,5,syn-s0-n12,00b39b5d48ce,12,6,e9cec48b8056,bc798da2a6e3,3,150.0,98.3,3150.0,3218.013812339756,68.01381233975599,exact-milp/taker,GRB,OPTIMAL,3218.013812339756,3218.013812339756,0.0,3102.0000000000005,116.01381233975553,5.856589317321777,0.05101513862609863,2350,888,2787,,,,,,sweep,,,12,-0.19999999999999885,26,,
phase2,taker-sweep,2026-08-14T22:34:06.288809+00:00,jingjie-cpu-04.mae.cornell.edu,4cf37e9,50930,5,syn-s0-n12,00b39b5d48ce,12,6,e9cec48b8056,bc798da2a6e3,3,150.0,98.3,3150.0,3221.348812339756,71.34881233975602,exact-milp/taker,GRB,OPTIMAL,3221.348812339756,3221.348812339755,2.823335052351368e-16,3102.0000000000005,119.34881233975557,2.8915417194366455,0.04329204559326172,2350,888,2787,,,,,,sweep,,,12,-0.1499999999999988,27,,
phase2,taker-sweep,2026-08-14T22:34:09.671038+00:00,jingjie-cpu-04.mae.cornell.edu,4cf37e9,50930,5,syn-s0-n12,00b39b5d48ce,12,6,e9cec48b8056,bc798da2a6e3,3,150.0,98.3,3150.0,3224.683812339756,74.68381233975606,exact-milp/taker,GRB,OPTIMAL,3224.683812339756,3224.683812339755,2.820415131221873e-16,3101.999999999999,122.68381233975697,3.2466814517974854,0.05073738098144531,2350,888,2787,,,,,,sweep,,,12,-0.09999999999999876,28,,
phase2,taker-sweep,2026-08-14T22:34:13.777479+00:00,jingjie-cpu-04.mae.cornell.edu,4cf37e9,50930,5,syn-s0-n12,00b39b5d48ce,12,6,43d21a4a9143,a2be72b0a106,3,150.0,98.3,3150.0,3227.0821357203495,77.08213572034947,exact-milp/taker,GRB,OPTIMAL,3227.0821357203495,3227.0821357203495,0.0,3102.0,125.08213572034947,3.976428985595703,0.0508730411529541,2350,888,2787,,,,,,sweep,,,12,-0.04999999999999871,29,,
phase2,taker-sweep,2026-08-14T22:34:19.429797+00:00,jingjie-cpu-04.mae.cornell.edu,4cf37e9,50930,5,syn-s0-n12,00b39b5d48ce,12,6,43d21a4a9143,a2be72b0a106,3,150.0,98.3,3150.0,3228.7021357203494,78.70213572034936,exact-milp/taker,GRB,OPTIMAL,3228.7021357203494,3228.7021357203494,0.0,3101.9999999999995,126.70213572034982,5.514742374420166,0.06043863296508789,2350,888,2787,,,,,,sweep,,,12,1.3322676295501878e-15,30,,
phase2,taker-sweep,2026-08-14T22:34:24.768999+00:00,jingjie-cpu-04.mae.cornell.edu,4cf37e9,50930,5,syn-s0-n12,00b39b5d48ce,12,6,5b451b296016,53c3b6c4fbe1,3,150.0,98.3,3150.0,3230.2921357203486,80.2921357203486,exact-milp/taker,GRB,OPTIMAL,3230.2921357203486,3230.2921357203486,0.0,3101.9999999999995,128.29213572034905,5.204052925109863,0.0496068000793457,2350,888,2787,,,,,,sweep,,,12,0.05000000000000138,31,,
phase2,taker-sweep,2026-08-14T22:34:28.229698+00:00,jingjie-cpu-04.mae.cornell.edu,4cf37e9,50930,5,syn-s0-n12,00b39b5d48ce,12,6,5b451b296016,53c3b6c4fbe1,3,150.0,98.3,3150.0,3231.8821357203487,81.88213572034874,exact-milp/taker,GRB,OPTIMAL,3231.8821357203487,3231.8821357203487,0.0,3101.9999999999995,129.8821357203492,3.325852394104004,0.04437255859375,2350,888,2787,,,,,,sweep,,,12,0.10000000000000142,32,,
phase2,taker-sweep,2026-08-14T22:34:33.075239+00:00,jingjie-cpu-04.mae.cornell.edu,4cf37e9,50930,5,syn-s0-n12,00b39b5d48ce,12,6,5b451b296016,53c3b6c4fbe1,3,150.0,98.3,3150.0,3233.472135720349,83.47213572034889,exact-milp/taker,GRB,OPTIMAL,3233.472135720349,3233.472135720349,0.0,3102.0,131.4721357203489,4.716878414154053,0.05099058151245117,2350,888,2787,,,,,,sweep,,,12,0.15000000000000147,33,,
phase2,taker-sweep,2026-08-14T22:34:37.489575+00:00,jingjie-cpu-04.mae.cornell.edu,4cf37e9,50930,5,syn-s0-n12,00b39b5d48ce,12,6,5b451b296016,53c3b6c4fbe1,3,150.0,98.3,3150.0,3235.062135720349,85.06213572034903,exact-milp/taker,GRB,OPTIMAL,3235.062135720349,3235.0621357203486,1.4056835133560914e-16,3102.0,133.06213572034903,4.285310506820679,0.03902149200439453,2350,888,2787,,,,,,sweep,,,12,0.2000000000000015,34,,
phase2,taker-sweep,2026-08-14T22:34:44.669613+00:00,jingjie-cpu-04.mae.cornell.edu,4cf37e9,50930,5,syn-s0-n12,00b39b5d48ce,12,6,5b451b296016,ac79d820599c,3,150.0,98.3,3150.0,3235.677850563995,85.67785056399498,exact-milp/taker,GRB,OPTIMAL,3235.677850563995,3235.6778505639945,1.4054160268371567e-16,3102.0,133.67785056399498,7.048068523406982,0.051841020584106445,2350,888,2787,,,,,,sweep,,,12,0.25000000000000155,35,,
phase2,taker-sweep,2026-08-14T22:34:50.823519+00:00,jingjie-cpu-04.mae.cornell.edu,4cf37e9,50930,5,syn-s0-n12,00b39b5d48ce,12,6,5b451b296016,ac79d820599c,3,150.0,98.3,3150.0,3235.677850563995,85.67785056399498,exact-milp/taker,GRB,OPTIMAL,3235.677850563995,3235.677850563995,0.0,3102.0,133.67785056399498,6.022164583206177,0.053850650787353516,2350,888,2787,,,,,,sweep,,,12,0.3000000000000016,36,,
phase2,taker-sweep,2026-08-14T22:34:57.006700+00:00,jingjie-cpu-04.mae.cornell.edu,4cf37e9,50930,5,syn-s0-n12,00b39b5d48ce,12,6,5b451b296016,ac79d820599c,3,150.0,98.3,3150.0,3235.677850563995,85.67785056399498,exact-milp/taker,GRB,OPTIMAL,3235.677850563995,3235.6778505639945,1.4054160268371567e-16,3102.0,133.67785056399498,6.03253173828125,0.05617499351501465,2350,888,2787,,,,,,sweep,,,12,0.35000000000000164,37,,
phase2,taker-sweep,2026-08-14T22:35:02.310532+00:00,jingjie-cpu-04.mae.cornell.edu,4cf37e9,50930,5,syn-s0-n12,00b39b5d48ce,12,6,5b451b296016,ac79d820599c,3,150.0,98.3,3150.0,3235.677850563995,85.67785056399498,exact-milp/taker,GRB,OPTIMAL,3235.677850563995,3235.677850563995,0.0,3102.0,133.67785056399498,5.175396680831909,0.05023980140686035,2350,888,2787,,,,,,sweep,,,12,0.4000000000000017,38,,
phase2,taker-sweep,2026-08-14T22:35:07.925922+00:00,jingjie-cpu-04.mae.cornell.edu,4cf37e9,50930,5,syn-s0-n12,00b39b5d48ce,12,6,5b451b296016,ac79d820599c,3,150.0,98.3,3150.0,3235.677850563995,85.67785056399498,exact-milp/taker,GRB,OPTIMAL,3235.677850563995,3235.6778505639945,1.4054160268371567e-16,3102.0,133.67785056399498,5.486681699752808,0.050140380859375,2350,888,2787,,,,,,sweep,,,12,0.45000000000000173,39,,
phase2,taker-sweep,2026-08-14T22:35:13.355541+00:00,jingjie-cpu-04.mae.cornell.edu,4cf37e9,50930,5,syn-s0-n12,00b39b5d48ce,12,6,5b451b296016,ac79d820599c,3,150.0,98.3,3150.0,3235.677850563995,85.67785056399498,exact-milp/taker,GRB,OPTIMAL,3235.677850563995,3235.6778505639945,1.4054160268371567e-16,3102.0,133.67785056399498,5.127470254898071,0.05298614501953125,2350,888,2787,,,,,,sweep,,,12,0.5000000000000018,40,,
phase2,taker-sweep,2026-08-14T22:35:19.348318+00:00,jingjie-cpu-04.mae.cornell.edu,4cf37e9,50930,5,syn-s0-n12,00b39b5d48ce,12,6,5b451b296016,ac79d820599c,3,150.0,98.3,3150.0,3235.677850563995,85.67785056399498,exact-milp/taker,GRB,OPTIMAL,3235.677850563995,3235.6778505639945,1.4054160268371567e-16,3102.0,133.67785056399498,5.866452217102051,0.04965662956237793,2350,888,2787,,,,,,sweep,,,12,0.5500000000000016,41,,
phase2,taker-sweep,2026-08-14T22:35:24.758632+00:00,jingjie-cpu-04.mae.cornell.edu,4cf37e9,50930,5,syn-s0-n12,00b39b5d48ce,12,6,5b451b296016,ac79d820599c,3,150.0,98.3,3150.0,3235.677850563995,85.67785056399498,exact-milp/taker,GRB,OPTIMAL,3235.677850563995,3235.677850563995,0.0,3102.0,133.67785056399498,5.279005765914917,0.054685354232788086,2350,888,2787,,,,,,sweep,,,12,0.6000000000000019,42,,
phase2,taker-sweep,2026-08-14T22:35:29.992607+00:00,jingjie-cpu-04.mae.cornell.edu,4cf37e9,50930,5,syn-s0-n12,00b39b5d48ce,12,6,5b451b296016,ac79d820599c,3,150.0,98.3,3150.0,3235.677850563995,85.67785056399498,exact-milp/taker,GRB,OPTIMAL,3235.677850563995,3235.677850563995,0.0,3102.0,133.67785056399498,5.100906848907471,0.05044198036193848,2350,888,2787,,,,,,sweep,,,12,0.6500000000000021,43,,
phase2,taker-sweep,2026-08-14T22:35:35.802616+00:00,jingjie-cpu-04.mae.cornell.edu,4cf37e9,50930,5,syn-s0-n12,00b39b5d48ce,12,6,5b451b296016,ac79d820599c,3,150.0,98.3,3150.0,3235.677850563995,85.67785056399498,exact-milp/taker,GRB,OPTIMAL,3235.677850563995,3235.677850563995,0.0,3101.9999999999995,133.67785056399543,5.690379619598389,0.0421900749206543,2350,888,2787,,,,,,sweep,,,12,0.700000000000002,44,,
phase2,taker-sweep,2026-08-14T22:35:42.563923+00:00,jingjie-cpu-04.mae.cornell.edu,4cf37e9,50930,5,syn-s0-n12,00b39b5d48ce,12,6,5b451b296016,ac79d820599c,3,150.0,98.3,3150.0,3235.677850563995,85.67785056399498,exact-milp/taker,GRB,OPTIMAL,3235.677850563995,3235.677850563995,0.0,3102.0,133.67785056399498,6.6276044845581055,0.05686783790588379,2350,888,2787,,,,,,sweep,,,12,0.7500000000000018,45,,
phase2,taker-sweep,2026-08-14T22:35:48.969868+00:00,jingjie-cpu-04.mae.cornell.edu,4cf37e9,50930,5,syn-s0-n12,00b39b5d48ce,12,6,5b451b296016,ac79d820599c,3,150.0,98.3,3150.0,3235.677850563995,85.67785056399498,exact-milp/taker,GRB,OPTIMAL,3235.677850563995,3235.677850563995,0.0,3102.0,133.67785056399498,6.271808862686157,0.050520896911621094,2350,888,2787,,,,,,sweep,,,12,0.800000000000002,46,,
phase2,taker-sweep,2026-08-14T22:35:53.980085+00:00,jingjie-cpu-04.mae.cornell.edu,4cf37e9,50930,5,syn-s0-n12,00b39b5d48ce,12,6,5b451b296016,ac79d820599c,3,150.0,98.3,3150.0,3235.677850563995,85.67785056399498,exact-milp/taker,GRB,OPTIMAL,3235.677850563995,3235.677850563995,0.0,3102.0,133.67785056399498,4.893519639968872,0.03943657875061035,2350,888,2787,,,,,,sweep,,,12,0.8500000000000023,47,,
phase2,taker-sweep,2026-08-14T22:35:59.980807+00:00,jingjie-cpu-04.mae.cornell.edu,4cf37e9,50930,5,syn-s0-n12,00b39b5d48ce,12,6,5b451b296016,ac79d820599c,3,150.0,98.3,3150.0,3235.677850563995,85.67785056399498,exact-milp/taker,GRB,OPTIMAL,3235.677850563995,3235.6778505639945,1.4054160268371567e-16,3102.0,133.67785056399498,5.871501922607422,0.05034065246582031,2350,888,2787,,,,,,sweep,,,12,0.9000000000000021,48,,
phase2,taker-sweep,2026-08-14T22:36:06.583942+00:00,jingjie-cpu-04.mae.cornell.edu,4cf37e9,50930,5,syn-s0-n12,00b39b5d48ce,12,6,5b451b296016,ac79d820599c,3,150.0,98.3,3150.0,3235.677850563995,85.67785056399498,exact-milp/taker,GRB,OPTIMAL,3235.677850563995,3235.6778505639945,1.4054160268371567e-16,3101.9999999999995,133.67785056399543,6.456481695175171,0.05843853950500488,2350,888,2787,,,,,,sweep,,,12,0.950000000000002,49,,
phase2,taker-sweep,2026-08-14T22:36:12.873967+00:00,jingjie-cpu-04.mae.cornell.edu,4cf37e9,50930,5,syn-s0-n12,00b39b5d48ce,12,6,5b451b296016,ac79d820599c,3,150.0,98.3,3150.0,3235.677850563995,85.67785056399498,exact-milp/taker,GRB,OPTIMAL,3235.677850563995,3235.677850563995,0.0,3102.0,133.67785056399498,6.144998073577881,0.05197024345397949,2350,888,2787,,,,,,sweep,,,12,1.0000000000000022,50,,
phase2,taker-sweep,2026-08-14T22:36:19.914294+00:00,jingjie-cpu-04.mae.cornell.edu,4cf37e9,50930,5,syn-s0-n12,00b39b5d48ce,12,6,5b451b296016,ac79d820599c,3,150.0,98.3,3150.0,3235.677850563995,85.67785056399498,exact-milp/taker,GRB,OPTIMAL,3235.677850563995,3235.677850563995,0.0,3102.0,133.67785056399498,6.896213531494141,0.06572437286376953,2350,888,2787,,,,,,sweep,,,12,1.0500000000000025,51,,
phase2,taker-sweep,2026-08-14T22:36:26.450397+00:00,jingjie-cpu-04.mae.cornell.edu,4cf37e9,50930,5,syn-s0-n12,00b39b5d48ce,12,6,5b451b296016,ac79d820599c,3,150.0,98.3,3150.0,3235.677850563995,85.67785056399498,exact-milp/taker,GRB,OPTIMAL,3235.677850563995,3235.6778505639945,1.4054160268371567e-16,3102.0,133.67785056399498,6.387051582336426,0.06206011772155762,2350,888,2787,,,,,,sweep,,,12,1.1000000000000023,52,,
phase2,taker-sweep,2026-08-14T22:36:31.291805+00:00,jingjie-cpu-04.mae.cornell.edu,4cf37e9,50930,5,syn-s0-n12,00b39b5d48ce,12,6,5b451b296016,ac79d820599c,3,150.0,98.3,3150.0,3235.677850563995,85.67785056399498,exact-milp/taker,GRB,OPTIMAL,3235.677850563995,3235.677850563995,0.0,3102.0,133.67785056399498,4.712109565734863,0.05074429512023926,2350,888,2787,,,,,,sweep,,,12,1.1500000000000021,53,,
phase2,taker-sweep,2026-08-14T22:36:35.826305+00:00,jingjie-cpu-04.mae.cornell.edu,4cf37e9,50930,5,syn-s0-n12,00b39b5d48ce,12,6,5b451b296016,ac79d820599c,3,150.0,98.3,3150.0,3235.677850563995,85.67785056399498,exact-milp/taker,GRB,OPTIMAL,3235.677850563995,3235.677850563995,0.0,3101.9999999999986,133.67785056399634,4.4049718379974365,0.05177736282348633,2350,888,2787,,,,,,sweep,,,12,1.2000000000000024,54,,
phase2,taker-sweep,2026-08-14T22:36:41.827497+00:00,jingjie-cpu-04.mae.cornell.edu,4cf37e9,50930,5,syn-s0-n12,00b39b5d48ce,12,6,5b451b296016,ac79d820599c,3,150.0,98.3,3150.0,3235.677850563995,85.67785056399498,exact-milp/taker,GRB,OPTIMAL,3235.677850563995,3235.677850563995,0.0,3101.9999999999986,133.67785056399634,5.849276065826416,0.05212664604187012,2350,888,2787,,,,,,sweep,,,12,1.2500000000000027,55,,
phase2,taker-sweep,2026-08-14T22:36:46.171869+00:00,jingjie-cpu-04.mae.cornell.edu,4cf37e9,50930,5,syn-s0-n12,00b39b5d48ce,12,6,5b451b296016,ac79d820599c,3,150.0,98.3,3150.0,3235.677850563995,85.67785056399498,exact-milp/taker,GRB,OPTIMAL,3235.677850563995,3235.6778505639945,1.4054160268371567e-16,3101.9999999999986,133.67785056399634,4.063387870788574,0.05336594581604004,2350,888,2787,,,,,,sweep,,,12,1.3000000000000025,56,,
phase2,taker-sweep,2026-08-14T22:36:51.487800+00:00,jingjie-cpu-04.mae.cornell.edu,4cf37e9,50930,5,syn-s0-n12,00b39b5d48ce,12,6,5b451b296016,ac79d820599c,3,150.0,98.3,3150.0,3235.677850563995,85.67785056399498,exact-milp/taker,GRB,OPTIMAL,3235.677850563995,3235.6778505639945,1.4054160268371567e-16,3101.9999999999986,133.67785056399634,5.19426703453064,0.043891191482543945,2350,888,2787,,,,,,sweep,,,12,1.3500000000000023,57,,
phase2,taker-sweep,2026-08-14T22:36:55.421760+00:00,jingjie-cpu-04.mae.cornell.edu,4cf37e9,50930,5,syn-s0-n12,00b39b5d48ce,12,6,5b451b296016,ac79d820599c,3,150.0,98.3,3150.0,3235.677850563995,85.67785056399498,exact-milp/taker,GRB,OPTIMAL,3235.677850563995,3235.677850563995,0.0,3101.9999999999986,133.67785056399634,3.791473865509033,0.051259756088256836,2350,888,2787,,,,,,sweep,,,12,1.4000000000000026,58,,
phase2,taker-sweep,2026-08-14T22:36:59.180876+00:00,jingjie-cpu-04.mae.cornell.edu,4cf37e9,50930,5,syn-s0-n12,00b39b5d48ce,12,6,5b451b296016,ac79d820599c,3,150.0,98.3,3150.0,3235.677850563995,85.67785056399498,exact-milp/taker,GRB,OPTIMAL,3235.677850563995,3235.677850563995,0.0,3101.9999999999995,133.67785056399543,3.620798110961914,0.06013154983520508,2350,888,2787,,,,,,sweep,,,12,1.4500000000000028,59,,
phase2,taker-sweep,2026-08-14T22:37:03.352804+00:00,jingjie-cpu-04.mae.cornell.edu,4cf37e9,50930,5,syn-s0-n12,00b39b5d48ce,12,6,5b451b296016,ac79d820599c,3,150.0,98.3,3150.0,3235.677850563995,85.67785056399498,exact-milp/taker,GRB,OPTIMAL,3235.677850563995,3235.677850563995,0.0,3101.9999999999986,133.67785056399634,4.053170204162598,0.04230546951293945,2350,888,2787,,,,,,sweep,,,12,1.5000000000000027,60,,
phase2,taker-sweep,2026-08-14T22:32:41.577323+00:00,jingjie-cpu-04.mae.cornell.edu,4cf37e9,50931,6,syn-s0-n12,00b39b5d48ce,12,6,f170aa0594b1,2d500ec10c45,3,164.0,131.0,3164.0,3217.265189799112,53.265189799111795,exact-milp/taker,GRB,OPTIMAL,3217.265189799112,3217.265189799112,0.0,3102.0,115.2651897991118,2.750797748565674,0.04474306106567383,2350,888,2787,,,,,,sweep,,,16,-1.5,0,,
phase2,taker-sweep,2026-08-14T22:32:44.520583+00:00,jingjie-cpu-04.mae.cornell.edu,4cf37e9,50931,6,syn-s0-n12,00b39b5d48ce,12,6,43d21a4a9143,8a3005c8b1ce,3,164.0,131.0,3164.0,3219.9651897991116,55.96518979911161,exact-milp/taker,GRB,OPTIMAL,3219.9651897991116,3219.9651897991116,0.0,3102.0000000000005,117.96518979911116,2.814105987548828,0.043848276138305664,2350,888,2787,,,,,,sweep,,,16,-1.45,1,,
phase2,taker-sweep,2026-08-14T22:32:48.231999+00:00,jingjie-cpu-04.mae.cornell.edu,4cf37e9,50931,6,syn-s0-n12,00b39b5d48ce,12,6,0ce02d04fe50,2d500ec10c45,3,164.0,131.0,3164.0,3222.6651897991123,58.66518979911234,exact-milp/taker,GRB,OPTIMAL,3222.6651897991123,3222.665189799112,1.4110908955913326e-16,3102.0,120.66518979911234,3.586348056793213,0.04938769340515137,2350,888,2787,,,,,,sweep,,,16,-1.4,2,,
phase2,taker-sweep,2026-08-14T22:32:52.072586+00:00,jingjie-cpu-04.mae.cornell.edu,4cf37e9,50931,6,syn-s0-n12,00b39b5d48ce,12,6,5b46714c06b7,d7ed7745c3d7,3,164.0,101.099998,3164.0,3225.203999507914,61.20399950791398,exact-milp/taker,GRB,OPTIMAL,3225.203999507914,3225.203999507914,0.0,3102.0000000000005,123.20399950791352,3.723606824874878,0.04147911071777344,2350,888,2787,,,,,,sweep,,,16,-1.3499999999999999,3,,
phase2,taker-sweep,2026-08-14T22:32:55.622251+00:00,jingjie-cpu-04.mae.cornell.edu,4cf37e9,50931,6,syn-s0-n12,00b39b5d48ce,12,6,f170aa0594b1,3e60613adbed,3,164.0,101.1,3164.0,3226.4090012468596,62.40900124685959,exact-milp/taker,GRB,OPTIMAL,3226.4090012468596,3226.40900118686,1.859632968193836e-11,3102.0,124.40900124685959,3.4234092235565186,0.04237699508666992,2350,888,2787,,,,,,sweep,,,16,-1.2999999999999998,4,,
phase2,taker-sweep,2026-08-14T22:33:00.129485+00:00,jingjie-cpu-04.mae.cornell.edu,4cf37e9,50931,6,syn-s0-n12,00b39b5d48ce,12,6,0ce02d04fe50,3e60613adbed,3,164.0,101.09997,3164.0,3227.6139759487096,63.613975948709594,exact-milp/taker,GRB,OPTIMAL,3227.6139759487096,3227.6139759487096,0.0,3102.0000000000005,125.61397594870914,4.387505531311035,0.0440669059753418,2350,888,2787,,,,,,sweep,,,16,-1.2499999999999998,5,,
phase2,taker-sweep,2026-08-14T22:33:05.662601+00:00,jingjie-cpu-04.mae.cornell.edu,4cf37e9,50931,6,syn-s0-n12,00b39b5d48ce,12,6,5b451b296016,53c3b6c4fbe1,3,150.0,98.3,3150.0,3228.7021263101988,78.70212631019876,exact-milp/taker,GRB,OPTIMAL,3228.7021263101988,3228.702126250199,1.8583262833192824e-11,3102.0,126.70212631019876,5.414287328720093,0.04454302787780762,2350,888,2787,,,,,,sweep,,,16,-1.1999999999999997,6,,
phase2,taker-sweep,2026-08-14T22:33:09.415738+00:00,jingjie-cpu-04.mae.cornell.edu,4cf37e9,50931,6,syn-s0-n12,00b39b5d48ce,12,6,5b451b296016,53c3b6c4fbe1,3,150.0,98.3,3150.0,3228.7021261612135,78.70212616121353,exact-milp/taker,GRB,OPTIMAL,3228.7021261612135,3228.7021261612135,0.0,3102.0,126.70212616121353,3.5524168014526367,0.05018806457519531,2350,888,2787,,,,,,sweep,,,16,-1.1499999999999997,7,,
phase2,taker-sweep,2026-08-14T22:33:13.430479+00:00,jingjie-cpu-04.mae.cornell.edu,4cf37e9,50931,6,syn-s0-n12,00b39b5d48ce,12,6,5b451b296016,53c3b6c4fbe1,3,150.0,98.299952,3150.0,3228.702114297791,78.70211429779101,exact-milp/taker,GRB,OPTIMAL,3228.702114297791,3228.702114297791,0.0,3101.999999999999,126.70211429779192,3.895650863647461,0.0428767204284668,2350,888,2787,,,,,,sweep,,,16,-1.0999999999999996,8,,
phase2,taker-sweep,2026-08-14T22:33:17.095782+00:00,jingjie-cpu-04.mae.cornell.edu,4cf37e9,50931,6,syn-s0-n12,00b39b5d48ce,12,6,5b451b296016,53c3b6c4fbe1,3,150.0,98.3,3150.0,3228.7021263101988,78.70212631019876,exact-milp/taker,GRB,OPTIMAL,3228.7021263101988,3228.702126250199,1.8583262833192824e-11,3102.0,126.70212631019876,3.5497119426727295,0.04123330116271973,2350,888,2787,,,,,,sweep,,,16,-1.0499999999999996,9,,
phase2,taker-sweep,2026-08-14T22:33:21.779108+00:00,jingjie-cpu-04.mae.cornell.edu,4cf37e9,50931,6,syn-s0-n12,00b39b5d48ce,12,6,5b451b296016,53c3b6c4fbe1,3,150.0,98.3,3150.0,3228.7021357203485,78.70213572034845,exact-milp/taker,GRB,OPTIMAL,3228.7021357203485,3228.7021357203485,0.0,3101.999999999999,126.70213572034936,4.555934906005859,0.04111480712890625,2350,888,2787,,,,,,sweep,,,16,-0.9999999999999996,10,,
phase2,taker-sweep,2026-08-14T22:33:25.876457+00:00,jingjie-cpu-04.mae.cornell.edu,4cf37e9,50931,6,syn-s0-n12,00b39b5d48ce,12,6,43d21a4a9143,a2be72b0a106,3,150.0,98.3,3150.0,3228.7021357203494,78.70213572034936,exact-milp/taker,GRB,OPTIMAL,3228.7021357203494,3228.7021357203494,0.0,3101.999999999999,126.70213572035027,3.982670545578003,0.03884625434875488,2350,888,2787,,,,,,sweep,,,16,-0.9499999999999995,11,,
phase2,taker-sweep,2026-08-14T22:33:29.456937+00:00,jingjie-cpu-04.mae.cornell.edu,4cf37e9,50931,6,syn-s0-n12,00b39b5d48ce,12,6,43d21a4a9143,a2be72b0a106,3,150.0,98.3,3150.0,3228.7021357203485,78.70213572034845,exact-milp/taker,GRB,OPTIMAL,3228.7021357203485,3228.7021357203485,0.0,3101.999999999999,126.70213572034936,3.4521899223327637,0.05248594284057617,2350,888,2787,,,,,,sweep,,,16,-0.8999999999999995,12,,
phase2,taker-sweep,2026-08-14T22:33:34.102587+00:00,jingjie-cpu-04.mae.cornell.edu,4cf37e9,50931,6,syn-s0-n12,00b39b5d48ce,12,6,5b451b296016,53c3b6c4fbe1,3,150.0,98.3,3150.0,3228.7021357203485,78.70213572034845,exact-milp/taker,GRB,OPTIMAL,3228.7021357203485,3228.7021357203485,0.0,3101.9999999999986,126.70213572034982,4.523258447647095,0.04457998275756836,2350,888,2787,,,,,,sweep,,,16,-0.8499999999999994,13,,
phase2,taker-sweep,2026-08-14T22:33:38.035358+00:00,jingjie-cpu-04.mae.cornell.edu,4cf37e9,50931,6,syn-s0-n12,00b39b5d48ce,12,6,5b451b296016,53c3b6c4fbe1,3,150.0,98.3,3150.0,3228.7021357203485,78.70213572034845,exact-milp/taker,GRB,OPTIMAL,3228.7021357203485,3228.7021357203485,0.0,3101.9999999999986,126.70213572034982,3.8088412284851074,0.04444313049316406,2350,888,2787,,,,,,sweep,,,16,-0.7999999999999994,14,,
phase2,taker-sweep,2026-08-14T22:33:42.620331+00:00,jingjie-cpu-04.mae.cornell.edu,4cf37e9,50931,6,syn-s0-n12,00b39b5d48ce,12,6,5b451b296016,53c3b6c4fbe1,3,150.0,98.299999,3150.0,3228.7021352754905,78.70213527549049,exact-milp/taker,GRB,OPTIMAL,3228.7021352754905,3228.7021352754905,0.0,3101.999999999999,126.7021352754914,4.459070920944214,0.04999351501464844,2350,888,2787,,,,,,sweep,,,16,-0.7499999999999993,15,,
phase2,taker-sweep,2026-08-14T22:33:47.548965+00:00,jingjie-cpu-04.mae.cornell.edu,4cf37e9,50931,6,syn-s0-n12,00b39b5d48ce,12,6,5b451b296016,53c3b6c4fbe1,3,150.0,98.3,3150.0,3228.7021357203485,78.70213572034845,exact-milp/taker,GRB,OPTIMAL,3228.7021357203485,3228.7021357203485,0.0,3101.9999999999986,126.70213572034982,4.795168161392212,0.050103187561035156,2350,888,2787,,,,,,sweep,,,16,-0.6999999999999993,16,,
phase2,taker-sweep,2026-08-14T22:33:51.709385+00:00,jingjie-cpu-04.mae.cornell.edu,4cf37e9,50931,6,syn-s0-n12,00b39b5d48ce,12,6,5b451b296016,53c3b6c4fbe1,3,150.0,98.3,3150.0,3228.7021357203485,78.70213572034845,exact-milp/taker,GRB,OPTIMAL,3228.7021357203485,3228.7021357203485,0.0,3101.999999999999,126.70213572034936,4.034872531890869,0.04944181442260742,2350,888,2787,,,,,,sweep,,,16,-0.6499999999999992,17,,
phase2,taker-sweep,2026-08-14T22:33:55.115742+00:00,jingjie-cpu-04.mae.cornell.edu,4cf37e9,50931,6,syn-s0-n12,00b39b5d48ce,12,6,5b451b296016,53c3b6c4fbe1,3,150.0,98.29997,3150.0,3228.7021110473506,78.70211104735063,exact-milp/taker,GRB,OPTIMAL,3228.7021110473506,3228.702111009764,1.1641423162441317e-11,3102.0,126.70211104735063,3.2785544395446777,0.0520329475402832,2350,888,2787,,,,,,sweep,,,16,-0.5999999999999992,18,,
phase2,taker-sweep,2026-08-14T22:33:59.321127+00:00,jingjie-cpu-04.mae.cornell.edu,4cf37e9,50931,6,syn-s0-n12,00b39b5d48ce,12,6,43d21a4a9143,a2be72b0a106,3,150.0,98.3,3150.0,3228.7021357203494,78.70213572034936,exact-milp/taker,GRB,OPTIMAL,3228.7021357203494,3228.702135720348,4.2253574201418833e-16,3101.999999999999,126.70213572035027,4.075505018234253,0.05070209503173828,2350,888,2787,,,,,,sweep,,,16,-0.5499999999999992,19,,
phase2,taker-sweep,2026-08-14T22:34:03.573346+00:00,jingjie-cpu-04.mae.cornell.edu,4cf37e9,50931,6,syn-s0-n12,00b39b5d48ce,12,6,43d21a4a9143,a2be72b0a106,3,150.0,98.3,3150.0,3228.7021357203494,78.70213572034936,exact-milp/taker,GRB,OPTIMAL,3228.7021357203494,3228.7021357203494,0.0,3102.0,126.70213572034936,4.13109564781189,0.04491305351257324,2350,888,2787,,,,,,sweep,,,16,-0.4999999999999991,20,,
phase2,taker-sweep,2026-08-14T22:34:07.579491+00:00,jingjie-cpu-04.mae.cornell.edu,4cf37e9,50931,6,syn-s0-n12,00b39b5d48ce,12,6,43d21a4a9143,a2be72b0a106,3,150.0,98.3,3150.0,3228.7021357203494,78.70213572034936,exact-milp/taker,GRB,OPTIMAL,3228.7021357203494,3228.7021357203494,0.0,3101.9999999999995,126.70213572034982,3.886150598526001,0.04482436180114746,2350,888,2787,,,,,,sweep,,,16,-0.44999999999999907,21,,
phase2,taker-sweep,2026-08-14T22:34:12.200988+00:00,jingjie-cpu-04.mae.cornell.edu,4cf37e9,50931,6,syn-s0-n12,00b39b5d48ce,12,6,43d21a4a9143,a2be72b0a106,3,150.0,98.3,3150.0,3228.7021357203494,78.70213572034936,exact-milp/taker,GRB,OPTIMAL,3228.7021357203494,3228.7021357203494,0.0,3101.9999999999995,126.70213572034982,4.490432977676392,0.050885915756225586,2350,888,2787,,,,,,sweep,,,16,-0.399999999999999,22,,
phase2,taker-sweep,2026-08-14T22:34:15.613544+00:00,jingjie-cpu-04.mae.cornell.edu,4cf37e9,50931,6,syn-s0-n12,00b39b5d48ce,12,6,43d21a4a9143,a2be72b0a106,3,150.0,98.3,3150.0,3228.7021357203494,78.70213572034936,exact-milp/taker,GRB,OPTIMAL,3228.7021357203494,3228.7021357203494,0.0,3101.9999999999995,126.70213572034982,3.167248487472534,0.048950910568237305,2350,888,2787,,,,,,sweep,,,16,-0.349999999999999,23,,
phase2,taker-sweep,2026-08-14T22:34:19.238359+00:00,jingjie-cpu-04.mae.cornell.edu,4cf37e9,50931,6,syn-s0-n12,00b39b5d48ce,12,6,43d21a4a9143,a2be72b0a106,3,150.0,98.3,3150.0,3228.7021357203494,78.70213572034936,exact-milp/taker,GRB,OPTIMAL,3228.7021357203494,3228.7021357203494,0.0,3102.0,126.70213572034936,3.507436990737915,0.0421140193939209,2350,888,2787,,,,,,sweep,,,16,-0.29999999999999893,24,,
phase2,taker-sweep,2026-08-14T22:34:22.185305+00:00,jingjie-cpu-04.mae.cornell.edu,4cf37e9,50931,6,syn-s0-n12,00b39b5d48ce,12,6,43d21a4a9143,a2be72b0a106,3,150.0,98.3,3150.0,3228.7021357203494,78.70213572034936,exact-milp/taker,GRB,OPTIMAL,3228.7021357203494,3228.7021357203494,0.0,3101.9999999999995,126.70213572034982,2.822345495223999,0.04082655906677246,2350,888,2787,,,,,,sweep,,,16,-0.2499999999999989,25,,
phase2,taker-sweep,2026-08-14T22:34:26.184249+00:00,jingjie-cpu-04.mae.cornell.edu,4cf37e9,50931,6,syn-s0-n12,00b39b5d48ce,12,6,43d21a4a9143,a2be72b0a106,3,150.0,98.3,3150.0,3228.7021357203494,78.70213572034936,exact-milp/taker,GRB,OPTIMAL,3228.7021357203494,3228.7021357203494,0.0,3102.0,126.70213572034936,3.8815102577209473,0.04080557823181152,2350,888,2787,,,,,,sweep,,,16,-0.19999999999999885,26,,
phase2,taker-sweep,2026-08-14T22:34:30.761856+00:00,jingjie-cpu-04.mae.cornell.edu,4cf37e9,50931,6,syn-s0-n12,00b39b5d48ce,12,6,43d21a4a9143,a2be72b0a106,3,150.0,98.3,3150.0,3228.7021357203494,78.70213572034936,exact-milp/taker,GRB,OPTIMAL,3228.7021357203494,3228.7021357203494,0.0,3101.9999999999995,126.70213572034982,4.45171046257019,0.04979753494262695,2350,888,2787,,,,,,sweep,,,16,-0.1499999999999988,27,,
phase2,taker-sweep,2026-08-14T22:34:33.908912+00:00,jingjie-cpu-04.mae.cornell.edu,4cf37e9,50931,6,syn-s0-n12,00b39b5d48ce,12,6,43d21a4a9143,a2be72b0a106,3,150.0,98.3,3150.0,3228.7021357203494,78.70213572034936,exact-milp/taker,GRB,OPTIMAL,3228.7021357203494,3228.7021357203494,0.0,3101.9999999999995,126.70213572034982,3.019664764404297,0.04073905944824219,2350,888,2787,,,,,,sweep,,,16,-0.09999999999999876,28,,
phase2,taker-sweep,2026-08-14T22:34:37.448695+00:00,jingjie-cpu-04.mae.cornell.edu,4cf37e9,50931,6,syn-s0-n12,00b39b5d48ce,12,6,43d21a4a9143,a2be72b0a106,3,150.0,98.3,3150.0,3228.7021357203494,78.70213572034936,exact-milp/taker,GRB,OPTIMAL,3228.7021357203494,3228.7021357203494,0.0,3101.9999999999995,126.70213572034982,3.4204695224761963,0.043486595153808594,2350,888,2787,,,,,,sweep,,,16,-0.04999999999999871,29,,
phase2,taker-sweep,2026-08-14T22:34:40.942485+00:00,jingjie-cpu-04.mae.cornell.edu,4cf37e9,50931,6,syn-s0-n12,00b39b5d48ce,12,6,43d21a4a9143,a2be72b0a106,3,150.0,98.3,3150.0,3228.7021357203494,78.70213572034936,exact-milp/taker,GRB,OPTIMAL,3228.7021357203494,3228.7021357203494,0.0,3102.0,126.70213572034936,3.3775553703308105,0.040338993072509766,2350,888,2787,,,,,,sweep,,,16,1.3322676295501878e-15,30,,
phase2,taker-sweep,2026-08-14T22:34:44.868442+00:00,jingjie-cpu-04.mae.cornell.edu,4cf37e9,50931,6,syn-s0-n12,00b39b5d48ce,12,6,43d21a4a9143,a2be72b0a106,3,150.0,98.3,3150.0,3228.7021357203494,78.70213572034936,exact-milp/taker,GRB,OPTIMAL,3228.7021357203494,3228.7021357203494,0.0,3102.0,126.70213572034936,3.799656391143799,0.04367876052856445,2350,888,2787,,,,,,sweep,,,16,0.05000000000000138,31,,
phase2,taker-sweep,2026-08-14T22:34:49.364543+00:00,jingjie-cpu-04.mae.cornell.edu,4cf37e9,50931,6,syn-s0-n12,00b39b5d48ce,12,6,43d21a4a9143,a2be72b0a106,3,150.0,98.3,3150.0,3228.7021357203494,78.70213572034936,exact-milp/taker,GRB,OPTIMAL,3228.7021357203494,3228.7021357203494,0.0,3101.9999999999995,126.70213572034982,4.368106842041016,0.05185508728027344,2350,888,2787,,,,,,sweep,,,16,0.10000000000000142,32,,
phase2,taker-sweep,2026-08-14T22:34:53.503180+00:00,jingjie-cpu-04.mae.cornell.edu,4cf37e9,50931,6,syn-s0-n12,00b39b5d48ce,12,6,43d21a4a9143,a2be72b0a106,3,150.0,98.3,3150.0,3228.7021357203494,78.70213572034936,exact-milp/taker,GRB,OPTIMAL,3228.7021357203494,3228.7021357203494,0.0,3102.0,126.70213572034936,4.014782905578613,0.04754233360290527,2350,888,2787,,,,,,sweep,,,16,0.15000000000000147,33,,
phase2,taker-sweep,2026-08-14T22:34:56.919872+00:00,jingjie-cpu-04.mae.cornell.edu,4cf37e9,50931,6,syn-s0-n12,00b39b5d48ce,12,6,43d21a4a9143,a2be72b0a106,3,150.0,98.3,3150.0,3228.7021357203494,78.70213572034936,exact-milp/taker,GRB,OPTIMAL,3228.7021357203494,3228.7021357203494,0.0,3101.9999999999995,126.70213572034982,3.289815902709961,0.04349923133850098,2350,888,2787,,,,,,sweep,,,16,0.2000000000000015,34,,
phase2,taker-sweep,2026-08-14T22:35:01.048374+00:00,jingjie-cpu-04.mae.cornell.edu,4cf37e9,50931,6,syn-s0-n12,00b39b5d48ce,12,6,43d21a4a9143,a2be72b0a106,3,150.0,98.3,3150.0,3228.7021357203494,78.70213572034936,exact-milp/taker,GRB,OPTIMAL,3228.7021357203494,3228.7021357203494,0.0,3101.9999999999995,126.70213572034982,3.9743077754974365,0.04753232002258301,2350,888,2787,,,,,,sweep,,,16,0.25000000000000155,35,,
phase2,taker-sweep,2026-08-14T22:35:04.660251+00:00,jingjie-cpu-04.mae.cornell.edu,4cf37e9,50931,6,syn-s0-n12,00b39b5d48ce,12,6,43d21a4a9143,a2be72b0a106,3,150.0,98.3,3150.0,3228.7021357203494,78.70213572034936,exact-milp/taker,GRB,OPTIMAL,3228.7021357203494,3228.7021357203485,2.816904946761255e-16,3101.999999999999,126.70213572035027,3.4844648838043213,0.051184892654418945,2350,888,2787,,,,,,sweep,,,16,0.3000000000000016,36,,
phase2,taker-sweep,2026-08-14T22:35:09.166513+00:00,jingjie-cpu-04.mae.cornell.edu,4cf37e9,50931,6,syn-s0-n12,00b39b5d48ce,12,6,5b451b296016,53c3b6c4fbe1,3,150.0,98.3,3150.0,3228.7021357203485,78.70213572034845,exact-milp/taker,GRB,OPTIMAL,3228.7021357203485,3228.7021357203485,0.0,3101.999999999999,126.70213572034936,4.3832106590271,0.04421353340148926,2350,888,2787,,,,,,sweep,,,16,0.35000000000000164,37,,
phase2,taker-sweep,2026-08-14T22:35:13.223429+00:00,jingjie-cpu-04.mae.cornell.edu,4cf37e9,50931,6,syn-s0-n12,00b39b5d48ce,12,6,5b451b296016,53c3b6c4fbe1,3,150.0,98.299943,3150.0,3228.702080943285,78.70208094328518,exact-milp/taker,GRB,OPTIMAL,3228.702080943285,3228.7020808786906,2.0006363497556297e-11,3101.999999999999,126.70208094328609,3.9371325969696045,0.04365038871765137,2350,888,2787,,,,,,sweep,,,16,0.4000000000000017,38,,
phase2,taker-sweep,2026-08-14T22:35:17.781907+00:00,jingjie-cpu-04.mae.cornell.edu,4cf37e9,50931,6,syn-s0-n12,00b39b5d48ce,12,6,5b451b296016,53c3b6c4fbe1,3,150.0,98.299943,3150.0,3228.702080943285,78.70208094328518,exact-milp/taker,GRB,OPTIMAL,3228.702080943285,3228.7020808786906,2.0006363497556297e-11,3101.999999999999,126.70208094328609,4.432223081588745,0.0501406192779541,2350,888,2787,,,,,,sweep,,,16,0.45000000000000173,39,,
phase2,taker-sweep,2026-08-14T22:35:22.680096+00:00,jingjie-cpu-04.mae.cornell.edu,4cf37e9,50931,6,syn-s0-n12,00b39b5d48ce,12,6,43d21a4a9143,a2be72b0a106,3,150.0,98.3,3150.0,3228.7021357203494,78.70213572034936,exact-milp/taker,GRB,OPTIMAL,3228.7021357203494,3228.7021357203485,2.816904946761255e-16,3101.999999999999,126.70213572035027,4.630871534347534,0.0496366024017334,2350,888,2787,,,,,,sweep,,,16,0.5000000000000018,40,,
phase2,taker-sweep,2026-08-14T22:35:26.302803+00:00,jingjie-cpu-04.mae.cornell.edu,4cf37e9,50931,6,syn-s0-n12,00b39b5d48ce,12,6,5b451b296016,53c3b6c4fbe1,3,150.0,98.3,3150.0,3228.7021357203485,78.70213572034845,exact-milp/taker,GRB,OPTIMAL,3228.7021357203485,3228.7021357203485,0.0,3101.999999999999,126.70213572034936,3.503485679626465,0.042873382568359375,2350,888,2787,,,,,,sweep,,,16,0.5500000000000016,41,,
phase2,taker-sweep,2026-08-14T22:35:30.028992+00:00,jingjie-cpu-04.mae.cornell.edu,4cf37e9,50931,6,syn-s0-n12,00b39b5d48ce,12,6,5b451b296016,53c3b6c4fbe1,3,150.0,98.3,3150.0,3228.7021357203485,78.70213572034845,exact-milp/taker,GRB,OPTIMAL,3228.7021357203485,3228.7021357203485,0.0,3101.999999999999,126.70213572034936,3.6099603176116943,0.04078865051269531,2350,888,2787,,,,,,sweep,,,16,0.6000000000000019,42,,
phase2,taker-sweep,2026-08-14T22:35:33.923107+00:00,jingjie-cpu-04.mae.cornell.edu,4cf37e9,50931,6,syn-s0-n12,00b39b5d48ce,12,6,5b451b296016,53c3b6c4fbe1,3,150.0,98.3,3150.0,3228.7021357203485,78.70213572034845,exact-milp/taker,GRB,OPTIMAL,3228.7021357203485,3228.7021357203485,0.0,3102.0,126.70213572034845,3.7671396732330322,0.04424858093261719,2350,888,2787,,,,,,sweep,,,16,0.6500000000000021,43,,
phase2,taker-sweep,2026-08-14T22:35:37.562376+00:00,jingjie-cpu-04.mae.cornell.edu,4cf37e9,50931,6,syn-s0-n12,00b39b5d48ce,12,6,5b451b296016,53c3b6c4fbe1,3,150.0,98.3,3150.0,3228.7021357203485,78.70213572034845,exact-milp/taker,GRB,OPTIMAL,3228.7021357203485,3228.7021357203485,0.0,3102.0,126.70213572034845,3.5151233673095703,0.04356956481933594,2350,888,2787,,,,,,sweep,,,16,0.700000000000002,44,,
phase2,taker-sweep,2026-08-14T22:35:41.593882+00:00,jingjie-cpu-04.mae.cornell.edu,4cf37e9,50931,6,syn-s0-n12,00b39b5d48ce,12,6,5b451b296016,53c3b6c4fbe1,3,150.0,98.3,3150.0,3228.7021357203485,78.70213572034845,exact-milp/taker,GRB,OPTIMAL,3228.7021357203485,3228.7021357203485,0.0,3101.999999999999,126.70213572034936,3.907628059387207,0.047078609466552734,2350,888,2787,,,,,,sweep,,,16,0.7500000000000018,45,,
phase2,taker-sweep,2026-08-14T22:35:45.052159+00:00,jingjie-cpu-04.mae.cornell.edu,4cf37e9,50931,6,syn-s0-n12,00b39b5d48ce,12,6,43d21a4a9143,a2be72b0a106,3,150.0,98.3,3150.0,3228.7021357203494,78.70213572034936,exact-milp/taker,GRB,OPTIMAL,3228.7021357203494,3228.702135720349,1.4084524733806276e-16,3102.0,126.70213572034936,3.339118003845215,0.04003000259399414,2350,888,2787,,,,,,sweep,,,16,0.800000000000002,46,,
phase2,taker-sweep,2026-08-14T22:35:48.909351+00:00,jingjie-cpu-04.mae.cornell.edu,4cf37e9,50931,6,syn-s0-n12,00b39b5d48ce,12,6,43d21a4a9143,a2be72b0a106,3,150.0,98.3,3150.0,3228.7021357203494,78.70213572034936,exact-milp/taker,GRB,OPTIMAL,3228.7021357203494,3228.702135720349,1.4084524733806276e-16,3101.999999999999,126.70213572035027,3.7323200702667236,0.04731178283691406,2350,888,2787,,,,,,sweep,,,16,0.8500000000000023,47,,
phase2,taker-sweep,2026-08-14T22:35:52.784668+00:00,jingjie-cpu-04.mae.cornell.edu,4cf37e9,50931,6,syn-s0-n12,00b39b5d48ce,12,6,43d21a4a9143,a2be72b0a106,3,150.0,98.3,3150.0,3228.7021357203494,78.70213572034936,exact-milp/taker,GRB,OPTIMAL,3228.7021357203494,3228.702135720349,1.4084524733806276e-16,3102.0,126.70213572034936,3.748566150665283,0.04941678047180176,2350,888,2787,,,,,,sweep,,,16,0.9000000000000021,48,,
phase2,taker-sweep,2026-08-14T22:35:56.433717+00:00,jingjie-cpu-04.mae.cornell.edu,4cf37e9,50931,6,syn-s0-n12,00b39b5d48ce,12,6,43d21a4a9143,a2be72b0a106,3,150.0,98.3,3150.0,3228.7021357203494,78.70213572034936,exact-milp/taker,GRB,OPTIMAL,3228.7021357203494,3228.702135720349,1.4084524733806276e-16,3101.999999999999,126.70213572035027,3.5217392444610596,0.04519534111022949,2350,888,2787,,,,,,sweep,,,16,0.950000000000002,49,,
phase2,taker-sweep,2026-08-14T22:36:00.978175+00:00,jingjie-cpu-04.mae.cornell.edu,4cf37e9,50931,6,syn-s0-n12,00b39b5d48ce,12,6,43d21a4a9143,a2be72b0a106,3,150.0,98.3,3150.0,3228.7021357203494,78.70213572034936,exact-milp/taker,GRB,OPTIMAL,3228.7021357203494,3228.702135720349,1.4084524733806276e-16,3101.999999999999,126.70213572035027,4.418934106826782,0.04807758331298828,2350,888,2787,,,,,,sweep,,,16,1.0000000000000022,50,,
phase2,taker-sweep,2026-08-14T22:36:04.746274+00:00,jingjie-cpu-04.mae.cornell.edu,4cf37e9,50931,6,syn-s0-n12,00b39b5d48ce,12,6,43d21a4a9143,a2be72b0a106,3,150.0,98.3,3150.0,3228.7021357203494,78.70213572034936,exact-milp/taker,GRB,OPTIMAL,3228.7021357203494,3228.702135720349,1.4084524733806276e-16,3101.999999999999,126.70213572035027,3.648954153060913,0.04119086265563965,2350,888,2787,,,,,,sweep,,,16,1.0500000000000025,51,,
phase2,taker-sweep,2026-08-14T22:36:09.764183+00:00,jingjie-cpu-04.mae.cornell.edu,4cf37e9,50931,6,syn-s0-n12,00b39b5d48ce,12,6,43d21a4a9143,a2be72b0a106,3,150.0,98.3,3150.0,3228.7021357203494,78.70213572034936,exact-milp/taker,GRB,OPTIMAL,3228.7021357203494,3228.702135720349,1.4084524733806276e-16,3101.999999999999,126.70213572035027,4.880202054977417,0.05034756660461426,2350,888,2787,,,,,,sweep,,,16,1.1000000000000023,52,,
phase2,taker-sweep,2026-08-14T22:36:13.409145+00:00,jingjie-cpu-04.mae.cornell.edu,4cf37e9,50931,6,syn-s0-n12,00b39b5d48ce,12,6,43d21a4a9143,a2be72b0a106,3,150.0,98.3,3150.0,3228.7021357203494,78.70213572034936,exact-milp/taker,GRB,OPTIMAL,3228.7021357203494,3228.702135720349,1.4084524733806276e-16,3101.999999999999,126.70213572035027,3.516096830368042,0.0500943660736084,2350,888,2787,,,,,,sweep,,,16,1.1500000000000021,53,,
phase2,taker-sweep,2026-08-14T22:36:17.169708+00:00,jingjie-cpu-04.mae.cornell.edu,4cf37e9,50931,6,syn-s0-n12,00b39b5d48ce,12,6,43d21a4a9143,a2be72b0a106,3,150.0,98.3,3150.0,3228.7021357203494,78.70213572034936,exact-milp/taker,GRB,OPTIMAL,3228.7021357203494,3228.702135720349,1.4084524733806276e-16,3101.999999999999,126.70213572035027,3.644702434539795,0.03895902633666992,2350,888,2787,,,,,,sweep,,,16,1.2000000000000024,54,,
phase2,taker-sweep,2026-08-14T22:36:20.426029+00:00,jingjie-cpu-04.mae.cornell.edu,4cf37e9,50931,6,syn-s0-n12,00b39b5d48ce,12,6,43d21a4a9143,a2be72b0a106,3,150.0,98.3,3150.0,3228.7021357203494,78.70213572034936,exact-milp/taker,GRB,OPTIMAL,3228.7021357203494,3228.702135720349,1.4084524733806276e-16,3102.0,126.70213572034936,3.130040168762207,0.04469656944274902,2350,888,2787,,,,,,sweep,,,16,1.2500000000000027,55,,
phase2,taker-sweep,2026-08-14T22:36:24.312177+00:00,jingjie-cpu-04.mae.cornell.edu,4cf37e9,50931,6,syn-s0-n12,00b39b5d48ce,12,6,5b451b296016,53c3b6c4fbe1,3,150.0,98.3,3150.0,3228.7021357203485,78.70213572034845,exact-milp/taker,GRB,OPTIMAL,3228.7021357203485,3228.7021357203485,0.0,3101.999999999999,126.70213572034936,3.6258902549743652,0.048483848571777344,2350,888,2787,,,,,,sweep,,,16,1.3000000000000025,56,,
phase2,taker-sweep,2026-08-14T22:36:27.820144+00:00,jingjie-cpu-04.mae.cornell.edu,4cf37e9,50931,6,syn-s0-n12,00b39b5d48ce,12,6,5b451b296016,53c3b6c4fbe1,3,150.0,98.3,3150.0,3228.7021357203485,78.70213572034845,exact-milp/taker,GRB,OPTIMAL,3228.7021357203485,3228.7021357203485,0.0,3101.999999999999,126.70213572034936,3.3876543045043945,0.04257059097290039,2350,888,2787,,,,,,sweep,,,16,1.3500000000000023,57,,
phase2,taker-sweep,2026-08-14T22:36:32.274114+00:00,jingjie-cpu-04.mae.cornell.edu,4cf37e9,50931,6,syn-s0-n12,00b39b5d48ce,12,6,5b451b296016,53c3b6c4fbe1,3,150.0,98.3,3150.0,3228.7021357203485,78.70213572034845,exact-milp/taker,GRB,OPTIMAL,3228.7021357203485,3228.7021357203485,0.0,3101.999999999999,126.70213572034936,4.276504755020142,0.04968404769897461,2350,888,2787,,,,,,sweep,,,16,1.4000000000000026,58,,
phase2,taker-sweep,2026-08-14T22:36:35.848323+00:00,jingjie-cpu-04.mae.cornell.edu,4cf37e9,50931,6,syn-s0-n12,00b39b5d48ce,12,6,5b451b296016,53c3b6c4fbe1,3,150.0,98.3,3150.0,3228.7021357203485,78.70213572034845,exact-milp/taker,GRB,OPTIMAL,3228.7021357203485,3228.7021357203485,0.0,3101.999999999999,126.70213572034936,3.440058946609497,0.044356584548950195,2350,888,2787,,,,,,sweep,,,16,1.4500000000000028,59,,
phase2,taker-sweep,2026-08-14T22:36:39.743069+00:00,jingjie-cpu-04.mae.cornell.edu,4cf37e9,50931,6,syn-s0-n12,00b39b5d48ce,12,6,5b451b296016,53c3b6c4fbe1,3,150.0,98.3,3150.0,3228.7021357203485,78.70213572034845,exact-milp/taker,GRB,OPTIMAL,3228.7021357203485,3228.7021357203485,0.0,3102.0,126.70213572034845,3.7761316299438477,0.04146599769592285,2350,888,2787,,,,,,sweep,,,16,1.5000000000000027,60,,
phase2,taker-sweep,2026-08-14T22:32:42.280820+00:00,jingjie-cpu-04.mae.cornell.edu,4cf37e9,50932,7,syn-s0-n12,00b39b5d48ce,12,6,43d21a4a9143,a2be72b0a106,3,150.0,98.3,3150.0,3228.7021357203494,78.70213572034936,exact-milp/taker,GRB,OPTIMAL,3228.7021357203494,3228.7021357203494,0.0,3101.9999999999995,126.70213572034982,3.4477698802948,0.05084514617919922,2350,888,2787,,,,,,sweep,,,20,-1.5,0,,
phase2,taker-sweep,2026-08-14T22:32:46.704910+00:00,jingjie-cpu-04.mae.cornell.edu,4cf37e9,50932,7,syn-s0-n12,00b39b5d48ce,12,6,43d21a4a9143,a2be72b0a106,3,150.0,98.3,3150.0,3228.7021357203494,78.70213572034936,exact-milp/taker,GRB,OPTIMAL,3228.7021357203494,3228.7021357203494,0.0,3101.9999999999995,126.70213572034982,4.290265321731567,0.0491175651550293,2350,888,2787,,,,,,sweep,,,20,-1.45,1,,
phase2,taker-sweep,2026-08-14T22:32:50.715264+00:00,jingjie-cpu-04.mae.cornell.edu,4cf37e9,50932,7,syn-s0-n12,00b39b5d48ce,12,6,43d21a4a9143,a2be72b0a106,3,150.0,98.3,3150.0,3228.7021357203494,78.70213572034936,exact-milp/taker,GRB,OPTIMAL,3228.7021357203494,3228.7021357203494,0.0,3101.9999999999995,126.70213572034982,3.842935800552368,0.04852414131164551,2350,888,2787,,,,,,sweep,,,20,-1.4,2,,
phase2,taker-sweep,2026-08-14T22:32:55.186409+00:00,jingjie-cpu-04.mae.cornell.edu,4cf37e9,50932,7,syn-s0-n12,00b39b5d48ce,12,6,43d21a4a9143,a2be72b0a106,3,150.0,98.3,3150.0,3228.7021357203494,78.70213572034936,exact-milp/taker,GRB,OPTIMAL,3228.7021357203494,3228.7021357203494,0.0,3102.0,126.70213572034936,4.3545615673065186,0.04122209548950195,2350,888,2787,,,,,,sweep,,,20,-1.3499999999999999,3,,
phase2,taker-sweep,2026-08-14T22:32:59.847039+00:00,jingjie-cpu-04.mae.cornell.edu,4cf37e9,50932,7,syn-s0-n12,00b39b5d48ce,12,6,43d21a4a9143,a2be72b0a106,3,150.0,98.3,3150.0,3228.7021357203494,78.70213572034936,exact-milp/taker,GRB,OPTIMAL,3228.7021357203494,3228.7021357203494,0.0,3101.9999999999995,126.70213572034982,4.531257629394531,0.04546070098876953,2350,888,2787,,,,,,sweep,,,20,-1.2999999999999998,4,,
phase2,taker-sweep,2026-08-14T22:33:03.620439+00:00,jingjie-cpu-04.mae.cornell.edu,4cf37e9,50932,7,syn-s0-n12,00b39b5d48ce,12,6,43d21a4a9143,a2be72b0a106,3,150.0,98.3,3150.0,3228.7021357203494,78.70213572034936,exact-milp/taker,GRB,OPTIMAL,3228.7021357203494,3228.7021357203494,0.0,3101.9999999999995,126.70213572034982,3.6531927585601807,0.04434680938720703,2350,888,2787,,,,,,sweep,,,20,-1.2499999999999998,5,,
phase2,taker-sweep,2026-08-14T22:33:07.609061+00:00,jingjie-cpu-04.mae.cornell.edu,4cf37e9,50932,7,syn-s0-n12,00b39b5d48ce,12,6,43d21a4a9143,a2be72b0a106,3,150.0,98.3,3150.0,3228.7021357203494,78.70213572034936,exact-milp/taker,GRB,OPTIMAL,3228.7021357203494,3228.7021357203494,0.0,3101.9999999999995,126.70213572034982,3.864804744720459,0.048863887786865234,2350,888,2787,,,,,,sweep,,,20,-1.1999999999999997,6,,
phase2,taker-sweep,2026-08-14T22:33:11.521813+00:00,jingjie-cpu-04.mae.cornell.edu,4cf37e9,50932,7,syn-s0-n12,00b39b5d48ce,12,6,43d21a4a9143,a2be72b0a106,3,150.0,98.3,3150.0,3228.7021357203494,78.70213572034936,exact-milp/taker,GRB,OPTIMAL,3228.7021357203494,3228.7021357203494,0.0,3101.9999999999995,126.70213572034982,3.739880323410034,0.044379472732543945,2350,888,2787,,,,,,sweep,,,20,-1.1499999999999997,7,,
phase2,taker-sweep,2026-08-14T22:33:15.886330+00:00,jingjie-cpu-04.mae.cornell.edu,4cf37e9,50932,7,syn-s0-n12,00b39b5d48ce,12,6,43d21a4a9143,a2be72b0a106,3,150.0,98.3,3150.0,3228.7021357203494,78.70213572034936,exact-milp/taker,GRB,OPTIMAL,3228.7021357203494,3228.7021357203494,0.0,3101.9999999999995,126.70213572034982,4.240642309188843,0.04799795150756836,2350,888,2787,,,,,,sweep,,,20,-1.0999999999999996,8,,
phase2,taker-sweep,2026-08-14T22:33:19.987486+00:00,jingjie-cpu-04.mae.cornell.edu,4cf37e9,50932,7,syn-s0-n12,00b39b5d48ce,12,6,43d21a4a9143,a2be72b0a106,3,150.0,98.3,3150.0,3228.7021357203494,78.70213572034936,exact-milp/taker,GRB,OPTIMAL,3228.7021357203494,3228.7021357203494,0.0,3101.9999999999995,126.70213572034982,3.9847397804260254,0.04079270362854004,2350,888,2787,,,,,,sweep,,,20,-1.0499999999999996,9,,
phase2,taker-sweep,2026-08-14T22:33:23.705959+00:00,jingjie-cpu-04.mae.cornell.edu,4cf37e9,50932,7,syn-s0-n12,00b39b5d48ce,12,6,43d21a4a9143,a2be72b0a106,3,150.0,98.3,3150.0,3228.7021357203494,78.70213572034936,exact-milp/taker,GRB,OPTIMAL,3228.7021357203494,3228.7021357203494,0.0,3101.9999999999995,126.70213572034982,3.5969574451446533,0.04310798645019531,2350,888,2787,,,,,,sweep,,,20,-0.9999999999999996,10,,
phase2,taker-sweep,2026-08-14T22:33:27.633685+00:00,jingjie-cpu-04.mae.cornell.edu,4cf37e9,50932,7,syn-s0-n12,00b39b5d48ce,12,6,43d21a4a9143,a2be72b0a106,3,150.0,98.3,3150.0,3228.7021357203494,78.70213572034936,exact-milp/taker,GRB,OPTIMAL,3228.7021357203494,3228.7021357203494,0.0,3102.0,126.70213572034936,3.8084864616394043,0.04344034194946289,2350,888,2787,,,,,,sweep,,,20,-0.9499999999999995,11,,
phase2,taker-sweep,2026-08-14T22:33:31.475665+00:00,jingjie-cpu-04.mae.cornell.edu,4cf37e9,50932,7,syn-s0-n12,00b39b5d48ce,12,6,43d21a4a9143,a2be72b0a106,3,150.0,98.3,3150.0,3228.7021357203494,78.70213572034936,exact-milp/taker,GRB,OPTIMAL,3228.7021357203494,3228.7021357203494,0.0,3102.0,126.70213572034936,3.7188351154327393,0.047576904296875,2350,888,2787,,,,,,sweep,,,20,-0.8999999999999995,12,,
phase2,taker-sweep,2026-08-14T22:33:35.426340+00:00,jingjie-cpu-04.mae.cornell.edu,4cf37e9,50932,7,syn-s0-n12,00b39b5d48ce,12,6,43d21a4a9143,a2be72b0a106,3,150.0,98.3,3150.0,3228.7021357203494,78.70213572034936,exact-milp/taker,GRB,OPTIMAL,3228.7021357203494,3228.7021357203494,0.0,3102.0,126.70213572034936,3.8275198936462402,0.04449462890625,2350,888,2787,,,,,,sweep,,,20,-0.8499999999999994,13,,
phase2,taker-sweep,2026-08-14T22:33:40.553002+00:00,jingjie-cpu-04.mae.cornell.edu,4cf37e9,50932,7,syn-s0-n12,00b39b5d48ce,12,6,43d21a4a9143,a2be72b0a106,3,150.0,98.3,3150.0,3228.7021357203494,78.70213572034936,exact-milp/taker,GRB,OPTIMAL,3228.7021357203494,3228.7021357203494,0.0,3101.9999999999995,126.70213572034982,5.0062034130096436,0.04388093948364258,2350,888,2787,,,,,,sweep,,,20,-0.7999999999999994,14,,
phase2,taker-sweep,2026-08-14T22:33:45.363559+00:00,jingjie-cpu-04.mae.cornell.edu,4cf37e9,50932,7,syn-s0-n12,00b39b5d48ce,12,6,43d21a4a9143,a2be72b0a106,3,150.0,98.3,3150.0,3228.7021357203494,78.70213572034936,exact-milp/taker,GRB,OPTIMAL,3228.7021357203494,3228.7021357203494,0.0,3101.9999999999995,126.70213572034982,4.685756206512451,0.049422502517700195,2350,888,2787,,,,,,sweep,,,20,-0.7499999999999993,15,,
phase2,taker-sweep,2026-08-14T22:33:49.091886+00:00,jingjie-cpu-04.mae.cornell.edu,4cf37e9,50932,7,syn-s0-n12,00b39b5d48ce,12,6,43d21a4a9143,a2be72b0a106,3,150.0,98.3,3150.0,3228.7021357203494,78.70213572034936,exact-milp/taker,GRB,OPTIMAL,3228.7021357203494,3228.7021357203494,0.0,3101.9999999999995,126.70213572034982,3.6041464805603027,0.044619083404541016,2350,888,2787,,,,,,sweep,,,20,-0.6999999999999993,16,,
phase2,taker-sweep,2026-08-14T22:33:53.502088+00:00,jingjie-cpu-04.mae.cornell.edu,4cf37e9,50932,7,syn-s0-n12,00b39b5d48ce,12,6,43d21a4a9143,a2be72b0a106,3,150.0,98.3,3150.0,3228.7021357203494,78.70213572034936,exact-milp/taker,GRB,OPTIMAL,3228.7021357203494,3228.7021357203494,0.0,3102.0,126.70213572034936,4.289443254470825,0.04393506050109863,2350,888,2787,,,,,,sweep,,,20,-0.6499999999999992,17,,
phase2,taker-sweep,2026-08-14T22:33:57.888660+00:00,jingjie-cpu-04.mae.cornell.edu,4cf37e9,50932,7,syn-s0-n12,00b39b5d48ce,12,6,43d21a4a9143,a2be72b0a106,3,150.0,98.3,3150.0,3228.7021357203494,78.70213572034936,exact-milp/taker,GRB,OPTIMAL,3228.7021357203494,3228.7021357203494,0.0,3101.9999999999995,126.70213572034982,4.268682956695557,0.041426897048950195,2350,888,2787,,,,,,sweep,,,20,-0.5999999999999992,18,,
phase2,taker-sweep,2026-08-14T22:34:01.497875+00:00,jingjie-cpu-04.mae.cornell.edu,4cf37e9,50932,7,syn-s0-n12,00b39b5d48ce,12,6,43d21a4a9143,a2be72b0a106,3,150.0,98.3,3150.0,3228.7021357203494,78.70213572034936,exact-milp/taker,GRB,OPTIMAL,3228.7021357203494,3228.7021357203494,0.0,3102.0,126.70213572034936,3.48834490776062,0.04163765907287598,2350,888,2787,,,,,,sweep,,,20,-0.5499999999999992,19,,
phase2,taker-sweep,2026-08-14T22:34:06.307072+00:00,jingjie-cpu-04.mae.cornell.edu,4cf37e9,50932,7,syn-s0-n12,00b39b5d48ce,12,6,43d21a4a9143,a2be72b0a106,3,150.0,98.3,3150.0,3228.7021357203494,78.70213572034936,exact-milp/taker,GRB,OPTIMAL,3228.7021357203494,3228.7021357203494,0.0,3101.9999999999995,126.70213572034982,4.689623594284058,0.04334759712219238,2350,888,2787,,,,,,sweep,,,20,-0.4999999999999991,20,,
phase2,taker-sweep,2026-08-14T22:34:10.485626+00:00,jingjie-cpu-04.mae.cornell.edu,4cf37e9,50932,7,syn-s0-n12,00b39b5d48ce,12,6,43d21a4a9143,a2be72b0a106,3,150.0,98.3,3150.0,3228.7021357203494,78.70213572034936,exact-milp/taker,GRB,OPTIMAL,3228.7021357203494,3228.7021357203494,0.0,3101.9999999999995,126.70213572034982,4.052842855453491,0.04846477508544922,2350,888,2787,,,,,,sweep,,,20,-0.44999999999999907,21,,
phase2,taker-sweep,2026-08-14T22:34:15.570824+00:00,jingjie-cpu-04.mae.cornell.edu,4cf37e9,50932,7,syn-s0-n12,00b39b5d48ce,12,6,43d21a4a9143,a2be72b0a106,3,150.0,98.3,3150.0,3228.7021357203494,78.70213572034936,exact-milp/taker,GRB,OPTIMAL,3228.7021357203494,3228.7021357203494,0.0,3101.9999999999995,126.70213572034982,4.957174301147461,0.049500226974487305,2350,888,2787,,,,,,sweep,,,20,-0.399999999999999,22,,
phase2,taker-sweep,2026-08-14T22:34:19.204823+00:00,jingjie-cpu-04.mae.cornell.edu,4cf37e9,50932,7,syn-s0-n12,00b39b5d48ce,12,6,43d21a4a9143,a2be72b0a106,3,150.0,98.3,3150.0,3228.7021357203494,78.70213572034936,exact-milp/taker,GRB,OPTIMAL,3228.7021357203494,3228.7021357203494,0.0,3102.0,126.70213572034936,3.3832168579101562,0.04125857353210449,2350,888,2787,,,,,,sweep,,,20,-0.349999999999999,23,,
phase2,taker-sweep,2026-08-14T22:34:23.267899+00:00,jingjie-cpu-04.mae.cornell.edu,4cf37e9,50932,7,syn-s0-n12,00b39b5d48ce,12,6,43d21a4a9143,a2be72b0a106,3,150.0,98.3,3150.0,3228.7021357203494,78.70213572034936,exact-milp/taker,GRB,OPTIMAL,3228.7021357203494,3228.7021357203494,0.0,3102.0,126.70213572034936,3.9442362785339355,0.0423130989074707,2350,888,2787,,,,,,sweep,,,20,-0.29999999999999893,24,,
phase2,taker-sweep,2026-08-14T22:34:27.287143+00:00,jingjie-cpu-04.mae.cornell.edu,4cf37e9,50932,7,syn-s0-n12,00b39b5d48ce,12,6,43d21a4a9143,a2be72b0a106,3,150.0,98.3,3150.0,3228.7021357203494,78.70213572034936,exact-milp/taker,GRB,OPTIMAL,3228.7021357203494,3228.7021357203494,0.0,3101.9999999999995,126.70213572034982,3.88822603225708,0.04395103454589844,2350,888,2787,,,,,,sweep,,,20,-0.2499999999999989,25,,
phase2,taker-sweep,2026-08-14T22:34:30.833426+00:00,jingjie-cpu-04.mae.cornell.edu,4cf37e9,50932,7,syn-s0-n12,00b39b5d48ce,12,6,43d21a4a9143,a2be72b0a106,3,150.0,98.3,3150.0,3228.7021357203494,78.70213572034936,exact-milp/taker,GRB,OPTIMAL,3228.7021357203494,3228.7021357203494,0.0,3101.9999999999995,126.70213572034982,3.4265010356903076,0.0433964729309082,2350,888,2787,,,,,,sweep,,,20,-0.19999999999999885,26,,
phase2,taker-sweep,2026-08-14T22:34:34.767837+00:00,jingjie-cpu-04.mae.cornell.edu,4cf37e9,50932,7,syn-s0-n12,00b39b5d48ce,12,6,43d21a4a9143,a2be72b0a106,3,150.0,98.3,3150.0,3228.7021357203494,78.70213572034936,exact-milp/taker,GRB,OPTIMAL,3228.7021357203494,3228.7021357203494,0.0,3101.9999999999995,126.70213572034982,3.8201217651367188,0.038205862045288086,2350,888,2787,,,,,,sweep,,,20,-0.1499999999999988,27,,
phase2,taker-sweep,2026-08-14T22:34:39.243732+00:00,jingjie-cpu-04.mae.cornell.edu,4cf37e9,50932,7,syn-s0-n12,00b39b5d48ce,12,6,43d21a4a9143,a2be72b0a106,3,150.0,98.3,3150.0,3228.7021357203494,78.70213572034936,exact-milp/taker,GRB,OPTIMAL,3228.7021357203494,3228.7021357203494,0.0,3101.9999999999995,126.70213572034982,4.34855318069458,0.04394721984863281,2350,888,2787,,,,,,sweep,,,20,-0.09999999999999876,28,,
phase2,taker-sweep,2026-08-14T22:34:44.380622+00:00,jingjie-cpu-04.mae.cornell.edu,4cf37e9,50932,7,syn-s0-n12,00b39b5d48ce,12,6,43d21a4a9143,a2be72b0a106,3,150.0,98.3,3150.0,3228.7021357203494,78.70213572034936,exact-milp/taker,GRB,OPTIMAL,3228.7021357203494,3228.7021357203494,0.0,3101.9999999999995,126.70213572034982,5.0185277462005615,0.04067349433898926,2350,888,2787,,,,,,sweep,,,20,-0.04999999999999871,29,,
phase2,taker-sweep,2026-08-14T22:34:48.815872+00:00,jingjie-cpu-04.mae.cornell.edu,4cf37e9,50932,7,syn-s0-n12,00b39b5d48ce,12,6,43d21a4a9143,a2be72b0a106,3,150.0,98.3,3150.0,3228.7021357203494,78.70213572034936,exact-milp/taker,GRB,OPTIMAL,3228.7021357203494,3228.7021357203494,0.0,3101.9999999999995,126.70213572034982,4.3197925090789795,0.038098812103271484,2350,888,2787,,,,,,sweep,,,20,1.3322676295501878e-15,30,,
phase2,taker-sweep,2026-08-14T22:34:53.519125+00:00,jingjie-cpu-04.mae.cornell.edu,4cf37e9,50932,7,syn-s0-n12,00b39b5d48ce,12,6,43d21a4a9143,a2be72b0a106,3,150.0,98.3,3150.0,3228.7021357203494,78.70213572034936,exact-milp/taker,GRB,OPTIMAL,3228.7021357203494,3228.7021357203494,0.0,3101.9999999999995,126.70213572034982,4.576410531997681,0.041460275650024414,2350,888,2787,,,,,,sweep,,,20,0.05000000000000138,31,,
phase2,taker-sweep,2026-08-14T22:34:57.861279+00:00,jingjie-cpu-04.mae.cornell.edu,4cf37e9,50932,7,syn-s0-n12,00b39b5d48ce,12,6,43d21a4a9143,a2be72b0a106,3,150.0,98.3,3150.0,3228.7021357203494,78.70213572034936,exact-milp/taker,GRB,OPTIMAL,3228.7021357203494,3228.7021357203494,0.0,3102.0,126.70213572034936,4.228193759918213,0.03743696212768555,2350,888,2787,,,,,,sweep,,,20,0.10000000000000142,32,,
phase2,taker-sweep,2026-08-14T22:35:02.676191+00:00,jingjie-cpu-04.mae.cornell.edu,4cf37e9,50932,7,syn-s0-n12,00b39b5d48ce,12,6,43d21a4a9143,a2be72b0a106,3,150.0,98.3,3150.0,3228.7021357203494,78.70213572034936,exact-milp/taker,GRB,OPTIMAL,3228.7021357203494,3228.7021357203494,0.0,3102.0,126.70213572034936,4.686795949935913,0.051805734634399414,2350,888,2787,,,,,,sweep,,,20,0.15000000000000147,33,,
phase2,taker-sweep,2026-08-14T22:35:07.598274+00:00,jingjie-cpu-04.mae.cornell.edu,4cf37e9,50932,7,syn-s0-n12,00b39b5d48ce,12,6,43d21a4a9143,a2be72b0a106,3,150.0,98.3,3150.0,3228.7021357203494,78.70213572034936,exact-milp/taker,GRB,OPTIMAL,3228.7021357203494,3228.7021357203494,0.0,3102.0,126.70213572034936,4.795578241348267,0.043494224548339844,2350,888,2787,,,,,,sweep,,,20,0.2000000000000015,34,,
phase2,taker-sweep,2026-08-14T22:35:12.091092+00:00,jingjie-cpu-04.mae.cornell.edu,4cf37e9,50932,7,syn-s0-n12,00b39b5d48ce,12,6,43d21a4a9143,a2be72b0a106,3,150.0,98.3,3150.0,3228.7021357203494,78.70213572034936,exact-milp/taker,GRB,OPTIMAL,3228.7021357203494,3228.7021357203494,0.0,3101.9999999999995,126.70213572034982,4.370974779129028,0.04334259033203125,2350,888,2787,,,,,,sweep,,,20,0.25000000000000155,35,,
phase2,taker-sweep,2026-08-14T22:35:16.956769+00:00,jingjie-cpu-04.mae.cornell.edu,4cf37e9,50932,7,syn-s0-n12,00b39b5d48ce,12,6,43d21a4a9143,a2be72b0a106,3,150.0,98.3,3150.0,3228.7021357203494,78.70213572034936,exact-milp/taker,GRB,OPTIMAL,3228.7021357203494,3228.7021357203494,0.0,3101.9999999999995,126.70213572034982,4.74152398109436,0.04809260368347168,2350,888,2787,,,,,,sweep,,,20,0.3000000000000016,36,,
phase2,taker-sweep,2026-08-14T22:35:21.247398+00:00,jingjie-cpu-04.mae.cornell.edu,4cf37e9,50932,7,syn-s0-n12,00b39b5d48ce,12,6,43d21a4a9143,a2be72b0a106,3,150.0,98.3,3150.0,3228.7021357203494,78.70213572034936,exact-milp/taker,GRB,OPTIMAL,3228.7021357203494,3228.7021357203494,0.0,3102.0,126.70213572034936,4.16527247428894,0.044100284576416016,2350,888,2787,,,,,,sweep,,,20,0.35000000000000164,37,,
phase2,taker-sweep,2026-08-14T22:35:25.316383+00:00,jingjie-cpu-04.mae.cornell.edu,4cf37e9,50932,7,syn-s0-n12,00b39b5d48ce,12,6,43d21a4a9143,a2be72b0a106,3,150.0,98.3,3150.0,3228.7021357203494,78.70213572034936,exact-milp/taker,GRB,OPTIMAL,3228.7021357203494,3228.7021357203494,0.0,3101.9999999999995,126.70213572034982,3.948899269104004,0.04353904724121094,2350,888,2787,,,,,,sweep,,,20,0.4000000000000017,38,,
phase2,taker-sweep,2026-08-14T22:35:29.907996+00:00,jingjie-cpu-04.mae.cornell.edu,4cf37e9,50932,7,syn-s0-n12,00b39b5d48ce,12,6,43d21a4a9143,a2be72b0a106,3,150.0,98.3,3150.0,3228.7021357203494,78.70213572034936,exact-milp/taker,GRB,OPTIMAL,3228.7021357203494,3228.7021357203494,0.0,3101.9999999999995,126.70213572034982,4.467639446258545,0.04746294021606445,2350,888,2787,,,,,,sweep,,,20,0.45000000000000173,39,,
phase2,taker-sweep,2026-08-14T22:35:33.943911+00:00,jingjie-cpu-04.mae.cornell.edu,4cf37e9,50932,7,syn-s0-n12,00b39b5d48ce,12,6,43d21a4a9143,a2be72b0a106,3,150.0,98.3,3150.0,3228.7021357203494,78.70213572034936,exact-milp/taker,GRB,OPTIMAL,3228.7021357203494,3228.7021357203494,0.0,3101.9999999999995,126.70213572034982,3.7608988285064697,0.0500791072845459,2350,888,2787,,,,,,sweep,,,20,0.5000000000000018,40,,
phase2,taker-sweep,2026-08-14T22:35:37.519523+00:00,jingjie-cpu-04.mae.cornell.edu,4cf37e9,50932,7,syn-s0-n12,00b39b5d48ce,12,6,43d21a4a9143,a2be72b0a106,3,150.0,98.3,3150.0,3228.7021357203494,78.70213572034936,exact-milp/taker,GRB,OPTIMAL,3228.7021357203494,3228.7021357203494,0.0,3101.9999999999995,126.70213572034982,3.454838752746582,0.04361319541931152,2350,888,2787,,,,,,sweep,,,20,0.5500000000000016,41,,
phase2,taker-sweep,2026-08-14T22:35:41.148041+00:00,jingjie-cpu-04.mae.cornell.edu,4cf37e9,50932,7,syn-s0-n12,00b39b5d48ce,12,6,43d21a4a9143,a2be72b0a106,3,150.0,98.3,3150.0,3228.7021357203494,78.70213572034936,exact-milp/taker,GRB,OPTIMAL,3228.7021357203494,3228.7021357203494,0.0,3101.9999999999995,126.70213572034982,3.508330821990967,0.04317164421081543,2350,888,2787,,,,,,sweep,,,20,0.6000000000000019,42,,
phase2,taker-sweep,2026-08-14T22:35:45.087931+00:00,jingjie-cpu-04.mae.cornell.edu,4cf37e9,50932,7,syn-s0-n12,00b39b5d48ce,12,6,43d21a4a9143,a2be72b0a106,3,150.0,98.3,3150.0,3228.7021357203494,78.70213572034936,exact-milp/taker,GRB,OPTIMAL,3228.7021357203494,3228.7021357203494,0.0,3102.0,126.70213572034936,3.811854124069214,0.04308748245239258,2350,888,2787,,,,,,sweep,,,20,0.6500000000000021,43,,
phase2,taker-sweep,2026-08-14T22:35:48.825605+00:00,jingjie-cpu-04.mae.cornell.edu,4cf37e9,50932,7,syn-s0-n12,00b39b5d48ce,12,6,43d21a4a9143,a2be72b0a106,3,150.0,98.3,3150.0,3228.7021357203494,78.70213572034936,exact-milp/taker,GRB,OPTIMAL,3228.7021357203494,3228.7021357203494,0.0,3101.9999999999995,126.70213572034982,3.618547201156616,0.042047977447509766,2350,888,2787,,,,,,sweep,,,20,0.700000000000002,44,,
phase2,taker-sweep,2026-08-14T22:35:53.300287+00:00,jingjie-cpu-04.mae.cornell.edu,4cf37e9,50932,7,syn-s0-n12,00b39b5d48ce,12,6,43d21a4a9143,a2be72b0a106,3,150.0,98.3,3150.0,3228.7021357203494,78.70213572034936,exact-milp/taker,GRB,OPTIMAL,3228.7021357203494,3228.7021357203494,0.0,3101.9999999999995,126.70213572034982,4.345755100250244,0.05237579345703125,2350,888,2787,,,,,,sweep,,,20,0.7500000000000018,45,,
phase2,taker-sweep,2026-08-14T22:35:58.069523+00:00,jingjie-cpu-04.mae.cornell.edu,4cf37e9,50932,7,syn-s0-n12,00b39b5d48ce,12,6,43d21a4a9143,a2be72b0a106,3,150.0,98.3,3150.0,3228.7021357203494,78.70213572034936,exact-milp/taker,GRB,OPTIMAL,3228.7021357203494,3228.7021357203494,0.0,3102.0,126.70213572034936,4.637593746185303,0.05104374885559082,2350,888,2787,,,,,,sweep,,,20,0.800000000000002,46,,
phase2,taker-sweep,2026-08-14T22:36:02.344110+00:00,jingjie-cpu-04.mae.cornell.edu,4cf37e9,50932,7,syn-s0-n12,00b39b5d48ce,12,6,43d21a4a9143,a2be72b0a106,3,150.0,98.3,3150.0,3228.7021357203494,78.70213572034936,exact-milp/taker,GRB,OPTIMAL,3228.7021357203494,3228.7021357203494,0.0,3101.9999999999995,126.70213572034982,4.153946161270142,0.04358673095703125,2350,888,2787,,,,,,sweep,,,20,0.8500000000000023,47,,
phase2,taker-sweep,2026-08-14T22:36:07.361454+00:00,jingjie-cpu-04.mae.cornell.edu,4cf37e9,50932,7,syn-s0-n12,00b39b5d48ce,12,6,43d21a4a9143,a2be72b0a106,3,150.0,98.3,3150.0,3228.7021357203494,78.70213572034936,exact-milp/taker,GRB,OPTIMAL,3228.7021357203494,3228.7021357203494,0.0,3101.9999999999995,126.70213572034982,4.892693281173706,0.04752755165100098,2350,888,2787,,,,,,sweep,,,20,0.9000000000000021,48,,
phase2,taker-sweep,2026-08-14T22:36:11.582236+00:00,jingjie-cpu-04.mae.cornell.edu,4cf37e9,50932,7,syn-s0-n12,00b39b5d48ce,12,6,43d21a4a9143,a2be72b0a106,3,150.0,98.3,3150.0,3228.7021357203494,78.70213572034936,exact-milp/taker,GRB,OPTIMAL,3228.7021357203494,3228.7021357203494,0.0,3101.9999999999995,126.70213572034982,4.0962700843811035,0.04062843322753906,2350,888,2787,,,,,,sweep,,,20,0.950000000000002,49,,
phase2,taker-sweep,2026-08-14T22:36:15.813469+00:00,jingjie-cpu-04.mae.cornell.edu,4cf37e9,50932,7,syn-s0-n12,00b39b5d48ce,12,6,43d21a4a9143,a2be72b0a106,3,150.0,98.3,3150.0,3228.7021357203494,78.70213572034936,exact-milp/taker,GRB,OPTIMAL,3228.7021357203494,3228.7021357203494,0.0,3101.9999999999995,126.70213572034982,4.104906320571899,0.04846024513244629,2350,888,2787,,,,,,sweep,,,20,1.0000000000000022,50,,
phase2,taker-sweep,2026-08-14T22:36:20.115771+00:00,jingjie-cpu-04.mae.cornell.edu,4cf37e9,50932,7,syn-s0-n12,00b39b5d48ce,12,6,43d21a4a9143,a2be72b0a106,3,150.0,98.3,3150.0,3228.7021357203494,78.70213572034936,exact-milp/taker,GRB,OPTIMAL,3228.7021357203494,3228.7021357203494,0.0,3102.0,126.70213572034936,4.180994987487793,0.04336214065551758,2350,888,2787,,,,,,sweep,,,20,1.0500000000000025,51,,
phase2,taker-sweep,2026-08-14T22:36:24.225653+00:00,jingjie-cpu-04.mae.cornell.edu,4cf37e9,50932,7,syn-s0-n12,00b39b5d48ce,12,6,43d21a4a9143,a2be72b0a106,3,150.0,98.3,3150.0,3228.7021357203494,78.70213572034936,exact-milp/taker,GRB,OPTIMAL,3228.7021357203494,3228.7021357203494,0.0,3101.9999999999995,126.70213572034982,3.9773077964782715,0.04867887496948242,2350,888,2787,,,,,,sweep,,,20,1.1000000000000023,52,,
phase2,taker-sweep,2026-08-14T22:36:28.434069+00:00,jingjie-cpu-04.mae.cornell.edu,4cf37e9,50932,7,syn-s0-n12,00b39b5d48ce,12,6,43d21a4a9143,a2be72b0a106,3,150.0,98.3,3150.0,3228.7021357203494,78.70213572034936,exact-milp/taker,GRB,OPTIMAL,3228.7021357203494,3228.7021357203494,0.0,3102.0,126.70213572034936,4.087619066238403,0.04311561584472656,2350,888,2787,,,,,,sweep,,,20,1.1500000000000021,53,,
phase2,taker-sweep,2026-08-14T22:36:32.817255+00:00,jingjie-cpu-04.mae.cornell.edu,4cf37e9,50932,7,syn-s0-n12,00b39b5d48ce,12,6,43d21a4a9143,a2be72b0a106,3,150.0,98.3,3150.0,3228.7021357203494,78.70213572034936,exact-milp/taker,GRB,OPTIMAL,3228.7021357203494,3228.7021357203494,0.0,3101.9999999999995,126.70213572034982,4.255661964416504,0.050615787506103516,2350,888,2787,,,,,,sweep,,,20,1.2000000000000024,54,,
phase2,taker-sweep,2026-08-14T22:36:36.659085+00:00,jingjie-cpu-04.mae.cornell.edu,4cf37e9,50932,7,syn-s0-n12,00b39b5d48ce,12,6,43d21a4a9143,a2be72b0a106,3,150.0,98.3,3150.0,3228.7021357203494,78.70213572034936,exact-milp/taker,GRB,OPTIMAL,3228.7021357203494,3228.7021357203494,0.0,3102.0,126.70213572034936,3.709743022918701,0.04411172866821289,2350,888,2787,,,,,,sweep,,,20,1.2500000000000027,55,,
phase2,taker-sweep,2026-08-14T22:36:42.006240+00:00,jingjie-cpu-04.mae.cornell.edu,4cf37e9,50932,7,syn-s0-n12,00b39b5d48ce,12,6,43d21a4a9143,a2be72b0a106,3,150.0,98.3,3150.0,3228.7021357203494,78.70213572034936,exact-milp/taker,GRB,OPTIMAL,3228.7021357203494,3228.7021357203494,0.0,3101.9999999999995,126.70213572034982,5.098059415817261,0.04988431930541992,2350,888,2787,,,,,,sweep,,,20,1.3000000000000025,56,,
phase2,taker-sweep,2026-08-14T22:36:45.987600+00:00,jingjie-cpu-04.mae.cornell.edu,4cf37e9,50932,7,syn-s0-n12,00b39b5d48ce,12,6,43d21a4a9143,a2be72b0a106,3,150.0,98.3,3150.0,3228.7021357203494,78.70213572034936,exact-milp/taker,GRB,OPTIMAL,3228.7021357203494,3228.7021357203494,0.0,3101.9999999999995,126.70213572034982,3.862821340560913,0.04213380813598633,2350,888,2787,,,,,,sweep,,,20,1.3500000000000023,57,,
phase2,taker-sweep,2026-08-14T22:36:49.735343+00:00,jingjie-cpu-04.mae.cornell.edu,4cf37e9,50932,7,syn-s0-n12,00b39b5d48ce,12,6,43d21a4a9143,a2be72b0a106,3,150.0,98.3,3150.0,3228.7021357203494,78.70213572034936,exact-milp/taker,GRB,OPTIMAL,3228.7021357203494,3228.7021357203494,0.0,3102.0,126.70213572034936,3.6194207668304443,0.042778968811035156,2350,888,2787,,,,,,sweep,,,20,1.4000000000000026,58,,
phase2,taker-sweep,2026-08-14T22:36:53.798262+00:00,jingjie-cpu-04.mae.cornell.edu,4cf37e9,50932,7,syn-s0-n12,00b39b5d48ce,12,6,43d21a4a9143,a2be72b0a106,3,150.0,98.3,3150.0,3228.7021357203494,78.70213572034936,exact-milp/taker,GRB,OPTIMAL,3228.7021357203494,3228.7021357203494,0.0,3102.0,126.70213572034936,3.947331666946411,0.03790116310119629,2350,888,2787,,,,,,sweep,,,20,1.4500000000000028,59,,
phase2,taker-sweep,2026-08-14T22:36:58.365754+00:00,jingjie-cpu-04.mae.cornell.edu,4cf37e9,50932,7,syn-s0-n12,00b39b5d48ce,12,6,43d21a4a9143,a2be72b0a106,3,150.0,98.3,3150.0,3228.7021357203494,78.70213572034936,exact-milp/taker,GRB,OPTIMAL,3228.7021357203494,3228.7021357203494,0.0,3101.9999999999995,126.70213572034982,4.448436737060547,0.042087554931640625,2350,888,2787,,,,,,sweep,,,20,1.5000000000000027,60,,
phase2,taker-sweep,2026-08-14T22:32:42.636732+00:00,jingjie-cpu-04.mae.cornell.edu,4cf37e9,50929,4,syn-s0-n12,00b39b5d48ce,12,6,5b451b296016,53c3b6c4fbe1,3,150.0,98.3,3150.0,3228.7021357203485,78.70213572034845,exact-milp/taker,GRB,OPTIMAL,3228.7021357203485,3228.7021357203485,0.0,3101.9999999999995,126.7021357203489,3.824831962585449,0.04643702507019043,2350,888,2787,,,,,,sweep,,,8,-1.5,0,,
phase2,taker-sweep,2026-08-14T22:32:47.154396+00:00,jingjie-cpu-04.mae.cornell.edu,4cf37e9,50929,4,syn-s0-n12,00b39b5d48ce,12,6,5b451b296016,53c3b6c4fbe1,3,150.0,98.3,3150.0,3228.7021357203485,78.70213572034845,exact-milp/taker,GRB,OPTIMAL,3228.7021357203485,3228.7021357203485,0.0,3101.9999999999995,126.7021357203489,4.385889768600464,0.04034709930419922,2350,888,2787,,,,,,sweep,,,8,-1.45,1,,
phase2,taker-sweep,2026-08-14T22:32:52.055996+00:00,jingjie-cpu-04.mae.cornell.edu,4cf37e9,50929,4,syn-s0-n12,00b39b5d48ce,12,6,5b451b296016,53c3b6c4fbe1,3,150.0,98.3,3150.0,3228.7021357203485,78.70213572034845,exact-milp/taker,GRB,OPTIMAL,3228.7021357203485,3228.7021357203485,0.0,3101.9999999999986,126.70213572034982,4.78415060043335,0.040838003158569336,2350,888,2787,,,,,,sweep,,,8,-1.4,2,,
phase2,taker-sweep,2026-08-14T22:32:56.234205+00:00,jingjie-cpu-04.mae.cornell.edu,4cf37e9,50929,4,syn-s0-n12,00b39b5d48ce,12,6,43d21a4a9143,a2be72b0a106,3,150.0,98.3,3150.0,3228.7021357203494,78.70213572034936,exact-milp/taker,GRB,OPTIMAL,3228.7021357203494,3228.702135720349,1.4084524733806276e-16,3101.9999999999986,126.70213572035073,4.060592412948608,0.04093194007873535,2350,888,2787,,,,,,sweep,,,8,-1.3499999999999999,3,,
phase2,taker-sweep,2026-08-14T22:33:00.426354+00:00,jingjie-cpu-04.mae.cornell.edu,4cf37e9,50929,4,syn-s0-n12,00b39b5d48ce,12,6,5b451b296016,53c3b6c4fbe1,3,150.0,98.3,3150.0,3228.7021357203485,78.70213572034845,exact-milp/taker,GRB,OPTIMAL,3228.7021357203485,3228.7021357203485,0.0,3101.9999999999995,126.7021357203489,4.057828903198242,0.049982547760009766,2350,888,2787,,,,,,sweep,,,8,-1.2999999999999998,4,,
phase2,taker-sweep,2026-08-14T22:33:04.962322+00:00,jingjie-cpu-04.mae.cornell.edu,4cf37e9,50929,4,syn-s0-n12,00b39b5d48ce,12,6,43d21a4a9143,a2be72b0a106,3,150.0,98.3,3150.0,3228.7021357203494,78.70213572034936,exact-milp/taker,GRB,OPTIMAL,3228.7021357203494,3228.702135720349,1.4084524733806276e-16,3101.9999999999995,126.70213572034982,4.409151554107666,0.050177812576293945,2350,888,2787,,,,,,sweep,,,8,-1.2499999999999998,5,,
phase2,taker-sweep,2026-08-14T22:33:08.895252+00:00,jingjie-cpu-04.mae.cornell.edu,4cf37e9,50929,4,syn-s0-n12,00b39b5d48ce,12,6,5b451b296016,53c3b6c4fbe1,3,150.0,98.3,3150.0,3228.7021357203485,78.70213572034845,exact-milp/taker,GRB,OPTIMAL,3228.7021357203485,3228.7021357203485,0.0,3102.0000000000005,126.702135720348,3.8159031867980957,0.04067206382751465,2350,888,2787,,,,,,sweep,,,8,-1.1999999999999997,6,,
phase2,taker-sweep,2026-08-14T22:33:13.423374+00:00,jingjie-cpu-04.mae.cornell.edu,4cf37e9,50929,4,syn-s0-n12,00b39b5d48ce,12,6,43d21a4a9143,a2be72b0a106,3,150.0,98.3,3150.0,3228.7021357203485,78.70213572034845,exact-milp/taker,GRB,OPTIMAL,3228.7021357203485,3228.7021357203485,0.0,3101.9999999999995,126.7021357203489,4.33294677734375,0.049254417419433594,2350,888,2787,,,,,,sweep,,,8,-1.1499999999999997,7,,
phase2,taker-sweep,2026-08-14T22:33:17.897593+00:00,jingjie-cpu-04.mae.cornell.edu,4cf37e9,50929,4,syn-s0-n12,00b39b5d48ce,12,6,5b451b296016,53c3b6c4fbe1,3,150.0,98.3,3150.0,3228.7021357203485,78.70213572034845,exact-milp/taker,GRB,OPTIMAL,3228.7021357203485,3228.7021357203485,0.0,3101.9999999999995,126.7021357203489,4.355696439743042,0.041967153549194336,2350,888,2787,,,,,,sweep,,,8,-1.0999999999999996,8,,
phase2,taker-sweep,2026-08-14T22:33:21.629321+00:00,jingjie-cpu-04.mae.cornell.edu,4cf37e9,50929,4,syn-s0-n12,00b39b5d48ce,12,6,5b451b296016,53c3b6c4fbe1,3,150.0,98.3,3150.0,3228.7021357203485,78.70213572034845,exact-milp/taker,GRB,OPTIMAL,3228.7021357203485,3228.702135720348,1.408452473380628e-16,3102.0000000000005,126.702135720348,3.6133227348327637,0.042372703552246094,2350,888,2787,,,,,,sweep,,,8,-1.0499999999999996,9,,
phase2,taker-sweep,2026-08-14T22:33:25.143598+00:00,jingjie-cpu-04.mae.cornell.edu,4cf37e9,50929,4,syn-s0-n12,00b39b5d48ce,12,6,5b451b296016,53c3b6c4fbe1,3,150.0,98.3,3150.0,3228.7021357203485,78.70213572034845,exact-milp/taker,GRB,OPTIMAL,3228.7021357203485,3228.7021357203485,0.0,3101.999999999999,126.70213572034936,3.3891091346740723,0.042508840560913086,2350,888,2787,,,,,,sweep,,,8,-0.9999999999999996,10,,
phase2,taker-sweep,2026-08-14T22:33:29.143851+00:00,jingjie-cpu-04.mae.cornell.edu,4cf37e9,50929,4,syn-s0-n12,00b39b5d48ce,12,6,5b451b296016,53c3b6c4fbe1,3,150.0,98.3,3150.0,3228.7021357203485,78.70213572034845,exact-milp/taker,GRB,OPTIMAL,3228.7021357203485,3228.7021357203485,0.0,3101.999999999999,126.70213572034936,3.880392074584961,0.04359936714172363,2350,888,2787,,,,,,sweep,,,8,-0.9499999999999995,11,,
phase2,taker-sweep,2026-08-14T22:33:32.963542+00:00,jingjie-cpu-04.mae.cornell.edu,4cf37e9,50929,4,syn-s0-n12,00b39b5d48ce,12,6,43d21a4a9143,a2be72b0a106,3,150.0,98.3,3150.0,3228.7021357203494,78.70213572034936,exact-milp/taker,GRB,OPTIMAL,3228.7021357203494,3228.7021357203494,0.0,3101.999999999999,126.70213572035027,3.7063398361206055,0.03678250312805176,2350,888,2787,,,,,,sweep,,,8,-0.8999999999999995,12,,
phase2,taker-sweep,2026-08-14T22:33:37.755078+00:00,jingjie-cpu-04.mae.cornell.edu,4cf37e9,50929,4,syn-s0-n12,00b39b5d48ce,12,6,5b451b296016,53c3b6c4fbe1,3,150.0,98.3,3150.0,3228.7021357203485,78.70213572034845,exact-milp/taker,GRB,OPTIMAL,3228.7021357203485,3228.7021357203485,0.0,3101.999999999999,126.70213572034936,4.656498432159424,0.04947376251220703,2350,888,2787,,,,,,sweep,,,8,-0.8499999999999994,13,,
phase2,taker-sweep,2026-08-14T22:33:42.047346+00:00,jingjie-cpu-04.mae.cornell.edu,4cf37e9,50929,4,syn-s0-n12,00b39b5d48ce,12,6,43d21a4a9143,a2be72b0a106,3,150.0,98.3,3150.0,3228.7021357203494,78.70213572034936,exact-milp/taker,GRB,OPTIMAL,3228.7021357203494,3228.702135720349,1.4084524733806276e-16,3101.9999999999986,126.70213572035073,4.1737542152404785,0.04033994674682617,2350,888,2787,,,,,,sweep,,,8,-0.7999999999999994,14,,
phase2,taker-sweep,2026-08-14T22:33:46.280838+00:00,jingjie-cpu-04.mae.cornell.edu,4cf37e9,50929,4,syn-s0-n12,00b39b5d48ce,12,6,5b451b296016,53c3b6c4fbe1,3,150.0,98.3,3150.0,3228.7021357203485,78.70213572034845,exact-milp/taker,GRB,OPTIMAL,3228.7021357203485,3228.7021357203485,0.0,3101.999999999999,126.70213572034936,4.108619451522827,0.04780292510986328,2350,888,2787,,,,,,sweep,,,8,-0.7499999999999993,15,,
phase2,taker-sweep,2026-08-14T22:33:50.057328+00:00,jingjie-cpu-04.mae.cornell.edu,4cf37e9,50929,4,syn-s0-n12,00b39b5d48ce,12,6,5b451b296016,53c3b6c4fbe1,3,150.0,98.3,3150.0,3228.7021357203485,78.70213572034845,exact-milp/taker,GRB,OPTIMAL,3228.7021357203485,3228.7021357203485,0.0,3101.999999999999,126.70213572034936,3.634814500808716,0.052155494689941406,2350,888,2787,,,,,,sweep,,,8,-0.6999999999999993,16,,
phase2,taker-sweep,2026-08-14T22:33:53.451836+00:00,jingjie-cpu-04.mae.cornell.edu,4cf37e9,50929,4,syn-s0-n12,00b39b5d48ce,12,6,5b451b296016,53c3b6c4fbe1,3,150.0,98.3,3150.0,3228.7021357203485,78.70213572034845,exact-milp/taker,GRB,OPTIMAL,3228.7021357203485,3228.7021357203485,0.0,3101.999999999999,126.70213572034936,3.2739009857177734,0.04384279251098633,2350,888,2787,,,,,,sweep,,,8,-0.6499999999999992,17,,
phase2,taker-sweep,2026-08-14T22:33:58.043955+00:00,jingjie-cpu-04.mae.cornell.edu,4cf37e9,50929,4,syn-s0-n12,00b39b5d48ce,12,6,5b451b296016,53c3b6c4fbe1,3,150.0,98.3,3150.0,3228.7021357203485,78.70213572034845,exact-milp/taker,GRB,OPTIMAL,3228.7021357203485,3228.7021357203485,0.0,3102.0,126.70213572034845,4.464922904968262,0.04981684684753418,2350,888,2787,,,,,,sweep,,,8,-0.5999999999999992,18,,
phase2,taker-sweep,2026-08-14T22:34:01.959194+00:00,jingjie-cpu-04.mae.cornell.edu,4cf37e9,50929,4,syn-s0-n12,00b39b5d48ce,12,6,5b451b296016,53c3b6c4fbe1,3,150.0,98.3,3150.0,3228.7021357203485,78.70213572034845,exact-milp/taker,GRB,OPTIMAL,3228.7021357203485,3228.7021357203485,0.0,3101.999999999999,126.70213572034936,3.7818894386291504,0.0444796085357666,2350,888,2787,,,,,,sweep,,,8,-0.5499999999999992,19,,
phase2,taker-sweep,2026-08-14T22:34:06.703625+00:00,jingjie-cpu-04.mae.cornell.edu,4cf37e9,50929,4,syn-s0-n12,00b39b5d48ce,12,6,5b451b296016,53c3b6c4fbe1,3,150.0,98.3,3150.0,3228.7021357203485,78.70213572034845,exact-milp/taker,GRB,OPTIMAL,3228.7021357203485,3228.7021357203485,0.0,3101.999999999999,126.70213572034936,4.614652872085571,0.05225682258605957,2350,888,2787,,,,,,sweep,,,8,-0.4999999999999991,20,,
phase2,taker-sweep,2026-08-14T22:34:10.188993+00:00,jingjie-cpu-04.mae.cornell.edu,4cf37e9,50929,4,syn-s0-n12,00b39b5d48ce,12,6,5b451b296016,53c3b6c4fbe1,3,150.0,98.3,3150.0,3228.7021357203485,78.70213572034845,exact-milp/taker,GRB,OPTIMAL,3228.7021357203485,3228.7021357203485,0.0,3101.999999999999,126.70213572034936,3.3586366176605225,0.04943490028381348,2350,888,2787,,,,,,sweep,,,8,-0.44999999999999907,21,,
phase2,taker-sweep,2026-08-14T22:34:14.961641+00:00,jingjie-cpu-04.mae.cornell.edu,4cf37e9,50929,4,syn-s0-n12,00b39b5d48ce,12,6,5b451b296016,53c3b6c4fbe1,3,150.0,98.3,3150.0,3228.7021357203485,78.70213572034845,exact-milp/taker,GRB,OPTIMAL,3228.7021357203485,3228.7021357203485,0.0,3102.0000000000005,126.702135720348,4.643330335617065,0.04991507530212402,2350,888,2787,,,,,,sweep,,,8,-0.399999999999999,22,,
phase2,taker-sweep,2026-08-14T22:34:19.525355+00:00,jingjie-cpu-04.mae.cornell.edu,4cf37e9,50929,4,syn-s0-n12,00b39b5d48ce,12,6,5b451b296016,53c3b6c4fbe1,3,150.0,98.3,3150.0,3228.7021357203485,78.70213572034845,exact-milp/taker,GRB,OPTIMAL,3228.7021357203485,3228.7021357203485,0.0,3102.0000000000005,126.702135720348,4.290812730789185,0.04364466667175293,2350,888,2787,,,,,,sweep,,,8,-0.349999999999999,23,,
phase2,taker-sweep,2026-08-14T22:34:24.196696+00:00,jingjie-cpu-04.mae.cornell.edu,4cf37e9,50929,4,syn-s0-n12,00b39b5d48ce,12,6,5b451b296016,53c3b6c4fbe1,3,150.0,98.3,3150.0,3228.7021357203485,78.70213572034845,exact-milp/taker,GRB,OPTIMAL,3228.7021357203485,3228.7021357203485,0.0,3102.0,126.70213572034845,4.552192211151123,0.041966915130615234,2350,888,2787,,,,,,sweep,,,8,-0.29999999999999893,24,,
phase2,taker-sweep,2026-08-14T22:34:28.827532+00:00,jingjie-cpu-04.mae.cornell.edu,4cf37e9,50929,4,syn-s0-n12,00b39b5d48ce,12,6,5b451b296016,53c3b6c4fbe1,3,150.0,98.3,3150.0,3228.7021357203485,78.70213572034845,exact-milp/taker,GRB,OPTIMAL,3228.7021357203485,3228.7021357203485,0.0,3102.0,126.70213572034845,4.501535892486572,0.04295992851257324,2350,888,2787,,,,,,sweep,,,8,-0.2499999999999989,25,,
phase2,taker-sweep,2026-08-14T22:34:32.994744+00:00,jingjie-cpu-04.mae.cornell.edu,4cf37e9,50929,4,syn-s0-n12,00b39b5d48ce,12,6,5b451b296016,53c3b6c4fbe1,3,150.0,98.3,3150.0,3228.7021357203485,78.70213572034845,exact-milp/taker,GRB,OPTIMAL,3228.7021357203485,3228.7021357203485,0.0,3102.0,126.70213572034845,4.051645755767822,0.038721561431884766,2350,888,2787,,,,,,sweep,,,8,-0.19999999999999885,26,,
phase2,taker-sweep,2026-08-14T22:34:37.169217+00:00,jingjie-cpu-04.mae.cornell.edu,4cf37e9,50929,4,syn-s0-n12,00b39b5d48ce,12,6,5b451b296016,53c3b6c4fbe1,3,150.0,98.3,3150.0,3228.7021357203485,78.70213572034845,exact-milp/taker,GRB,OPTIMAL,3228.7021357203485,3228.7021357203485,0.0,3102.0,126.70213572034845,4.058019638061523,0.038985252380371094,2350,888,2787,,,,,,sweep,,,8,-0.1499999999999988,27,,
phase2,taker-sweep,2026-08-14T22:34:41.017528+00:00,jingjie-cpu-04.mae.cornell.edu,4cf37e9,50929,4,syn-s0-n12,00b39b5d48ce,12,6,43d21a4a9143,a2be72b0a106,3,150.0,98.3,3150.0,3228.7021357203494,78.70213572034936,exact-milp/taker,GRB,OPTIMAL,3228.7021357203494,3228.7021357203494,0.0,3101.9999999999995,126.70213572034982,3.7189674377441406,0.04122662544250488,2350,888,2787,,,,,,sweep,,,8,-0.09999999999999876,28,,
phase2,taker-sweep,2026-08-14T22:34:45.341385+00:00,jingjie-cpu-04.mae.cornell.edu,4cf37e9,50929,4,syn-s0-n12,00b39b5d48ce,12,6,43d21a4a9143,a2be72b0a106,3,150.0,98.3,3150.0,3228.7021357203494,78.70213572034936,exact-milp/taker,GRB,OPTIMAL,3228.7021357203494,3228.7021357203494,0.0,3101.9999999999995,126.70213572034982,4.2077507972717285,0.03832554817199707,2350,888,2787,,,,,,sweep,,,8,-0.04999999999999871,29,,
phase2,taker-sweep,2026-08-14T22:34:48.834241+00:00,jingjie-cpu-04.mae.cornell.edu,4cf37e9,50929,4,syn-s0-n12,00b39b5d48ce,12,6,43d21a4a9143,a2be72b0a106,3,150.0,98.3,3150.0,3228.7021357203494,78.70213572034936,exact-milp/taker,GRB,OPTIMAL,3228.7021357203494,3228.7021357203494,0.0,3101.9999999999995,126.70213572034982,3.3653101921081543,0.0506289005279541,2350,888,2787,,,,,,sweep,,,8,1.3322676295501878e-15,30,,
phase2,taker-sweep,2026-08-14T22:34:53.107149+00:00,jingjie-cpu-04.mae.cornell.edu,4cf37e9,50929,4,syn-s0-n12,00b39b5d48ce,12,6,43d21a4a9143,a2be72b0a106,3,150.0,98.3,3150.0,3228.7021357203494,78.70213572034936,exact-milp/taker,GRB,OPTIMAL,3228.7021357203494,3228.7021357203494,0.0,3102.0,126.70213572034936,4.150768280029297,0.04079604148864746,2350,888,2787,,,,,,sweep,,,8,0.05000000000000138,31,,
phase2,taker-sweep,2026-08-14T22:34:57.938764+00:00,jingjie-cpu-04.mae.cornell.edu,4cf37e9,50929,4,syn-s0-n12,00b39b5d48ce,12,6,43d21a4a9143,a2be72b0a106,3,150.0,98.3,3150.0,3228.7021357203494,78.70213572034936,exact-milp/taker,GRB,OPTIMAL,3228.7021357203494,3228.7021357203494,0.0,3102.0,126.70213572034936,4.702693700790405,0.049968719482421875,2350,888,2787,,,,,,sweep,,,8,0.10000000000000142,32,,
phase2,taker-sweep,2026-08-14T22:35:02.765868+00:00,jingjie-cpu-04.mae.cornell.edu,4cf37e9,50929,4,syn-s0-n12,00b39b5d48ce,12,6,43d21a4a9143,a2be72b0a106,3,150.0,98.3,3150.0,3228.7021357203494,78.70213572034936,exact-milp/taker,GRB,OPTIMAL,3228.7021357203494,3228.7021357203494,0.0,3101.9999999999995,126.70213572034982,4.702136993408203,0.04780936241149902,2350,888,2787,,,,,,sweep,,,8,0.15000000000000147,33,,
phase2,taker-sweep,2026-08-14T22:35:07.740969+00:00,jingjie-cpu-04.mae.cornell.edu,4cf37e9,50929,4,syn-s0-n12,00b39b5d48ce,12,6,43d21a4a9143,a2be72b0a106,3,150.0,98.3,3150.0,3228.7021357203494,78.70213572034936,exact-milp/taker,GRB,OPTIMAL,3228.7021357203494,3228.7021357203494,0.0,3102.0,126.70213572034936,4.849381923675537,0.043541908264160156,2350,888,2787,,,,,,sweep,,,8,0.2000000000000015,34,,
phase2,taker-sweep,2026-08-14T22:35:11.833717+00:00,jingjie-cpu-04.mae.cornell.edu,4cf37e9,50929,4,syn-s0-n12,00b39b5d48ce,12,6,43d21a4a9143,a2be72b0a106,3,150.0,98.3,3150.0,3228.7021357203494,78.70213572034936,exact-milp/taker,GRB,OPTIMAL,3228.7021357203494,3228.7021357203494,0.0,3101.9999999999995,126.70213572034982,3.9709084033966064,0.04321026802062988,2350,888,2787,,,,,,sweep,,,8,0.25000000000000155,35,,
phase2,taker-sweep,2026-08-14T22:35:15.923122+00:00,jingjie-cpu-04.mae.cornell.edu,4cf37e9,50929,4,syn-s0-n12,00b39b5d48ce,12,6,43d21a4a9143,a2be72b0a106,3,150.0,98.3,3150.0,3228.7021357203494,78.70213572034936,exact-milp/taker,GRB,OPTIMAL,3228.7021357203494,3228.7021357203494,0.0,3101.9999999999995,126.70213572034982,3.963320732116699,0.04713273048400879,2350,888,2787,,,,,,sweep,,,8,0.3000000000000016,36,,
phase2,taker-sweep,2026-08-14T22:35:20.242571+00:00,jingjie-cpu-04.mae.cornell.edu,4cf37e9,50929,4,syn-s0-n12,00b39b5d48ce,12,6,43d21a4a9143,a2be72b0a106,3,150.0,98.3,3150.0,3228.7021357203494,78.70213572034936,exact-milp/taker,GRB,OPTIMAL,3228.7021357203494,3228.7021357203494,0.0,3101.9999999999995,126.70213572034982,4.1881794929504395,0.04773235321044922,2350,888,2787,,,,,,sweep,,,8,0.35000000000000164,37,,
phase2,taker-sweep,2026-08-14T22:35:24.666080+00:00,jingjie-cpu-04.mae.cornell.edu,4cf37e9,50929,4,syn-s0-n12,00b39b5d48ce,12,6,43d21a4a9143,a2be72b0a106,3,150.0,98.3,3150.0,3228.7021357203494,78.70213572034936,exact-milp/taker,GRB,OPTIMAL,3228.7021357203494,3228.7021357203494,0.0,3101.9999999999995,126.70213572034982,4.297251462936401,0.04799938201904297,2350,888,2787,,,,,,sweep,,,8,0.4000000000000017,38,,
phase2,taker-sweep,2026-08-14T22:35:30.375827+00:00,jingjie-cpu-04.mae.cornell.edu,4cf37e9,50929,4,syn-s0-n12,00b39b5d48ce,12,6,43d21a4a9143,a2be72b0a106,3,150.0,98.3,3150.0,3228.7021357203494,78.70213572034936,exact-milp/taker,GRB,OPTIMAL,3228.7021357203494,3228.7021357203494,0.0,3101.9999999999995,126.70213572034982,5.58479118347168,0.04699134826660156,2350,888,2787,,,,,,sweep,,,8,0.45000000000000173,39,,
phase2,taker-sweep,2026-08-14T22:35:34.929769+00:00,jingjie-cpu-04.mae.cornell.edu,4cf37e9,50929,4,syn-s0-n12,00b39b5d48ce,12,6,43d21a4a9143,a2be72b0a106,3,150.0,98.3,3150.0,3228.7021357203494,78.70213572034936,exact-milp/taker,GRB,OPTIMAL,3228.7021357203494,3228.7021357203494,0.0,3101.9999999999995,126.70213572034982,4.313919544219971,0.04896092414855957,2350,888,2787,,,,,,sweep,,,8,0.5000000000000018,40,,
phase2,taker-sweep,2026-08-14T22:35:39.748569+00:00,jingjie-cpu-04.mae.cornell.edu,4cf37e9,50929,4,syn-s0-n12,00b39b5d48ce,12,6,43d21a4a9143,a2be72b0a106,3,150.0,98.3,3150.0,3228.7021357203494,78.70213572034936,exact-milp/taker,GRB,OPTIMAL,3228.7021357203494,3228.7021357203494,0.0,3102.0,126.70213572034936,4.698083162307739,0.04233813285827637,2350,888,2787,,,,,,sweep,,,8,0.5500000000000016,41,,
phase2,taker-sweep,2026-08-14T22:35:44.042399+00:00,jingjie-cpu-04.mae.cornell.edu,4cf37e9,50929,4,syn-s0-n12,00b39b5d48ce,12,6,43d21a4a9143,a2be72b0a106,3,150.0,98.3,3150.0,3228.7021357203494,78.70213572034936,exact-milp/taker,GRB,OPTIMAL,3228.7021357203494,3228.7021357203494,0.0,3101.9999999999995,126.70213572034982,4.17400598526001,0.04186224937438965,2350,888,2787,,,,,,sweep,,,8,0.6000000000000019,42,,
phase2,taker-sweep,2026-08-14T22:35:47.943137+00:00,jingjie-cpu-04.mae.cornell.edu,4cf37e9,50929,4,syn-s0-n12,00b39b5d48ce,12,6,43d21a4a9143,a2be72b0a106,3,150.0,98.3,3150.0,3228.7021357203494,78.70213572034936,exact-milp/taker,GRB,OPTIMAL,3228.7021357203494,3228.7021357203494,0.0,3101.9999999999995,126.70213572034982,3.770582675933838,0.04799222946166992,2350,888,2787,,,,,,sweep,,,8,0.6500000000000021,43,,
phase2,taker-sweep,2026-08-14T22:35:51.393519+00:00,jingjie-cpu-04.mae.cornell.edu,4cf37e9,50929,4,syn-s0-n12,00b39b5d48ce,12,6,43d21a4a9143,a2be72b0a106,3,150.0,98.3,3150.0,3228.7021357203494,78.70213572034936,exact-milp/taker,GRB,OPTIMAL,3228.7021357203494,3228.7021357203494,0.0,3101.9999999999995,126.70213572034982,3.3335113525390625,0.03822064399719238,2350,888,2787,,,,,,sweep,,,8,0.700000000000002,44,,
phase2,taker-sweep,2026-08-14T22:35:55.829260+00:00,jingjie-cpu-04.mae.cornell.edu,4cf37e9,50929,4,syn-s0-n12,00b39b5d48ce,12,6,43d21a4a9143,a2be72b0a106,3,150.0,98.3,3150.0,3228.7021357203494,78.70213572034936,exact-milp/taker,GRB,OPTIMAL,3228.7021357203494,3228.7021357203494,0.0,3101.9999999999995,126.70213572034982,4.3209309577941895,0.03700065612792969,2350,888,2787,,,,,,sweep,,,8,0.7500000000000018,45,,
phase2,taker-sweep,2026-08-14T22:36:00.491755+00:00,jingjie-cpu-04.mae.cornell.edu,4cf37e9,50929,4,syn-s0-n12,00b39b5d48ce,12,6,43d21a4a9143,a2be72b0a106,3,150.0,98.3,3150.0,3228.7021357203494,78.70213572034936,exact-milp/taker,GRB,OPTIMAL,3228.7021357203494,3228.7021357203494,0.0,3101.9999999999995,126.70213572034982,4.536559104919434,0.03783893585205078,2350,888,2787,,,,,,sweep,,,8,0.800000000000002,46,,
phase2,taker-sweep,2026-08-14T22:36:04.819674+00:00,jingjie-cpu-04.mae.cornell.edu,4cf37e9,50929,4,syn-s0-n12,00b39b5d48ce,12,6,43d21a4a9143,a2be72b0a106,3,150.0,98.3,3150.0,3228.7021357203494,78.70213572034936,exact-milp/taker,GRB,OPTIMAL,3228.7021357203494,3228.7021357203494,0.0,3102.0,126.70213572034936,4.202446460723877,0.04718756675720215,2350,888,2787,,,,,,sweep,,,8,0.8500000000000023,47,,
phase2,taker-sweep,2026-08-14T22:36:10.007178+00:00,jingjie-cpu-04.mae.cornell.edu,4cf37e9,50929,4,syn-s0-n12,00b39b5d48ce,12,6,43d21a4a9143,a2be72b0a106,3,150.0,98.3,3150.0,3228.7021357203494,78.70213572034936,exact-milp/taker,GRB,OPTIMAL,3228.7021357203494,3228.7021357203494,0.0,3101.9999999999995,126.70213572034982,5.062406539916992,0.047475576400756836,2350,888,2787,,,,,,sweep,,,8,0.9000000000000021,48,,
phase2,taker-sweep,2026-08-14T22:36:16.159500+00:00,jingjie-cpu-04.mae.cornell.edu,4cf37e9,50929,4,syn-s0-n12,00b39b5d48ce,12,6,43d21a4a9143,a2be72b0a106,3,150.0,98.3,3150.0,3228.7021357203494,78.70213572034936,exact-milp/taker,GRB,OPTIMAL,3228.7021357203494,3228.7021357203494,0.0,3102.0,126.70213572034936,6.022657155990601,0.047325849533081055,2350,888,2787,,,,,,sweep,,,8,0.950000000000002,49,,
phase2,taker-sweep,2026-08-14T22:36:20.495402+00:00,jingjie-cpu-04.mae.cornell.edu,4cf37e9,50929,4,syn-s0-n12,00b39b5d48ce,12,6,43d21a4a9143,a2be72b0a106,3,150.0,98.3,3150.0,3228.7021357203494,78.70213572034936,exact-milp/taker,GRB,OPTIMAL,3228.7021357203494,3228.7021357203494,0.0,3102.0,126.70213572034936,4.209928274154663,0.04703259468078613,2350,888,2787,,,,,,sweep,,,8,1.0000000000000022,50,,
phase2,taker-sweep,2026-08-14T22:36:24.023706+00:00,jingjie-cpu-04.mae.cornell.edu,4cf37e9,50929,4,syn-s0-n12,00b39b5d48ce,12,6,43d21a4a9143,a2be72b0a106,3,150.0,98.3,3150.0,3228.7021357203494,78.70213572034936,exact-milp/taker,GRB,OPTIMAL,3228.7021357203494,3228.7021357203494,0.0,3101.9999999999995,126.70213572034982,3.3946902751922607,0.043096065521240234,2350,888,2787,,,,,,sweep,,,8,1.0500000000000025,51,,
phase2,taker-sweep,2026-08-14T22:36:28.706152+00:00,jingjie-cpu-04.mae.cornell.edu,4cf37e9,50929,4,syn-s0-n12,00b39b5d48ce,12,6,43d21a4a9143,a2be72b0a106,3,150.0,98.3,3150.0,3228.7021357203494,78.70213572034936,exact-milp/taker,GRB,OPTIMAL,3228.7021357203494,3228.7021357203494,0.0,3101.9999999999995,126.70213572034982,4.555297374725342,0.038845062255859375,2350,888,2787,,,,,,sweep,,,8,1.1000000000000023,52,,
phase2,taker-sweep,2026-08-14T22:36:32.526382+00:00,jingjie-cpu-04.mae.cornell.edu,4cf37e9,50929,4,syn-s0-n12,00b39b5d48ce,12,6,43d21a4a9143,a2be72b0a106,3,150.0,98.3,3150.0,3228.7021357203494,78.70213572034936,exact-milp/taker,GRB,OPTIMAL,3228.7021357203494,3228.7021357203494,0.0,3101.9999999999995,126.70213572034982,3.703045129776001,0.03854537010192871,2350,888,2787,,,,,,sweep,,,8,1.1500000000000021,53,,
phase2,taker-sweep,2026-08-14T22:36:37.127553+00:00,jingjie-cpu-04.mae.cornell.edu,4cf37e9,50929,4,syn-s0-n12,00b39b5d48ce,12,6,43d21a4a9143,a2be72b0a106,3,150.0,98.3,3150.0,3228.7021357203494,78.70213572034936,exact-milp/taker,GRB,OPTIMAL,3228.7021357203494,3228.7021357203494,0.0,3102.0,126.70213572034936,4.482717514038086,0.04013776779174805,2350,888,2787,,,,,,sweep,,,8,1.2000000000000024,54,,
phase2,taker-sweep,2026-08-14T22:36:41.791845+00:00,jingjie-cpu-04.mae.cornell.edu,4cf37e9,50929,4,syn-s0-n12,00b39b5d48ce,12,6,43d21a4a9143,a2be72b0a106,3,150.0,98.3,3150.0,3228.7021357203494,78.70213572034936,exact-milp/taker,GRB,OPTIMAL,3228.7021357203494,3228.7021357203494,0.0,3101.9999999999995,126.70213572034982,4.5350706577301025,0.043540239334106445,2350,888,2787,,,,,,sweep,,,8,1.2500000000000027,55,,
phase2,taker-sweep,2026-08-14T22:36:46.323213+00:00,jingjie-cpu-04.mae.cornell.edu,4cf37e9,50929,4,syn-s0-n12,00b39b5d48ce,12,6,43d21a4a9143,a2be72b0a106,3,150.0,98.3,3150.0,3228.7021357203494,78.70213572034936,exact-milp/taker,GRB,OPTIMAL,3228.7021357203494,3228.7021357203494,0.0,3101.9999999999995,126.70213572034982,4.294918775558472,0.04372429847717285,2350,888,2787,,,,,,sweep,,,8,1.3000000000000025,56,,
phase2,taker-sweep,2026-08-14T22:36:50.753018+00:00,jingjie-cpu-04.mae.cornell.edu,4cf37e9,50929,4,syn-s0-n12,00b39b5d48ce,12,6,43d21a4a9143,a2be72b0a106,3,150.0,98.3,3150.0,3228.7021357203494,78.70213572034936,exact-milp/taker,GRB,OPTIMAL,3228.7021357203494,3228.7021357203494,0.0,3101.9999999999995,126.70213572034982,4.31041955947876,0.04208540916442871,2350,888,2787,,,,,,sweep,,,8,1.3500000000000023,57,,
phase2,taker-sweep,2026-08-14T22:36:55.051771+00:00,jingjie-cpu-04.mae.cornell.edu,4cf37e9,50929,4,syn-s0-n12,00b39b5d48ce,12,6,43d21a4a9143,a2be72b0a106,3,150.0,98.3,3150.0,3228.7021357203494,78.70213572034936,exact-milp/taker,GRB,OPTIMAL,3228.7021357203494,3228.7021357203494,0.0,3101.9999999999995,126.70213572034982,4.167274236679077,0.0426180362701416,2350,888,2787,,,,,,sweep,,,8,1.4000000000000026,58,,
phase2,taker-sweep,2026-08-14T22:36:58.621139+00:00,jingjie-cpu-04.mae.cornell.edu,4cf37e9,50929,4,syn-s0-n12,00b39b5d48ce,12,6,43d21a4a9143,a2be72b0a106,3,150.0,98.3,3150.0,3228.7021357203494,78.70213572034936,exact-milp/taker,GRB,OPTIMAL,3228.7021357203494,3228.7021357203494,0.0,3102.0,126.70213572034936,3.447169780731201,0.043300628662109375,2350,888,2787,,,,,,sweep,,,8,1.4500000000000028,59,,
phase2,taker-sweep,2026-08-14T22:37:02.720198+00:00,jingjie-cpu-04.mae.cornell.edu,4cf37e9,50929,4,syn-s0-n12,00b39b5d48ce,12,6,43d21a4a9143,a2be72b0a106,3,150.0,98.3,3150.0,3228.7021357203494,78.70213572034936,exact-milp/taker,GRB,OPTIMAL,3228.7021357203494,3228.7021357203494,0.0,3101.9999999999995,126.70213572034982,3.978957414627075,0.041913509368896484,2350,888,2787,,,,,,sweep,,,8,1.5000000000000027,60,,
phase2,taker-sweep,2026-08-14T22:32:39.015607+00:00,jingjie-cpu-04.mae.cornell.edu,4cf37e9,50926,1,syn-s0-n8,0cc8ee8b3d38,8,4,38d56f393426,c8bcd8a4ac8a,3,92.0,42.5,3092.0,3063.423316627056,-28.57668337294399,exact-milp/taker,GRB,OPTIMAL,3063.423316627056,3063.423316627056,0.0,3018.9693410087075,44.45397561834852,0.2541983127593994,0.01738119125366211,760,288,887,,,,,,sweep,,,12,-1.5,0,,
phase2,taker-sweep,2026-08-14T22:32:39.258081+00:00,jingjie-cpu-04.mae.cornell.edu,4cf37e9,50926,1,syn-s0-n8,0cc8ee8b3d38,8,4,0f4f042a327d,c8bcd8a4ac8a,3,92.0,42.5,3092.0,3065.548316627056,-26.45168337294399,exact-milp/taker,GRB,OPTIMAL,3065.548316627056,3065.548316627056,0.0,3027.9693410087075,37.57897561834852,0.2056570053100586,0.00819253921508789,760,288,887,,,,,,sweep,,,12,-1.45,1,,
phase2,taker-sweep,2026-08-14T22:32:39.535469+00:00,jingjie-cpu-04.mae.cornell.edu,4cf37e9,50926,1,syn-s0-n8,0cc8ee8b3d38,8,4,0f4f042a327d,c8bcd8a4ac8a,3,92.0,42.5,3092.0,3067.673316627056,-24.32668337294399,exact-milp/taker,GRB,OPTIMAL,3067.673316627056,3067.673316627056,0.0,3036.969341008708,30.703975618348068,0.23599958419799805,0.011407136917114258,760,288,887,,,,,,sweep,,,12,-1.4,2,,
phase2,taker-sweep,2026-08-14T22:32:39.798633+00:00,jingjie-cpu-04.mae.cornell.edu,4cf37e9,50926,1,syn-s0-n8,0cc8ee8b3d38,8,4,0f4f042a327d,c8bcd8a4ac8a,3,92.0,42.5,3092.0,3069.798316627056,-22.20168337294399,exact-milp/taker,GRB,OPTIMAL,3069.798316627056,3069.798316627056,0.0,3045.969341008708,23.828975618348068,0.22513961791992188,0.008786201477050781,760,288,887,,,,,,sweep,,,12,-1.3499999999999999,3,,
phase2,taker-sweep,2026-08-14T22:32:40.083335+00:00,jingjie-cpu-04.mae.cornell.edu,4cf37e9,50926,1,syn-s0-n8,0cc8ee8b3d38,8,4,77156eb00791,c8bcd8a4ac8a,3,92.0,42.5,3092.0,3071.923316627056,-20.07668337294399,exact-milp/taker,GRB,OPTIMAL,3071.923316627056,3071.923316627056,0.0,3054.969341008709,16.953975618347158,0.20185136795043945,0.008396625518798828,760,288,887,,,,,,sweep,,,12,-1.2999999999999998,4,,
phase2,taker-sweep,2026-08-14T22:32:40.262383+00:00,jingjie-cpu-04.mae.cornell.edu,4cf37e9,50926,1,syn-s0-n8,0cc8ee8b3d38,8,4,ccbb39b252cd,c8bcd8a4ac8a,3,92.0,42.5,3092.0,3074.048316627056,-17.95168337294399,exact-milp/taker,GRB,OPTIMAL,3074.048316627056,3074.048316627056,0.0,3063.969341008708,10.078975618348068,0.14062976837158203,0.007767677307128906,760,288,887,,,,,,sweep,,,12,-1.2499999999999998,5,,
phase2,taker-sweep,2026-08-14T22:32:40.444513+00:00,jingjie-cpu-04.mae.cornell.edu,4cf37e9,50926,1,syn-s0-n8,0cc8ee8b3d38,8,4,ccbb39b252cd,c8bcd8a4ac8a,3,92.0,42.5,3092.0,3076.173316627056,-15.82668337294399,exact-milp/taker,GRB,OPTIMAL,3076.173316627056,3076.173316627056,0.0,3069.656447002902,6.516869624153969,0.14601778984069824,0.007189750671386719,760,288,887,,,,,,sweep,,,12,-1.1999999999999997,6,,
phase2,taker-sweep,2026-08-14T22:32:40.711473+00:00,jingjie-cpu-04.mae.cornell.edu,4cf37e9,50926,1,syn-s0-n8,0cc8ee8b3d38,8,4,ccbb39b252cd,c8bcd8a4ac8a,3,92.0,42.5,3092.0,3078.298316627056,-13.70168337294399,exact-milp/taker,GRB,OPTIMAL,3078.298316627056,3078.298316627056,0.0,3072.0,6.2983166270560105,0.23103737831115723,0.006887197494506836,760,288,887,,,,,,sweep,,,12,-1.1499999999999997,7,,
phase2,taker-sweep,2026-08-14T22:32:40.990091+00:00,jingjie-cpu-04.mae.cornell.edu,4cf37e9,50926,1,syn-s0-n8,0cc8ee8b3d38,8,4,0f4f042a327d,c8bcd8a4ac8a,3,92.0,42.5,3092.0,3080.423316627056,-11.57668337294399,exact-milp/taker,GRB,OPTIMAL,3080.423316627056,3080.423316627056,0.0,3072.0,8.42331662705601,0.22078371047973633,0.007853269577026367,760,288,887,,,,,,sweep,,,12,-1.0999999999999996,8,,
phase2,taker-sweep,2026-08-14T22:32:41.255621+00:00,jingjie-cpu-04.mae.cornell.edu,4cf37e9,50926,1,syn-s0-n8,0cc8ee8b3d38,8,4,0f4f042a327d,c8bcd8a4ac8a,3,92.0,42.5,3092.0,3082.548316627056,-9.45168337294399,exact-milp/taker,GRB,OPTIMAL,3082.548316627056,3082.548316627056,0.0,3072.0,10.54831662705601,0.22986483573913574,0.0067043304443359375,760,288,887,,,,,,sweep,,,12,-1.0499999999999996,9,,
phase2,taker-sweep,2026-08-14T22:32:41.474105+00:00,jingjie-cpu-04.mae.cornell.edu,4cf37e9,50926,1,syn-s0-n8,0cc8ee8b3d38,8,4,0f4f042a327d,c8bcd8a4ac8a,3,92.0,42.5,3092.0,3084.673316627056,-7.3266833729439895,exact-milp/taker,GRB,OPTIMAL,3084.673316627056,3084.673316627056,0.0,3072.0,12.67331662705601,0.18245458602905273,0.0067691802978515625,760,288,887,,,,,,sweep,,,12,-0.9999999999999996,10,,
phase2,taker-sweep,2026-08-14T22:32:41.713952+00:00,jingjie-cpu-04.mae.cornell.edu,4cf37e9,50926,1,syn-s0-n8,0cc8ee8b3d38,8,4,0f4f042a327d,c8bcd8a4ac8a,3,92.0,42.5,3092.0,3086.798316627056,-5.2016833729439895,exact-milp/taker,GRB,OPTIMAL,3086.798316627056,3086.798316627056,0.0,3072.0,14.79831662705601,0.20317959785461426,0.006836414337158203,760,288,887,,,,,,sweep,,,12,-0.9499999999999995,11,,
phase2,taker-sweep,2026-08-14T22:32:41.952523+00:00,jingjie-cpu-04.mae.cornell.edu,4cf37e9,50926,1,syn-s0-n8,0cc8ee8b3d38,8,4,ccbb39b252cd,c8bcd8a4ac8a,3,92.0,42.5,3092.0,3088.923316627056,-3.0766833729439895,exact-milp/taker,GRB,OPTIMAL,3088.923316627056,3088.923316627056,0.0,3072.0,16.92331662705601,0.20260357856750488,0.006797313690185547,760,288,887,,,,,,sweep,,,12,-0.8999999999999995,12,,
phase2,taker-sweep,2026-08-14T22:32:42.366718+00:00,jingjie-cpu-04.mae.cornell.edu,4cf37e9,50926,1,syn-s0-n8,0cc8ee8b3d38,8,4,38d56f393426,c8bcd8a4ac8a,3,92.0,42.5,3092.0,3091.048316627056,-0.9516833729439895,exact-milp/taker,GRB,OPTIMAL,3091.048316627056,3091.048316627056,0.0,3072.0,19.04831662705601,0.33308982849121094,0.009093284606933594,760,288,887,,,,,,sweep,,,12,-0.8499999999999994,13,,
phase2,taker-sweep,2026-08-14T22:32:42.807008+00:00,jingjie-cpu-04.mae.cornell.edu,4cf37e9,50926,1,syn-s0-n8,0cc8ee8b3d38,8,4,012128355af4,9ae8ea4107a5,3,92.0,28.5,3092.0,3092.786812326379,0.786812326378822,exact-milp/taker,GRB,OPTIMAL,3092.786812326379,3092.786812326379,0.0,3071.9999999999995,20.786812326379277,0.40465521812438965,0.006834268569946289,760,288,887,,,,,,sweep,,,12,-0.7999999999999994,14,,
phase2,taker-sweep,2026-08-14T22:32:43.158803+00:00,jingjie-cpu-04.mae.cornell.edu,4cf37e9,50926,1,syn-s0-n8,0cc8ee8b3d38,8,4,012128355af4,9ae8ea4107a5,3,92.0,28.5,3092.0,3094.211812326379,2.211812326379004,exact-milp/taker,GRB,OPTIMAL,3094.211812326379,3094.2118123263785,1.4696710453851024e-16,3071.9999999999995,22.21181232637946,0.3161582946777344,0.006772279739379883,760,288,887,,,,,,sweep,,,12,-0.7499999999999993,15,,
phase2,taker-sweep,2026-08-14T22:32:43.476966+00:00,jingjie-cpu-04.mae.cornell.edu,4cf37e9,50926,1,syn-s0-n8,0cc8ee8b3d38,8,4,012128355af4,9ae8ea4107a5,3,92.0,28.5,3092.0,3095.6368123263787,3.636812326378731,exact-milp/taker,GRB,OPTIMAL,3095.6368123263787,3095.6368123263787,0.0,3071.9999999999995,23.636812326379186,0.28223609924316406,0.006613492965698242,760,288,887,,,,,,sweep,,,12,-0.6999999999999993,16,,
phase2,taker-sweep,2026-08-14T22:32:43.838267+00:00,jingjie-cpu-04.mae.cornell.edu,4cf37e9,50926,1,syn-s0-n8,0cc8ee8b3d38,8,4,012128355af4,9ae8ea4107a5,3,92.0,28.5,3092.0,3097.0618123263785,5.061812326378458,exact-milp/taker,GRB,OPTIMAL,3097.0618123263785,3097.0618123263785,0.0,3071.9999999999995,25.061812326378913,0.3248629570007324,0.006868600845336914,760,288,887,,,,,,sweep,,,12,-0.6499999999999992,17,,
phase2,taker-sweep,2026-08-14T22:32:44.291956+00:00,jingjie-cpu-04.mae.cornell.edu,4cf37e9,50926,1,syn-s0-n8,0cc8ee8b3d38,8,4,012128355af4,9ae8ea4107a5,3,92.0,28.5,3092.0,3098.4868123263786,6.48681232637864,exact-milp/taker,GRB,OPTIMAL,3098.4868123263786,3098.4868123263786,0.0,3071.9999999999995,26.486812326379095,0.39078354835510254,0.006833553314208984,760,288,887,,,,,,sweep,,,12,-0.5999999999999992,18,,
phase2,taker-sweep,2026-08-14T22:32:44.727574+00:00,jingjie-cpu-04.mae.cornell.edu,4cf37e9,50926,1,syn-s0-n8,0cc8ee8b3d38,8,4,012128355af4,9ae8ea4107a5,3,92.0,28.5,3092.0,3099.911812326379,7.911812326378822,exact-milp/taker,GRB,OPTIMAL,3099.911812326379,3099.911812326379,0.0,3071.9999999999995,27.911812326379277,0.3976130485534668,0.007628917694091797,760,288,887,,,,,,sweep,,,12,-0.5499999999999992,19,,
phase2,taker-sweep,2026-08-14T22:32:45.180996+00:00,jingjie-cpu-04.mae.cornell.edu,4cf37e9,50926,1,syn-s0-n8,0cc8ee8b3d38,8,4,012128355af4,9ae8ea4107a5,3,92.0,28.5,3092.0,3101.336812326379,9.336812326379004,exact-milp/taker,GRB,OPTIMAL,3101.336812326379,3101.3368123263785,1.4662946284294365e-16,3071.9999999999995,29.33681232637946,0.41676926612854004,0.0068132877349853516,760,288,887,,,,,,sweep,,,12,-0.4999999999999991,20,,
phase2,taker-sweep,2026-08-14T22:32:45.612073+00:00,jingjie-cpu-04.mae.cornell.edu,4cf37e9,50926,1,syn-s0-n8,0cc8ee8b3d38,8,4,012128355af4,9ae8ea4107a5,3,92.0,28.5,3092.0,3102.7618123263787,10.761812326378731,exact-milp/taker,GRB,OPTIMAL,3102.7618123263787,3102.7618123263787,0.0,3071.9999999999995,30.761812326379186,0.39511990547180176,0.006827592849731445,760,288,887,,,,,,sweep,,,12,-0.44999999999999907,21,,
phase2,taker-sweep,2026-08-14T22:32:46.122381+00:00,jingjie-cpu-04.mae.cornell.edu,4cf37e9,50926,1,syn-s0-n8,0cc8ee8b3d38,8,4,012128355af4,9ae8ea4107a5,3,92.0,28.5,3092.0,3104.1868123263785,12.186812326378458,exact-milp/taker,GRB,OPTIMAL,3104.1868123263785,3104.1868123263785,0.0,3071.9999999999995,32.18681232637891,0.4741804599761963,0.0069179534912109375,760,288,887,,,,,,sweep,,,12,-0.399999999999999,22,,
phase2,taker-sweep,2026-08-14T22:32:46.730231+00:00,jingjie-cpu-04.mae.cornell.edu,4cf37e9,50926,1,syn-s0-n8,0cc8ee8b3d38,8,4,012128355af4,9ae8ea4107a5,3,92.0,28.5,3092.0,3105.6118123263786,13.61181232637864,exact-milp/taker,GRB,OPTIMAL,3105.6118123263786,3105.6118123263786,0.0,3071.9999999999995,33.611812326379095,0.5004005432128906,0.007001161575317383,760,288,887,,,,,,sweep,,,12,-0.349999999999999,23,,
phase2,taker-sweep,2026-08-14T22:32:47.478676+00:00,jingjie-cpu-04.mae.cornell.edu,4cf37e9,50926,1,syn-s0-n8,0cc8ee8b3d38,8,4,012128355af4,9ae8ea4107a5,3,92.0,28.5,3092.0,3107.036812326379,15.036812326378822,exact-milp/taker,GRB,OPTIMAL,3107.036812326379,3107.036812326379,0.0,3071.9999999999995,35.03681232637928,0.7066071033477783,0.00681304931640625,760,288,887,,,,,,sweep,,,12,-0.29999999999999893,24,,
phase2,taker-sweep,2026-08-14T22:32:47.989910+00:00,jingjie-cpu-04.mae.cornell.edu,4cf37e9,50926,1,syn-s0-n8,0cc8ee8b3d38,8,4,012128355af4,9ae8ea4107a5,3,92.0,28.5,3092.0,3108.461812326379,16.461812326379004,exact-milp/taker,GRB,OPTIMAL,3108.461812326379,3108.461812326379,0.0,3071.9999999999995,36.46181232637946,0.47530484199523926,0.006833791732788086,760,288,887,,,,,,sweep,,,12,-0.2499999999999989,25,,
phase2,taker-sweep,2026-08-14T22:32:48.704971+00:00,jingjie-cpu-04.mae.cornell.edu,4cf37e9,50926,1,syn-s0-n8,0cc8ee8b3d38,8,4,012128355af4,9ae8ea4107a5,3,92.0,28.5,3092.0,3109.8868123263787,17.88681232637873,exact-milp/taker,GRB,OPTIMAL,3109.8868123263787,3109.8868123263787,0.0,3071.9999999999995,37.886812326379186,0.6791172027587891,0.006753206253051758,760,288,887,,,,,,sweep,,,12,-0.19999999999999885,26,,
phase2,taker-sweep,2026-08-14T22:32:49.191719+00:00,jingjie-cpu-04.mae.cornell.edu,4cf37e9,50926,1,syn-s0-n8,0cc8ee8b3d38,8,4,012128355af4,9ae8ea4107a5,3,92.0,28.5,3092.0,3111.3118123263785,19.31181232637846,exact-milp/taker,GRB,OPTIMAL,3111.3118123263785,3111.3118123263785,0.0,3071.9999999999995,39.31181232637891,0.4237637519836426,0.006757497787475586,760,288,887,,,,,,sweep,,,12,-0.1499999999999988,27,,
phase2,taker-sweep,2026-08-14T22:32:49.807324+00:00,jingjie-cpu-04.mae.cornell.edu,4cf37e9,50926,1,syn-s0-n8,0cc8ee8b3d38,8,4,012128355af4,9ae8ea4107a5,3,92.0,28.5,3092.0,3112.7368123263786,20.73681232637864,exact-milp/taker,GRB,OPTIMAL,3112.7368123263786,3112.7368123263786,0.0,3071.9999999999995,40.736812326379095,0.5586960315704346,0.0067937374114990234,760,288,887,,,,,,sweep,,,12,-0.09999999999999876,28,,
phase2,taker-sweep,2026-08-14T22:32:50.365805+00:00,jingjie-cpu-04.mae.cornell.edu,4cf37e9,50926,1,syn-s0-n8,0cc8ee8b3d38,8,4,012128355af4,f50cad3f321c,3,92.0,28.5,3092.0,3113.3835241732277,21.38352417322767,exact-milp/taker,GRB,OPTIMAL,3113.3835241732277,3113.3835241732277,0.0,3071.9999999999995,41.383524173228125,0.5226948261260986,0.006769418716430664,760,288,887,,,,,,sweep,,,12,-0.04999999999999871,29,,
phase2,taker-sweep,2026-08-14T22:32:50.910430+00:00,jingjie-cpu-04.mae.cornell.edu,4cf37e9,50926,1,syn-s0-n8,0cc8ee8b3d38,8,4,012128355af4,f50cad3f321c,3,92.0,28.5,3092.0,3113.3835241732277,21.38352417322767,exact-milp/taker,GRB,OPTIMAL,3113.3835241732277,3113.3835241732277,0.0,3071.9999999999995,41.383524173228125,0.5081899166107178,0.006757259368896484,760,288,887,,,,,,sweep,,,12,1.3322676295501878e-15,30,,
phase2,taker-sweep,2026-08-14T22:32:51.452507+00:00,jingjie-cpu-04.mae.cornell.edu,4cf37e9,50926,1,syn-s0-n8,0cc8ee8b3d38,8,4,012128355af4,f50cad3f321c,3,92.0,28.5,3092.0,3113.3835241732277,21.38352417322767,exact-milp/taker,GRB,OPTIMAL,3113.3835241732277,3113.3835241732277,0.0,3071.9999999999995,41.383524173228125,0.5051696300506592,0.007010698318481445,760,288,887,,,,,,sweep,,,12,0.05000000000000138,31,,
phase2,taker-sweep,2026-08-14T22:32:52.018969+00:00,jingjie-cpu-04.mae.cornell.edu,4cf37e9,50926,1,syn-s0-n8,0cc8ee8b3d38,8,4,012128355af4,f50cad3f321c,3,92.0,28.5,3092.0,3113.3835241732277,21.38352417322767,exact-milp/taker,GRB,OPTIMAL,3113.3835241732277,3113.3835241732277,0.0,3071.9999999999995,41.383524173228125,0.5306048393249512,0.0068089962005615234,760,288,887,,,,,,sweep,,,12,0.10000000000000142,32,,
phase2,taker-sweep,2026-08-14T22:32:52.567454+00:00,jingjie-cpu-04.mae.cornell.edu,4cf37e9,50926,1,syn-s0-n8,0cc8ee8b3d38,8,4,012128355af4,f50cad3f321c,3,92.0,28.5,3092.0,3113.3835241732277,21.38352417322767,exact-milp/taker,GRB,OPTIMAL,3113.3835241732277,3113.3835241732277,0.0,3071.9999999999995,41.383524173228125,0.47978854179382324,0.006902456283569336,760,288,887,,,,,,sweep,,,12,0.15000000000000147,33,,
phase2,taker-sweep,2026-08-14T22:32:53.384529+00:00,jingjie-cpu-04.mae.cornell.edu,4cf37e9,50926,1,syn-s0-n8,0cc8ee8b3d38,8,4,012128355af4,f50cad3f321c,3,92.0,28.5,3092.0,3113.3835241732277,21.38352417322767,exact-milp/taker,GRB,OPTIMAL,3113.3835241732277,3113.3835241732277,0.0,3071.9999999999995,41.383524173228125,0.7808122634887695,0.006907224655151367,760,288,887,,,,,,sweep,,,12,0.2000000000000015,34,,
phase2,taker-sweep,2026-08-14T22:32:53.855072+00:00,jingjie-cpu-04.mae.cornell.edu,4cf37e9,50926,1,syn-s0-n8,0cc8ee8b3d38,8,4,012128355af4,f50cad3f321c,3,92.0,28.5,3092.0,3113.3835241732277,21.38352417322767,exact-milp/taker,GRB,OPTIMAL,3113.3835241732277,3113.3835241732277,0.0,3071.9999999999995,41.383524173228125,0.43418025970458984,0.00675511360168457,760,288,887,,,,,,sweep,,,12,0.25000000000000155,35,,
phase2,taker-sweep,2026-08-14T22:32:54.461161+00:00,jingjie-cpu-04.mae.cornell.edu,4cf37e9,50926,1,syn-s0-n8,0cc8ee8b3d38,8,4,012128355af4,f50cad3f321c,3,92.0,28.5,3092.0,3113.3835241732277,21.38352417322767,exact-milp/taker,GRB,OPTIMAL,3113.3835241732277,3113.3835241732277,0.0,3071.9999999999995,41.383524173228125,0.5693166255950928,0.006795167922973633,760,288,887,,,,,,sweep,,,12,0.3000000000000016,36,,
phase2,taker-sweep,2026-08-14T22:32:55.206560+00:00,jingjie-cpu-04.mae.cornell.edu,4cf37e9,50926,1,syn-s0-n8,0cc8ee8b3d38,8,4,012128355af4,f50cad3f321c,3,92.0,28.5,3092.0,3113.3835241732277,21.38352417322767,exact-milp/taker,GRB,OPTIMAL,3113.3835241732277,3113.3835241732277,0.0,3071.9999999999995,41.383524173228125,0.68678879737854,0.006700038909912109,760,288,887,,,,,,sweep,,,12,0.35000000000000164,37,,
phase2,taker-sweep,2026-08-14T22:32:55.750657+00:00,jingjie-cpu-04.mae.cornell.edu,4cf37e9,50926,1,syn-s0-n8,0cc8ee8b3d38,8,4,012128355af4,f50cad3f321c,3,92.0,28.5,3092.0,3113.3835241732277,21.38352417322767,exact-milp/taker,GRB,OPTIMAL,3113.3835241732277,3113.3835241732277,0.0,3071.9999999999995,41.383524173228125,0.5075738430023193,0.006785154342651367,760,288,887,,,,,,sweep,,,12,0.4000000000000017,38,,
phase2,taker-sweep,2026-08-14T22:32:56.237249+00:00,jingjie-cpu-04.mae.cornell.edu,4cf37e9,50926,1,syn-s0-n8,0cc8ee8b3d38,8,4,012128355af4,f50cad3f321c,3,92.0,28.5,3092.0,3113.3835241732277,21.38352417322767,exact-milp/taker,GRB,OPTIMAL,3113.3835241732277,3113.3835241732277,0.0,3071.9999999999995,41.383524173228125,0.4495432376861572,0.006808042526245117,760,288,887,,,,,,sweep,,,12,0.45000000000000173,39,,
phase2,taker-sweep,2026-08-14T22:32:56.805411+00:00,jingjie-cpu-04.mae.cornell.edu,4cf37e9,50926,1,syn-s0-n8,0cc8ee8b3d38,8,4,012128355af4,f50cad3f321c,3,92.0,28.5,3092.0,3113.3835241732277,21.38352417322767,exact-milp/taker,GRB,OPTIMAL,3113.3835241732277,3113.3835241732277,0.0,3071.9999999999995,41.383524173228125,0.5183913707733154,0.006791353225708008,760,288,887,,,,,,sweep,,,12,0.5000000000000018,40,,
phase2,taker-sweep,2026-08-14T22:32:57.274093+00:00,jingjie-cpu-04.mae.cornell.edu,4cf37e9,50926,1,syn-s0-n8,0cc8ee8b3d38,8,4,012128355af4,f50cad3f321c,3,92.0,28.5,3092.0,3113.3835241732277,21.38352417322767,exact-milp/taker,GRB,OPTIMAL,3113.3835241732277,3113.3835241732277,0.0,3071.9999999999995,41.383524173228125,0.4318232536315918,0.00671076774597168,760,288,887,,,,,,sweep,,,12,0.5500000000000016,41,,
phase2,taker-sweep,2026-08-14T22:32:57.788888+00:00,jingjie-cpu-04.mae.cornell.edu,4cf37e9,50926,1,syn-s0-n8,0cc8ee8b3d38,8,4,012128355af4,f50cad3f321c,3,92.0,28.5,3092.0,3113.3835241732277,21.38352417322767,exact-milp/taker,GRB,OPTIMAL,3113.3835241732277,3113.3835241732277,0.0,3071.9999999999995,41.383524173228125,0.4572255611419678,0.006703615188598633,760,288,887,,,,,,sweep,,,12,0.6000000000000019,42,,
phase2,taker-sweep,2026-08-14T22:32:58.429916+00:00,jingjie-cpu-04.mae.cornell.edu,4cf37e9,50926,1,syn-s0-n8,0cc8ee8b3d38,8,4,012128355af4,f50cad3f321c,3,92.0,28.5,3092.0,3113.3835241732277,21.38352417322767,exact-milp/taker,GRB,OPTIMAL,3113.3835241732277,3113.383524173227,1.4606210489509936e-16,3071.9999999999995,41.383524173228125,0.604501485824585,0.006678342819213867,760,288,887,,,,,,sweep,,,12,0.6500000000000021,43,,
phase2,taker-sweep,2026-08-14T22:32:59.002042+00:00,jingjie-cpu-04.mae.cornell.edu,4cf37e9,50926,1,syn-s0-n8,0cc8ee8b3d38,8,4,012128355af4,f50cad3f321c,3,92.0,28.5,3092.0,3113.3835241732277,21.38352417322767,exact-milp/taker,GRB,OPTIMAL,3113.3835241732277,3113.383524173227,1.4606210489509936e-16,3071.9999999999995,41.383524173228125,0.5358505249023438,0.006814479827880859,760,288,887,,,,,,sweep,,,12,0.700000000000002,44,,
phase2,taker-sweep,2026-08-14T22:32:59.576775+00:00,jingjie-cpu-04.mae.cornell.edu,4cf37e9,50926,1,syn-s0-n8,0cc8ee8b3d38,8,4,012128355af4,f50cad3f321c,3,92.0,28.5,3092.0,3113.3835241732277,21.38352417322767,exact-milp/taker,GRB,OPTIMAL,3113.3835241732277,3113.383524173227,1.4606210489509936e-16,3071.9999999999995,41.383524173228125,0.5378577709197998,0.006727695465087891,760,288,887,,,,,,sweep,,,12,0.7500000000000018,45,,
phase2,taker-sweep,2026-08-14T22:33:00.114462+00:00,jingjie-cpu-04.mae.cornell.edu,4cf37e9,50926,1,syn-s0-n8,0cc8ee8b3d38,8,4,012128355af4,f50cad3f321c,3,92.0,28.5,3092.0,3113.3835241732277,21.38352417322767,exact-milp/taker,GRB,OPTIMAL,3113.3835241732277,3113.383524173227,1.4606210489509936e-16,3071.9999999999995,41.383524173228125,0.5010194778442383,0.00682377815246582,760,288,887,,,,,,sweep,,,12,0.800000000000002,46,,
phase2,taker-sweep,2026-08-14T22:33:00.867809+00:00,jingjie-cpu-04.mae.cornell.edu,4cf37e9,50926,1,syn-s0-n8,0cc8ee8b3d38,8,4,012128355af4,f50cad3f321c,3,92.0,28.5,3092.0,3113.3835241732277,21.38352417322767,exact-milp/taker,GRB,OPTIMAL,3113.3835241732277,3113.383524173227,1.4606210489509936e-16,3071.9999999999995,41.383524173228125,0.6640408039093018,0.007405996322631836,760,288,887,,,,,,sweep,,,12,0.8500000000000023,47,,
phase2,taker-sweep,2026-08-14T22:33:01.579694+00:00,jingjie-cpu-04.mae.cornell.edu,4cf37e9,50926,1,syn-s0-n8,0cc8ee8b3d38,8,4,012128355af4,f50cad3f321c,3,92.0,28.5,3092.0,3113.3835241732277,21.38352417322767,exact-milp/taker,GRB,OPTIMAL,3113.3835241732277,3113.383524173227,1.4606210489509936e-16,3071.9999999999995,41.383524173228125,0.674879789352417,0.006791114807128906,760,288,887,,,,,,sweep,,,12,0.9000000000000021,48,,
phase2,taker-sweep,2026-08-14T22:33:02.140106+00:00,jingjie-cpu-04.mae.cornell.edu,4cf37e9,50926,1,syn-s0-n8,0cc8ee8b3d38,8,4,012128355af4,f50cad3f321c,3,92.0,28.5,3092.0,3113.3835241732277,21.38352417322767,exact-milp/taker,GRB,OPTIMAL,3113.3835241732277,3113.383524173227,1.4606210489509936e-16,3071.9999999999995,41.383524173228125,0.5236270427703857,0.006768465042114258,760,288,887,,,,,,sweep,,,12,0.950000000000002,49,,
phase2,taker-sweep,2026-08-14T22:33:02.854789+00:00,jingjie-cpu-04.mae.cornell.edu,4cf37e9,50926,1,syn-s0-n8,0cc8ee8b3d38,8,4,012128355af4,f50cad3f321c,3,92.0,28.5,3092.0,3113.3835241732277,21.38352417322767,exact-milp/taker,GRB,OPTIMAL,3113.3835241732277,3113.383524173227,1.4606210489509936e-16,3071.9999999999995,41.383524173228125,0.6768214702606201,0.006714820861816406,760,288,887,,,,,,sweep,,,12,1.0000000000000022,50,,
phase2,taker-sweep,2026-08-14T22:33:03.547217+00:00,jingjie-cpu-04.mae.cornell.edu,4cf37e9,50926,1,syn-s0-n8,0cc8ee8b3d38,8,4,012128355af4,f50cad3f321c,3,92.0,28.5,3092.0,3113.3835241732277,21.38352417322767,exact-milp/taker,GRB,OPTIMAL,3113.3835241732277,3113.383524173227,1.4606210489509936e-16,3071.9999999999995,41.383524173228125,0.6550874710083008,0.006894350051879883,760,288,887,,,,,,sweep,,,12,1.0500000000000025,51,,
phase2,taker-sweep,2026-08-14T22:33:04.166391+00:00,jingjie-cpu-04.mae.cornell.edu,4cf37e9,50926,1,syn-s0-n8,0cc8ee8b3d38,8,4,012128355af4,f50cad3f321c,3,92.0,28.5,3092.0,3113.3835241732277,21.38352417322767,exact-milp/taker,GRB,OPTIMAL,3113.3835241732277,3113.383524173227,1.4606210489509936e-16,3071.9999999999995,41.383524173228125,0.5457820892333984,0.00702667236328125,760,288,887,,,,,,sweep,,,12,1.1000000000000023,52,,
phase2,taker-sweep,2026-08-14T22:33:04.846865+00:00,jingjie-cpu-04.mae.cornell.edu,4cf37e9,50926,1,syn-s0-n8,0cc8ee8b3d38,8,4,012128355af4,f50cad3f321c,3,92.0,28.5,3092.0,3113.3835241732277,21.38352417322767,exact-milp/taker,GRB,OPTIMAL,3113.3835241732277,3113.383524173227,1.4606210489509936e-16,3071.9999999999995,41.383524173228125,0.6435439586639404,0.006822824478149414,760,288,887,,,,,,sweep,,,12,1.1500000000000021,53,,
phase2,taker-sweep,2026-08-14T22:33:05.545264+00:00,jingjie-cpu-04.mae.cornell.edu,4cf37e9,50926,1,syn-s0-n8,0cc8ee8b3d38,8,4,012128355af4,f50cad3f321c,3,92.0,28.5,3092.0,3113.3835241732277,21.38352417322767,exact-milp/taker,GRB,OPTIMAL,3113.3835241732277,3113.383524173227,1.4606210489509936e-16,3071.9999999999995,41.383524173228125,0.6614475250244141,0.006814479827880859,760,288,887,,,,,,sweep,,,12,1.2000000000000024,54,,
phase2,taker-sweep,2026-08-14T22:33:06.116691+00:00,jingjie-cpu-04.mae.cornell.edu,4cf37e9,50926,1,syn-s0-n8,0cc8ee8b3d38,8,4,012128355af4,f50cad3f321c,3,92.0,28.5,3092.0,3113.3835241732277,21.38352417322767,exact-milp/taker,GRB,OPTIMAL,3113.3835241732277,3113.3835241732277,0.0,3071.9999999999995,41.383524173228125,0.5172603130340576,0.00693964958190918,760,288,887,,,,,,sweep,,,12,1.2500000000000027,55,,
phase2,taker-sweep,2026-08-14T22:33:06.649014+00:00,jingjie-cpu-04.mae.cornell.edu,4cf37e9,50926,1,syn-s0-n8,0cc8ee8b3d38,8,4,012128355af4,f50cad3f321c,3,92.0,28.5,3092.0,3113.3835241732277,21.38352417322767,exact-milp/taker,GRB,OPTIMAL,3113.3835241732277,3113.3835241732277,0.0,3071.9999999999995,41.383524173228125,0.4954042434692383,0.0067522525787353516,760,288,887,,,,,,sweep,,,12,1.3000000000000025,56,,
phase2,taker-sweep,2026-08-14T22:33:07.243020+00:00,jingjie-cpu-04.mae.cornell.edu,4cf37e9,50926,1,syn-s0-n8,0cc8ee8b3d38,8,4,012128355af4,f50cad3f321c,3,92.0,28.5,3092.0,3113.3835241732277,21.38352417322767,exact-milp/taker,GRB,OPTIMAL,3113.3835241732277,3113.3835241732277,0.0,3071.9999999999995,41.383524173228125,0.5246942043304443,0.00684809684753418,760,288,887,,,,,,sweep,,,12,1.3500000000000023,57,,
phase2,taker-sweep,2026-08-14T22:33:07.721883+00:00,jingjie-cpu-04.mae.cornell.edu,4cf37e9,50926,1,syn-s0-n8,0cc8ee8b3d38,8,4,012128355af4,f50cad3f321c,3,92.0,28.5,3092.0,3113.3835241732277,21.38352417322767,exact-milp/taker,GRB,OPTIMAL,3113.3835241732277,3113.3835241732277,0.0,3071.9999999999995,41.383524173228125,0.44127392768859863,0.006928205490112305,760,288,887,,,,,,sweep,,,12,1.4000000000000026,58,,
phase2,taker-sweep,2026-08-14T22:33:08.199124+00:00,jingjie-cpu-04.mae.cornell.edu,4cf37e9,50926,1,syn-s0-n8,0cc8ee8b3d38,8,4,012128355af4,f50cad3f321c,3,92.0,28.5,3092.0,3113.3835241732277,21.38352417322767,exact-milp/taker,GRB,OPTIMAL,3113.3835241732277,3113.3835241732277,0.0,3071.9999999999995,41.383524173228125,0.43923258781433105,0.006805419921875,760,288,887,,,,,,sweep,,,12,1.4500000000000028,59,,
phase2,taker-sweep,2026-08-14T22:33:08.790471+00:00,jingjie-cpu-04.mae.cornell.edu,4cf37e9,50926,1,syn-s0-n8,0cc8ee8b3d38,8,4,012128355af4,f50cad3f321c,3,92.0,28.5,3092.0,3113.3835241732277,21.38352417322767,exact-milp/taker,GRB,OPTIMAL,3113.3835241732277,3113.3835241732277,0.0,3071.9999999999995,41.383524173228125,0.5533969402313232,0.006534099578857422,760,288,887,,,,,,sweep,,,12,1.5000000000000027,60,,
phase2,taker-sweep,2026-08-14T22:32:39.261988+00:00,jingjie-cpu-04.mae.cornell.edu,4cf37e9,50927,2,syn-s0-n8,0cc8ee8b3d38,8,4,012128355af4,f50cad3f321c,3,92.0,28.5,3092.0,3113.3835241732277,21.38352417322767,exact-milp/taker,GRB,OPTIMAL,3113.3835241732277,3113.3835241732277,0.0,3071.9999999999995,41.383524173228125,0.5111696720123291,0.014781951904296875,760,288,887,,,,,,sweep,,,16,-1.5,0,,
phase2,taker-sweep,2026-08-14T22:32:39.783086+00:00,jingjie-cpu-04.mae.cornell.edu,4cf37e9,50927,2,syn-s0-n8,0cc8ee8b3d38,8,4,012128355af4,f50cad3f321c,3,92.0,28.5,3092.0,3113.3835241732277,21.38352417322767,exact-milp/taker,GRB,OPTIMAL,3113.3835241732277,3113.3835241732277,0.0,3071.9999999999995,41.383524173228125,0.4331333637237549,0.006824493408203125,760,288,887,,,,,,sweep,,,16,-1.45,1,,
phase2,taker-sweep,2026-08-14T22:32:40.269169+00:00,jingjie-cpu-04.mae.cornell.edu,4cf37e9,50927,2,syn-s0-n8,0cc8ee8b3d38,8,4,012128355af4,f50cad3f321c,3,92.0,28.5,3092.0,3113.3835241732277,21.38352417322767,exact-milp/taker,GRB,OPTIMAL,3113.3835241732277,3113.3835241732277,0.0,3071.9999999999995,41.383524173228125,0.450549840927124,0.006832122802734375,760,288,887,,,,,,sweep,,,16,-1.4,2,,
phase2,taker-sweep,2026-08-14T22:32:40.828628+00:00,jingjie-cpu-04.mae.cornell.edu,4cf37e9,50927,2,syn-s0-n8,0cc8ee8b3d38,8,4,012128355af4,f50cad3f321c,3,92.0,28.5,3092.0,3113.3835241732277,21.38352417322767,exact-milp/taker,GRB,OPTIMAL,3113.3835241732277,3113.3835241732277,0.0,3071.9999999999995,41.383524173228125,0.5232853889465332,0.006595611572265625,760,288,887,,,,,,sweep,,,16,-1.3499999999999999,3,,
phase2,taker-sweep,2026-08-14T22:32:41.449362+00:00,jingjie-cpu-04.mae.cornell.edu,4cf37e9,50927,2,syn-s0-n8,0cc8ee8b3d38,8,4,012128355af4,f50cad3f321c,3,92.0,28.5,3092.0,3113.3835241732277,21.38352417322767,exact-milp/taker,GRB,OPTIMAL,3113.3835241732277,3113.3835241732277,0.0,3071.9999999999995,41.383524173228125,0.5325937271118164,0.00682830810546875,760,288,887,,,,,,sweep,,,16,-1.2999999999999998,4,,
phase2,taker-sweep,2026-08-14T22:32:41.972412+00:00,jingjie-cpu-04.mae.cornell.edu,4cf37e9,50927,2,syn-s0-n8,0cc8ee8b3d38,8,4,012128355af4,f50cad3f321c,3,92.0,28.5,3092.0,3113.3835241732277,21.38352417322767,exact-milp/taker,GRB,OPTIMAL,3113.3835241732277,3113.3835241732277,0.0,3071.9999999999995,41.383524173228125,0.4874415397644043,0.0067729949951171875,760,288,887,,,,,,sweep,,,16,-1.2499999999999998,5,,
phase2,taker-sweep,2026-08-14T22:32:42.512759+00:00,jingjie-cpu-04.mae.cornell.edu,4cf37e9,50927,2,syn-s0-n8,0cc8ee8b3d38,8,4,012128355af4,f50cad3f321c,3,92.0,28.5,3092.0,3113.3835241732277,21.38352417322767,exact-milp/taker,GRB,OPTIMAL,3113.3835241732277,3113.3835241732277,0.0,3071.9999999999995,41.383524173228125,0.5051412582397461,0.006796121597290039,760,288,887,,,,,,sweep,,,16,-1.1999999999999997,6,,
phase2,taker-sweep,2026-08-14T22:32:43.171754+00:00,jingjie-cpu-04.mae.cornell.edu,4cf37e9,50927,2,syn-s0-n8,0cc8ee8b3d38,8,4,012128355af4,f50cad3f321c,3,92.0,28.5,3092.0,3113.3835241732277,21.38352417322767,exact-milp/taker,GRB,OPTIMAL,3113.3835241732277,3113.3835241732277,0.0,3071.9999999999995,41.383524173228125,0.623521089553833,0.006596803665161133,760,288,887,,,,,,sweep,,,16,-1.1499999999999997,7,,
phase2,taker-sweep,2026-08-14T22:32:43.665314+00:00,jingjie-cpu-04.mae.cornell.edu,4cf37e9,50927,2,syn-s0-n8,0cc8ee8b3d38,8,4,012128355af4,f50cad3f321c,3,92.0,28.5,3092.0,3113.3835241732277,21.38352417322767,exact-milp/taker,GRB,OPTIMAL,3113.3835241732277,3113.3835241732277,0.0,3071.9999999999995,41.383524173228125,0.4387085437774658,0.006766080856323242,760,288,887,,,,,,sweep,,,16,-1.0999999999999996,8,,
phase2,taker-sweep,2026-08-14T22:32:44.145830+00:00,jingjie-cpu-04.mae.cornell.edu,4cf37e9,50927,2,syn-s0-n8,0cc8ee8b3d38,8,4,012128355af4,f50cad3f321c,3,92.0,28.5,3092.0,3113.3835241732277,21.38352417322767,exact-milp/taker,GRB,OPTIMAL,3113.3835241732277,3113.3835241732277,0.0,3071.9999999999995,41.383524173228125,0.445483922958374,0.006741046905517578,760,288,887,,,,,,sweep,,,16,-1.0499999999999996,9,,
phase2,taker-sweep,2026-08-14T22:32:44.702823+00:00,jingjie-cpu-04.mae.cornell.edu,4cf37e9,50927,2,syn-s0-n8,0cc8ee8b3d38,8,4,012128355af4,f50cad3f321c,3,92.0,28.5,3092.0,3113.3835241732277,21.38352417322767,exact-milp/taker,GRB,OPTIMAL,3113.3835241732277,3113.3835241732277,0.0,3071.9999999999995,41.383524173228125,0.5203816890716553,0.006742238998413086,760,288,887,,,,,,sweep,,,16,-0.9999999999999996,10,,
phase2,taker-sweep,2026-08-14T22:32:45.228121+00:00,jingjie-cpu-04.mae.cornell.edu,4cf37e9,50927,2,syn-s0-n8,0cc8ee8b3d38,8,4,012128355af4,f50cad3f321c,3,92.0,28.5,3092.0,3113.3835241732277,21.38352417322767,exact-milp/taker,GRB,OPTIMAL,3113.3835241732277,3113.3835241732277,0.0,3071.9999999999995,41.383524173228125,0.4889388084411621,0.006757259368896484,760,288,887,,,,,,sweep,,,16,-0.9499999999999995,11,,
phase2,taker-sweep,2026-08-14T22:32:45.860296+00:00,jingjie-cpu-04.mae.cornell.edu,4cf37e9,50927,2,syn-s0-n8,0cc8ee8b3d38,8,4,012128355af4,f50cad3f321c,3,92.0,28.5,3092.0,3113.3835241732277,21.38352417322767,exact-milp/taker,GRB,OPTIMAL,3113.3835241732277,3113.3835241732277,0.0,3071.9999999999995,41.383524173228125,0.5965554714202881,0.00675654411315918,760,288,887,,,,,,sweep,,,16,-0.8999999999999995,12,,
phase2,taker-sweep,2026-08-14T22:32:46.483234+00:00,jingjie-cpu-04.mae.cornell.edu,4cf37e9,50927,2,syn-s0-n8,0cc8ee8b3d38,8,4,012128355af4,f50cad3f321c,3,92.0,28.5,3092.0,3113.3835241732277,21.38352417322767,exact-milp/taker,GRB,OPTIMAL,3113.3835241732277,3113.3835241732277,0.0,3071.9999999999995,41.383524173228125,0.5320065021514893,0.008397340774536133,760,288,887,,,,,,sweep,,,16,-0.8499999999999994,13,,
phase2,taker-sweep,2026-08-14T22:32:47.002024+00:00,jingjie-cpu-04.mae.cornell.edu,4cf37e9,50927,2,syn-s0-n8,0cc8ee8b3d38,8,4,012128355af4,f50cad3f321c,3,92.0,28.5,3092.0,3113.3835241732277,21.38352417322767,exact-milp/taker,GRB,OPTIMAL,3113.3835241732277,3113.3835241732277,0.0,3071.9999999999995,41.383524173228125,0.4832420349121094,0.006848335266113281,760,288,887,,,,,,sweep,,,16,-0.7999999999999994,14,,
phase2,taker-sweep,2026-08-14T22:32:47.552804+00:00,jingjie-cpu-04.mae.cornell.edu,4cf37e9,50927,2,syn-s0-n8,0cc8ee8b3d38,8,4,012128355af4,f50cad3f321c,3,92.0,28.5,3092.0,3113.3835241732277,21.38352417322767,exact-milp/taker,GRB,OPTIMAL,3113.3835241732277,3113.3835241732277,0.0,3071.9999999999995,41.383524173228125,0.5149376392364502,0.006685018539428711,760,288,887,,,,,,sweep,,,16,-0.7499999999999993,15,,
phase2,taker-sweep,2026-08-14T22:32:48.051307+00:00,jingjie-cpu-04.mae.cornell.edu,4cf37e9,50927,2,syn-s0-n8,0cc8ee8b3d38,8,4,012128355af4,f50cad3f321c,3,92.0,28.5,3092.0,3113.3835241732277,21.38352417322767,exact-milp/taker,GRB,OPTIMAL,3113.3835241732277,3113.3835241732277,0.0,3071.9999999999995,41.383524173228125,0.46267008781433105,0.006772518157958984,760,288,887,,,,,,sweep,,,16,-0.6999999999999993,16,,
phase2,taker-sweep,2026-08-14T22:32:48.523730+00:00,jingjie-cpu-04.mae.cornell.edu,4cf37e9,50927,2,syn-s0-n8,0cc8ee8b3d38,8,4,012128355af4,f50cad3f321c,3,92.0,28.5,3092.0,3113.3835241732277,21.38352417322767,exact-milp/taker,GRB,OPTIMAL,3113.3835241732277,3113.3835241732277,0.0,3071.9999999999995,41.383524173228125,0.4365088939666748,0.006812095642089844,760,288,887,,,,,,sweep,,,16,-0.6499999999999992,17,,
phase2,taker-sweep,2026-08-14T22:32:49.062056+00:00,jingjie-cpu-04.mae.cornell.edu,4cf37e9,50927,2,syn-s0-n8,0cc8ee8b3d38,8,4,012128355af4,f50cad3f321c,3,92.0,28.5,3092.0,3113.3835241732277,21.38352417322767,exact-milp/taker,GRB,OPTIMAL,3113.3835241732277,3113.3835241732277,0.0,3071.9999999999995,41.383524173228125,0.4739651679992676,0.006882429122924805,760,288,887,,,,,,sweep,,,16,-0.5999999999999992,18,,
phase2,taker-sweep,2026-08-14T22:32:49.650894+00:00,jingjie-cpu-04.mae.cornell.edu,4cf37e9,50927,2,syn-s0-n8,0cc8ee8b3d38,8,4,012128355af4,f50cad3f321c,3,92.0,28.5,3092.0,3113.3835241732277,21.38352417322767,exact-milp/taker,GRB,OPTIMAL,3113.3835241732277,3113.3835241732277,0.0,3071.9999999999995,41.383524173228125,0.5531184673309326,0.006813764572143555,760,288,887,,,,,,sweep,,,16,-0.5499999999999992,19,,
phase2,taker-sweep,2026-08-14T22:32:50.142241+00:00,jingjie-cpu-04.mae.cornell.edu,4cf37e9,50927,2,syn-s0-n8,0cc8ee8b3d38,8,4,012128355af4,f50cad3f321c,3,92.0,28.5,3092.0,3113.3835241732277,21.38352417322767,exact-milp/taker,GRB,OPTIMAL,3113.3835241732277,3113.3835241732277,0.0,3071.9999999999995,41.383524173228125,0.4551682472229004,0.006818294525146484,760,288,887,,,,,,sweep,,,16,-0.4999999999999991,20,,
phase2,taker-sweep,2026-08-14T22:32:50.616593+00:00,jingjie-cpu-04.mae.cornell.edu,4cf37e9,50927,2,syn-s0-n8,0cc8ee8b3d38,8,4,012128355af4,f50cad3f321c,3,92.0,28.5,3092.0,3113.3835241732277,21.38352417322767,exact-milp/taker,GRB,OPTIMAL,3113.3835241732277,3113.3835241732277,0.0,3071.9999999999995,41.383524173228125,0.43860387802124023,0.006897926330566406,760,288,887,,,,,,sweep,,,16,-0.44999999999999907,21,,
phase2,taker-sweep,2026-08-14T22:32:51.122506+00:00,jingjie-cpu-04.mae.cornell.edu,4cf37e9,50927,2,syn-s0-n8,0cc8ee8b3d38,8,4,012128355af4,f50cad3f321c,3,92.0,28.5,3092.0,3113.3835241732277,21.38352417322767,exact-milp/taker,GRB,OPTIMAL,3113.3835241732277,3113.3835241732277,0.0,3071.9999999999995,41.383524173228125,0.46933579444885254,0.006841421127319336,760,288,887,,,,,,sweep,,,16,-0.399999999999999,22,,
phase2,taker-sweep,2026-08-14T22:32:51.753960+00:00,jingjie-cpu-04.mae.cornell.edu,4cf37e9,50927,2,syn-s0-n8,0cc8ee8b3d38,8,4,012128355af4,f50cad3f321c,3,92.0,28.5,3092.0,3113.3835241732277,21.38352417322767,exact-milp/taker,GRB,OPTIMAL,3113.3835241732277,3113.3835241732277,0.0,3071.9999999999995,41.383524173228125,0.5094988346099854,0.006934642791748047,760,288,887,,,,,,sweep,,,16,-0.349999999999999,23,,
phase2,taker-sweep,2026-08-14T22:32:52.272245+00:00,jingjie-cpu-04.mae.cornell.edu,4cf37e9,50927,2,syn-s0-n8,0cc8ee8b3d38,8,4,012128355af4,f50cad3f321c,3,92.0,28.5,3092.0,3113.3835241732277,21.38352417322767,exact-milp/taker,GRB,OPTIMAL,3113.3835241732277,3113.3835241732277,0.0,3071.9999999999995,41.383524173228125,0.482241153717041,0.006865024566650391,760,288,887,,,,,,sweep,,,16,-0.29999999999999893,24,,
phase2,taker-sweep,2026-08-14T22:32:52.763615+00:00,jingjie-cpu-04.mae.cornell.edu,4cf37e9,50927,2,syn-s0-n8,0cc8ee8b3d38,8,4,012128355af4,f50cad3f321c,3,92.0,28.5,3092.0,3113.3835241732277,21.38352417322767,exact-milp/taker,GRB,OPTIMAL,3113.3835241732277,3113.3835241732277,0.0,3071.9999999999995,41.383524173228125,0.4546194076538086,0.006861686706542969,760,288,887,,,,,,sweep,,,16,-0.2499999999999989,25,,
phase2,taker-sweep,2026-08-14T22:32:53.332206+00:00,jingjie-cpu-04.mae.cornell.edu,4cf37e9,50927,2,syn-s0-n8,0cc8ee8b3d38,8,4,012128355af4,f50cad3f321c,3,92.0,28.5,3092.0,3113.3835241732277,21.38352417322767,exact-milp/taker,GRB,OPTIMAL,3113.3835241732277,3113.3835241732277,0.0,3071.9999999999995,41.383524173228125,0.5318841934204102,0.006851911544799805,760,288,887,,,,,,sweep,,,16,-0.19999999999999885,26,,
phase2,taker-sweep,2026-08-14T22:32:53.895938+00:00,jingjie-cpu-04.mae.cornell.edu,4cf37e9,50927,2,syn-s0-n8,0cc8ee8b3d38,8,4,012128355af4,f50cad3f321c,3,92.0,28.5,3092.0,3113.3835241732277,21.38352417322767,exact-milp/taker,GRB,OPTIMAL,3113.3835241732277,3113.3835241732277,0.0,3071.9999999999995,41.383524173228125,0.5273323059082031,0.006808757781982422,760,288,887,,,,,,sweep,,,16,-0.1499999999999988,27,,
phase2,taker-sweep,2026-08-14T22:32:54.392738+00:00,jingjie-cpu-04.mae.cornell.edu,4cf37e9,50927,2,syn-s0-n8,0cc8ee8b3d38,8,4,012128355af4,f50cad3f321c,3,92.0,28.5,3092.0,3113.3835241732277,21.38352417322767,exact-milp/taker,GRB,OPTIMAL,3113.3835241732277,3113.3835241732277,0.0,3071.9999999999995,41.383524173228125,0.4408078193664551,0.00678706169128418,760,288,887,,,,,,sweep,,,16,-0.09999999999999876,28,,
phase2,taker-sweep,2026-08-14T22:32:54.901530+00:00,jingjie-cpu-04.mae.cornell.edu,4cf37e9,50927,2,syn-s0-n8,0cc8ee8b3d38,8,4,012128355af4,f50cad3f321c,3,92.0,28.5,3092.0,3113.3835241732277,21.38352417322767,exact-milp/taker,GRB,OPTIMAL,3113.3835241732277,3113.3835241732277,0.0,3071.9999999999995,41.383524173228125,0.4721231460571289,0.006891012191772461,760,288,887,,,,,,sweep,,,16,-0.04999999999999871,29,,
phase2,taker-sweep,2026-08-14T22:32:55.485339+00:00,jingjie-cpu-04.mae.cornell.edu,4cf37e9,50927,2,syn-s0-n8,0cc8ee8b3d38,8,4,012128355af4,f50cad3f321c,3,92.0,28.5,3092.0,3113.3835241732277,21.38352417322767,exact-milp/taker,GRB,OPTIMAL,3113.3835241732277,3113.3835241732277,0.0,3071.9999999999995,41.383524173228125,0.5475625991821289,0.006864786148071289,760,288,887,,,,,,sweep,,,16,1.3322676295501878e-15,30,,
phase2,taker-sweep,2026-08-14T22:32:55.977314+00:00,jingjie-cpu-04.mae.cornell.edu,4cf37e9,50927,2,syn-s0-n8,0cc8ee8b3d38,8,4,012128355af4,f50cad3f321c,3,92.0,28.5,3092.0,3113.3835241732277,21.38352417322767,exact-milp/taker,GRB,OPTIMAL,3113.3835241732277,3113.3835241732277,0.0,3071.9999999999995,41.383524173228125,0.45552706718444824,0.006744384765625,760,288,887,,,,,,sweep,,,16,0.05000000000000138,31,,
phase2,taker-sweep,2026-08-14T22:32:56.502989+00:00,jingjie-cpu-04.mae.cornell.edu,4cf37e9,50927,2,syn-s0-n8,0cc8ee8b3d38,8,4,012128355af4,f50cad3f321c,3,92.0,28.5,3092.0,3113.3835241732277,21.38352417322767,exact-milp/taker,GRB,OPTIMAL,3113.3835241732277,3113.3835241732277,0.0,3071.9999999999995,41.383524173228125,0.48920273780822754,0.006731986999511719,760,288,887,,,,,,sweep,,,16,0.10000000000000142,32,,
phase2,taker-sweep,2026-08-14T22:32:57.047800+00:00,jingjie-cpu-04.mae.cornell.edu,4cf37e9,50927,2,syn-s0-n8,0cc8ee8b3d38,8,4,012128355af4,f50cad3f321c,3,92.0,28.5,3092.0,3113.3835241732277,21.38352417322767,exact-milp/taker,GRB,OPTIMAL,3113.3835241732277,3113.3835241732277,0.0,3071.9999999999995,41.383524173228125,0.4949676990509033,0.006941795349121094,760,288,887,,,,,,sweep,,,16,0.15000000000000147,33,,
phase2,taker-sweep,2026-08-14T22:32:57.561451+00:00,jingjie-cpu-04.mae.cornell.edu,4cf37e9,50927,2,syn-s0-n8,0cc8ee8b3d38,8,4,012128355af4,f50cad3f321c,3,92.0,28.5,3092.0,3113.3835241732277,21.38352417322767,exact-milp/taker,GRB,OPTIMAL,3113.3835241732277,3113.3835241732277,0.0,3071.9999999999995,41.383524173228125,0.4770348072052002,0.006806612014770508,760,288,887,,,,,,sweep,,,16,0.2000000000000015,34,,
phase2,taker-sweep,2026-08-14T22:32:58.071585+00:00,jingjie-cpu-04.mae.cornell.edu,4cf37e9,50927,2,syn-s0-n8,0cc8ee8b3d38,8,4,012128355af4,f50cad3f321c,3,92.0,28.5,3092.0,3113.3835241732277,21.38352417322767,exact-milp/taker,GRB,OPTIMAL,3113.3835241732277,3113.3835241732277,0.0,3071.9999999999995,41.383524173228125,0.4736957550048828,0.0068302154541015625,760,288,887,,,,,,sweep,,,16,0.25000000000000155,35,,
phase2,taker-sweep,2026-08-14T22:32:58.612972+00:00,jingjie-cpu-04.mae.cornell.edu,4cf37e9,50927,2,syn-s0-n8,0cc8ee8b3d38,8,4,012128355af4,f50cad3f321c,3,92.0,28.5,3092.0,3113.3835241732277,21.38352417322767,exact-milp/taker,GRB,OPTIMAL,3113.3835241732277,3113.3835241732277,0.0,3071.9999999999995,41.383524173228125,0.5050091743469238,0.006863832473754883,760,288,887,,,,,,sweep,,,16,0.3000000000000016,36,,
phase2,taker-sweep,2026-08-14T22:32:59.194580+00:00,jingjie-cpu-04.mae.cornell.edu,4cf37e9,50927,2,syn-s0-n8,0cc8ee8b3d38,8,4,012128355af4,f50cad3f321c,3,92.0,28.5,3092.0,3113.3835241732277,21.38352417322767,exact-milp/taker,GRB,OPTIMAL,3113.3835241732277,3113.3835241732277,0.0,3071.9999999999995,41.383524173228125,0.5281925201416016,0.006987333297729492,760,288,887,,,,,,sweep,,,16,0.35000000000000164,37,,
phase2,taker-sweep,2026-08-14T22:32:59.772461+00:00,jingjie-cpu-04.mae.cornell.edu,4cf37e9,50927,2,syn-s0-n8,0cc8ee8b3d38,8,4,012128355af4,f50cad3f321c,3,92.0,28.5,3092.0,3113.3835241732277,21.38352417322767,exact-milp/taker,GRB,OPTIMAL,3113.3835241732277,3113.3835241732277,0.0,3071.9999999999995,41.383524173228125,0.5415334701538086,0.006806850433349609,760,288,887,,,,,,sweep,,,16,0.4000000000000017,38,,
phase2,taker-sweep,2026-08-14T22:33:00.399467+00:00,jingjie-cpu-04.mae.cornell.edu,4cf37e9,50927,2,syn-s0-n8,0cc8ee8b3d38,8,4,012128355af4,f50cad3f321c,3,92.0,28.5,3092.0,3113.3835241732277,21.38352417322767,exact-milp/taker,GRB,OPTIMAL,3113.3835241732277,3113.3835241732277,0.0,3071.9999999999995,41.383524173228125,0.5907654762268066,0.006710529327392578,760,288,887,,,,,,sweep,,,16,0.45000000000000173,39,,
phase2,taker-sweep,2026-08-14T22:33:00.894044+00:00,jingjie-cpu-04.mae.cornell.edu,4cf37e9,50927,2,syn-s0-n8,0cc8ee8b3d38,8,4,012128355af4,f50cad3f321c,3,92.0,28.5,3092.0,3113.3835241732277,21.38352417322767,exact-milp/taker,GRB,OPTIMAL,3113.3835241732277,3113.3835241732277,0.0,3071.9999999999995,41.383524173228125,0.4584801197052002,0.006762504577636719,760,288,887,,,,,,sweep,,,16,0.5000000000000018,40,,
phase2,taker-sweep,2026-08-14T22:33:01.473068+00:00,jingjie-cpu-04.mae.cornell.edu,4cf37e9,50927,2,syn-s0-n8,0cc8ee8b3d38,8,4,012128355af4,f50cad3f321c,3,92.0,28.5,3092.0,3113.3835241732277,21.38352417322767,exact-milp/taker,GRB,OPTIMAL,3113.3835241732277,3113.3835241732277,0.0,3071.9999999999995,41.383524173228125,0.5426650047302246,0.006821632385253906,760,288,887,,,,,,sweep,,,16,0.5500000000000016,41,,
phase2,taker-sweep,2026-08-14T22:33:02.052173+00:00,jingjie-cpu-04.mae.cornell.edu,4cf37e9,50927,2,syn-s0-n8,0cc8ee8b3d38,8,4,012128355af4,f50cad3f321c,3,92.0,28.5,3092.0,3113.3835241732277,21.38352417322767,exact-milp/taker,GRB,OPTIMAL,3113.3835241732277,3113.3835241732277,0.0,3071.9999999999995,41.383524173228125,0.5256223678588867,0.006989955902099609,760,288,887,,,,,,sweep,,,16,0.6000000000000019,42,,
phase2,taker-sweep,2026-08-14T22:33:02.542325+00:00,jingjie-cpu-04.mae.cornell.edu,4cf37e9,50927,2,syn-s0-n8,0cc8ee8b3d38,8,4,012128355af4,f50cad3f321c,3,92.0,28.5,3092.0,3113.3835241732277,21.38352417322767,exact-milp/taker,GRB,OPTIMAL,3113.3835241732277,3113.3835241732277,0.0,3071.9999999999995,41.383524173228125,0.4531855583190918,0.006935834884643555,760,288,887,,,,,,sweep,,,16,0.6500000000000021,43,,
phase2,taker-sweep,2026-08-14T22:33:03.055114+00:00,jingjie-cpu-04.mae.cornell.edu,4cf37e9,50927,2,syn-s0-n8,0cc8ee8b3d38,8,4,012128355af4,f50cad3f321c,3,92.0,28.5,3092.0,3113.3835241732277,21.38352417322767,exact-milp/taker,GRB,OPTIMAL,3113.3835241732277,3113.3835241732277,0.0,3071.9999999999995,41.383524173228125,0.4757218360900879,0.006940364837646484,760,288,887,,,,,,sweep,,,16,0.700000000000002,44,,
phase2,taker-sweep,2026-08-14T22:33:03.539357+00:00,jingjie-cpu-04.mae.cornell.edu,4cf37e9,50927,2,syn-s0-n8,0cc8ee8b3d38,8,4,012128355af4,f50cad3f321c,3,92.0,28.5,3092.0,3113.3835241732277,21.38352417322767,exact-milp/taker,GRB,OPTIMAL,3113.3835241732277,3113.3835241732277,0.0,3071.9999999999995,41.383524173228125,0.4472362995147705,0.006900787353515625,760,288,887,,,,,,sweep,,,16,0.7500000000000018,45,,
phase2,taker-sweep,2026-08-14T22:33:04.062157+00:00,jingjie-cpu-04.mae.cornell.edu,4cf37e9,50927,2,syn-s0-n8,0cc8ee8b3d38,8,4,012128355af4,f50cad3f321c,3,92.0,28.5,3092.0,3113.3835241732277,21.38352417322767,exact-milp/taker,GRB,OPTIMAL,3113.3835241732277,3113.3835241732277,0.0,3071.9999999999995,41.383524173228125,0.48510050773620605,0.00692439079284668,760,288,887,,,,,,sweep,,,16,0.800000000000002,46,,
phase2,taker-sweep,2026-08-14T22:33:04.584759+00:00,jingjie-cpu-04.mae.cornell.edu,4cf37e9,50927,2,syn-s0-n8,0cc8ee8b3d38,8,4,012128355af4,f50cad3f321c,3,92.0,28.5,3092.0,3113.3835241732277,21.38352417322767,exact-milp/taker,GRB,OPTIMAL,3113.3835241732277,3113.3835241732277,0.0,3071.9999999999995,41.383524173228125,0.4482550621032715,0.006795644760131836,760,288,887,,,,,,sweep,,,16,0.8500000000000023,47,,
phase2,taker-sweep,2026-08-14T22:33:05.066770+00:00,jingjie-cpu-04.mae.cornell.edu,4cf37e9,50927,2,syn-s0-n8,0cc8ee8b3d38,8,4,012128355af4,f50cad3f321c,3,92.0,28.5,3092.0,3113.3835241732277,21.38352417322767,exact-milp/taker,GRB,OPTIMAL,3113.3835241732277,3113.3835241732277,0.0,3071.9999999999995,41.383524173228125,0.4452691078186035,0.006932735443115234,760,288,887,,,,,,sweep,,,16,0.9000000000000021,48,,
phase2,taker-sweep,2026-08-14T22:33:05.560579+00:00,jingjie-cpu-04.mae.cornell.edu,4cf37e9,50927,2,syn-s0-n8,0cc8ee8b3d38,8,4,012128355af4,f50cad3f321c,3,92.0,28.5,3092.0,3113.3835241732277,21.38352417322767,exact-milp/taker,GRB,OPTIMAL,3113.3835241732277,3113.3835241732277,0.0,3071.9999999999995,41.383524173228125,0.4561281204223633,0.006859779357910156,760,288,887,,,,,,sweep,,,16,0.950000000000002,49,,
phase2,taker-sweep,2026-08-14T22:33:06.088274+00:00,jingjie-cpu-04.mae.cornell.edu,4cf37e9,50927,2,syn-s0-n8,0cc8ee8b3d38,8,4,012128355af4,f50cad3f321c,3,92.0,28.5,3092.0,3113.3835241732277,21.38352417322767,exact-milp/taker,GRB,OPTIMAL,3113.3835241732277,3113.3835241732277,0.0,3071.9999999999995,41.383524173228125,0.4888172149658203,0.006930828094482422,760,288,887,,,,,,sweep,,,16,1.0000000000000022,50,,
phase2,taker-sweep,2026-08-14T22:33:06.566680+00:00,jingjie-cpu-04.mae.cornell.edu,4cf37e9,50927,2,syn-s0-n8,0cc8ee8b3d38,8,4,012128355af4,f50cad3f321c,3,92.0,28.5,3092.0,3113.3835241732277,21.38352417322767,exact-milp/taker,GRB,OPTIMAL,3113.3835241732277,3113.3835241732277,0.0,3071.9999999999995,41.383524173228125,0.44084620475769043,0.006798505783081055,760,288,887,,,,,,sweep,,,16,1.0500000000000025,51,,
phase2,taker-sweep,2026-08-14T22:33:07.160799+00:00,jingjie-cpu-04.mae.cornell.edu,4cf37e9,50927,2,syn-s0-n8,0cc8ee8b3d38,8,4,012128355af4,f50cad3f321c,3,92.0,28.5,3092.0,3113.3835241732277,21.38352417322767,exact-milp/taker,GRB,OPTIMAL,3113.3835241732277,3113.3835241732277,0.0,3071.9999999999995,41.383524173228125,0.5281307697296143,0.007125139236450195,760,288,887,,,,,,sweep,,,16,1.1000000000000023,52,,
phase2,taker-sweep,2026-08-14T22:33:07.669908+00:00,jingjie-cpu-04.mae.cornell.edu,4cf37e9,50927,2,syn-s0-n8,0cc8ee8b3d38,8,4,012128355af4,f50cad3f321c,3,92.0,28.5,3092.0,3113.3835241732277,21.38352417322767,exact-milp/taker,GRB,OPTIMAL,3113.3835241732277,3113.3835241732277,0.0,3071.9999999999995,41.383524173228125,0.47161030769348145,0.006926536560058594,760,288,887,,,,,,sweep,,,16,1.1500000000000021,53,,
phase2,taker-sweep,2026-08-14T22:33:08.192456+00:00,jingjie-cpu-04.mae.cornell.edu,4cf37e9,50927,2,syn-s0-n8,0cc8ee8b3d38,8,4,012128355af4,f50cad3f321c,3,92.0,28.5,3092.0,3113.3835241732277,21.38352417322767,exact-milp/taker,GRB,OPTIMAL,3113.3835241732277,3113.3835241732277,0.0,3071.9999999999995,41.383524173228125,0.48476672172546387,0.006897926330566406,760,288,887,,,,,,sweep,,,16,1.2000000000000024,54,,
phase2,taker-sweep,2026-08-14T22:33:08.727184+00:00,jingjie-cpu-04.mae.cornell.edu,4cf37e9,50927,2,syn-s0-n8,0cc8ee8b3d38,8,4,012128355af4,f50cad3f321c,3,92.0,28.5,3092.0,3113.3835241732277,21.38352417322767,exact-milp/taker,GRB,OPTIMAL,3113.3835241732277,3113.3835241732277,0.0,3071.9999999999995,41.383524173228125,0.4969141483306885,0.00675201416015625,760,288,887,,,,,,sweep,,,16,1.2500000000000027,55,,
phase2,taker-sweep,2026-08-14T22:33:09.272450+00:00,jingjie-cpu-04.mae.cornell.edu,4cf37e9,50927,2,syn-s0-n8,0cc8ee8b3d38,8,4,012128355af4,f50cad3f321c,3,92.0,28.5,3092.0,3113.3835241732277,21.38352417322767,exact-milp/taker,GRB,OPTIMAL,3113.3835241732277,3113.3835241732277,0.0,3071.9999999999995,41.383524173228125,0.5068504810333252,0.0069620609283447266,760,288,887,,,,,,sweep,,,16,1.3000000000000025,56,,
phase2,taker-sweep,2026-08-14T22:33:09.771592+00:00,jingjie-cpu-04.mae.cornell.edu,4cf37e9,50927,2,syn-s0-n8,0cc8ee8b3d38,8,4,012128355af4,f50cad3f321c,3,92.0,28.5,3092.0,3113.3835241732277,21.38352417322767,exact-milp/taker,GRB,OPTIMAL,3113.3835241732277,3113.3835241732277,0.0,3071.9999999999995,41.383524173228125,0.4304943084716797,0.006930351257324219,760,288,887,,,,,,sweep,,,16,1.3500000000000023,57,,
phase2,taker-sweep,2026-08-14T22:33:10.382120+00:00,jingjie-cpu-04.mae.cornell.edu,4cf37e9,50927,2,syn-s0-n8,0cc8ee8b3d38,8,4,012128355af4,f50cad3f321c,3,92.0,28.5,3092.0,3113.3835241732277,21.38352417322767,exact-milp/taker,GRB,OPTIMAL,3113.3835241732277,3113.3835241732277,0.0,3071.9999999999995,41.383524173228125,0.5730550289154053,0.006857633590698242,760,288,887,,,,,,sweep,,,16,1.4000000000000026,58,,
phase2,taker-sweep,2026-08-14T22:33:10.993738+00:00,jingjie-cpu-04.mae.cornell.edu,4cf37e9,50927,2,syn-s0-n8,0cc8ee8b3d38,8,4,012128355af4,f50cad3f321c,3,92.0,28.5,3092.0,3113.3835241732277,21.38352417322767,exact-milp/taker,GRB,OPTIMAL,3113.3835241732277,3113.3835241732277,0.0,3071.9999999999995,41.383524173228125,0.5478091239929199,0.006875514984130859,760,288,887,,,,,,sweep,,,16,1.4500000000000028,59,,
phase2,taker-sweep,2026-08-14T22:33:11.467279+00:00,jingjie-cpu-04.mae.cornell.edu,4cf37e9,50927,2,syn-s0-n8,0cc8ee8b3d38,8,4,012128355af4,f50cad3f321c,3,92.0,28.5,3092.0,3113.3835241732277,21.38352417322767,exact-milp/taker,GRB,OPTIMAL,3113.3835241732277,3113.3835241732277,0.0,3071.9999999999995,41.383524173228125,0.4356064796447754,0.0069391727447509766,760,288,887,,,,,,sweep,,,16,1.5000000000000027,60,,
phase2,taker-sweep,2026-08-14T22:32:39.271145+00:00,jingjie-cpu-04.mae.cornell.edu,4cf37e9,50928,3,syn-s0-n8,0cc8ee8b3d38,8,4,012128355af4,f50cad3f321c,3,92.0,28.5,3092.0,3113.3835241732277,21.38352417322767,exact-milp/taker,GRB,OPTIMAL,3113.3835241732277,3113.3835241732277,0.0,3071.9999999999995,41.383524173228125,0.5031318664550781,0.010443449020385742,760,288,887,,,,,,sweep,,,20,-1.5,0,,
phase2,taker-sweep,2026-08-14T22:32:39.815094+00:00,jingjie-cpu-04.mae.cornell.edu,4cf37e9,50928,3,syn-s0-n8,0cc8ee8b3d38,8,4,012128355af4,f50cad3f321c,3,92.0,28.5,3092.0,3113.3835241732277,21.38352417322767,exact-milp/taker,GRB,OPTIMAL,3113.3835241732277,3113.3835241732277,0.0,3071.9999999999995,41.383524173228125,0.5089848041534424,0.006518363952636719,760,288,887,,,,,,sweep,,,20,-1.45,1,,
phase2,taker-sweep,2026-08-14T22:32:40.347774+00:00,jingjie-cpu-04.mae.cornell.edu,4cf37e9,50928,3,syn-s0-n8,0cc8ee8b3d38,8,4,012128355af4,f50cad3f321c,3,92.0,28.5,3092.0,3113.3835241732277,21.38352417322767,exact-milp/taker,GRB,OPTIMAL,3113.3835241732277,3113.3835241732277,0.0,3071.9999999999995,41.383524173228125,0.4972348213195801,0.006912946701049805,760,288,887,,,,,,sweep,,,20,-1.4,2,,
phase2,taker-sweep,2026-08-14T22:32:40.822880+00:00,jingjie-cpu-04.mae.cornell.edu,4cf37e9,50928,3,syn-s0-n8,0cc8ee8b3d38,8,4,012128355af4,f50cad3f321c,3,92.0,28.5,3092.0,3113.3835241732277,21.38352417322767,exact-milp/taker,GRB,OPTIMAL,3113.3835241732277,3113.3835241732277,0.0,3071.9999999999995,41.383524173228125,0.43929362297058105,0.006803989410400391,760,288,887,,,,,,sweep,,,20,-1.3499999999999999,3,,
phase2,taker-sweep,2026-08-14T22:32:41.416072+00:00,jingjie-cpu-04.mae.cornell.edu,4cf37e9,50928,3,syn-s0-n8,0cc8ee8b3d38,8,4,012128355af4,f50cad3f321c,3,92.0,28.5,3092.0,3113.3835241732277,21.38352417322767,exact-milp/taker,GRB,OPTIMAL,3113.3835241732277,3113.3835241732277,0.0,3071.9999999999995,41.383524173228125,0.5251035690307617,0.0069370269775390625,760,288,887,,,,,,sweep,,,20,-1.2999999999999998,4,,
phase2,taker-sweep,2026-08-14T22:32:41.989953+00:00,jingjie-cpu-04.mae.cornell.edu,4cf37e9,50928,3,syn-s0-n8,0cc8ee8b3d38,8,4,012128355af4,f50cad3f321c,3,92.0,28.5,3092.0,3113.3835241732277,21.38352417322767,exact-milp/taker,GRB,OPTIMAL,3113.3835241732277,3113.3835241732277,0.0,3071.9999999999995,41.383524173228125,0.5385417938232422,0.006924867630004883,760,288,887,,,,,,sweep,,,20,-1.2499999999999998,5,,
phase2,taker-sweep,2026-08-14T22:32:42.449260+00:00,jingjie-cpu-04.mae.cornell.edu,4cf37e9,50928,3,syn-s0-n8,0cc8ee8b3d38,8,4,012128355af4,f50cad3f321c,3,92.0,28.5,3092.0,3113.3835241732277,21.38352417322767,exact-milp/taker,GRB,OPTIMAL,3113.3835241732277,3113.3835241732277,0.0,3071.9999999999995,41.383524173228125,0.4240689277648926,0.006885051727294922,760,288,887,,,,,,sweep,,,20,-1.1999999999999997,6,,
phase2,taker-sweep,2026-08-14T22:32:43.020518+00:00,jingjie-cpu-04.mae.cornell.edu,4cf37e9,50928,3,syn-s0-n8,0cc8ee8b3d38,8,4,012128355af4,f50cad3f321c,3,92.0,28.5,3092.0,3113.3835241732277,21.38352417322767,exact-milp/taker,GRB,OPTIMAL,3113.3835241732277,3113.3835241732277,0.0,3071.9999999999995,41.383524173228125,0.5354065895080566,0.006860256195068359,760,288,887,,,,,,sweep,,,20,-1.1499999999999997,7,,
phase2,taker-sweep,2026-08-14T22:32:43.559968+00:00,jingjie-cpu-04.mae.cornell.edu,4cf37e9,50928,3,syn-s0-n8,0cc8ee8b3d38,8,4,012128355af4,f50cad3f321c,3,92.0,28.5,3092.0,3113.3835241732277,21.38352417322767,exact-milp/taker,GRB,OPTIMAL,3113.3835241732277,3113.3835241732277,0.0,3071.9999999999995,41.383524173228125,0.4888191223144531,0.007086992263793945,760,288,887,,,,,,sweep,,,20,-1.0999999999999996,8,,
phase2,taker-sweep,2026-08-14T22:32:44.080756+00:00,jingjie-cpu-04.mae.cornell.edu,4cf37e9,50928,3,syn-s0-n8,0cc8ee8b3d38,8,4,012128355af4,f50cad3f321c,3,92.0,28.5,3092.0,3113.3835241732277,21.38352417322767,exact-milp/taker,GRB,OPTIMAL,3113.3835241732277,3113.3835241732277,0.0,3071.9999999999995,41.383524173228125,0.4852924346923828,0.00680994987487793,760,288,887,,,,,,sweep,,,20,-1.0499999999999996,9,,
phase2,taker-sweep,2026-08-14T22:32:44.634096+00:00,jingjie-cpu-04.mae.cornell.edu,4cf37e9,50928,3,syn-s0-n8,0cc8ee8b3d38,8,4,012128355af4,f50cad3f321c,3,92.0,28.5,3092.0,3113.3835241732277,21.38352417322767,exact-milp/taker,GRB,OPTIMAL,3113.3835241732277,3113.3835241732277,0.0,3071.9999999999995,41.383524173228125,0.517812967300415,0.00672602653503418,760,288,887,,,,,,sweep,,,20,-0.9999999999999996,10,,
phase2,taker-sweep,2026-08-14T22:32:45.189515+00:00,jingjie-cpu-04.mae.cornell.edu,4cf37e9,50928,3,syn-s0-n8,0cc8ee8b3d38,8,4,012128355af4,f50cad3f321c,3,92.0,28.5,3092.0,3113.3835241732277,21.38352417322767,exact-milp/taker,GRB,OPTIMAL,3113.3835241732277,3113.3835241732277,0.0,3071.9999999999995,41.383524173228125,0.5190210342407227,0.006838560104370117,760,288,887,,,,,,sweep,,,20,-0.9499999999999995,11,,
phase2,taker-sweep,2026-08-14T22:32:45.711703+00:00,jingjie-cpu-04.mae.cornell.edu,4cf37e9,50928,3,syn-s0-n8,0cc8ee8b3d38,8,4,012128355af4,f50cad3f321c,3,92.0,28.5,3092.0,3113.3835241732277,21.38352417322767,exact-milp/taker,GRB,OPTIMAL,3113.3835241732277,3113.3835241732277,0.0,3071.9999999999995,41.383524173228125,0.48578429222106934,0.00680994987487793,760,288,887,,,,,,sweep,,,20,-0.8999999999999995,12,,
phase2,taker-sweep,2026-08-14T22:32:46.300353+00:00,jingjie-cpu-04.mae.cornell.edu,4cf37e9,50928,3,syn-s0-n8,0cc8ee8b3d38,8,4,012128355af4,f50cad3f321c,3,92.0,28.5,3092.0,3113.3835241732277,21.38352417322767,exact-milp/taker,GRB,OPTIMAL,3113.3835241732277,3113.3835241732277,0.0,3071.9999999999995,41.383524173228125,0.5194768905639648,0.006954669952392578,760,288,887,,,,,,sweep,,,20,-0.8499999999999994,13,,
phase2,taker-sweep,2026-08-14T22:32:46.755504+00:00,jingjie-cpu-04.mae.cornell.edu,4cf37e9,50928,3,syn-s0-n8,0cc8ee8b3d38,8,4,012128355af4,f50cad3f321c,3,92.0,28.5,3092.0,3113.3835241732277,21.38352417322767,exact-milp/taker,GRB,OPTIMAL,3113.3835241732277,3113.3835241732277,0.0,3071.9999999999995,41.383524173228125,0.4188098907470703,0.006952524185180664,760,288,887,,,,,,sweep,,,20,-0.7999999999999994,14,,
phase2,taker-sweep,2026-08-14T22:32:47.360637+00:00,jingjie-cpu-04.mae.cornell.edu,4cf37e9,50928,3,syn-s0-n8,0cc8ee8b3d38,8,4,012128355af4,f50cad3f321c,3,92.0,28.5,3092.0,3113.3835241732277,21.38352417322767,exact-milp/taker,GRB,OPTIMAL,3113.3835241732277,3113.3835241732277,0.0,3071.9999999999995,41.383524173228125,0.5690901279449463,0.006814479827880859,760,288,887,,,,,,sweep,,,20,-0.7499999999999993,15,,
phase2,taker-sweep,2026-08-14T22:32:48.061095+00:00,jingjie-cpu-04.mae.cornell.edu,4cf37e9,50928,3,syn-s0-n8,0cc8ee8b3d38,8,4,012128355af4,f50cad3f321c,3,92.0,28.5,3092.0,3113.3835241732277,21.38352417322767,exact-milp/taker,GRB,OPTIMAL,3113.3835241732277,3113.3835241732277,0.0,3071.9999999999995,41.383524173228125,0.6636760234832764,0.006743431091308594,760,288,887,,,,,,sweep,,,20,-0.6999999999999993,16,,
phase2,taker-sweep,2026-08-14T22:32:48.649336+00:00,jingjie-cpu-04.mae.cornell.edu,4cf37e9,50928,3,syn-s0-n8,0cc8ee8b3d38,8,4,012128355af4,f50cad3f321c,3,92.0,28.5,3092.0,3113.3835241732277,21.38352417322767,exact-milp/taker,GRB,OPTIMAL,3113.3835241732277,3113.3835241732277,0.0,3071.9999999999995,41.383524173228125,0.5526788234710693,0.006708383560180664,760,288,887,,,,,,sweep,,,20,-0.6499999999999992,17,,
phase2,taker-sweep,2026-08-14T22:32:49.224803+00:00,jingjie-cpu-04.mae.cornell.edu,4cf37e9,50928,3,syn-s0-n8,0cc8ee8b3d38,8,4,012128355af4,f50cad3f321c,3,92.0,28.5,3092.0,3113.3835241732277,21.38352417322767,exact-milp/taker,GRB,OPTIMAL,3113.3835241732277,3113.3835241732277,0.0,3071.9999999999995,41.383524173228125,0.5120186805725098,0.006859302520751953,760,288,887,,,,,,sweep,,,20,-0.5999999999999992,18,,
phase2,taker-sweep,2026-08-14T22:32:49.773396+00:00,jingjie-cpu-04.mae.cornell.edu,4cf37e9,50928,3,syn-s0-n8,0cc8ee8b3d38,8,4,012128355af4,f50cad3f321c,3,92.0,28.5,3092.0,3113.3835241732277,21.38352417322767,exact-milp/taker,GRB,OPTIMAL,3113.3835241732277,3113.3835241732277,0.0,3071.9999999999995,41.383524173228125,0.5131773948669434,0.006833553314208984,760,288,887,,,,,,sweep,,,20,-0.5499999999999992,19,,
phase2,taker-sweep,2026-08-14T22:32:50.343615+00:00,jingjie-cpu-04.mae.cornell.edu,4cf37e9,50928,3,syn-s0-n8,0cc8ee8b3d38,8,4,012128355af4,f50cad3f321c,3,92.0,28.5,3092.0,3113.3835241732277,21.38352417322767,exact-milp/taker,GRB,OPTIMAL,3113.3835241732277,3113.3835241732277,0.0,3071.9999999999995,41.383524173228125,0.5344820022583008,0.006886720657348633,760,288,887,,,,,,sweep,,,20,-0.4999999999999991,20,,
phase2,taker-sweep,2026-08-14T22:32:50.840617+00:00,jingjie-cpu-04.mae.cornell.edu,4cf37e9,50928,3,syn-s0-n8,0cc8ee8b3d38,8,4,012128355af4,f50cad3f321c,3,92.0,28.5,3092.0,3113.3835241732277,21.38352417322767,exact-milp/taker,GRB,OPTIMAL,3113.3835241732277,3113.3835241732277,0.0,3071.9999999999995,41.383524173228125,0.46015119552612305,0.006633758544921875,760,288,887,,,,,,sweep,,,20,-0.44999999999999907,21,,
phase2,taker-sweep,2026-08-14T22:32:51.439469+00:00,jingjie-cpu-04.mae.cornell.edu,4cf37e9,50928,3,syn-s0-n8,0cc8ee8b3d38,8,4,012128355af4,f50cad3f321c,3,92.0,28.5,3092.0,3113.3835241732277,21.38352417322767,exact-milp/taker,GRB,OPTIMAL,3113.3835241732277,3113.3835241732277,0.0,3071.9999999999995,41.383524173228125,0.5615799427032471,0.006860494613647461,760,288,887,,,,,,sweep,,,20,-0.399999999999999,22,,
phase2,taker-sweep,2026-08-14T22:32:52.055543+00:00,jingjie-cpu-04.mae.cornell.edu,4cf37e9,50928,3,syn-s0-n8,0cc8ee8b3d38,8,4,012128355af4,f50cad3f321c,3,92.0,28.5,3092.0,3113.3835241732277,21.38352417322767,exact-milp/taker,GRB,OPTIMAL,3113.3835241732277,3113.3835241732277,0.0,3071.9999999999995,41.383524173228125,0.4974372386932373,0.00699925422668457,760,288,887,,,,,,sweep,,,20,-0.349999999999999,23,,
phase2,taker-sweep,2026-08-14T22:32:52.540804+00:00,jingjie-cpu-04.mae.cornell.edu,4cf37e9,50928,3,syn-s0-n8,0cc8ee8b3d38,8,4,012128355af4,f50cad3f321c,3,92.0,28.5,3092.0,3113.3835241732277,21.38352417322767,exact-milp/taker,GRB,OPTIMAL,3113.3835241732277,3113.3835241732277,0.0,3071.9999999999995,41.383524173228125,0.4481673240661621,0.006803274154663086,760,288,887,,,,,,sweep,,,20,-0.29999999999999893,24,,
phase2,taker-sweep,2026-08-14T22:32:53.048219+00:00,jingjie-cpu-04.mae.cornell.edu,4cf37e9,50928,3,syn-s0-n8,0cc8ee8b3d38,8,4,012128355af4,f50cad3f321c,3,92.0,28.5,3092.0,3113.3835241732277,21.38352417322767,exact-milp/taker,GRB,OPTIMAL,3113.3835241732277,3113.3835241732277,0.0,3071.9999999999995,41.383524173228125,0.4673929214477539,0.006791114807128906,760,288,887,,,,,,sweep,,,20,-0.2499999999999989,25,,
phase2,taker-sweep,2026-08-14T22:32:53.540805+00:00,jingjie-cpu-04.mae.cornell.edu,4cf37e9,50928,3,syn-s0-n8,0cc8ee8b3d38,8,4,012128355af4,f50cad3f321c,3,92.0,28.5,3092.0,3113.3835241732277,21.38352417322767,exact-milp/taker,GRB,OPTIMAL,3113.3835241732277,3113.3835241732277,0.0,3071.9999999999995,41.383524173228125,0.4567561149597168,0.0068035125732421875,760,288,887,,,,,,sweep,,,20,-0.19999999999999885,26,,
phase2,taker-sweep,2026-08-14T22:32:54.016205+00:00,jingjie-cpu-04.mae.cornell.edu,4cf37e9,50928,3,syn-s0-n8,0cc8ee8b3d38,8,4,012128355af4,f50cad3f321c,3,92.0,28.5,3092.0,3113.3835241732277,21.38352417322767,exact-milp/taker,GRB,OPTIMAL,3113.3835241732277,3113.3835241732277,0.0,3071.9999999999995,41.383524173228125,0.4389033317565918,0.006779670715332031,760,288,887,,,,,,sweep,,,20,-0.1499999999999988,27,,
phase2,taker-sweep,2026-08-14T22:32:54.670631+00:00,jingjie-cpu-04.mae.cornell.edu,4cf37e9,50928,3,syn-s0-n8,0cc8ee8b3d38,8,4,012128355af4,f50cad3f321c,3,92.0,28.5,3092.0,3113.3835241732277,21.38352417322767,exact-milp/taker,GRB,OPTIMAL,3113.3835241732277,3113.3835241732277,0.0,3071.9999999999995,41.383524173228125,0.578789234161377,0.006819963455200195,760,288,887,,,,,,sweep,,,20,-0.09999999999999876,28,,
phase2,taker-sweep,2026-08-14T22:32:55.195880+00:00,jingjie-cpu-04.mae.cornell.edu,4cf37e9,50928,3,syn-s0-n8,0cc8ee8b3d38,8,4,012128355af4,f50cad3f321c,3,92.0,28.5,3092.0,3113.3835241732277,21.38352417322767,exact-milp/taker,GRB,OPTIMAL,3113.3835241732277,3113.3835241732277,0.0,3071.9999999999995,41.383524173228125,0.4891815185546875,0.006777048110961914,760,288,887,,,,,,sweep,,,20,-0.04999999999999871,29,,
phase2,taker-sweep,2026-08-14T22:32:55.798520+00:00,jingjie-cpu-04.mae.cornell.edu,4cf37e9,50928,3,syn-s0-n8,0cc8ee8b3d38,8,4,012128355af4,f50cad3f321c,3,92.0,28.5,3092.0,3113.3835241732277,21.38352417322767,exact-milp/taker,GRB,OPTIMAL,3113.3835241732277,3113.3835241732277,0.0,3071.9999999999995,41.383524173228125,0.5656771659851074,0.006898403167724609,760,288,887,,,,,,sweep,,,20,1.3322676295501878e-15,30,,
phase2,taker-sweep,2026-08-14T22:32:56.250241+00:00,jingjie-cpu-04.mae.cornell.edu,4cf37e9,50928,3,syn-s0-n8,0cc8ee8b3d38,8,4,012128355af4,f50cad3f321c,3,92.0,28.5,3092.0,3113.3835241732277,21.38352417322767,exact-milp/taker,GRB,OPTIMAL,3113.3835241732277,3113.3835241732277,0.0,3071.9999999999995,41.383524173228125,0.414095401763916,0.0067920684814453125,760,288,887,,,,,,sweep,,,20,0.05000000000000138,31,,
phase2,taker-sweep,2026-08-14T22:32:56.823331+00:00,jingjie-cpu-04.mae.cornell.edu,4cf37e9,50928,3,syn-s0-n8,0cc8ee8b3d38,8,4,012128355af4,f50cad3f321c,3,92.0,28.5,3092.0,3113.3835241732277,21.38352417322767,exact-milp/taker,GRB,OPTIMAL,3113.3835241732277,3113.3835241732277,0.0,3071.9999999999995,41.383524173228125,0.5368506908416748,0.006643772125244141,760,288,887,,,,,,sweep,,,20,0.10000000000000142,32,,
phase2,taker-sweep,2026-08-14T22:32:57.324078+00:00,jingjie-cpu-04.mae.cornell.edu,4cf37e9,50928,3,syn-s0-n8,0cc8ee8b3d38,8,4,012128355af4,f50cad3f321c,3,92.0,28.5,3092.0,3113.3835241732277,21.38352417322767,exact-milp/taker,GRB,OPTIMAL,3113.3835241732277,3113.3835241732277,0.0,3071.9999999999995,41.383524173228125,0.4311373233795166,0.006775379180908203,760,288,887,,,,,,sweep,,,20,0.15000000000000147,33,,
phase2,taker-sweep,2026-08-14T22:32:57.810126+00:00,jingjie-cpu-04.mae.cornell.edu,4cf37e9,50928,3,syn-s0-n8,0cc8ee8b3d38,8,4,012128355af4,f50cad3f321c,3,92.0,28.5,3092.0,3113.3835241732277,21.38352417322767,exact-milp/taker,GRB,OPTIMAL,3113.3835241732277,3113.3835241732277,0.0,3071.9999999999995,41.383524173228125,0.44875335693359375,0.006769657135009766,760,288,887,,,,,,sweep,,,20,0.2000000000000015,34,,
phase2,taker-sweep,2026-08-14T22:32:58.397023+00:00,jingjie-cpu-04.mae.cornell.edu,4cf37e9,50928,3,syn-s0-n8,0cc8ee8b3d38,8,4,012128355af4,f50cad3f321c,3,92.0,28.5,3092.0,3113.3835241732277,21.38352417322767,exact-milp/taker,GRB,OPTIMAL,3113.3835241732277,3113.3835241732277,0.0,3071.9999999999995,41.383524173228125,0.5496411323547363,0.006780862808227539,760,288,887,,,,,,sweep,,,20,0.25000000000000155,35,,
phase2,taker-sweep,2026-08-14T22:32:58.954995+00:00,jingjie-cpu-04.mae.cornell.edu,4cf37e9,50928,3,syn-s0-n8,0cc8ee8b3d38,8,4,012128355af4,f50cad3f321c,3,92.0,28.5,3092.0,3113.3835241732277,21.38352417322767,exact-milp/taker,GRB,OPTIMAL,3113.3835241732277,3113.3835241732277,0.0,3071.9999999999995,41.383524173228125,0.5208306312561035,0.00662684440612793,760,288,887,,,,,,sweep,,,20,0.3000000000000016,36,,
phase2,taker-sweep,2026-08-14T22:32:59.543001+00:00,jingjie-cpu-04.mae.cornell.edu,4cf37e9,50928,3,syn-s0-n8,0cc8ee8b3d38,8,4,012128355af4,f50cad3f321c,3,92.0,28.5,3092.0,3113.3835241732277,21.38352417322767,exact-milp/taker,GRB,OPTIMAL,3113.3835241732277,3113.3835241732277,0.0,3071.9999999999995,41.383524173228125,0.5349929332733154,0.0069043636322021484,760,288,887,,,,,,sweep,,,20,0.35000000000000164,37,,
phase2,taker-sweep,2026-08-14T22:33:00.224731+00:00,jingjie-cpu-04.mae.cornell.edu,4cf37e9,50928,3,syn-s0-n8,0cc8ee8b3d38,8,4,012128355af4,f50cad3f321c,3,92.0,28.5,3092.0,3113.3835241732277,21.38352417322767,exact-milp/taker,GRB,OPTIMAL,3113.3835241732277,3113.3835241732277,0.0,3071.9999999999995,41.383524173228125,0.645667314529419,0.006821155548095703,760,288,887,,,,,,sweep,,,20,0.4000000000000017,38,,
phase2,taker-sweep,2026-08-14T22:33:00.708180+00:00,jingjie-cpu-04.mae.cornell.edu,4cf37e9,50928,3,syn-s0-n8,0cc8ee8b3d38,8,4,012128355af4,f50cad3f321c,3,92.0,28.5,3092.0,3113.3835241732277,21.38352417322767,exact-milp/taker,GRB,OPTIMAL,3113.3835241732277,3113.3835241732277,0.0,3071.9999999999995,41.383524173228125,0.44549107551574707,0.006909847259521484,760,288,887,,,,,,sweep,,,20,0.45000000000000173,39,,
phase2,taker-sweep,2026-08-14T22:33:01.260827+00:00,jingjie-cpu-04.mae.cornell.edu,4cf37e9,50928,3,syn-s0-n8,0cc8ee8b3d38,8,4,012128355af4,f50cad3f321c,3,92.0,28.5,3092.0,3113.3835241732277,21.38352417322767,exact-milp/taker,GRB,OPTIMAL,3113.3835241732277,3113.3835241732277,0.0,3071.9999999999995,41.383524173228125,0.5150551795959473,0.006819963455200195,760,288,887,,,,,,sweep,,,20,0.5000000000000018,40,,
phase2,taker-sweep,2026-08-14T22:33:01.750935+00:00,jingjie-cpu-04.mae.cornell.edu,4cf37e9,50928,3,syn-s0-n8,0cc8ee8b3d38,8,4,012128355af4,f50cad3f321c,3,92.0,28.5,3092.0,3113.3835241732277,21.38352417322767,exact-milp/taker,GRB,OPTIMAL,3113.3835241732277,3113.3835241732277,0.0,3071.9999999999995,41.383524173228125,0.45375537872314453,0.0067291259765625,760,288,887,,,,,,sweep,,,20,0.5500000000000016,41,,
phase2,taker-sweep,2026-08-14T22:33:02.316608+00:00,jingjie-cpu-04.mae.cornell.edu,4cf37e9,50928,3,syn-s0-n8,0cc8ee8b3d38,8,4,012128355af4,f50cad3f321c,3,92.0,28.5,3092.0,3113.3835241732277,21.38352417322767,exact-milp/taker,GRB,OPTIMAL,3113.3835241732277,3113.3835241732277,0.0,3071.9999999999995,41.383524173228125,0.4909534454345703,0.00871419906616211,760,288,887,,,,,,sweep,,,20,0.6000000000000019,42,,
phase2,taker-sweep,2026-08-14T22:33:02.820962+00:00,jingjie-cpu-04.mae.cornell.edu,4cf37e9,50928,3,syn-s0-n8,0cc8ee8b3d38,8,4,012128355af4,f50cad3f321c,3,92.0,28.5,3092.0,3113.3835241732277,21.38352417322767,exact-milp/taker,GRB,OPTIMAL,3113.3835241732277,3113.3835241732277,0.0,3071.9999999999995,41.383524173228125,0.46723127365112305,0.00686955451965332,760,288,887,,,,,,sweep,,,20,0.6500000000000021,43,,
phase2,taker-sweep,2026-08-14T22:33:03.454779+00:00,jingjie-cpu-04.mae.cornell.edu,4cf37e9,50928,3,syn-s0-n8,0cc8ee8b3d38,8,4,012128355af4,f50cad3f321c,3,92.0,28.5,3092.0,3113.3835241732277,21.38352417322767,exact-milp/taker,GRB,OPTIMAL,3113.3835241732277,3113.3835241732277,0.0,3071.9999999999995,41.383524173228125,0.5973074436187744,0.006703853607177734,760,288,887,,,,,,sweep,,,20,0.700000000000002,44,,
phase2,taker-sweep,2026-08-14T22:33:04.026464+00:00,jingjie-cpu-04.mae.cornell.edu,4cf37e9,50928,3,syn-s0-n8,0cc8ee8b3d38,8,4,012128355af4,f50cad3f321c,3,92.0,28.5,3092.0,3113.3835241732277,21.38352417322767,exact-milp/taker,GRB,OPTIMAL,3113.3835241732277,3113.3835241732277,0.0,3071.9999999999995,41.383524173228125,0.5349681377410889,0.006826877593994141,760,288,887,,,,,,sweep,,,20,0.7500000000000018,45,,
phase2,taker-sweep,2026-08-14T22:33:04.726905+00:00,jingjie-cpu-04.mae.cornell.edu,4cf37e9,50928,3,syn-s0-n8,0cc8ee8b3d38,8,4,012128355af4,f50cad3f321c,3,92.0,28.5,3092.0,3113.3835241732277,21.38352417322767,exact-milp/taker,GRB,OPTIMAL,3113.3835241732277,3113.3835241732277,0.0,3071.9999999999995,41.383524173228125,0.6636619567871094,0.006956338882446289,760,288,887,,,,,,sweep,,,20,0.800000000000002,46,,
phase2,taker-sweep,2026-08-14T22:33:05.368140+00:00,jingjie-cpu-04.mae.cornell.edu,4cf37e9,50928,3,syn-s0-n8,0cc8ee8b3d38,8,4,012128355af4,f50cad3f321c,3,92.0,28.5,3092.0,3113.3835241732277,21.38352417322767,exact-milp/taker,GRB,OPTIMAL,3113.3835241732277,3113.3835241732277,0.0,3071.9999999999995,41.383524173228125,0.5810770988464355,0.006967067718505859,760,288,887,,,,,,sweep,,,20,0.8500000000000023,47,,
phase2,taker-sweep,2026-08-14T22:33:05.921049+00:00,jingjie-cpu-04.mae.cornell.edu,4cf37e9,50928,3,syn-s0-n8,0cc8ee8b3d38,8,4,012128355af4,f50cad3f321c,3,92.0,28.5,3092.0,3113.3835241732277,21.38352417322767,exact-milp/taker,GRB,OPTIMAL,3113.3835241732277,3113.3835241732277,0.0,3071.9999999999995,41.383524173228125,0.5149054527282715,0.00685429573059082,760,288,887,,,,,,sweep,,,20,0.9000000000000021,48,,
phase2,taker-sweep,2026-08-14T22:33:06.537925+00:00,jingjie-cpu-04.mae.cornell.edu,4cf37e9,50928,3,syn-s0-n8,0cc8ee8b3d38,8,4,012128355af4,f50cad3f321c,3,92.0,28.5,3092.0,3113.3835241732277,21.38352417322767,exact-milp/taker,GRB,OPTIMAL,3113.3835241732277,3113.3835241732277,0.0,3071.9999999999995,41.383524173228125,0.578704833984375,0.006928443908691406,760,288,887,,,,,,sweep,,,20,0.950000000000002,49,,
phase2,taker-sweep,2026-08-14T22:33:07.136868+00:00,jingjie-cpu-04.mae.cornell.edu,4cf37e9,50928,3,syn-s0-n8,0cc8ee8b3d38,8,4,012128355af4,f50cad3f321c,3,92.0,28.5,3092.0,3113.3835241732277,21.38352417322767,exact-milp/taker,GRB,OPTIMAL,3113.3835241732277,3113.3835241732277,0.0,3071.9999999999995,41.383524173228125,0.5602059364318848,0.006781339645385742,760,288,887,,,,,,sweep,,,20,1.0000000000000022,50,,
phase2,taker-sweep,2026-08-14T22:33:07.747367+00:00,jingjie-cpu-04.mae.cornell.edu,4cf37e9,50928,3,syn-s0-n8,0cc8ee8b3d38,8,4,012128355af4,f50cad3f321c,3,92.0,28.5,3092.0,3113.3835241732277,21.38352417322767,exact-milp/taker,GRB,OPTIMAL,3113.3835241732277,3113.3835241732277,0.0,3071.9999999999995,41.383524173228125,0.572953462600708,0.007084846496582031,760,288,887,,,,,,sweep,,,20,1.0500000000000025,51,,
phase2,taker-sweep,2026-08-14T22:33:08.241595+00:00,jingjie-cpu-04.mae.cornell.edu,4cf37e9,50928,3,syn-s0-n8,0cc8ee8b3d38,8,4,012128355af4,f50cad3f321c,3,92.0,28.5,3092.0,3113.3835241732277,21.38352417322767,exact-milp/taker,GRB,OPTIMAL,3113.3835241732277,3113.3835241732277,0.0,3071.9999999999995,41.383524173228125,0.43196606636047363,0.007132291793823242,760,288,887,,,,,,sweep,,,20,1.1000000000000023,52,,
phase2,taker-sweep,2026-08-14T22:33:08.808669+00:00,jingjie-cpu-04.mae.cornell.edu,4cf37e9,50928,3,syn-s0-n8,0cc8ee8b3d38,8,4,012128355af4,f50cad3f321c,3,92.0,28.5,3092.0,3113.3835241732277,21.38352417322767,exact-milp/taker,GRB,OPTIMAL,3113.3835241732277,3113.3835241732277,0.0,3071.9999999999995,41.383524173228125,0.5301458835601807,0.00693202018737793,760,288,887,,,,,,sweep,,,20,1.1500000000000021,53,,
phase2,taker-sweep,2026-08-14T22:33:09.342879+00:00,jingjie-cpu-04.mae.cornell.edu,4cf37e9,50928,3,syn-s0-n8,0cc8ee8b3d38,8,4,012128355af4,f50cad3f321c,3,92.0,28.5,3092.0,3113.3835241732277,21.38352417322767,exact-milp/taker,GRB,OPTIMAL,3113.3835241732277,3113.3835241732277,0.0,3071.9999999999995,41.383524173228125,0.49727916717529297,0.006829261779785156,760,288,887,,,,,,sweep,,,20,1.2000000000000024,54,,
phase2,taker-sweep,2026-08-14T22:33:09.875560+00:00,jingjie-cpu-04.mae.cornell.edu,4cf37e9,50928,3,syn-s0-n8,0cc8ee8b3d38,8,4,012128355af4,f50cad3f321c,3,92.0,28.5,3092.0,3113.3835241732277,21.38352417322767,exact-milp/taker,GRB,OPTIMAL,3113.3835241732277,3113.3835241732277,0.0,3071.9999999999995,41.383524173228125,0.49595165252685547,0.0067670345306396484,760,288,887,,,,,,sweep,,,20,1.2500000000000027,55,,
phase2,taker-sweep,2026-08-14T22:33:10.358567+00:00,jingjie-cpu-04.mae.cornell.edu,4cf37e9,50928,3,syn-s0-n8,0cc8ee8b3d38,8,4,012128355af4,f50cad3f321c,3,92.0,28.5,3092.0,3113.3835241732277,21.38352417322767,exact-milp/taker,GRB,OPTIMAL,3113.3835241732277,3113.3835241732277,0.0,3071.9999999999995,41.383524173228125,0.44570088386535645,0.006871223449707031,760,288,887,,,,,,sweep,,,20,1.3000000000000025,56,,
phase2,taker-sweep,2026-08-14T22:33:10.874222+00:00,jingjie-cpu-04.mae.cornell.edu,4cf37e9,50928,3,syn-s0-n8,0cc8ee8b3d38,8,4,012128355af4,f50cad3f321c,3,92.0,28.5,3092.0,3113.3835241732277,21.38352417322767,exact-milp/taker,GRB,OPTIMAL,3113.3835241732277,3113.3835241732277,0.0,3071.9999999999995,41.383524173228125,0.4554769992828369,0.007279634475708008,760,288,887,,,,,,sweep,,,20,1.3500000000000023,57,,
phase2,taker-sweep,2026-08-14T22:33:11.409870+00:00,jingjie-cpu-04.mae.cornell.edu,4cf37e9,50928,3,syn-s0-n8,0cc8ee8b3d38,8,4,012128355af4,f50cad3f321c,3,92.0,28.5,3092.0,3113.3835241732277,21.38352417322767,exact-milp/taker,GRB,OPTIMAL,3113.3835241732277,3113.3835241732277,0.0,3071.9999999999995,41.383524173228125,0.4973735809326172,0.006919384002685547,760,288,887,,,,,,sweep,,,20,1.4000000000000026,58,,
phase2,taker-sweep,2026-08-14T22:33:11.909871+00:00,jingjie-cpu-04.mae.cornell.edu,4cf37e9,50928,3,syn-s0-n8,0cc8ee8b3d38,8,4,012128355af4,f50cad3f321c,3,92.0,28.5,3092.0,3113.3835241732277,21.38352417322767,exact-milp/taker,GRB,OPTIMAL,3113.3835241732277,3113.3835241732277,0.0,3071.9999999999995,41.383524173228125,0.4606928825378418,0.006905078887939453,760,288,887,,,,,,sweep,,,20,1.4500000000000028,59,,
phase2,taker-sweep,2026-08-14T22:33:12.524881+00:00,jingjie-cpu-04.mae.cornell.edu,4cf37e9,50928,3,syn-s0-n8,0cc8ee8b3d38,8,4,012128355af4,f50cad3f321c,3,92.0,28.5,3092.0,3113.3835241732277,21.38352417322767,exact-milp/taker,GRB,OPTIMAL,3113.3835241732277,3113.3835241732277,0.0,3071.9999999999995,41.383524173228125,0.5768892765045166,0.006877422332763672,760,288,887,,,,,,sweep,,,20,1.5000000000000027,60,,
phase2,taker-sweep,2026-08-14T22:24:18.836166+00:00,totient-cpu-03.cs.cornell.edu,c9e5868,50846,0,syn-s0-n8,0cc8ee8b3d38,8,4,012128355af4,f50cad3f321c,3,92.0,28.5,3092.0,3113.3835241732277,21.38352417322767,exact-milp/taker,GRB,OPTIMAL,3113.3835241732277,3113.3835241732277,0.0,3071.9999999999995,41.383524173228125,0.4044005870819092,0.019385099411010742,760,288,887,,,,,,sweep,,,8,-1.5,0,,
phase2,taker-sweep,2026-08-14T22:24:19.360461+00:00,totient-cpu-03.cs.cornell.edu,c9e5868,50846,0,syn-s0-n8,0cc8ee8b3d38,8,4,012128355af4,f50cad3f321c,3,92.0,28.5,3092.0,3113.3835241732277,21.38352417322767,exact-milp/taker,GRB,OPTIMAL,3113.3835241732277,3113.3835241732277,0.0,3071.9999999999995,41.383524173228125,0.4554591178894043,0.0075795650482177734,760,288,887,,,,,,sweep,,,8,-1.45,1,,
phase2,taker-sweep,2026-08-14T22:24:19.822212+00:00,totient-cpu-03.cs.cornell.edu,c9e5868,50846,0,syn-s0-n8,0cc8ee8b3d38,8,4,012128355af4,f50cad3f321c,3,92.0,28.5,3092.0,3113.3835241732277,21.38352417322767,exact-milp/taker,GRB,OPTIMAL,3113.3835241732277,3113.3835241732277,0.0,3071.9999999999995,41.383524173228125,0.3823084831237793,0.0072078704833984375,760,288,887,,,,,,sweep,,,8,-1.4,2,,
phase2,taker-sweep,2026-08-14T22:24:20.325718+00:00,totient-cpu-03.cs.cornell.edu,c9e5868,50846,0,syn-s0-n8,0cc8ee8b3d38,8,4,012128355af4,f50cad3f321c,3,92.0,28.5,3092.0,3113.3835241732277,21.38352417322767,exact-milp/taker,GRB,OPTIMAL,3113.3835241732277,3113.3835241732277,0.0,3071.9999999999995,41.383524173228125,0.4544820785522461,0.007384300231933594,760,288,887,,,,,,sweep,,,8,-1.3499999999999999,3,,
phase2,taker-sweep,2026-08-14T22:24:20.796619+00:00,totient-cpu-03.cs.cornell.edu,c9e5868,50846,0,syn-s0-n8,0cc8ee8b3d38,8,4,012128355af4,f50cad3f321c,3,92.0,28.5,3092.0,3113.3835241732277,21.38352417322767,exact-milp/taker,GRB,OPTIMAL,3113.3835241732277,3113.3835241732277,0.0,3071.9999999999995,41.383524173228125,0.39562058448791504,0.007490634918212891,760,288,887,,,,,,sweep,,,8,-1.2999999999999998,4,,
phase2,taker-sweep,2026-08-14T22:24:21.233707+00:00,totient-cpu-03.cs.cornell.edu,c9e5868,50846,0,syn-s0-n8,0cc8ee8b3d38,8,4,012128355af4,f50cad3f321c,3,92.0,28.5,3092.0,3113.3835241732277,21.38352417322767,exact-milp/taker,GRB,OPTIMAL,3113.3835241732277,3113.3835241732277,0.0,3071.9999999999995,41.383524173228125,0.3973832130432129,0.0070953369140625,760,288,887,,,,,,sweep,,,8,-1.2499999999999998,5,,
phase2,taker-sweep,2026-08-14T22:24:21.674019+00:00,totient-cpu-03.cs.cornell.edu,c9e5868,50846,0,syn-s0-n8,0cc8ee8b3d38,8,4,012128355af4,f50cad3f321c,3,92.0,28.5,3092.0,3113.3835241732277,21.38352417322767,exact-milp/taker,GRB,OPTIMAL,3113.3835241732277,3113.3835241732277,0.0,3071.9999999999995,41.383524173228125,0.40020751953125,0.007480621337890625,760,288,887,,,,,,sweep,,,8,-1.1999999999999997,6,,
phase2,taker-sweep,2026-08-14T22:24:22.120785+00:00,totient-cpu-03.cs.cornell.edu,c9e5868,50846,0,syn-s0-n8,0cc8ee8b3d38,8,4,012128355af4,f50cad3f321c,3,92.0,28.5,3092.0,3113.3835241732277,21.38352417322767,exact-milp/taker,GRB,OPTIMAL,3113.3835241732277,3113.3835241732277,0.0,3071.9999999999995,41.383524173228125,0.4077603816986084,0.007054567337036133,760,288,887,,,,,,sweep,,,8,-1.1499999999999997,7,,
phase2,taker-sweep,2026-08-14T22:24:22.697297+00:00,totient-cpu-03.cs.cornell.edu,c9e5868,50846,0,syn-s0-n8,0cc8ee8b3d38,8,4,012128355af4,f50cad3f321c,3,92.0,28.5,3092.0,3113.3835241732277,21.38352417322767,exact-milp/taker,GRB,OPTIMAL,3113.3835241732277,3113.3835241732277,0.0,3071.9999999999995,41.383524173228125,0.509211540222168,0.007796525955200195,760,288,887,,,,,,sweep,,,8,-1.0999999999999996,8,,
phase2,taker-sweep,2026-08-14T22:24:23.135627+00:00,totient-cpu-03.cs.cornell.edu,c9e5868,50846,0,syn-s0-n8,0cc8ee8b3d38,8,4,012128355af4,f50cad3f321c,3,92.0,28.5,3092.0,3113.3835241732277,21.38352417322767,exact-milp/taker,GRB,OPTIMAL,3113.3835241732277,3113.3835241732277,0.0,3071.9999999999995,41.383524173228125,0.39746999740600586,0.0075075626373291016,760,288,887,,,,,,sweep,,,8,-1.0499999999999996,9,,
phase2,taker-sweep,2026-08-14T22:24:23.563450+00:00,totient-cpu-03.cs.cornell.edu,c9e5868,50846,0,syn-s0-n8,0cc8ee8b3d38,8,4,012128355af4,f50cad3f321c,3,92.0,28.5,3092.0,3113.3835241732277,21.38352417322767,exact-milp/taker,GRB,OPTIMAL,3113.3835241732277,3113.3835241732277,0.0,3071.9999999999995,41.383524173228125,0.386951208114624,0.007500410079956055,760,288,887,,,,,,sweep,,,8,-0.9999999999999996,10,,
phase2,taker-sweep,2026-08-14T22:24:24.108116+00:00,totient-cpu-03.cs.cornell.edu,c9e5868,50846,0,syn-s0-n8,0cc8ee8b3d38,8,4,012128355af4,f50cad3f321c,3,92.0,28.5,3092.0,3113.3835241732277,21.38352417322767,exact-milp/taker,GRB,OPTIMAL,3113.3835241732277,3113.3835241732277,0.0,3071.9999999999995,41.383524173228125,0.5034754276275635,0.007485151290893555,760,288,887,,,,,,sweep,,,8,-0.9499999999999995,11,,
phase2,taker-sweep,2026-08-14T22:24:24.524724+00:00,totient-cpu-03.cs.cornell.edu,c9e5868,50846,0,syn-s0-n8,0cc8ee8b3d38,8,4,012128355af4,f50cad3f321c,3,92.0,28.5,3092.0,3113.3835241732277,21.38352417322767,exact-milp/taker,GRB,OPTIMAL,3113.3835241732277,3113.3835241732277,0.0,3071.9999999999995,41.383524173228125,0.37578654289245605,0.007468461990356445,760,288,887,,,,,,sweep,,,8,-0.8999999999999995,12,,
phase2,taker-sweep,2026-08-14T22:24:24.991518+00:00,totient-cpu-03.cs.cornell.edu,c9e5868,50846,0,syn-s0-n8,0cc8ee8b3d38,8,4,012128355af4,f50cad3f321c,3,92.0,28.5,3092.0,3113.3835241732277,21.38352417322767,exact-milp/taker,GRB,OPTIMAL,3113.3835241732277,3113.3835241732277,0.0,3071.9999999999995,41.383524173228125,0.3891453742980957,0.007417201995849609,760,288,887,,,,,,sweep,,,8,-0.8499999999999994,13,,
phase2,taker-sweep,2026-08-14T22:24:25.416089+00:00,totient-cpu-03.cs.cornell.edu,c9e5868,50846,0,syn-s0-n8,0cc8ee8b3d38,8,4,012128355af4,f50cad3f321c,3,92.0,28.5,3092.0,3113.3835241732277,21.38352417322767,exact-milp/taker,GRB,OPTIMAL,3113.3835241732277,3113.3835241732277,0.0,3071.9999999999995,41.383524173228125,0.3847846984863281,0.007611989974975586,760,288,887,,,,,,sweep,,,8,-0.7999999999999994,14,,
phase2,taker-sweep,2026-08-14T22:24:25.838900+00:00,totient-cpu-03.cs.cornell.edu,c9e5868,50846,0,syn-s0-n8,0cc8ee8b3d38,8,4,012128355af4,f50cad3f321c,3,92.0,28.5,3092.0,3113.3835241732277,21.38352417322767,exact-milp/taker,GRB,OPTIMAL,3113.3835241732277,3113.3835241732277,0.0,3071.9999999999995,41.383524173228125,0.3827946186065674,0.0073451995849609375,760,288,887,,,,,,sweep,,,8,-0.7499999999999993,15,,
phase2,taker-sweep,2026-08-14T22:24:26.315241+00:00,totient-cpu-03.cs.cornell.edu,c9e5868,50846,0,syn-s0-n8,0cc8ee8b3d38,8,4,012128355af4,f50cad3f321c,3,92.0,28.5,3092.0,3113.3835241732277,21.38352417322767,exact-milp/taker,GRB,OPTIMAL,3113.3835241732277,3113.3835241732277,0.0,3071.9999999999995,41.383524173228125,0.4368269443511963,0.007302999496459961,760,288,887,,,,,,sweep,,,8,-0.6999999999999993,16,,
phase2,taker-sweep,2026-08-14T22:24:26.791378+00:00,totient-cpu-03.cs.cornell.edu,c9e5868,50846,0,syn-s0-n8,0cc8ee8b3d38,8,4,012128355af4,f50cad3f321c,3,92.0,28.5,3092.0,3113.3835241732277,21.38352417322767,exact-milp/taker,GRB,OPTIMAL,3113.3835241732277,3113.3835241732277,0.0,3071.9999999999995,41.383524173228125,0.43615174293518066,0.0074121952056884766,760,288,887,,,,,,sweep,,,8,-0.6499999999999992,17,,
phase2,taker-sweep,2026-08-14T22:24:27.287123+00:00,totient-cpu-03.cs.cornell.edu,c9e5868,50846,0,syn-s0-n8,0cc8ee8b3d38,8,4,012128355af4,f50cad3f321c,3,92.0,28.5,3092.0,3113.3835241732277,21.38352417322767,exact-milp/taker,GRB,OPTIMAL,3113.3835241732277,3113.3835241732277,0.0,3071.9999999999995,41.383524173228125,0.43489980697631836,0.007372856140136719,760,288,887,,,,,,sweep,,,8,-0.5999999999999992,18,,
phase2,taker-sweep,2026-08-14T22:24:27.745283+00:00,totient-cpu-03.cs.cornell.edu,c9e5868,50846,0,syn-s0-n8,0cc8ee8b3d38,8,4,012128355af4,f50cad3f321c,3,92.0,28.5,3092.0,3113.3835241732277,21.38352417322767,exact-milp/taker,GRB,OPTIMAL,3113.3835241732277,3113.3835241732277,0.0,3071.9999999999995,41.383524173228125,0.41785287857055664,0.0073337554931640625,760,288,887,,,,,,sweep,,,8,-0.5499999999999992,19,,
phase2,taker-sweep,2026-08-14T22:24:28.215066+00:00,totient-cpu-03.cs.cornell.edu,c9e5868,50846,0,syn-s0-n8,0cc8ee8b3d38,8,4,012128355af4,f50cad3f321c,3,92.0,28.5,3092.0,3113.3835241732277,21.38352417322767,exact-milp/taker,GRB,OPTIMAL,3113.3835241732277,3113.3835241732277,0.0,3071.9999999999995,41.383524173228125,0.42957139015197754,0.007456302642822266,760,288,887,,,,,,sweep,,,8,-0.4999999999999991,20,,
phase2,taker-sweep,2026-08-14T22:24:28.695578+00:00,totient-cpu-03.cs.cornell.edu,c9e5868,50846,0,syn-s0-n8,0cc8ee8b3d38,8,4,012128355af4,f50cad3f321c,3,92.0,28.5,3092.0,3113.3835241732277,21.38352417322767,exact-milp/taker,GRB,OPTIMAL,3113.3835241732277,3113.3835241732277,0.0,3071.9999999999995,41.383524173228125,0.44037604331970215,0.007218360900878906,760,288,887,,,,,,sweep,,,8,-0.44999999999999907,21,,
phase2,taker-sweep,2026-08-14T22:24:29.298629+00:00,totient-cpu-03.cs.cornell.edu,c9e5868,50846,0,syn-s0-n8,0cc8ee8b3d38,8,4,012128355af4,f50cad3f321c,3,92.0,28.5,3092.0,3113.3835241732277,21.38352417322767,exact-milp/taker,GRB,OPTIMAL,3113.3835241732277,3113.383524173227,1.4606210489509936e-16,3071.9999999999995,41.383524173228125,0.562298059463501,0.007544755935668945,760,288,887,,,,,,sweep,,,8,-0.399999999999999,22,,
phase2,taker-sweep,2026-08-14T22:24:29.992209+00:00,totient-cpu-03.cs.cornell.edu,c9e5868,50846,0,syn-s0-n8,0cc8ee8b3d38,8,4,012128355af4,f50cad3f321c,3,92.0,28.5,3092.0,3113.3835241732277,21.38352417322767,exact-milp/taker,GRB,OPTIMAL,3113.3835241732277,3113.383524173227,1.4606210489509936e-16,3071.9999999999995,41.383524173228125,0.5657241344451904,0.0075647830963134766,760,288,887,,,,,,sweep,,,8,-0.349999999999999,23,,
phase2,taker-sweep,2026-08-14T22:24:30.588560+00:00,totient-cpu-03.cs.cornell.edu,c9e5868,50846,0,syn-s0-n8,0cc8ee8b3d38,8,4,012128355af4,f50cad3f321c,3,92.0,28.5,3092.0,3113.3835241732277,21.38352417322767,exact-milp/taker,GRB,OPTIMAL,3113.3835241732277,3113.383524173227,1.4606210489509936e-16,3071.9999999999995,41.383524173228125,0.5554590225219727,0.007530927658081055,760,288,887,,,,,,sweep,,,8,-0.29999999999999893,24,,
phase2,taker-sweep,2026-08-14T22:24:31.033956+00:00,totient-cpu-03.cs.cornell.edu,c9e5868,50846,0,syn-s0-n8,0cc8ee8b3d38,8,4,012128355af4,f50cad3f321c,3,92.0,28.5,3092.0,3113.3835241732277,21.38352417322767,exact-milp/taker,GRB,OPTIMAL,3113.3835241732277,3113.3835241732277,0.0,3071.9999999999995,41.383524173228125,0.40395116806030273,0.007442474365234375,760,288,887,,,,,,sweep,,,8,-0.2499999999999989,25,,
phase2,taker-sweep,2026-08-14T22:24:31.487525+00:00,totient-cpu-03.cs.cornell.edu,c9e5868,50846,0,syn-s0-n8,0cc8ee8b3d38,8,4,012128355af4,f50cad3f321c,3,92.0,28.5,3092.0,3113.3835241732277,21.38352417322767,exact-milp/taker,GRB,OPTIMAL,3113.3835241732277,3113.3835241732277,0.0,3071.9999999999995,41.383524173228125,0.41337013244628906,0.007321357727050781,760,288,887,,,,,,sweep,,,8,-0.19999999999999885,26,,
phase2,taker-sweep,2026-08-14T22:24:31.965374+00:00,totient-cpu-03.cs.cornell.edu,c9e5868,50846,0,syn-s0-n8,0cc8ee8b3d38,8,4,012128355af4,f50cad3f321c,3,92.0,28.5,3092.0,3113.3835241732277,21.38352417322767,exact-milp/taker,GRB,OPTIMAL,3113.3835241732277,3113.3835241732277,0.0,3071.9999999999995,41.383524173228125,0.42761707305908203,0.007266044616699219,760,288,887,,,,,,sweep,,,8,-0.1499999999999988,27,,
phase2,taker-sweep,2026-08-14T22:24:32.436658+00:00,totient-cpu-03.cs.cornell.edu,c9e5868,50846,0,syn-s0-n8,0cc8ee8b3d38,8,4,012128355af4,f50cad3f321c,3,92.0,28.5,3092.0,3113.3835241732277,21.38352417322767,exact-milp/taker,GRB,OPTIMAL,3113.3835241732277,3113.3835241732277,0.0,3071.9999999999995,41.383524173228125,0.3915979862213135,0.0076525211334228516,760,288,887,,,,,,sweep,,,8,-0.09999999999999876,28,,
phase2,taker-sweep,2026-08-14T22:24:32.969481+00:00,totient-cpu-03.cs.cornell.edu,c9e5868,50846,0,syn-s0-n8,0cc8ee8b3d38,8,4,012128355af4,f50cad3f321c,3,92.0,28.5,3092.0,3113.3835241732277,21.38352417322767,exact-milp/taker,GRB,OPTIMAL,3113.3835241732277,3113.3835241732277,0.0,3071.9999999999995,41.383524173228125,0.4898712635040283,0.00757598876953125,760,288,887,,,,,,sweep,,,8,-0.04999999999999871,29,,
phase2,taker-sweep,2026-08-14T22:24:33.396073+00:00,totient-cpu-03.cs.cornell.edu,c9e5868,50846,0,syn-s0-n8,0cc8ee8b3d38,8,4,012128355af4,f50cad3f321c,3,92.0,28.5,3092.0,3113.3835241732277,21.38352417322767,exact-milp/taker,GRB,OPTIMAL,3113.3835241732277,3113.3835241732277,0.0,3071.9999999999995,41.383524173228125,0.3846912384033203,0.007487773895263672,760,288,887,,,,,,sweep,,,8,1.3322676295501878e-15,30,,
phase2,taker-sweep,2026-08-14T22:24:33.818943+00:00,totient-cpu-03.cs.cornell.edu,c9e5868,50846,0,syn-s0-n8,0cc8ee8b3d38,8,4,012128355af4,f50cad3f321c,3,92.0,28.5,3092.0,3113.3835241732277,21.38352417322767,exact-milp/taker,GRB,OPTIMAL,3113.3835241732277,3113.3835241732277,0.0,3071.9999999999995,41.383524173228125,0.38065433502197266,0.007253408432006836,760,288,887,,,,,,sweep,,,8,0.05000000000000138,31,,
phase2,taker-sweep,2026-08-14T22:24:34.332250+00:00,totient-cpu-03.cs.cornell.edu,c9e5868,50846,0,syn-s0-n8,0cc8ee8b3d38,8,4,012128355af4,f50cad3f321c,3,92.0,28.5,3092.0,3113.3835241732277,21.38352417322767,exact-milp/taker,GRB,OPTIMAL,3113.3835241732277,3113.3835241732277,0.0,3071.9999999999995,41.383524173228125,0.4729185104370117,0.0073490142822265625,760,288,887,,,,,,sweep,,,8,0.10000000000000142,32,,
phase2,taker-sweep,2026-08-14T22:24:34.781109+00:00,totient-cpu-03.cs.cornell.edu,c9e5868,50846,0,syn-s0-n8,0cc8ee8b3d38,8,4,012128355af4,f50cad3f321c,3,92.0,28.5,3092.0,3113.3835241732277,21.38352417322767,exact-milp/taker,GRB,OPTIMAL,3113.3835241732277,3113.3835241732277,0.0,3071.9999999999995,41.383524173228125,0.38274168968200684,0.007215261459350586,760,288,887,,,,,,sweep,,,8,0.15000000000000147,33,,
phase2,taker-sweep,2026-08-14T22:24:35.231960+00:00,totient-cpu-03.cs.cornell.edu,c9e5868,50846,0,syn-s0-n8,0cc8ee8b3d38,8,4,012128355af4,f50cad3f321c,3,92.0,28.5,3092.0,3113.3835241732277,21.38352417322767,exact-milp/taker,GRB,OPTIMAL,3113.3835241732277,3113.3835241732277,0.0,3071.9999999999995,41.383524173228125,0.41007137298583984,0.007321357727050781,760,288,887,,,,,,sweep,,,8,0.2000000000000015,34,,
phase2,taker-sweep,2026-08-14T22:24:35.678464+00:00,totient-cpu-03.cs.cornell.edu,c9e5868,50846,0,syn-s0-n8,0cc8ee8b3d38,8,4,012128355af4,f50cad3f321c,3,92.0,28.5,3092.0,3113.3835241732277,21.38352417322767,exact-milp/taker,GRB,OPTIMAL,3113.3835241732277,3113.3835241732277,0.0,3071.9999999999995,41.383524173228125,0.4058058261871338,0.007292270660400391,760,288,887,,,,,,sweep,,,8,0.25000000000000155,35,,
phase2,taker-sweep,2026-08-14T22:24:36.104763+00:00,totient-cpu-03.cs.cornell.edu,c9e5868,50846,0,syn-s0-n8,0cc8ee8b3d38,8,4,012128355af4,f50cad3f321c,3,92.0,28.5,3092.0,3113.3835241732277,21.38352417322767,exact-milp/taker,GRB,OPTIMAL,3113.3835241732277,3113.3835241732277,0.0,3071.9999999999995,41.383524173228125,0.3857872486114502,0.007280588150024414,760,288,887,,,,,,sweep,,,8,0.3000000000000016,36,,
phase2,taker-sweep,2026-08-14T22:24:36.557073+00:00,totient-cpu-03.cs.cornell.edu,c9e5868,50846,0,syn-s0-n8,0cc8ee8b3d38,8,4,012128355af4,f50cad3f321c,3,92.0,28.5,3092.0,3113.3835241732277,21.38352417322767,exact-milp/taker,GRB,OPTIMAL,3113.3835241732277,3113.3835241732277,0.0,3071.9999999999995,41.383524173228125,0.37909412384033203,0.009649276733398438,760,288,887,,,,,,sweep,,,8,0.35000000000000164,37,,
phase2,taker-sweep,2026-08-14T22:24:36.997870+00:00,totient-cpu-03.cs.cornell.edu,c9e5868,50846,0,syn-s0-n8,0cc8ee8b3d38,8,4,012128355af4,f50cad3f321c,3,92.0,28.5,3092.0,3113.3835241732277,21.38352417322767,exact-milp/taker,GRB,OPTIMAL,3113.3835241732277,3113.3835241732277,0.0,3071.9999999999995,41.383524173228125,0.40042734146118164,0.0072154998779296875,760,288,887,,,,,,sweep,,,8,0.4000000000000017,38,,
phase2,taker-sweep,2026-08-14T22:24:37.429744+00:00,totient-cpu-03.cs.cornell.edu,c9e5868,50846,0,syn-s0-n8,0cc8ee8b3d38,8,4,012128355af4,f50cad3f321c,3,92.0,28.5,3092.0,3113.3835241732277,21.38352417322767,exact-milp/taker,GRB,OPTIMAL,3113.3835241732277,3113.3835241732277,0.0,3071.9999999999995,41.383524173228125,0.3909764289855957,0.00747990608215332,760,288,887,,,,,,sweep,,,8,0.45000000000000173,39,,
phase2,taker-sweep,2026-08-14T22:24:37.917794+00:00,totient-cpu-03.cs.cornell.edu,c9e5868,50846,0,syn-s0-n8,0cc8ee8b3d38,8,4,012128355af4,f50cad3f321c,3,92.0,28.5,3092.0,3113.3835241732277,21.38352417322767,exact-milp/taker,GRB,OPTIMAL,3113.3835241732277,3113.3835241732277,0.0,3071.9999999999995,41.383524173228125,0.4473083019256592,0.0073049068450927734,760,288,887,,,,,,sweep,,,8,0.5000000000000018,40,,
phase2,taker-sweep,2026-08-14T22:24:38.358078+00:00,totient-cpu-03.cs.cornell.edu,c9e5868,50846,0,syn-s0-n8,0cc8ee8b3d38,8,4,012128355af4,f50cad3f321c,3,92.0,28.5,3092.0,3113.3835241732277,21.38352417322767,exact-milp/taker,GRB,OPTIMAL,3113.3835241732277,3113.3835241732277,0.0,3071.9999999999995,41.383524173228125,0.39857053756713867,0.007449150085449219,760,288,887,,,,,,sweep,,,8,0.5500000000000016,41,,
phase2,taker-sweep,2026-08-14T22:24:38.800397+00:00,totient-cpu-03.cs.cornell.edu,c9e5868,50846,0,syn-s0-n8,0cc8ee8b3d38,8,4,012128355af4,f50cad3f321c,3,92.0,28.5,3092.0,3113.3835241732277,21.38352417322767,exact-milp/taker,GRB,OPTIMAL,3113.3835241732277,3113.3835241732277,0.0,3071.9999999999995,41.383524173228125,0.3754711151123047,0.007520437240600586,760,288,887,,,,,,sweep,,,8,0.6000000000000019,42,,
phase2,taker-sweep,2026-08-14T22:24:39.223129+00:00,totient-cpu-03.cs.cornell.edu,c9e5868,50846,0,syn-s0-n8,0cc8ee8b3d38,8,4,012128355af4,f50cad3f321c,3,92.0,28.5,3092.0,3113.3835241732277,21.38352417322767,exact-milp/taker,GRB,OPTIMAL,3113.3835241732277,3113.3835241732277,0.0,3071.9999999999995,41.383524173228125,0.37990522384643555,0.007399559020996094,760,288,887,,,,,,sweep,,,8,0.6500000000000021,43,,
phase2,taker-sweep,2026-08-14T22:24:39.670483+00:00,totient-cpu-03.cs.cornell.edu,c9e5868,50846,0,syn-s0-n8,0cc8ee8b3d38,8,4,012128355af4,f50cad3f321c,3,92.0,28.5,3092.0,3113.3835241732277,21.38352417322767,exact-milp/taker,GRB,OPTIMAL,3113.3835241732277,3113.3835241732277,0.0,3071.9999999999995,41.383524173228125,0.4045131206512451,0.007508039474487305,760,288,887,,,,,,sweep,,,8,0.700000000000002,44,,
phase2,taker-sweep,2026-08-14T22:24:40.107766+00:00,totient-cpu-03.cs.cornell.edu,c9e5868,50846,0,syn-s0-n8,0cc8ee8b3d38,8,4,012128355af4,f50cad3f321c,3,92.0,28.5,3092.0,3113.3835241732277,21.38352417322767,exact-milp/taker,GRB,OPTIMAL,3113.3835241732277,3113.3835241732277,0.0,3071.9999999999995,41.383524173228125,0.39470624923706055,0.007420539855957031,760,288,887,,,,,,sweep,,,8,0.7500000000000018,45,,
phase2,taker-sweep,2026-08-14T22:24:40.528266+00:00,totient-cpu-03.cs.cornell.edu,c9e5868,50846,0,syn-s0-n8,0cc8ee8b3d38,8,4,012128355af4,f50cad3f321c,3,92.0,28.5,3092.0,3113.3835241732277,21.38352417322767,exact-milp/taker,GRB,OPTIMAL,3113.3835241732277,3113.3835241732277,0.0,3071.9999999999995,41.383524173228125,0.3794994354248047,0.007212400436401367,760,288,887,,,,,,sweep,,,8,0.800000000000002,46,,
phase2,taker-sweep,2026-08-14T22:24:40.992446+00:00,totient-cpu-03.cs.cornell.edu,c9e5868,50846,0,syn-s0-n8,0cc8ee8b3d38,8,4,012128355af4,f50cad3f321c,3,92.0,28.5,3092.0,3113.3835241732277,21.38352417322767,exact-milp/taker,GRB,OPTIMAL,3113.3835241732277,3113.3835241732277,0.0,3071.9999999999995,41.383524173228125,0.37982988357543945,0.007275819778442383,760,288,887,,,,,,sweep,,,8,0.8500000000000023,47,,
phase2,taker-sweep,2026-08-14T22:24:41.509661+00:00,totient-cpu-03.cs.cornell.edu,c9e5868,50846,0,syn-s0-n8,0cc8ee8b3d38,8,4,012128355af4,f50cad3f321c,3,92.0,28.5,3092.0,3113.3835241732277,21.38352417322767,exact-milp/taker,GRB,OPTIMAL,3113.3835241732277,3113.3835241732277,0.0,3071.9999999999995,41.383524173228125,0.47492146492004395,0.0074880123138427734,760,288,887,,,,,,sweep,,,8,0.9000000000000021,48,,
phase2,taker-sweep,2026-08-14T22:24:41.957205+00:00,totient-cpu-03.cs.cornell.edu,c9e5868,50846,0,syn-s0-n8,0cc8ee8b3d38,8,4,012128355af4,f50cad3f321c,3,92.0,28.5,3092.0,3113.3835241732277,21.38352417322767,exact-milp/taker,GRB,OPTIMAL,3113.3835241732277,3113.3835241732277,0.0,3071.9999999999995,41.383524173228125,0.4030270576477051,0.007573604583740234,760,288,887,,,,,,sweep,,,8,0.950000000000002,49,,
phase2,taker-sweep,2026-08-14T22:24:42.430340+00:00,totient-cpu-03.cs.cornell.edu,c9e5868,50846,0,syn-s0-n8,0cc8ee8b3d38,8,4,012128355af4,f50cad3f321c,3,92.0,28.5,3092.0,3113.3835241732277,21.38352417322767,exact-milp/taker,GRB,OPTIMAL,3113.3835241732277,3113.3835241732277,0.0,3071.9999999999995,41.383524173228125,0.4320356845855713,0.007370710372924805,760,288,887,,,,,,sweep,,,8,1.0000000000000022,50,,
phase2,taker-sweep,2026-08-14T22:24:42.863014+00:00,totient-cpu-03.cs.cornell.edu,c9e5868,50846,0,syn-s0-n8,0cc8ee8b3d38,8,4,012128355af4,f50cad3f321c,3,92.0,28.5,3092.0,3113.3835241732277,21.38352417322767,exact-milp/taker,GRB,OPTIMAL,3113.3835241732277,3113.3835241732277,0.0,3071.9999999999995,41.383524173228125,0.391188383102417,0.007330656051635742,760,288,887,,,,,,sweep,,,8,1.0500000000000025,51,,
phase2,taker-sweep,2026-08-14T22:24:43.349118+00:00,totient-cpu-03.cs.cornell.edu,c9e5868,50846,0,syn-s0-n8,0cc8ee8b3d38,8,4,012128355af4,f50cad3f321c,3,92.0,28.5,3092.0,3113.3835241732277,21.38352417322767,exact-milp/taker,GRB,OPTIMAL,3113.3835241732277,3113.3835241732277,0.0,3071.9999999999995,41.383524173228125,0.406095027923584,0.007651090621948242,760,288,887,,,,,,sweep,,,8,1.1000000000000023,52,,
phase2,taker-sweep,2026-08-14T22:24:43.778576+00:00,totient-cpu-03.cs.cornell.edu,c9e5868,50846,0,syn-s0-n8,0cc8ee8b3d38,8,4,012128355af4,f50cad3f321c,3,92.0,28.5,3092.0,3113.3835241732277,21.38352417322767,exact-milp/taker,GRB,OPTIMAL,3113.3835241732277,3113.3835241732277,0.0,3071.9999999999995,41.383524173228125,0.3865373134613037,0.007296085357666016,760,288,887,,,,,,sweep,,,8,1.1500000000000021,53,,
phase2,taker-sweep,2026-08-14T22:24:44.204863+00:00,totient-cpu-03.cs.cornell.edu,c9e5868,50846,0,syn-s0-n8,0cc8ee8b3d38,8,4,012128355af4,f50cad3f321c,3,92.0,28.5,3092.0,3113.3835241732277,21.38352417322767,exact-milp/taker,GRB,OPTIMAL,3113.3835241732277,3113.3835241732277,0.0,3071.9999999999995,41.383524173228125,0.383927583694458,0.007424354553222656,760,288,887,,,,,,sweep,,,8,1.2000000000000024,54,,
phase2,taker-sweep,2026-08-14T22:24:44.683614+00:00,totient-cpu-03.cs.cornell.edu,c9e5868,50846,0,syn-s0-n8,0cc8ee8b3d38,8,4,012128355af4,f50cad3f321c,3,92.0,28.5,3092.0,3113.3835241732277,21.38352417322767,exact-milp/taker,GRB,OPTIMAL,3113.3835241732277,3113.3835241732277,0.0,3071.9999999999995,41.383524173228125,0.4374363422393799,0.0071489810943603516,760,288,887,,,,,,sweep,,,8,1.2500000000000027,55,,
phase2,taker-sweep,2026-08-14T22:24:45.114180+00:00,totient-cpu-03.cs.cornell.edu,c9e5868,50846,0,syn-s0-n8,0cc8ee8b3d38,8,4,012128355af4,f50cad3f321c,3,92.0,28.5,3092.0,3113.3835241732277,21.38352417322767,exact-milp/taker,GRB,OPTIMAL,3113.3835241732277,3113.3835241732277,0.0,3071.9999999999995,41.383524173228125,0.38822388648986816,0.007216215133666992,760,288,887,,,,,,sweep,,,8,1.3000000000000025,56,,
phase2,taker-sweep,2026-08-14T22:24:45.589221+00:00,totient-cpu-03.cs.cornell.edu,c9e5868,50846,0,syn-s0-n8,0cc8ee8b3d38,8,4,012128355af4,f50cad3f321c,3,92.0,28.5,3092.0,3113.3835241732277,21.38352417322767,exact-milp/taker,GRB,OPTIMAL,3113.3835241732277,3113.3835241732277,0.0,3071.9999999999995,41.383524173228125,0.40602874755859375,0.007441282272338867,760,288,887,,,,,,sweep,,,8,1.3500000000000023,57,,
phase2,taker-sweep,2026-08-14T22:24:46.030067+00:00,totient-cpu-03.cs.cornell.edu,c9e5868,50846,0,syn-s0-n8,0cc8ee8b3d38,8,4,012128355af4,f50cad3f321c,3,92.0,28.5,3092.0,3113.3835241732277,21.38352417322767,exact-milp/taker,GRB,OPTIMAL,3113.3835241732277,3113.3835241732277,0.0,3071.9999999999995,41.383524173228125,0.3992459774017334,0.007310152053833008,760,288,887,,,,,,sweep,,,8,1.4000000000000026,58,,
phase2,taker-sweep,2026-08-14T22:24:46.446815+00:00,totient-cpu-03.cs.cornell.edu,c9e5868,50846,0,syn-s0-n8,0cc8ee8b3d38,8,4,012128355af4,f50cad3f321c,3,92.0,28.5,3092.0,3113.3835241732277,21.38352417322767,exact-milp/taker,GRB,OPTIMAL,3113.3835241732277,3113.3835241732277,0.0,3071.9999999999995,41.383524173228125,0.37523770332336426,0.0074307918548583984,760,288,887,,,,,,sweep,,,8,1.4500000000000028,59,,
phase2,taker-sweep,2026-08-14T22:24:46.881680+00:00,totient-cpu-03.cs.cornell.edu,c9e5868,50846,0,syn-s0-n8,0cc8ee8b3d38,8,4,012128355af4,f50cad3f321c,3,92.0,28.5,3092.0,3113.3835241732277,21.38352417322767,exact-milp/taker,GRB,OPTIMAL,3113.3835241732277,3113.3835241732277,0.0,3071.9999999999995,41.383524173228125,0.39187145233154297,0.007153511047363281,760,288,887,,,,,,sweep,,,8,1.5000000000000027,60,,
phase2,taker-sweep,2026-08-14T22:32:39.135828+00:00,jingjie-cpu-05.mae.cornell.edu,4cf37e9,50938,13,syn-s1-n12,3406ecdf08f7,12,6,699b0ab79810,6792761214b5,3,162.0,122.5,3162.0,3079.6319126309263,-82.36808736907369,exact-milp/taker,GRB,OPTIMAL,3079.6319126309263,3079.6319126309263,0.0,3040.9693410087066,38.66257162221973,2.14593768119812,0.0588681697845459,3004,924,2913,,,,,,sweep,,,12,-1.5,0,,
phase2,taker-sweep,2026-08-14T22:32:41.609632+00:00,jingjie-cpu-05.mae.cornell.edu,4cf37e9,50938,13,syn-s1-n12,3406ecdf08f7,12,6,d35138a854cf,6792761214b5,3,162.0,122.5,3162.0,3085.7569126309263,-76.24308736907369,exact-milp/taker,GRB,OPTIMAL,3085.7569126309263,3085.756912630926,1.4736979086882934e-16,3049.969341008708,35.787571622218366,2.340045690536499,0.05115008354187012,3004,924,2913,,,,,,sweep,,,12,-1.45,1,,
phase2,taker-sweep,2026-08-14T22:32:43.981763+00:00,jingjie-cpu-05.mae.cornell.edu,4cf37e9,50938,13,syn-s1-n12,3406ecdf08f7,12,6,abdfa567e9ea,6792761214b5,3,162.0,122.5,3162.0,3091.8819126309263,-70.11808736907369,exact-milp/taker,GRB,OPTIMAL,3091.8819126309263,3091.8819126309263,0.0,3058.9693410087098,32.91257162221655,2.226898193359375,0.05039358139038086,3004,924,2913,,,,,,sweep,,,12,-1.4,2,,
phase2,taker-sweep,2026-08-14T22:32:46.307082+00:00,jingjie-cpu-05.mae.cornell.edu,4cf37e9,50938,13,syn-s1-n12,3406ecdf08f7,12,6,90de7a280822,6792761214b5,3,162.0,122.5,3162.0,3098.0069126309263,-63.99308736907369,exact-milp/taker,GRB,OPTIMAL,3098.0069126309263,3098.0069126309263,0.0,3067.9693410087075,30.03757162221882,2.1894640922546387,0.05371356010437012,3004,924,2913,,,,,,sweep,,,12,-1.3499999999999999,3,,
phase2,taker-sweep,2026-08-14T22:32:47.968608+00:00,jingjie-cpu-05.mae.cornell.edu,4cf37e9,50938,13,syn-s1-n12,3406ecdf08f7,12,6,16c58d5cdad3,6792761214b5,3,162.0,122.5,3162.0,3104.1319126309263,-57.86808736907369,exact-milp/taker,GRB,OPTIMAL,3104.1319126309263,3104.1319126309263,0.0,3076.9693410087075,27.16257162221882,1.5284967422485352,0.050791025161743164,3004,924,2913,,,,,,sweep,,,12,-1.2999999999999998,4,,
phase2,taker-sweep,2026-08-14T22:32:50.693091+00:00,jingjie-cpu-05.mae.cornell.edu,4cf37e9,50938,13,syn-s1-n12,3406ecdf08f7,12,6,f9f45f9686b4,6792761214b5,3,162.0,122.5,3162.0,3110.2569126309263,-51.74308736907369,exact-milp/taker,GRB,OPTIMAL,3110.2569126309263,3110.256912630926,1.4620893503675205e-16,3085.9693410087084,24.28757162221791,2.5915422439575195,0.05049324035644531,3004,924,2913,,,,,,sweep,,,12,-1.2499999999999998,5,,
phase2,taker-sweep,2026-08-14T22:32:52.790547+00:00,jingjie-cpu-05.mae.cornell.edu,4cf37e9,50938,13,syn-s1-n12,3406ecdf08f7,12,6,6658f11a2487,6792761214b5,3,162.0,122.5,3162.0,3116.3819126309263,-45.61808736907369,exact-milp/taker,GRB,OPTIMAL,3116.3819126309263,3116.381912630926,1.4592157304062748e-16,3094.969341008708,21.412571622218366,1.9023675918579102,0.053727149963378906,3004,924,2913,,,,,,sweep,,,12,-1.1999999999999997,6,,
phase2,taker-sweep,2026-08-14T22:32:54.361886+00:00,jingjie-cpu-05.mae.cornell.edu,4cf37e9,50938,13,syn-s1-n12,3406ecdf08f7,12,6,a2cad41c50d7,6792761214b5,3,162.0,122.5,3162.0,3122.5069126309263,-39.49308736907369,exact-milp/taker,GRB,OPTIMAL,3122.5069126309263,3122.506912630926,1.4563533840292071e-16,3103.969341008708,18.537571622218366,1.4345173835754395,0.05402541160583496,3004,924,2913,,,,,,sweep,,,12,-1.1499999999999997,7,,
phase2,taker-sweep,2026-08-14T22:32:56.192964+00:00,jingjie-cpu-05.mae.cornell.edu,4cf37e9,50938,13,syn-s1-n12,3406ecdf08f7,12,6,160e1bf486d9,6792761214b5,3,162.0,122.5,3162.0,3128.6319126309263,-33.36808736907369,exact-milp/taker,GRB,OPTIMAL,3128.6319126309263,3128.6319126309263,0.0,3112.9693410087084,15.66257162221791,1.6951558589935303,0.05197882652282715,3004,924,2913,,,,,,sweep,,,12,-1.0999999999999996,8,,
phase2,taker-sweep,2026-08-14T22:32:59.647783+00:00,jingjie-cpu-05.mae.cornell.edu,4cf37e9,50938,13,syn-s1-n12,3406ecdf08f7,12,6,01e68456e339,6792761214b5,3,162.0,122.5,3162.0,3134.7569126309263,-27.24308736907369,exact-milp/taker,GRB,OPTIMAL,3134.7569126309263,3134.7569126309263,0.0,3119.9999999999995,14.756912630926763,3.3208296298980713,0.04886674880981445,3004,924,2913,,,,,,sweep,,,12,-1.0499999999999996,9,,
phase2,taker-sweep,2026-08-14T22:33:02.405777+00:00,jingjie-cpu-05.mae.cornell.edu,4cf37e9,50938,13,syn-s1-n12,3406ecdf08f7,12,6,66caead95937,6792761214b5,3,162.0,122.5,3162.0,3140.8819126309263,-21.11808736907369,exact-milp/taker,GRB,OPTIMAL,3140.8819126309263,3140.8819126309263,0.0,3120.0000000000014,20.881912630924944,2.6191234588623047,0.0472869873046875,3004,924,2913,,,,,,sweep,,,12,-0.9999999999999996,10,,
phase2,taker-sweep,2026-08-14T22:33:04.886946+00:00,jingjie-cpu-05.mae.cornell.edu,4cf37e9,50938,13,syn-s1-n12,3406ecdf08f7,12,6,485715e2e936,6792761214b5,3,162.0,122.5,3162.0,3147.0069126309263,-14.993087369073692,exact-milp/taker,GRB,OPTIMAL,3147.0069126309263,3147.0069126309263,0.0,3119.9999999999995,27.006912630926763,2.344721794128418,0.04980587959289551,3004,924,2913,,,,,,sweep,,,12,-0.9499999999999995,11,,
phase2,taker-sweep,2026-08-14T22:33:07.087346+00:00,jingjie-cpu-05.mae.cornell.edu,4cf37e9,50938,13,syn-s1-n12,3406ecdf08f7,12,6,485715e2e936,6792761214b5,3,162.0,122.5,3162.0,3153.1319126309263,-8.868087369073692,exact-milp/taker,GRB,OPTIMAL,3153.1319126309263,3153.1319126309263,0.0,3119.9999999999977,33.13191263092858,2.0682480335235596,0.04931020736694336,3004,924,2913,,,,,,sweep,,,12,-0.8999999999999995,12,,
phase2,taker-sweep,2026-08-14T22:33:10.142181+00:00,jingjie-cpu-05.mae.cornell.edu,4cf37e9,50938,13,syn-s1-n12,3406ecdf08f7,12,6,485715e2e936,6792761214b5,3,162.0,122.5,3162.0,3159.2569126309263,-2.7430873690736917,exact-milp/taker,GRB,OPTIMAL,3159.2569126309263,3159.2569126309263,0.0,3120.0000000000005,39.256912630925854,2.922546863555908,0.04945778846740723,3004,924,2913,,,,,,sweep,,,12,-0.8499999999999994,13,,
phase2,taker-sweep,2026-08-14T22:33:13.450901+00:00,jingjie-cpu-05.mae.cornell.edu,4cf37e9,50938,13,syn-s1-n12,3406ecdf08f7,12,6,02a314e31914,8c465c5258df,3,162.0,89.7,3162.0,3164.4763882693396,2.4763882693396226,exact-milp/taker,GRB,OPTIMAL,3164.4763882693396,3164.4763882693396,0.0,3120.0,44.47638826933962,3.167311191558838,0.05066394805908203,3004,924,2913,,,,,,sweep,,,12,-0.7999999999999994,14,,
phase2,taker-sweep,2026-08-14T22:33:16.205517+00:00,jingjie-cpu-05.mae.cornell.edu,4cf37e9,50938,13,syn-s1-n12,3406ecdf08f7,12,6,90a0a588b10c,8c465c5258df,3,162.0,89.7,3162.0,3168.9613882693393,6.961388269339295,exact-milp/taker,GRB,OPTIMAL,3168.9613882693393,3168.9613882693393,0.0,3119.999999999999,48.961388269340205,2.616647243499756,0.05090212821960449,3004,924,2913,,,,,,sweep,,,12,-0.7499999999999993,15,,
phase2,taker-sweep,2026-08-14T22:33:21.283075+00:00,jingjie-cpu-05.mae.cornell.edu,4cf37e9,50938,13,syn-s1-n12,3406ecdf08f7,12,6,c9f658236275,8c465c5258df,3,162.0,89.7,3162.0,3173.4463882693394,11.446388269339423,exact-milp/taker,GRB,OPTIMAL,3173.4463882693394,3173.4463882693394,0.0,3120.0000000000005,53.44638826933897,4.949297904968262,0.0456693172454834,3004,924,2913,,,,,,sweep,,,12,-0.6999999999999993,16,,
phase2,taker-sweep,2026-08-14T22:33:25.770361+00:00,jingjie-cpu-05.mae.cornell.edu,4cf37e9,50938,13,syn-s1-n12,3406ecdf08f7,12,6,be7d161f8fad,8c465c5258df,3,162.0,89.69999,3162.0,3177.9313863744846,15.931386374484646,exact-milp/taker,GRB,OPTIMAL,3177.9313863744846,3177.931386301125,2.3084149317866908e-11,3120.0000000000005,57.93138637448419,4.353847980499268,0.0507659912109375,3004,924,2913,,,,,,sweep,,,12,-0.6499999999999992,17,,
phase2,taker-sweep,2026-08-14T22:33:30.383021+00:00,jingjie-cpu-05.mae.cornell.edu,4cf37e9,50938,13,syn-s1-n12,3406ecdf08f7,12,6,77dfcccf2d99,8c465c5258df,3,162.0,89.7,3162.0,3182.4163882693397,20.416388269339677,exact-milp/taker,GRB,OPTIMAL,3182.4163882693397,3182.4163882693397,0.0,3120.0000000000005,62.41638826933922,4.473920106887817,0.05088996887207031,3004,924,2913,,,,,,sweep,,,12,-0.5999999999999992,18,,
phase2,taker-sweep,2026-08-14T22:33:36.022729+00:00,jingjie-cpu-05.mae.cornell.edu,4cf37e9,50938,13,syn-s1-n12,3406ecdf08f7,12,6,9cdaaab1b4ab,8c465c5258df,3,162.0,89.7,3162.0,3186.9013882693393,24.90138826933935,exact-milp/taker,GRB,OPTIMAL,3186.9013882693393,3186.9013882693393,0.0,3120.0000000000005,66.9013882693389,5.506266355514526,0.050301551818847656,3004,924,2913,,,,,,sweep,,,12,-0.5499999999999992,19,,
phase2,taker-sweep,2026-08-14T22:33:42.393997+00:00,jingjie-cpu-05.mae.cornell.edu,4cf37e9,50938,13,syn-s1-n12,3406ecdf08f7,12,6,d9d22f67f551,8c465c5258df,3,162.0,89.7,3162.0,3191.3863882693395,29.386388269339477,exact-milp/taker,GRB,OPTIMAL,3191.3863882693395,3191.3863882693395,0.0,3120.0000000000005,71.38638826933902,6.100337982177734,0.04908871650695801,3004,924,2913,,,,,,sweep,,,12,-0.4999999999999991,20,,
phase2,taker-sweep,2026-08-14T22:33:47.970806+00:00,jingjie-cpu-05.mae.cornell.edu,4cf37e9,50938,13,syn-s1-n12,3406ecdf08f7,12,6,9cdaaab1b4ab,8c465c5258df,3,162.0,89.7,3162.0,3195.8713882693396,33.871388269339604,exact-milp/taker,GRB,OPTIMAL,3195.8713882693396,3195.8713882693396,0.0,3120.0000000000005,75.87138826933915,5.444610118865967,0.04987382888793945,3004,924,2913,,,,,,sweep,,,12,-0.44999999999999907,21,,
phase2,taker-sweep,2026-08-14T22:33:53.769823+00:00,jingjie-cpu-05.mae.cornell.edu,4cf37e9,50938,13,syn-s1-n12,3406ecdf08f7,12,6,fbeee00c3b5d,8c465c5258df,3,162.0,89.7,3162.0,3200.3563882693397,38.35638826933973,exact-milp/taker,GRB,OPTIMAL,3200.3563882693397,3200.3563882693397,0.0,3120.0000000000005,80.35638826933928,5.659951448440552,0.04772686958312988,3004,924,2913,,,,,,sweep,,,12,-0.399999999999999,22,,
phase2,taker-sweep,2026-08-14T22:34:01.766862+00:00,jingjie-cpu-05.mae.cornell.edu,4cf37e9,50938,13,syn-s1-n12,3406ecdf08f7,12,6,9cdaaab1b4ab,8c465c5258df,3,162.0,89.7,3162.0,3204.8413882693394,42.841388269339404,exact-milp/taker,GRB,OPTIMAL,3204.8413882693394,3204.8413882693394,0.0,3120.0000000000005,84.84138826933895,7.864926338195801,0.04924345016479492,3004,924,2913,,,,,,sweep,,,12,-0.349999999999999,23,,
phase2,taker-sweep,2026-08-14T22:34:11.265310+00:00,jingjie-cpu-05.mae.cornell.edu,4cf37e9,50938,13,syn-s1-n12,3406ecdf08f7,12,6,b63ca7332dae,8c465c5258df,3,162.0,89.7,3162.0,3209.3263882693395,47.32638826933953,exact-milp/taker,GRB,OPTIMAL,3209.3263882693395,3209.3263882693395,0.0,3120.0000000000005,89.32638826933908,9.360615730285645,0.05003166198730469,3004,924,2913,,,,,,sweep,,,12,-0.29999999999999893,24,,
phase2,taker-sweep,2026-08-14T22:34:29.322352+00:00,jingjie-cpu-05.mae.cornell.edu,4cf37e9,50938,13,syn-s1-n12,3406ecdf08f7,12,6,895d59ac28da,8c465c5258df,3,162.0,89.7,3162.0,3213.8113882693397,51.81138826933966,exact-milp/taker,GRB,OPTIMAL,3213.8113882693397,3213.8113882693397,0.0,3120.0000000000005,93.8113882693392,17.920002698898315,0.04990243911743164,3004,924,2913,,,,,,sweep,,,12,-0.2499999999999989,25,,
phase2,taker-sweep,2026-08-14T22:34:39.504684+00:00,jingjie-cpu-05.mae.cornell.edu,4cf37e9,50938,13,syn-s1-n12,3406ecdf08f7,12,6,fb8ce47b57bb,8c465c5258df,3,162.0,89.7,3162.0,3218.2963882693393,56.29638826933933,exact-milp/taker,GRB,OPTIMAL,3218.2963882693393,3218.2963882693393,0.0,3120.0000000000005,98.29638826933888,10.03665542602539,0.05005359649658203,3004,924,2913,,,,,,sweep,,,12,-0.19999999999999885,26,,
phase2,taker-sweep,2026-08-14T22:35:02.280151+00:00,jingjie-cpu-05.mae.cornell.edu,4cf37e9,50938,13,syn-s1-n12,3406ecdf08f7,12,6,dad8b798d392,aa99613b7117,3,162.0,89.7,3162.0,3222.7813882693395,60.78138826933946,exact-milp/taker,GRB,OPTIMAL,3222.7813882693395,3222.7813882693395,0.0,3120.0000000000005,102.781388269339,22.643077611923218,0.04916024208068848,3004,924,2913,,,,,,sweep,,,12,-0.1499999999999988,27,,
phase2,taker-sweep,2026-08-14T22:35:21.239782+00:00,jingjie-cpu-05.mae.cornell.edu,4cf37e9,50938,13,syn-s1-n12,3406ecdf08f7,12,6,65a74d46b7b7,8c465c5258df,3,162.0,89.7,3162.0,3227.2663882693396,65.26638826933959,exact-milp/taker,GRB,OPTIMAL,3227.2663882693396,3227.2663882693396,0.0,3120.0000000000005,107.26638826933913,18.821802377700806,0.05011248588562012,3004,924,2913,,,,,,sweep,,,12,-0.09999999999999876,28,,
phase2,taker-sweep,2026-08-14T22:35:40.565717+00:00,jingjie-cpu-05.mae.cornell.edu,4cf37e9,50938,13,syn-s1-n12,3406ecdf08f7,12,6,16c58d5cdad3,72359e02d4e0,3,162.0,89.7,3162.0,3229.99819179803,67.9981917980299,exact-milp/taker,GRB,OPTIMAL,3229.99819179803,3229.99819179803,0.0,3120.0000000000005,109.99819179802944,19.187987327575684,0.049836158752441406,3004,924,2913,,,,,,sweep,,,12,-0.04999999999999871,29,,
phase2,taker-sweep,2026-08-14T22:36:01.881414+00:00,jingjie-cpu-05.mae.cornell.edu,4cf37e9,50938,13,syn-s1-n12,3406ecdf08f7,12,6,6658f11a2487,72359e02d4e0,3,162.0,89.7,3162.0,3231.27319179803,69.27319179802998,exact-milp/taker,GRB,OPTIMAL,3231.27319179803,3231.27319179803,0.0,3120.0000000000005,111.27319179802953,21.17311406135559,0.04718756675720215,3004,924,2913,,,,,,sweep,,,12,1.3322676295501878e-15,30,,
phase2,taker-sweep,2026-08-14T22:36:23.827948+00:00,jingjie-cpu-05.mae.cornell.edu,4cf37e9,50938,13,syn-s1-n12,3406ecdf08f7,12,6,160e1bf486d9,72359e02d4e0,3,162.0,89.7,3162.0,3232.54819179803,70.54819179803008,exact-milp/taker,GRB,OPTIMAL,3232.54819179803,3232.54819179803,0.0,3120.0000000000005,112.54819179802962,21.808350801467896,0.049538373947143555,3004,924,2913,,,,,,sweep,,,12,0.05000000000000138,31,,
phase2,taker-sweep,2026-08-14T22:36:44.010496+00:00,jingjie-cpu-05.mae.cornell.edu,4cf37e9,50938,13,syn-s1-n12,3406ecdf08f7,12,6,16c58d5cdad3,72359e02d4e0,3,162.0,89.7,3162.0,3233.82319179803,71.82319179803017,exact-milp/taker,GRB,OPTIMAL,3233.82319179803,3233.82319179803,0.0,3120.0000000000005,113.82319179802971,20.04932427406311,0.04950881004333496,3004,924,2913,,,,,,sweep,,,12,0.10000000000000142,32,,
phase2,taker-sweep,2026-08-14T22:37:07.158559+00:00,jingjie-cpu-05.mae.cornell.edu,4cf37e9,50938,13,syn-s1-n12,3406ecdf08f7,12,6,dad8b798d392,72359e02d4e0,3,162.0,89.7,3162.0,3235.09819179803,73.0981917980298,exact-milp/taker,GRB,OPTIMAL,3235.09819179803,3235.09819179803,0.0,3120.0000000000005,115.09819179802935,23.016762495040894,0.046820878982543945,3004,924,2913,,,,,,sweep,,,12,0.15000000000000147,33,,
phase2,taker-sweep,2026-08-14T22:37:28.894772+00:00,jingjie-cpu-05.mae.cornell.edu,4cf37e9,50938,13,syn-s1-n12,3406ecdf08f7,12,6,55ce3d347b23,72359e02d4e0,3,162.0,89.7,3162.0,3236.37319179803,74.3731917980299,exact-milp/taker,GRB,OPTIMAL,3236.37319179803,3236.37319179803,0.0,3120.0000000000005,116.37319179802944,21.594330072402954,0.04780316352844238,3004,924,2913,,,,,,sweep,,,12,0.2000000000000015,34,,
phase2,taker-sweep,2026-08-14T22:37:50.035137+00:00,jingjie-cpu-05.mae.cornell.edu,4cf37e9,50938,13,syn-s1-n12,3406ecdf08f7,12,6,6ce4af71aa84,b1e82706342d,3,162.0,90.0,3162.0,3236.7339849292157,74.7339849292157,exact-milp/taker,GRB,OPTIMAL,3236.7339849292157,3236.7339849292152,1.4049574447694656e-16,3120.0000000000005,116.73398492921524,20.872501611709595,0.04836297035217285,3004,924,2913,,,,,,sweep,,,12,0.25000000000000155,35,,
phase2,taker-sweep,2026-08-14T22:38:12.013611+00:00,jingjie-cpu-05.mae.cornell.edu,4cf37e9,50938,13,syn-s1-n12,3406ecdf08f7,12,6,6ce4af71aa84,b1e82706342d,3,162.0,90.0,3162.0,3236.7339849292157,74.7339849292157,exact-milp/taker,GRB,OPTIMAL,3236.7339849292157,3236.7339849292152,1.4049574447694656e-16,3120.0000000000005,116.73398492921524,21.844465017318726,0.049715280532836914,3004,924,2913,,,,,,sweep,,,12,0.3000000000000016,36,,
phase2,taker-sweep,2026-08-14T22:38:32.389200+00:00,jingjie-cpu-05.mae.cornell.edu,4cf37e9,50938,13,syn-s1-n12,3406ecdf08f7,12,6,6ce4af71aa84,b1e82706342d,3,162.0,90.0,3162.0,3236.7339849292157,74.7339849292157,exact-milp/taker,GRB,OPTIMAL,3236.7339849292157,3236.7339849292152,1.4049574447694656e-16,3120.0000000000005,116.73398492921524,20.24203634262085,0.049742937088012695,3004,924,2913,,,,,,sweep,,,12,0.35000000000000164,37,,
phase2,taker-sweep,2026-08-14T22:38:55.062517+00:00,jingjie-cpu-05.mae.cornell.edu,4cf37e9,50938,13,syn-s1-n12,3406ecdf08f7,12,6,6ce4af71aa84,b1e82706342d,3,162.0,90.0,3162.0,3236.7339849292157,74.7339849292157,exact-milp/taker,GRB,OPTIMAL,3236.7339849292157,3236.7339849292152,1.4049574447694656e-16,3120.0000000000005,116.73398492921524,22.536738395690918,0.04747605323791504,3004,924,2913,,,,,,sweep,,,12,0.4000000000000017,38,,
phase2,taker-sweep,2026-08-14T22:39:15.368695+00:00,jingjie-cpu-05.mae.cornell.edu,4cf37e9,50938,13,syn-s1-n12,3406ecdf08f7,12,6,6ce4af71aa84,b1e82706342d,3,162.0,90.0,3162.0,3236.7339849292157,74.7339849292157,exact-milp/taker,GRB,OPTIMAL,3236.7339849292157,3236.7339849292152,1.4049574447694656e-16,3120.0000000000005,116.73398492921524,20.17275357246399,0.04947614669799805,3004,924,2913,,,,,,sweep,,,12,0.45000000000000173,39,,
phase2,taker-sweep,2026-08-14T22:39:37.674168+00:00,jingjie-cpu-05.mae.cornell.edu,4cf37e9,50938,13,syn-s1-n12,3406ecdf08f7,12,6,6ce4af71aa84,b1e82706342d,3,162.0,90.0,3162.0,3236.7339849292157,74.7339849292157,exact-milp/taker,GRB,OPTIMAL,3236.7339849292157,3236.7339849292152,1.4049574447694656e-16,3120.0000000000005,116.73398492921524,22.171241760253906,0.0496976375579834,3004,924,2913,,,,,,sweep,,,12,0.5000000000000018,40,,
phase2,taker-sweep,2026-08-14T22:39:58.486325+00:00,jingjie-cpu-05.mae.cornell.edu,4cf37e9,50938,13,syn-s1-n12,3406ecdf08f7,12,6,6ce4af71aa84,b1e82706342d,3,162.0,90.0,3162.0,3236.7339849292157,74.7339849292157,exact-milp/taker,GRB,OPTIMAL,3236.7339849292157,3236.7339849292152,1.4049574447694656e-16,3120.0000000000005,116.73398492921524,20.678895711898804,0.0493166446685791,3004,924,2913,,,,,,sweep,,,12,0.5500000000000016,41,,
phase2,taker-sweep,2026-08-14T22:40:18.707543+00:00,jingjie-cpu-05.mae.cornell.edu,4cf37e9,50938,13,syn-s1-n12,3406ecdf08f7,12,6,6ce4af71aa84,b1e82706342d,3,162.0,90.0,3162.0,3236.7339849292157,74.7339849292157,exact-milp/taker,GRB,OPTIMAL,3236.7339849292157,3236.7339849292152,1.4049574447694656e-16,3120.0000000000005,116.73398492921524,20.06770944595337,0.04761791229248047,3004,924,2913,,,,,,sweep,,,12,0.6000000000000019,42,,
phase2,taker-sweep,2026-08-14T22:40:41.057068+00:00,jingjie-cpu-05.mae.cornell.edu,4cf37e9,50938,13,syn-s1-n12,3406ecdf08f7,12,6,6ce4af71aa84,b1e82706342d,3,162.0,90.0,3162.0,3236.7339849292157,74.7339849292157,exact-milp/taker,GRB,OPTIMAL,3236.7339849292157,3236.7339849292152,1.4049574447694656e-16,3120.0000000000005,116.73398492921524,22.214953422546387,0.05027484893798828,3004,924,2913,,,,,,sweep,,,12,0.6500000000000021,43,,
phase2,taker-sweep,2026-08-14T22:41:00.689169+00:00,jingjie-cpu-05.mae.cornell.edu,4cf37e9,50938,13,syn-s1-n12,3406ecdf08f7,12,6,6ce4af71aa84,b1e82706342d,3,162.0,90.0,3162.0,3236.7339849292157,74.7339849292157,exact-milp/taker,GRB,OPTIMAL,3236.7339849292157,3236.7339849292152,1.4049574447694656e-16,3120.0000000000005,116.73398492921524,19.497493743896484,0.05010390281677246,3004,924,2913,,,,,,sweep,,,12,0.700000000000002,44,,
phase2,taker-sweep,2026-08-14T22:41:21.820203+00:00,jingjie-cpu-05.mae.cornell.edu,4cf37e9,50938,13,syn-s1-n12,3406ecdf08f7,12,6,6ce4af71aa84,b1e82706342d,3,162.0,90.0,3162.0,3236.7339849292157,74.7339849292157,exact-milp/taker,GRB,OPTIMAL,3236.7339849292157,3236.7339849292152,1.4049574447694656e-16,3120.0000000000005,116.73398492921524,20.998038053512573,0.04925346374511719,3004,924,2913,,,,,,sweep,,,12,0.7500000000000018,45,,
phase2,taker-sweep,2026-08-14T22:41:47.580757+00:00,jingjie-cpu-05.mae.cornell.edu,4cf37e9,50938,13,syn-s1-n12,3406ecdf08f7,12,6,6ce4af71aa84,b1e82706342d,3,162.0,90.0,3162.0,3236.7339849292157,74.7339849292157,exact-milp/taker,GRB,OPTIMAL,3236.7339849292157,3236.7339849292152,1.4049574447694656e-16,3120.0000000000005,116.73398492921524,25.62622332572937,0.04702115058898926,3004,924,2913,,,,,,sweep,,,12,0.800000000000002,46,,
phase2,taker-sweep,2026-08-14T22:42:08.402544+00:00,jingjie-cpu-05.mae.cornell.edu,4cf37e9,50938,13,syn-s1-n12,3406ecdf08f7,12,6,6ce4af71aa84,b1e82706342d,3,162.0,90.0,3162.0,3236.7339849292157,74.7339849292157,exact-milp/taker,GRB,OPTIMAL,3236.7339849292157,3236.7339849292152,1.4049574447694656e-16,3120.0000000000005,116.73398492921524,20.687448740005493,0.04987955093383789,3004,924,2913,,,,,,sweep,,,12,0.8500000000000023,47,,
phase2,taker-sweep,2026-08-14T22:42:33.166610+00:00,jingjie-cpu-05.mae.cornell.edu,4cf37e9,50938,13,syn-s1-n12,3406ecdf08f7,12,6,6ce4af71aa84,b1e82706342d,3,162.0,90.0,3162.0,3236.7339849292157,74.7339849292157,exact-milp/taker,GRB,OPTIMAL,3236.7339849292157,3236.7339849292152,1.4049574447694656e-16,3120.0000000000005,116.73398492921524,24.625145435333252,0.04976820945739746,3004,924,2913,,,,,,sweep,,,12,0.9000000000000021,48,,
phase2,taker-sweep,2026-08-14T22:42:54.468528+00:00,jingjie-cpu-05.mae.cornell.edu,4cf37e9,50938,13,syn-s1-n12,3406ecdf08f7,12,6,6ce4af71aa84,b1e82706342d,3,162.0,90.0,3162.0,3236.7339849292157,74.7339849292157,exact-milp/taker,GRB,OPTIMAL,3236.7339849292157,3236.7339849292152,1.4049574447694656e-16,3120.0000000000005,116.73398492921524,21.159303665161133,0.050885915756225586,3004,924,2913,,,,,,sweep,,,12,0.950000000000002,49,,
phase2,taker-sweep,2026-08-14T22:43:15.846149+00:00,jingjie-cpu-05.mae.cornell.edu,4cf37e9,50938,13,syn-s1-n12,3406ecdf08f7,12,6,6ce4af71aa84,b1e82706342d,3,162.0,90.0,3162.0,3236.7339849292157,74.7339849292157,exact-milp/taker,GRB,OPTIMAL,3236.7339849292157,3236.7339849292152,1.4049574447694656e-16,3120.0000000000005,116.73398492921524,21.08044171333313,0.05169558525085449,3004,924,2913,,,,,,sweep,,,12,1.0000000000000022,50,,
phase2,taker-sweep,2026-08-14T22:43:36.019314+00:00,jingjie-cpu-05.mae.cornell.edu,4cf37e9,50938,13,syn-s1-n12,3406ecdf08f7,12,6,6ce4af71aa84,b1e82706342d,3,162.0,90.0,3162.0,3236.7339849292157,74.7339849292157,exact-milp/taker,GRB,OPTIMAL,3236.7339849292157,3236.7339849292152,1.4049574447694656e-16,3120.0000000000005,116.73398492921524,20.038397789001465,0.05001020431518555,3004,924,2913,,,,,,sweep,,,12,1.0500000000000025,51,,
phase2,taker-sweep,2026-08-14T22:43:56.293952+00:00,jingjie-cpu-05.mae.cornell.edu,4cf37e9,50938,13,syn-s1-n12,3406ecdf08f7,12,6,6ce4af71aa84,b1e82706342d,3,162.0,90.0,3162.0,3236.7339849292157,74.7339849292157,exact-milp/taker,GRB,OPTIMAL,3236.7339849292157,3236.7339849292152,1.4049574447694656e-16,3120.0000000000005,116.73398492921524,20.14072012901306,0.04920768737792969,3004,924,2913,,,,,,sweep,,,12,1.1000000000000023,52,,
phase2,taker-sweep,2026-08-14T22:44:17.191226+00:00,jingjie-cpu-05.mae.cornell.edu,4cf37e9,50938,13,syn-s1-n12,3406ecdf08f7,12,6,6ce4af71aa84,b1e82706342d,3,162.0,90.0,3162.0,3236.7339849292157,74.7339849292157,exact-milp/taker,GRB,OPTIMAL,3236.7339849292157,3236.7339849292152,1.4049574447694656e-16,3120.0000000000005,116.73398492921524,20.75511884689331,0.05053353309631348,3004,924,2913,,,,,,sweep,,,12,1.1500000000000021,53,,
phase2,taker-sweep,2026-08-14T22:44:38.045497+00:00,jingjie-cpu-05.mae.cornell.edu,4cf37e9,50938,13,syn-s1-n12,3406ecdf08f7,12,6,6ce4af71aa84,b1e82706342d,3,162.0,90.0,3162.0,3236.7339849292157,74.7339849292157,exact-milp/taker,GRB,OPTIMAL,3236.7339849292157,3236.7339849292152,1.4049574447694656e-16,3120.0000000000005,116.73398492921524,20.7204692363739,0.049463748931884766,3004,924,2913,,,,,,sweep,,,12,1.2000000000000024,54,,
phase2,taker-sweep,2026-08-14T22:44:59.354484+00:00,jingjie-cpu-05.mae.cornell.edu,4cf37e9,50938,13,syn-s1-n12,3406ecdf08f7,12,6,6ce4af71aa84,b1e82706342d,3,162.0,90.0,3162.0,3236.7339849292157,74.7339849292157,exact-milp/taker,GRB,OPTIMAL,3236.7339849292157,3236.7339849292152,1.4049574447694656e-16,3120.0000000000005,116.73398492921524,21.158300161361694,0.05071592330932617,3004,924,2913,,,,,,sweep,,,12,1.2500000000000027,55,,
phase2,taker-sweep,2026-08-14T22:45:18.557260+00:00,jingjie-cpu-05.mae.cornell.edu,4cf37e9,50938,13,syn-s1-n12,3406ecdf08f7,12,6,6ce4af71aa84,b1e82706342d,3,162.0,90.0,3162.0,3236.7339849292157,74.7339849292157,exact-milp/taker,GRB,OPTIMAL,3236.7339849292157,3236.7339849292152,1.4049574447694656e-16,3120.0000000000005,116.73398492921524,19.068605661392212,0.049703121185302734,3004,924,2913,,,,,,sweep,,,12,1.3000000000000025,56,,
phase2,taker-sweep,2026-08-14T22:45:38.659329+00:00,jingjie-cpu-05.mae.cornell.edu,4cf37e9,50938,13,syn-s1-n12,3406ecdf08f7,12,6,6ce4af71aa84,b1e82706342d,3,162.0,90.0,3162.0,3236.7339849292157,74.7339849292157,exact-milp/taker,GRB,OPTIMAL,3236.7339849292157,3236.7339849292152,1.4049574447694656e-16,3120.0000000000005,116.73398492921524,19.96769118309021,0.04942917823791504,3004,924,2913,,,,,,sweep,,,12,1.3500000000000023,57,,
phase2,taker-sweep,2026-08-14T22:45:58.587480+00:00,jingjie-cpu-05.mae.cornell.edu,4cf37e9,50938,13,syn-s1-n12,3406ecdf08f7,12,6,6ce4af71aa84,b1e82706342d,3,162.0,90.0,3162.0,3236.7339849292157,74.7339849292157,exact-milp/taker,GRB,OPTIMAL,3236.7339849292157,3236.7339849292152,1.4049574447694656e-16,3120.0000000000005,116.73398492921524,19.793477296829224,0.04950714111328125,3004,924,2913,,,,,,sweep,,,12,1.4000000000000026,58,,
phase2,taker-sweep,2026-08-14T22:46:21.514492+00:00,jingjie-cpu-05.mae.cornell.edu,4cf37e9,50938,13,syn-s1-n12,3406ecdf08f7,12,6,6ce4af71aa84,b1e82706342d,3,162.0,90.0,3162.0,3236.7339849292157,74.7339849292157,exact-milp/taker,GRB,OPTIMAL,3236.7339849292157,3236.7339849292152,1.4049574447694656e-16,3120.0000000000005,116.73398492921524,22.788493156433105,0.04772496223449707,3004,924,2913,,,,,,sweep,,,12,1.4500000000000028,59,,
phase2,taker-sweep,2026-08-14T22:46:45.754320+00:00,jingjie-cpu-05.mae.cornell.edu,4cf37e9,50938,13,syn-s1-n12,3406ecdf08f7,12,6,6ce4af71aa84,b1e82706342d,3,162.0,90.0,3162.0,3236.7339849292157,74.7339849292157,exact-milp/taker,GRB,OPTIMAL,3236.7339849292157,3236.7339849292152,1.4049574447694656e-16,3120.0000000000005,116.73398492921524,24.10597538948059,0.049378156661987305,3004,924,2913,,,,,,sweep,,,12,1.5000000000000027,60,,
phase2,taker-sweep,2026-08-14T22:32:40.411969+00:00,jingjie-cpu-05.mae.cornell.edu,4cf37e9,50939,14,syn-s1-n12,3406ecdf08f7,12,6,ac339e2ce082,7474466d3d84,3,162.0,101.7,3162.0,3192.5779203089633,30.577920308963257,exact-milp/taker,GRB,OPTIMAL,3192.5779203089633,3192.5779203089633,0.0,3119.9999999999995,72.57792030896371,3.389592170715332,0.054863929748535156,3004,924,2913,,,,,,sweep,,,16,-1.5,0,,
phase2,taker-sweep,2026-08-14T22:32:45.314225+00:00,jingjie-cpu-05.mae.cornell.edu,4cf37e9,50939,14,syn-s1-n12,3406ecdf08f7,12,6,10d49113c073,7474466d3d84,3,162.0,101.7,3162.0,3195.277920308963,33.277920308963076,exact-milp/taker,GRB,OPTIMAL,3195.277920308963,3195.277920308963,0.0,3119.9999999999986,75.27792030896444,4.766968727111816,0.050632476806640625,3004,924,2913,,,,,,sweep,,,16,-1.45,1,,
phase2,taker-sweep,2026-08-14T22:32:53.973783+00:00,jingjie-cpu-05.mae.cornell.edu,4cf37e9,50939,14,syn-s1-n12,3406ecdf08f7,12,6,ac339e2ce082,7474466d3d84,3,162.0,101.7,3162.0,3197.977920308963,35.977920308962894,exact-milp/taker,GRB,OPTIMAL,3197.977920308963,3197.977920308963,0.0,3119.9999999999986,77.97792030896426,8.519380807876587,0.04780936241149902,3004,924,2913,,,,,,sweep,,,16,-1.4,2,,
phase2,taker-sweep,2026-08-14T22:32:59.333361+00:00,jingjie-cpu-05.mae.cornell.edu,4cf37e9,50939,14,syn-s1-n12,3406ecdf08f7,12,6,60647590d99e,49fef32a289f,3,162.0,89.7,3162.0,3200.613233027898,38.61323302789788,exact-milp/taker,GRB,OPTIMAL,3200.613233027898,3200.613233027898,0.0,3119.999999999999,80.61323302789879,5.2301740646362305,0.04489731788635254,3004,924,2913,,,,,,sweep,,,16,-1.3499999999999999,3,,
phase2,taker-sweep,2026-08-14T22:33:03.573393+00:00,jingjie-cpu-05.mae.cornell.edu,4cf37e9,50939,14,syn-s1-n12,3406ecdf08f7,12,6,60647590d99e,49fef32a289f,3,162.0,89.7,3162.0,3202.7132330278973,40.71323302789733,exact-milp/taker,GRB,OPTIMAL,3202.7132330278973,3202.7132330278973,0.0,3119.999999999999,82.71323302789824,4.105754375457764,0.050653696060180664,3004,924,2913,,,,,,sweep,,,16,-1.2999999999999998,4,,
phase2,taker-sweep,2026-08-14T22:33:09.069118+00:00,jingjie-cpu-05.mae.cornell.edu,4cf37e9,50939,14,syn-s1-n12,3406ecdf08f7,12,6,60647590d99e,49fef32a289f,3,162.0,89.7,3162.0,3204.8132330278977,42.813233027897695,exact-milp/taker,GRB,OPTIMAL,3204.8132330278977,3204.8132330278977,0.0,3120.0,84.8132330278977,5.343366861343384,0.0465853214263916,3004,924,2913,,,,,,sweep,,,16,-1.2499999999999998,5,,
phase2,taker-sweep,2026-08-14T22:33:15.733939+00:00,jingjie-cpu-05.mae.cornell.edu,4cf37e9,50939,14,syn-s1-n12,3406ecdf08f7,12,6,60647590d99e,49fef32a289f,3,162.0,89.7,3162.0,3206.913233027898,44.91323302789806,exact-milp/taker,GRB,OPTIMAL,3206.913233027898,3206.913233027898,0.0,3119.9999999999995,86.91323302789851,6.449381589889526,0.050574302673339844,3004,924,2913,,,,,,sweep,,,16,-1.1999999999999997,6,,
phase2,taker-sweep,2026-08-14T22:33:21.874500+00:00,jingjie-cpu-05.mae.cornell.edu,4cf37e9,50939,14,syn-s1-n12,3406ecdf08f7,12,6,60647590d99e,49fef32a289f,3,162.0,89.7,3162.0,3209.0132330278975,47.01323302789751,exact-milp/taker,GRB,OPTIMAL,3209.0132330278975,3209.0132330278975,0.0,3119.9999999999977,89.01323302789979,6.007590055465698,0.04921722412109375,3004,924,2913,,,,,,sweep,,,16,-1.1499999999999997,7,,
phase2,taker-sweep,2026-08-14T22:33:28.099001+00:00,jingjie-cpu-05.mae.cornell.edu,4cf37e9,50939,14,syn-s1-n12,3406ecdf08f7,12,6,60647590d99e,49fef32a289f,3,162.0,89.7,3162.0,3211.113233027898,49.11323302789788,exact-milp/taker,GRB,OPTIMAL,3211.113233027898,3211.113233027898,0.0,3119.9999999999977,91.11323302790015,6.091830730438232,0.049275875091552734,3004,924,2913,,,,,,sweep,,,16,-1.0999999999999996,8,,
phase2,taker-sweep,2026-08-14T22:33:33.643038+00:00,jingjie-cpu-05.mae.cornell.edu,4cf37e9,50939,14,syn-s1-n12,3406ecdf08f7,12,6,60647590d99e,49fef32a289f,3,162.0,89.7,3162.0,3213.2132330278982,51.21323302789824,exact-milp/taker,GRB,OPTIMAL,3213.2132330278982,3213.213233027898,1.4152417468352803e-16,3119.9999999999977,93.21323302790051,5.410905599594116,0.04969286918640137,3004,924,2913,,,,,,sweep,,,16,-1.0499999999999996,9,,
phase2,taker-sweep,2026-08-14T22:33:41.711093+00:00,jingjie-cpu-05.mae.cornell.edu,4cf37e9,50939,14,syn-s1-n12,3406ecdf08f7,12,6,60647590d99e,49fef32a289f,3,162.0,89.7,3162.0,3215.3132330278977,53.313233027897695,exact-milp/taker,GRB,OPTIMAL,3215.3132330278977,3215.3132330278977,0.0,3119.9999999999977,95.31323302789997,7.9297003746032715,0.0467982292175293,3004,924,2913,,,,,,sweep,,,16,-0.9999999999999996,10,,
phase2,taker-sweep,2026-08-14T22:33:49.366112+00:00,jingjie-cpu-05.mae.cornell.edu,4cf37e9,50939,14,syn-s1-n12,3406ecdf08f7,12,6,60647590d99e,49fef32a289f,3,162.0,89.7,3162.0,3217.413233027898,55.41323302789806,exact-milp/taker,GRB,OPTIMAL,3217.413233027898,3217.4132330278976,1.4133942952006284e-16,3119.9999999999995,97.41323302789851,7.521088123321533,0.049772024154663086,3004,924,2913,,,,,,sweep,,,16,-0.9499999999999995,11,,
phase2,taker-sweep,2026-08-14T22:33:58.864840+00:00,jingjie-cpu-05.mae.cornell.edu,4cf37e9,50939,14,syn-s1-n12,3406ecdf08f7,12,6,60647590d99e,49fef32a289f,3,162.0,89.7,3162.0,3219.5132330278975,57.51323302789751,exact-milp/taker,GRB,OPTIMAL,3219.5132330278975,3219.5132330278975,0.0,3119.9999999999995,99.51323302789797,9.364338874816895,0.05025219917297363,3004,924,2913,,,,,,sweep,,,16,-0.8999999999999995,12,,
phase2,taker-sweep,2026-08-14T22:34:09.782484+00:00,jingjie-cpu-05.mae.cornell.edu,4cf37e9,50939,14,syn-s1-n12,3406ecdf08f7,12,6,60647590d99e,49fef32a289f,3,162.0,89.7,3162.0,3221.613233027898,59.61323302789788,exact-milp/taker,GRB,OPTIMAL,3221.613233027898,3221.613233027898,0.0,3119.9999999999995,101.61323302789833,10.782979488372803,0.05092978477478027,3004,924,2913,,,,,,sweep,,,16,-0.8499999999999994,13,,
phase2,taker-sweep,2026-08-14T22:34:23.937487+00:00,jingjie-cpu-05.mae.cornell.edu,4cf37e9,50939,14,syn-s1-n12,3406ecdf08f7,12,6,60647590d99e,49fef32a289f,3,162.0,89.699958,3162.0,3223.713209616501,61.71320961650099,exact-milp/taker,GRB,OPTIMAL,3223.713209616501,3223.713209616501,0.0,3119.9999999999995,103.71320961650144,14.014929056167603,0.04741525650024414,3004,924,2913,,,,,,sweep,,,16,-0.7999999999999994,14,,
phase2,taker-sweep,2026-08-14T22:34:35.804882+00:00,jingjie-cpu-05.mae.cornell.edu,4cf37e9,50939,14,syn-s1-n12,3406ecdf08f7,12,6,60647590d99e,49fef32a289f,3,162.0,89.7,3162.0,3225.8132330278977,63.813233027897695,exact-milp/taker,GRB,OPTIMAL,3225.8132330278977,3225.8132330278977,0.0,3119.9999999999977,105.81323302789997,11.720328330993652,0.05042290687561035,3004,924,2913,,,,,,sweep,,,16,-0.7499999999999993,15,,
phase2,taker-sweep,2026-08-14T22:34:55.688774+00:00,jingjie-cpu-05.mae.cornell.edu,4cf37e9,50939,14,syn-s1-n12,3406ecdf08f7,12,6,60647590d99e,e868f84d67ad,3,162.0,89.7,3162.0,3227.913233027898,65.91323302789806,exact-milp/taker,GRB,OPTIMAL,3227.913233027898,3227.913233027898,0.0,3119.9999999999977,107.91323302790033,19.720924854278564,0.05048370361328125,3004,924,2913,,,,,,sweep,,,16,-0.6999999999999993,16,,
phase2,taker-sweep,2026-08-14T22:35:14.026066+00:00,jingjie-cpu-05.mae.cornell.edu,4cf37e9,50939,14,syn-s1-n12,3406ecdf08f7,12,6,60647590d99e,e868f84d67ad,3,162.0,89.7,3162.0,3230.0132330278975,68.01323302789751,exact-milp/taker,GRB,OPTIMAL,3230.0132330278975,3230.0132330278975,0.0,3119.9999999999977,110.01323302789979,18.179527759552002,0.04980182647705078,3004,924,2913,,,,,,sweep,,,16,-0.6499999999999992,17,,
phase2,taker-sweep,2026-08-14T22:35:37.765119+00:00,jingjie-cpu-05.mae.cornell.edu,4cf37e9,50939,14,syn-s1-n12,3406ecdf08f7,12,6,16c58d5cdad3,72359e02d4e0,3,162.0,89.7,3162.0,3231.27319179803,69.27319179802998,exact-milp/taker,GRB,OPTIMAL,3231.27319179803,3231.27319179803,0.0,3119.9999999999977,111.27319179803226,23.59463143348694,0.05033111572265625,3004,924,2913,,,,,,sweep,,,16,-0.5999999999999992,18,,
phase2,taker-sweep,2026-08-14T22:35:54.344625+00:00,jingjie-cpu-05.mae.cornell.edu,4cf37e9,50939,14,syn-s1-n12,3406ecdf08f7,12,6,16c58d5cdad3,72359e02d4e0,3,162.0,89.7,3162.0,3231.27319179803,69.27319179802998,exact-milp/taker,GRB,OPTIMAL,3231.27319179803,3231.27319179803,0.0,3119.9999999999977,111.27319179803226,16.44427490234375,0.050110816955566406,3004,924,2913,,,,,,sweep,,,16,-0.5499999999999992,19,,
phase2,taker-sweep,2026-08-14T22:36:15.344669+00:00,jingjie-cpu-05.mae.cornell.edu,4cf37e9,50939,14,syn-s1-n12,3406ecdf08f7,12,6,16c58d5cdad3,72359e02d4e0,3,162.0,89.7,3162.0,3231.27319179803,69.27319179802998,exact-milp/taker,GRB,OPTIMAL,3231.27319179803,3231.27319179803,0.0,3119.9999999999977,111.27319179803226,20.715927124023438,0.0478975772857666,3004,924,2913,,,,,,sweep,,,16,-0.4999999999999991,20,,
phase2,taker-sweep,2026-08-14T22:36:39.003066+00:00,jingjie-cpu-05.mae.cornell.edu,4cf37e9,50939,14,syn-s1-n12,3406ecdf08f7,12,6,dad8b798d392,72359e02d4e0,3,162.0,89.7,3162.0,3231.27319179803,69.27319179802998,exact-milp/taker,GRB,OPTIMAL,3231.27319179803,3231.27319179803,0.0,3119.9999999999977,111.27319179803226,23.52237057685852,0.050066471099853516,3004,924,2913,,,,,,sweep,,,16,-0.44999999999999907,21,,
phase2,taker-sweep,2026-08-14T22:36:58.662048+00:00,jingjie-cpu-05.mae.cornell.edu,4cf37e9,50939,14,syn-s1-n12,3406ecdf08f7,12,6,16c58d5cdad3,72359e02d4e0,3,162.0,89.7,3162.0,3231.27319179803,69.27319179802998,exact-milp/taker,GRB,OPTIMAL,3231.27319179803,3231.27319179803,0.0,3119.9999999999977,111.27319179803226,19.512422561645508,0.052007436752319336,3004,924,2913,,,,,,sweep,,,16,-0.399999999999999,22,,
phase2,taker-sweep,2026-08-14T22:37:17.869396+00:00,jingjie-cpu-05.mae.cornell.edu,4cf37e9,50939,14,syn-s1-n12,3406ecdf08f7,12,6,b63ca7332dae,72359e02d4e0,3,162.0,89.7,3162.0,3231.27319179803,69.27319179802998,exact-milp/taker,GRB,OPTIMAL,3231.27319179803,3231.27319179803,0.0,3119.9999999999977,111.27319179803226,19.073582649230957,0.049282073974609375,3004,924,2913,,,,,,sweep,,,16,-0.349999999999999,23,,
phase2,taker-sweep,2026-08-14T22:37:42.096600+00:00,jingjie-cpu-05.mae.cornell.edu,4cf37e9,50939,14,syn-s1-n12,3406ecdf08f7,12,6,dad8b798d392,72359e02d4e0,3,162.0,89.7,3162.0,3231.27319179803,69.27319179802998,exact-milp/taker,GRB,OPTIMAL,3231.27319179803,3231.27319179803,0.0,3120.0000000000005,111.27319179802953,24.09108281135559,0.04971456527709961,3004,924,2913,,,,,,sweep,,,16,-0.29999999999999893,24,,
phase2,taker-sweep,2026-08-14T22:38:04.735336+00:00,jingjie-cpu-05.mae.cornell.edu,4cf37e9,50939,14,syn-s1-n12,3406ecdf08f7,12,6,6658f11a2487,72359e02d4e0,3,162.0,89.7,3162.0,3231.27319179803,69.27319179802998,exact-milp/taker,GRB,OPTIMAL,3231.27319179803,3231.27319179803,0.0,3120.0000000000005,111.27319179802953,22.503999710083008,0.04982709884643555,3004,924,2913,,,,,,sweep,,,16,-0.2499999999999989,25,,
phase2,taker-sweep,2026-08-14T22:38:30.067256+00:00,jingjie-cpu-05.mae.cornell.edu,4cf37e9,50939,14,syn-s1-n12,3406ecdf08f7,12,6,dad8b798d392,72359e02d4e0,3,162.0,89.7,3162.0,3231.27319179803,69.27319179802998,exact-milp/taker,GRB,OPTIMAL,3231.27319179803,3231.27319179803,0.0,3120.0000000000005,111.27319179802953,25.188620567321777,0.05149650573730469,3004,924,2913,,,,,,sweep,,,16,-0.19999999999999885,26,,
phase2,taker-sweep,2026-08-14T22:38:48.889654+00:00,jingjie-cpu-05.mae.cornell.edu,4cf37e9,50939,14,syn-s1-n12,3406ecdf08f7,12,6,16c58d5cdad3,72359e02d4e0,3,162.0,89.7,3162.0,3231.27319179803,69.27319179802998,exact-milp/taker,GRB,OPTIMAL,3231.27319179803,3231.27319179803,0.0,3120.0000000000005,111.27319179802953,18.68811535835266,0.049324989318847656,3004,924,2913,,,,,,sweep,,,16,-0.1499999999999988,27,,
phase2,taker-sweep,2026-08-14T22:39:10.937275+00:00,jingjie-cpu-05.mae.cornell.edu,4cf37e9,50939,14,syn-s1-n12,3406ecdf08f7,12,6,b63ca7332dae,72359e02d4e0,3,162.0,89.7,3162.0,3231.27319179803,69.27319179802998,exact-milp/taker,GRB,OPTIMAL,3231.27319179803,3231.27319179803,0.0,3120.0000000000005,111.27319179802953,21.911916971206665,0.04970407485961914,3004,924,2913,,,,,,sweep,,,16,-0.09999999999999876,28,,
phase2,taker-sweep,2026-08-14T22:39:32.527763+00:00,jingjie-cpu-05.mae.cornell.edu,4cf37e9,50939,14,syn-s1-n12,3406ecdf08f7,12,6,16c58d5cdad3,72359e02d4e0,3,162.0,89.7,3162.0,3231.27319179803,69.27319179802998,exact-milp/taker,GRB,OPTIMAL,3231.27319179803,3231.27319179803,0.0,3120.0000000000005,111.27319179802953,21.455854177474976,0.049930572509765625,3004,924,2913,,,,,,sweep,,,16,-0.04999999999999871,29,,
phase2,taker-sweep,2026-08-14T22:39:56.398251+00:00,jingjie-cpu-05.mae.cornell.edu,4cf37e9,50939,14,syn-s1-n12,3406ecdf08f7,12,6,dad8b798d392,72359e02d4e0,3,162.0,89.7,3162.0,3231.27319179803,69.27319179802998,exact-milp/taker,GRB,OPTIMAL,3231.27319179803,3231.27319179803,0.0,3120.0000000000005,111.27319179802953,23.72325897216797,0.05023050308227539,3004,924,2913,,,,,,sweep,,,16,1.3322676295501878e-15,30,,
phase2,taker-sweep,2026-08-14T22:40:19.086094+00:00,jingjie-cpu-05.mae.cornell.edu,4cf37e9,50939,14,syn-s1-n12,3406ecdf08f7,12,6,55ce3d347b23,72359e02d4e0,3,162.0,89.7,3162.0,3231.27319179803,69.27319179802998,exact-milp/taker,GRB,OPTIMAL,3231.27319179803,3231.27319179803,0.0,3120.0000000000005,111.27319179802953,22.553009033203125,0.04950523376464844,3004,924,2913,,,,,,sweep,,,16,0.05000000000000138,31,,
phase2,taker-sweep,2026-08-14T22:40:38.211224+00:00,jingjie-cpu-05.mae.cornell.edu,4cf37e9,50939,14,syn-s1-n12,3406ecdf08f7,12,6,b63ca7332dae,72359e02d4e0,3,162.0,89.7,3162.0,3231.27319179803,69.27319179802998,exact-milp/taker,GRB,OPTIMAL,3231.27319179803,3231.27319179803,0.0,3120.0000000000005,111.27319179802953,18.98991322517395,0.04985809326171875,3004,924,2913,,,,,,sweep,,,16,0.10000000000000142,32,,
phase2,taker-sweep,2026-08-14T22:40:59.618801+00:00,jingjie-cpu-05.mae.cornell.edu,4cf37e9,50939,14,syn-s1-n12,3406ecdf08f7,12,6,16c58d5cdad3,72359e02d4e0,3,162.0,89.7,3162.0,3231.27319179803,69.27319179802998,exact-milp/taker,GRB,OPTIMAL,3231.27319179803,3231.27319179803,0.0,3120.0000000000005,111.27319179802953,21.268446683883667,0.049947261810302734,3004,924,2913,,,,,,sweep,,,16,0.15000000000000147,33,,
phase2,taker-sweep,2026-08-14T22:41:22.179285+00:00,jingjie-cpu-05.mae.cornell.edu,4cf37e9,50939,14,syn-s1-n12,3406ecdf08f7,12,6,90de7a280822,72359e02d4e0,3,162.0,89.7,3162.0,3231.27319179803,69.27319179802998,exact-milp/taker,GRB,OPTIMAL,3231.27319179803,3231.27319179803,0.0,3120.0000000000005,111.27319179802953,22.422273874282837,0.047391414642333984,3004,924,2913,,,,,,sweep,,,16,0.2000000000000015,34,,
phase2,taker-sweep,2026-08-14T22:41:41.941852+00:00,jingjie-cpu-05.mae.cornell.edu,4cf37e9,50939,14,syn-s1-n12,3406ecdf08f7,12,6,f3b020d41cdd,72359e02d4e0,3,162.0,89.7,3162.0,3231.27319179803,69.27319179802998,exact-milp/taker,GRB,OPTIMAL,3231.27319179803,3231.27319179803,0.0,3120.0000000000005,111.27319179802953,19.50011110305786,0.04745292663574219,3004,924,2913,,,,,,sweep,,,16,0.25000000000000155,35,,
phase2,taker-sweep,2026-08-14T22:42:04.523515+00:00,jingjie-cpu-05.mae.cornell.edu,4cf37e9,50939,14,syn-s1-n12,3406ecdf08f7,12,6,b63ca7332dae,72359e02d4e0,3,162.0,89.7,3162.0,3231.27319179803,69.27319179802998,exact-milp/taker,GRB,OPTIMAL,3231.27319179803,3231.27319179803,0.0,3120.0000000000005,111.27319179802953,22.444968461990356,0.0497286319732666,3004,924,2913,,,,,,sweep,,,16,0.3000000000000016,36,,
phase2,taker-sweep,2026-08-14T22:42:28.740699+00:00,jingjie-cpu-05.mae.cornell.edu,4cf37e9,50939,14,syn-s1-n12,3406ecdf08f7,12,6,dad8b798d392,72359e02d4e0,3,162.0,89.7,3162.0,3231.27319179803,69.27319179802998,exact-milp/taker,GRB,OPTIMAL,3231.27319179803,3231.27319179803,0.0,3120.0000000000005,111.27319179802953,24.081724166870117,0.04930305480957031,3004,924,2913,,,,,,sweep,,,16,0.35000000000000164,37,,
phase2,taker-sweep,2026-08-14T22:42:54.705036+00:00,jingjie-cpu-05.mae.cornell.edu,4cf37e9,50939,14,syn-s1-n12,3406ecdf08f7,12,6,dad8b798d392,72359e02d4e0,3,162.0,89.7,3162.0,3231.27319179803,69.27319179802998,exact-milp/taker,GRB,OPTIMAL,3231.27319179803,3231.2731917980295,1.4073317973879567e-16,3120.0000000000005,111.27319179802953,25.82339119911194,0.04712104797363281,3004,924,2913,,,,,,sweep,,,16,0.4000000000000017,38,,
phase2,taker-sweep,2026-08-14T22:43:18.083045+00:00,jingjie-cpu-05.mae.cornell.edu,4cf37e9,50939,14,syn-s1-n12,3406ecdf08f7,12,6,16c58d5cdad3,72359e02d4e0,3,162.0,89.7,3162.0,3231.27319179803,69.27319179802998,exact-milp/taker,GRB,OPTIMAL,3231.27319179803,3231.27319179803,0.0,3120.0000000000005,111.27319179802953,23.243241548538208,0.04937434196472168,3004,924,2913,,,,,,sweep,,,16,0.45000000000000173,39,,
phase2,taker-sweep,2026-08-14T22:43:37.873978+00:00,jingjie-cpu-05.mae.cornell.edu,4cf37e9,50939,14,syn-s1-n12,3406ecdf08f7,12,6,dad8b798d392,72359e02d4e0,3,162.0,89.7,3162.0,3231.27319179803,69.27319179802998,exact-milp/taker,GRB,OPTIMAL,3231.27319179803,3231.27319179803,0.0,3120.0000000000005,111.27319179802953,19.656495809555054,0.04906201362609863,3004,924,2913,,,,,,sweep,,,16,0.5000000000000018,40,,
phase2,taker-sweep,2026-08-14T22:44:01.570430+00:00,jingjie-cpu-05.mae.cornell.edu,4cf37e9,50939,14,syn-s1-n12,3406ecdf08f7,12,6,6658f11a2487,72359e02d4e0,3,162.0,89.7,3162.0,3231.27319179803,69.27319179802998,exact-milp/taker,GRB,OPTIMAL,3231.27319179803,3231.2731917980295,1.4073317973879567e-16,3120.0000000000005,111.27319179802953,23.56281876564026,0.04921460151672363,3004,924,2913,,,,,,sweep,,,16,0.5500000000000016,41,,
phase2,taker-sweep,2026-08-14T22:44:20.465896+00:00,jingjie-cpu-05.mae.cornell.edu,4cf37e9,50939,14,syn-s1-n12,3406ecdf08f7,12,6,6658f11a2487,72359e02d4e0,3,162.0,89.7,3162.0,3231.27319179803,69.27319179802998,exact-milp/taker,GRB,OPTIMAL,3231.27319179803,3231.27319179803,0.0,3120.0000000000005,111.27319179802953,18.752856492996216,0.05060696601867676,3004,924,2913,,,,,,sweep,,,16,0.6000000000000019,42,,
phase2,taker-sweep,2026-08-14T22:44:45.031312+00:00,jingjie-cpu-05.mae.cornell.edu,4cf37e9,50939,14,syn-s1-n12,3406ecdf08f7,12,6,6658f11a2487,72359e02d4e0,3,162.0,89.7,3162.0,3231.27319179803,69.27319179802998,exact-milp/taker,GRB,OPTIMAL,3231.27319179803,3231.27319179803,0.0,3120.0000000000005,111.27319179802953,24.42786431312561,0.05083441734313965,3004,924,2913,,,,,,sweep,,,16,0.6500000000000021,43,,
phase2,taker-sweep,2026-08-14T22:45:06.963282+00:00,jingjie-cpu-05.mae.cornell.edu,4cf37e9,50939,14,syn-s1-n12,3406ecdf08f7,12,6,160e1bf486d9,72359e02d4e0,3,162.0,89.7,3162.0,3231.27319179803,69.27319179802998,exact-milp/taker,GRB,OPTIMAL,3231.27319179803,3231.27319179803,0.0,3120.0000000000005,111.27319179802953,21.795772552490234,0.049608707427978516,3004,924,2913,,,,,,sweep,,,16,0.700000000000002,44,,
phase2,taker-sweep,2026-08-14T22:45:28.264494+00:00,jingjie-cpu-05.mae.cornell.edu,4cf37e9,50939,14,syn-s1-n12,3406ecdf08f7,12,6,16c58d5cdad3,72359e02d4e0,3,162.0,89.7,3162.0,3231.27319179803,69.27319179802998,exact-milp/taker,GRB,OPTIMAL,3231.27319179803,3231.27319179803,0.0,3120.0000000000005,111.27319179802953,21.16663694381714,0.04908442497253418,3004,924,2913,,,,,,sweep,,,16,0.7500000000000018,45,,
phase2,taker-sweep,2026-08-14T22:45:45.588751+00:00,jingjie-cpu-05.mae.cornell.edu,4cf37e9,50939,14,syn-s1-n12,3406ecdf08f7,12,6,b63ca7332dae,72359e02d4e0,3,162.0,89.7,3162.0,3231.27319179803,69.27319179802998,exact-milp/taker,GRB,OPTIMAL,3231.27319179803,3231.2731911704414,1.942233281602766e-10,3120.0000000000005,111.27319179802953,17.185587167739868,0.05005335807800293,3004,924,2913,,,,,,sweep,,,16,0.800000000000002,46,,
phase2,taker-sweep,2026-08-14T22:46:02.086249+00:00,jingjie-cpu-05.mae.cornell.edu,4cf37e9,50939,14,syn-s1-n12,3406ecdf08f7,12,6,160e1bf486d9,72359e02d4e0,3,162.0,89.7,3162.0,3231.27319179803,69.27319179802998,exact-milp/taker,GRB,OPTIMAL,3231.27319179803,3231.2731221475315,2.1555125296723023e-08,3120.0000000000005,111.27319179802953,16.361876964569092,0.0497438907623291,3004,924,2913,,,,,,sweep,,,16,0.8500000000000023,47,,
phase2,taker-sweep,2026-08-14T22:46:18.425527+00:00,jingjie-cpu-05.mae.cornell.edu,4cf37e9,50939,14,syn-s1-n12,3406ecdf08f7,12,6,160e1bf486d9,72359e02d4e0,3,162.0,89.7,3162.0,3231.27319179803,69.27319179802998,exact-milp/taker,GRB,OPTIMAL,3231.27319179803,3231.27319179803,0.0,3120.0000000000005,111.27319179802953,16.201966524124146,0.05018424987792969,3004,924,2913,,,,,,sweep,,,16,0.9000000000000021,48,,
phase2,taker-sweep,2026-08-14T22:46:39.574235+00:00,jingjie-cpu-05.mae.cornell.edu,4cf37e9,50939,14,syn-s1-n12,3406ecdf08f7,12,6,55ce3d347b23,72359e02d4e0,3,162.0,89.7,3162.0,3231.27319179803,69.27319179802998,exact-milp/taker,GRB,OPTIMAL,3231.27319179803,3231.27319179803,0.0,3120.0000000000005,111.27319179802953,21.012627124786377,0.049925804138183594,3004,924,2913,,,,,,sweep,,,16,0.950000000000002,49,,
phase2,taker-sweep,2026-08-14T22:47:00.354674+00:00,jingjie-cpu-05.mae.cornell.edu,4cf37e9,50939,14,syn-s1-n12,3406ecdf08f7,12,6,16c58d5cdad3,72359e02d4e0,3,162.0,89.7,3162.0,3231.27319179803,69.27319179802998,exact-milp/taker,GRB,OPTIMAL,3231.27319179803,3231.27319179803,0.0,3120.0000000000005,111.27319179802953,20.4749174118042,0.04785013198852539,3004,924,2913,,,,,,sweep,,,16,1.0000000000000022,50,,
phase2,taker-sweep,2026-08-14T22:47:26.393084+00:00,jingjie-cpu-05.mae.cornell.edu,4cf37e9,50939,14,syn-s1-n12,3406ecdf08f7,12,6,f3b020d41cdd,72359e02d4e0,3,162.0,89.7,3162.0,3231.27319179803,69.27319179802998,exact-milp/taker,GRB,OPTIMAL,3231.27319179803,3231.2731917980295,1.4073317973879567e-16,3120.0000000000005,111.27319179802953,25.90368914604187,0.04919028282165527,3004,924,2913,,,,,,sweep,,,16,1.0500000000000025,51,,
phase2,taker-sweep,2026-08-14T22:47:45.390023+00:00,jingjie-cpu-05.mae.cornell.edu,4cf37e9,50939,14,syn-s1-n12,3406ecdf08f7,12,6,dad8b798d392,72359e02d4e0,3,162.0,89.7,3162.0,3231.27319179803,69.27319179802998,exact-milp/taker,GRB,OPTIMAL,3231.27319179803,3231.27319179803,0.0,3120.0000000000005,111.27319179802953,18.865199327468872,0.04633140563964844,3004,924,2913,,,,,,sweep,,,16,1.1000000000000023,52,,
phase2,taker-sweep,2026-08-14T22:48:04.643285+00:00,jingjie-cpu-05.mae.cornell.edu,4cf37e9,50939,14,syn-s1-n12,3406ecdf08f7,12,6,160e1bf486d9,ef91746d29d9,3,162.0,89.7,3162.0,3231.27319179803,69.27319179802998,exact-milp/taker,GRB,OPTIMAL,3231.27319179803,3231.27319179803,0.0,3120.0000000000005,111.27319179802953,19.11805820465088,0.04953312873840332,3004,924,2913,,,,,,sweep,,,16,1.1500000000000021,53,,
phase2,taker-sweep,2026-08-14T22:48:25.069561+00:00,jingjie-cpu-05.mae.cornell.edu,4cf37e9,50939,14,syn-s1-n12,3406ecdf08f7,12,6,f3b020d41cdd,72359e02d4e0,3,162.0,89.7,3162.0,3231.27319179803,69.27319179802998,exact-milp/taker,GRB,OPTIMAL,3231.27319179803,3231.27319179803,0.0,3120.0000000000005,111.27319179802953,20.290520429611206,0.050488948822021484,3004,924,2913,,,,,,sweep,,,16,1.2000000000000024,54,,
phase2,taker-sweep,2026-08-14T22:48:46.398687+00:00,jingjie-cpu-05.mae.cornell.edu,4cf37e9,50939,14,syn-s1-n12,3406ecdf08f7,12,6,6658f11a2487,72359e02d4e0,3,162.0,89.7,3162.0,3231.27319179803,69.27319179802998,exact-milp/taker,GRB,OPTIMAL,3231.27319179803,3231.27319179803,0.0,3120.0000000000005,111.27319179802953,21.183727264404297,0.05033159255981445,3004,924,2913,,,,,,sweep,,,16,1.2500000000000027,55,,
phase2,taker-sweep,2026-08-14T22:49:07.407972+00:00,jingjie-cpu-05.mae.cornell.edu,4cf37e9,50939,14,syn-s1-n12,3406ecdf08f7,12,6,55ce3d347b23,72359e02d4e0,3,162.0,89.7,3162.0,3231.27319179803,69.27319179802998,exact-milp/taker,GRB,OPTIMAL,3231.27319179803,3231.27319179803,0.0,3120.0000000000005,111.27319179802953,20.871160984039307,0.05036783218383789,3004,924,2913,,,,,,sweep,,,16,1.3000000000000025,56,,
phase2,taker-sweep,2026-08-14T22:49:25.862249+00:00,jingjie-cpu-05.mae.cornell.edu,4cf37e9,50939,14,syn-s1-n12,3406ecdf08f7,12,6,90de7a280822,72359e02d4e0,3,162.0,89.7,3162.0,3231.27319179803,69.27319179802998,exact-milp/taker,GRB,OPTIMAL,3231.27319179803,3231.27319179803,0.0,3120.0000000000005,111.27319179802953,18.318979501724243,0.04956531524658203,3004,924,2913,,,,,,sweep,,,16,1.3500000000000023,57,,
phase2,taker-sweep,2026-08-14T22:49:46.481229+00:00,jingjie-cpu-05.mae.cornell.edu,4cf37e9,50939,14,syn-s1-n12,3406ecdf08f7,12,6,f3b020d41cdd,72359e02d4e0,3,162.0,89.7,3162.0,3231.27319179803,69.27319179802998,exact-milp/taker,GRB,OPTIMAL,3231.27319179803,3231.27319179803,0.0,3120.0000000000005,111.27319179802953,20.48400115966797,0.049428701400756836,3004,924,2913,,,,,,sweep,,,16,1.4000000000000026,58,,
phase2,taker-sweep,2026-08-14T22:50:10.226264+00:00,jingjie-cpu-05.mae.cornell.edu,4cf37e9,50939,14,syn-s1-n12,3406ecdf08f7,12,6,16c58d5cdad3,72359e02d4e0,3,162.0,89.7,3162.0,3231.27319179803,69.27319179802998,exact-milp/taker,GRB,OPTIMAL,3231.27319179803,3231.2731917980295,1.4073317973879567e-16,3120.0000000000005,111.27319179802953,23.597126007080078,0.04991292953491211,3004,924,2913,,,,,,sweep,,,16,1.4500000000000028,59,,
phase2,taker-sweep,2026-08-14T22:50:34.440419+00:00,jingjie-cpu-05.mae.cornell.edu,4cf37e9,50939,14,syn-s1-n12,3406ecdf08f7,12,6,160e1bf486d9,72359e02d4e0,3,162.0,89.7,3162.0,3231.27319179803,69.27319179802998,exact-milp/taker,GRB,OPTIMAL,3231.27319179803,3231.27319179803,0.0,3120.0000000000005,111.27319179802953,24.078811168670654,0.04899287223815918,3004,924,2913,,,,,,sweep,,,16,1.5000000000000027,60,,
phase2,taker-sweep,2026-08-14T22:32:56.276400+00:00,jingjie-cpu-05.mae.cornell.edu,4cf37e9,50940,15,syn-s1-n12,3406ecdf08f7,12,6,6658f11a2487,72359e02d4e0,3,162.0,89.7,3162.0,3231.27319179803,69.27319179802998,exact-milp/taker,GRB,OPTIMAL,3231.27319179803,3231.27319179803,0.0,3120.0000000000005,111.27319179802953,19.252102851867676,0.05723261833190918,3004,924,2913,,,,,,sweep,,,20,-1.5,0,,
phase2,taker-sweep,2026-08-14T22:33:17.847856+00:00,jingjie-cpu-05.mae.cornell.edu,4cf37e9,50940,15,syn-s1-n12,3406ecdf08f7,12,6,6658f11a2487,72359e02d4e0,3,162.0,89.7,3162.0,3231.27319179803,69.27319179802998,exact-milp/taker,GRB,OPTIMAL,3231.27319179803,3231.27319179803,0.0,3119.9999999999995,111.27319179803044,21.442021131515503,0.046826839447021484,3004,924,2913,,,,,,sweep,,,20,-1.45,1,,
phase2,taker-sweep,2026-08-14T22:33:38.834562+00:00,jingjie-cpu-05.mae.cornell.edu,4cf37e9,50940,15,syn-s1-n12,3406ecdf08f7,12,6,6658f11a2487,72359e02d4e0,3,162.0,89.7,3162.0,3231.27319179803,69.27319179802998,exact-milp/taker,GRB,OPTIMAL,3231.27319179803,3231.27319179803,0.0,3120.0000000000005,111.27319179802953,20.84679341316223,0.0468592643737793,3004,924,2913,,,,,,sweep,,,20,-1.4,2,,
phase2,taker-sweep,2026-08-14T22:34:02.277335+00:00,jingjie-cpu-05.mae.cornell.edu,4cf37e9,50940,15,syn-s1-n12,3406ecdf08f7,12,6,6658f11a2487,72359e02d4e0,3,162.0,89.7,3162.0,3231.27319179803,69.27319179802998,exact-milp/taker,GRB,OPTIMAL,3231.27319179803,3231.27319179803,0.0,3120.0000000000005,111.27319179802953,23.309237957000732,0.05057668685913086,3004,924,2913,,,,,,sweep,,,20,-1.3499999999999999,3,,
phase2,taker-sweep,2026-08-14T22:34:22.570521+00:00,jingjie-cpu-05.mae.cornell.edu,4cf37e9,50940,15,syn-s1-n12,3406ecdf08f7,12,6,6658f11a2487,72359e02d4e0,3,162.0,89.7,3162.0,3231.27319179803,69.27319179802998,exact-milp/taker,GRB,OPTIMAL,3231.27319179803,3231.27319179803,0.0,3120.0000000000005,111.27319179802953,20.160539388656616,0.05023622512817383,3004,924,2913,,,,,,sweep,,,20,-1.2999999999999998,4,,
phase2,taker-sweep,2026-08-14T22:34:44.664125+00:00,jingjie-cpu-05.mae.cornell.edu,4cf37e9,50940,15,syn-s1-n12,3406ecdf08f7,12,6,6658f11a2487,72359e02d4e0,3,162.0,89.7,3162.0,3231.27319179803,69.27319179802998,exact-milp/taker,GRB,OPTIMAL,3231.27319179803,3231.27319179803,0.0,3120.0000000000005,111.27319179802953,21.96408987045288,0.04699301719665527,3004,924,2913,,,,,,sweep,,,20,-1.2499999999999998,5,,
phase2,taker-sweep,2026-08-14T22:35:06.741140+00:00,jingjie-cpu-05.mae.cornell.edu,4cf37e9,50940,15,syn-s1-n12,3406ecdf08f7,12,6,6658f11a2487,72359e02d4e0,3,162.0,89.7,3162.0,3231.27319179803,69.27319179802998,exact-milp/taker,GRB,OPTIMAL,3231.27319179803,3231.27319179803,0.0,3120.0000000000005,111.27319179802953,21.87537121772766,0.051183462142944336,3004,924,2913,,,,,,sweep,,,20,-1.1999999999999997,6,,
phase2,taker-sweep,2026-08-14T22:35:29.526849+00:00,jingjie-cpu-05.mae.cornell.edu,4cf37e9,50940,15,syn-s1-n12,3406ecdf08f7,12,6,6658f11a2487,72359e02d4e0,3,162.0,89.7,3162.0,3231.27319179803,69.27319179802998,exact-milp/taker,GRB,OPTIMAL,3231.27319179803,3231.27319179803,0.0,3120.0000000000005,111.27319179802953,22.651175260543823,0.051271677017211914,3004,924,2913,,,,,,sweep,,,20,-1.1499999999999997,7,,
phase2,taker-sweep,2026-08-14T22:35:49.057625+00:00,jingjie-cpu-05.mae.cornell.edu,4cf37e9,50940,15,syn-s1-n12,3406ecdf08f7,12,6,6658f11a2487,72359e02d4e0,3,162.0,89.7,3162.0,3231.27319179803,69.27319179802998,exact-milp/taker,GRB,OPTIMAL,3231.27319179803,3231.27319179803,0.0,3120.0000000000005,111.27319179802953,19.400520086288452,0.047013282775878906,3004,924,2913,,,,,,sweep,,,20,-1.0999999999999996,8,,
phase2,taker-sweep,2026-08-14T22:36:10.038882+00:00,jingjie-cpu-05.mae.cornell.edu,4cf37e9,50940,15,syn-s1-n12,3406ecdf08f7,12,6,6658f11a2487,72359e02d4e0,3,162.0,89.7,3162.0,3231.27319179803,69.27319179802998,exact-milp/taker,GRB,OPTIMAL,3231.27319179803,3231.27319179803,0.0,3120.0000000000005,111.27319179802953,20.848913431167603,0.049829959869384766,3004,924,2913,,,,,,sweep,,,20,-1.0499999999999996,9,,
phase2,taker-sweep,2026-08-14T22:36:30.332395+00:00,jingjie-cpu-05.mae.cornell.edu,4cf37e9,50940,15,syn-s1-n12,3406ecdf08f7,12,6,6658f11a2487,72359e02d4e0,3,162.0,89.7,3162.0,3231.27319179803,69.27319179802998,exact-milp/taker,GRB,OPTIMAL,3231.27319179803,3231.27319179803,0.0,3120.0000000000005,111.27319179802953,20.154316902160645,0.05031323432922363,3004,924,2913,,,,,,sweep,,,20,-0.9999999999999996,10,,
phase2,taker-sweep,2026-08-14T22:36:50.639171+00:00,jingjie-cpu-05.mae.cornell.edu,4cf37e9,50940,15,syn-s1-n12,3406ecdf08f7,12,6,6658f11a2487,72359e02d4e0,3,162.0,89.7,3162.0,3231.27319179803,69.27319179802998,exact-milp/taker,GRB,OPTIMAL,3231.27319179803,3231.27319179803,0.0,3120.0000000000005,111.27319179802953,20.177884340286255,0.04622316360473633,3004,924,2913,,,,,,sweep,,,20,-0.9499999999999995,11,,
phase2,taker-sweep,2026-08-14T22:37:11.151423+00:00,jingjie-cpu-05.mae.cornell.edu,4cf37e9,50940,15,syn-s1-n12,3406ecdf08f7,12,6,6658f11a2487,72359e02d4e0,3,162.0,89.7,3162.0,3231.27319179803,69.27319179802998,exact-milp/taker,GRB,OPTIMAL,3231.27319179803,3231.27319179803,0.0,3120.0000000000005,111.27319179802953,20.38218092918396,0.04669928550720215,3004,924,2913,,,,,,sweep,,,20,-0.8999999999999995,12,,
phase2,taker-sweep,2026-08-14T22:37:31.447324+00:00,jingjie-cpu-05.mae.cornell.edu,4cf37e9,50940,15,syn-s1-n12,3406ecdf08f7,12,6,6658f11a2487,72359e02d4e0,3,162.0,89.7,3162.0,3231.27319179803,69.27319179802998,exact-milp/taker,GRB,OPTIMAL,3231.27319179803,3231.27319179803,0.0,3120.0000000000005,111.27319179802953,20.16306972503662,0.05041337013244629,3004,924,2913,,,,,,sweep,,,20,-0.8499999999999994,13,,
phase2,taker-sweep,2026-08-14T22:37:51.291955+00:00,jingjie-cpu-05.mae.cornell.edu,4cf37e9,50940,15,syn-s1-n12,3406ecdf08f7,12,6,6658f11a2487,72359e02d4e0,3,162.0,89.7,3162.0,3231.27319179803,69.27319179802998,exact-milp/taker,GRB,OPTIMAL,3231.27319179803,3231.27319179803,0.0,3120.0000000000005,111.27319179802953,19.706883668899536,0.05095863342285156,3004,924,2913,,,,,,sweep,,,20,-0.7999999999999994,14,,
phase2,taker-sweep,2026-08-14T22:38:13.097321+00:00,jingjie-cpu-05.mae.cornell.edu,4cf37e9,50940,15,syn-s1-n12,3406ecdf08f7,12,6,6658f11a2487,72359e02d4e0,3,162.0,89.7,3162.0,3231.27319179803,69.27319179802998,exact-milp/taker,GRB,OPTIMAL,3231.27319179803,3231.27319179803,0.0,3120.0000000000005,111.27319179802953,21.6723153591156,0.05012869834899902,3004,924,2913,,,,,,sweep,,,20,-0.7499999999999993,15,,
phase2,taker-sweep,2026-08-14T22:38:35.272513+00:00,jingjie-cpu-05.mae.cornell.edu,4cf37e9,50940,15,syn-s1-n12,3406ecdf08f7,12,6,6658f11a2487,72359e02d4e0,3,162.0,89.7,3162.0,3231.27319179803,69.27319179802998,exact-milp/taker,GRB,OPTIMAL,3231.27319179803,3231.27319179803,0.0,3120.0000000000005,111.27319179802953,22.046199083328247,0.04623842239379883,3004,924,2913,,,,,,sweep,,,20,-0.6999999999999993,16,,
phase2,taker-sweep,2026-08-14T22:38:56.728312+00:00,jingjie-cpu-05.mae.cornell.edu,4cf37e9,50940,15,syn-s1-n12,3406ecdf08f7,12,6,6658f11a2487,72359e02d4e0,3,162.0,89.7,3162.0,3231.27319179803,69.27319179802998,exact-milp/taker,GRB,OPTIMAL,3231.27319179803,3231.27319179803,0.0,3120.0000000000005,111.27319179802953,21.322138786315918,0.05057835578918457,3004,924,2913,,,,,,sweep,,,20,-0.6499999999999992,17,,
phase2,taker-sweep,2026-08-14T22:39:16.532500+00:00,jingjie-cpu-05.mae.cornell.edu,4cf37e9,50940,15,syn-s1-n12,3406ecdf08f7,12,6,6658f11a2487,72359e02d4e0,3,162.0,89.7,3162.0,3231.27319179803,69.27319179802998,exact-milp/taker,GRB,OPTIMAL,3231.27319179803,3231.27319179803,0.0,3120.0000000000005,111.27319179802953,19.670438051223755,0.04673576354980469,3004,924,2913,,,,,,sweep,,,20,-0.5999999999999992,18,,
phase2,taker-sweep,2026-08-14T22:39:38.203168+00:00,jingjie-cpu-05.mae.cornell.edu,4cf37e9,50940,15,syn-s1-n12,3406ecdf08f7,12,6,6658f11a2487,72359e02d4e0,3,162.0,89.7,3162.0,3231.27319179803,69.27319179802998,exact-milp/taker,GRB,OPTIMAL,3231.27319179803,3231.27319179803,0.0,3120.0000000000005,111.27319179802953,21.537508726119995,0.05011868476867676,3004,924,2913,,,,,,sweep,,,20,-0.5499999999999992,19,,
phase2,taker-sweep,2026-08-14T22:40:00.334549+00:00,jingjie-cpu-05.mae.cornell.edu,4cf37e9,50940,15,syn-s1-n12,3406ecdf08f7,12,6,6658f11a2487,72359e02d4e0,3,162.0,89.7,3162.0,3231.27319179803,69.27319179802998,exact-milp/taker,GRB,OPTIMAL,3231.27319179803,3231.27319179803,0.0,3120.0000000000005,111.27319179802953,21.852418899536133,0.048574209213256836,3004,924,2913,,,,,,sweep,,,20,-0.4999999999999991,20,,
phase2,taker-sweep,2026-08-14T22:40:21.012586+00:00,jingjie-cpu-05.mae.cornell.edu,4cf37e9,50940,15,syn-s1-n12,3406ecdf08f7,12,6,6658f11a2487,72359e02d4e0,3,162.0,89.7,3162.0,3231.27319179803,69.27319179802998,exact-milp/taker,GRB,OPTIMAL,3231.27319179803,3231.27319179803,0.0,3120.0000000000005,111.27319179802953,20.54505968093872,0.04951906204223633,3004,924,2913,,,,,,sweep,,,20,-0.44999999999999907,21,,
phase2,taker-sweep,2026-08-14T22:40:47.697823+00:00,jingjie-cpu-05.mae.cornell.edu,4cf37e9,50940,15,syn-s1-n12,3406ecdf08f7,12,6,6658f11a2487,72359e02d4e0,3,162.0,89.7,3162.0,3231.27319179803,69.27319179802998,exact-milp/taker,GRB,OPTIMAL,3231.27319179803,3231.27319179803,0.0,3120.0000000000005,111.27319179802953,26.551888704299927,0.04690146446228027,3004,924,2913,,,,,,sweep,,,20,-0.399999999999999,22,,
phase2,taker-sweep,2026-08-14T22:41:10.654720+00:00,jingjie-cpu-05.mae.cornell.edu,4cf37e9,50940,15,syn-s1-n12,3406ecdf08f7,12,6,6658f11a2487,72359e02d4e0,3,162.0,89.7,3162.0,3231.27319179803,69.27319179802998,exact-milp/taker,GRB,OPTIMAL,3231.27319179803,3231.27319179803,0.0,3120.0000000000005,111.27319179802953,22.82433557510376,0.04906153678894043,3004,924,2913,,,,,,sweep,,,20,-0.349999999999999,23,,
phase2,taker-sweep,2026-08-14T22:41:32.022355+00:00,jingjie-cpu-05.mae.cornell.edu,4cf37e9,50940,15,syn-s1-n12,3406ecdf08f7,12,6,6658f11a2487,72359e02d4e0,3,162.0,89.7,3162.0,3231.27319179803,69.27319179802998,exact-milp/taker,GRB,OPTIMAL,3231.27319179803,3231.27319179803,0.0,3120.0000000000005,111.27319179802953,21.234824180603027,0.04937028884887695,3004,924,2913,,,,,,sweep,,,20,-0.29999999999999893,24,,
phase2,taker-sweep,2026-08-14T22:41:52.915784+00:00,jingjie-cpu-05.mae.cornell.edu,4cf37e9,50940,15,syn-s1-n12,3406ecdf08f7,12,6,6658f11a2487,72359e02d4e0,3,162.0,89.7,3162.0,3231.27319179803,69.27319179802998,exact-milp/taker,GRB,OPTIMAL,3231.27319179803,3231.27319179803,0.0,3120.0000000000005,111.27319179802953,20.761329174041748,0.0494384765625,3004,924,2913,,,,,,sweep,,,20,-0.2499999999999989,25,,
phase2,taker-sweep,2026-08-14T22:42:13.490807+00:00,jingjie-cpu-05.mae.cornell.edu,4cf37e9,50940,15,syn-s1-n12,3406ecdf08f7,12,6,6658f11a2487,72359e02d4e0,3,162.0,89.7,3162.0,3231.27319179803,69.27319179802998,exact-milp/taker,GRB,OPTIMAL,3231.27319179803,3231.27319179803,0.0,3120.0000000000005,111.27319179802953,20.439326763153076,0.05003857612609863,3004,924,2913,,,,,,sweep,,,20,-0.19999999999999885,26,,
phase2,taker-sweep,2026-08-14T22:42:34.338228+00:00,jingjie-cpu-05.mae.cornell.edu,4cf37e9,50940,15,syn-s1-n12,3406ecdf08f7,12,6,6658f11a2487,72359e02d4e0,3,162.0,89.7,3162.0,3231.27319179803,69.27319179802998,exact-milp/taker,GRB,OPTIMAL,3231.27319179803,3231.27319179803,0.0,3120.0000000000005,111.27319179802953,20.71414542198181,0.049370765686035156,3004,924,2913,,,,,,sweep,,,20,-0.1499999999999988,27,,
phase2,taker-sweep,2026-08-14T22:42:57.006402+00:00,jingjie-cpu-05.mae.cornell.edu,4cf37e9,50940,15,syn-s1-n12,3406ecdf08f7,12,6,6658f11a2487,72359e02d4e0,3,162.0,89.7,3162.0,3231.27319179803,69.27319179802998,exact-milp/taker,GRB,OPTIMAL,3231.27319179803,3231.27319179803,0.0,3120.0000000000005,111.27319179802953,22.537907123565674,0.04641985893249512,3004,924,2913,,,,,,sweep,,,20,-0.09999999999999876,28,,
phase2,taker-sweep,2026-08-14T22:43:18.125351+00:00,jingjie-cpu-05.mae.cornell.edu,4cf37e9,50940,15,syn-s1-n12,3406ecdf08f7,12,6,6658f11a2487,72359e02d4e0,3,162.0,89.7,3162.0,3231.27319179803,69.27319179802998,exact-milp/taker,GRB,OPTIMAL,3231.27319179803,3231.27319179803,0.0,3120.0000000000005,111.27319179802953,20.985397338867188,0.050049543380737305,3004,924,2913,,,,,,sweep,,,20,-0.04999999999999871,29,,
phase2,taker-sweep,2026-08-14T22:43:42.038455+00:00,jingjie-cpu-05.mae.cornell.edu,4cf37e9,50940,15,syn-s1-n12,3406ecdf08f7,12,6,6658f11a2487,72359e02d4e0,3,162.0,89.7,3162.0,3231.27319179803,69.27319179802998,exact-milp/taker,GRB,OPTIMAL,3231.27319179803,3231.27319179803,0.0,3120.0000000000005,111.27319179802953,23.77745270729065,0.04929304122924805,3004,924,2913,,,,,,sweep,,,20,1.3322676295501878e-15,30,,
phase2,taker-sweep,2026-08-14T22:44:02.110952+00:00,jingjie-cpu-05.mae.cornell.edu,4cf37e9,50940,15,syn-s1-n12,3406ecdf08f7,12,6,6658f11a2487,72359e02d4e0,3,162.0,89.7,3162.0,3231.27319179803,69.27319179802998,exact-milp/taker,GRB,OPTIMAL,3231.27319179803,3231.27319179803,0.0,3120.0000000000005,111.27319179802953,19.93868350982666,0.049223899841308594,3004,924,2913,,,,,,sweep,,,20,0.05000000000000138,31,,
phase2,taker-sweep,2026-08-14T22:44:24.406554+00:00,jingjie-cpu-05.mae.cornell.edu,4cf37e9,50940,15,syn-s1-n12,3406ecdf08f7,12,6,6658f11a2487,72359e02d4e0,3,162.0,89.7,3162.0,3231.27319179803,69.27319179802998,exact-milp/taker,GRB,OPTIMAL,3231.27319179803,3231.27319179803,0.0,3120.0000000000005,111.27319179802953,22.162020444869995,0.05001235008239746,3004,924,2913,,,,,,sweep,,,20,0.10000000000000142,32,,
phase2,taker-sweep,2026-08-14T22:44:44.715626+00:00,jingjie-cpu-05.mae.cornell.edu,4cf37e9,50940,15,syn-s1-n12,3406ecdf08f7,12,6,6658f11a2487,72359e02d4e0,3,162.0,89.7,3162.0,3231.27319179803,69.27319179802998,exact-milp/taker,GRB,OPTIMAL,3231.27319179803,3231.27319179803,0.0,3120.0000000000005,111.27319179802953,20.176170587539673,0.04955434799194336,3004,924,2913,,,,,,sweep,,,20,0.15000000000000147,33,,
phase2,taker-sweep,2026-08-14T22:45:05.120957+00:00,jingjie-cpu-05.mae.cornell.edu,4cf37e9,50940,15,syn-s1-n12,3406ecdf08f7,12,6,6658f11a2487,72359e02d4e0,3,162.0,89.7,3162.0,3231.27319179803,69.27319179802998,exact-milp/taker,GRB,OPTIMAL,3231.27319179803,3231.27319179803,0.0,3120.0000000000005,111.27319179802953,20.267165899276733,0.04715085029602051,3004,924,2913,,,,,,sweep,,,20,0.2000000000000015,34,,
phase2,taker-sweep,2026-08-14T22:45:26.290033+00:00,jingjie-cpu-05.mae.cornell.edu,4cf37e9,50940,15,syn-s1-n12,3406ecdf08f7,12,6,6658f11a2487,72359e02d4e0,3,162.0,89.7,3162.0,3231.27319179803,69.27319179802998,exact-milp/taker,GRB,OPTIMAL,3231.27319179803,3231.27319179803,0.0,3120.0000000000005,111.27319179802953,20.900441884994507,0.04760456085205078,3004,924,2913,,,,,,sweep,,,20,0.25000000000000155,35,,
phase2,taker-sweep,2026-08-14T22:45:47.527808+00:00,jingjie-cpu-05.mae.cornell.edu,4cf37e9,50940,15,syn-s1-n12,3406ecdf08f7,12,6,6658f11a2487,72359e02d4e0,3,162.0,89.7,3162.0,3231.27319179803,69.27319179802998,exact-milp/taker,GRB,OPTIMAL,3231.27319179803,3231.27319179803,0.0,3120.0000000000005,111.27319179802953,21.010472059249878,0.05002474784851074,3004,924,2913,,,,,,sweep,,,20,0.3000000000000016,36,,
phase2,taker-sweep,2026-08-14T22:46:09.736458+00:00,jingjie-cpu-05.mae.cornell.edu,4cf37e9,50940,15,syn-s1-n12,3406ecdf08f7,12,6,6658f11a2487,72359e02d4e0,3,162.0,89.7,3162.0,3231.27319179803,69.27319179802998,exact-milp/taker,GRB,OPTIMAL,3231.27319179803,3231.27319179803,0.0,3120.0000000000005,111.27319179802953,22.076332569122314,0.04909062385559082,3004,924,2913,,,,,,sweep,,,20,0.35000000000000164,37,,
phase2,taker-sweep,2026-08-14T22:46:26.788645+00:00,jingjie-cpu-05.mae.cornell.edu,4cf37e9,50940,15,syn-s1-n12,3406ecdf08f7,12,6,6658f11a2487,72359e02d4e0,3,162.0,89.7,3162.0,3231.27319179803,69.27319179802998,exact-milp/taker,GRB,OPTIMAL,3231.27319179803,3231.27319179803,0.0,3120.0000000000005,111.27319179802953,16.906721830368042,0.050048828125,3004,924,2913,,,,,,sweep,,,20,0.4000000000000017,38,,
phase2,taker-sweep,2026-08-14T22:46:48.332140+00:00,jingjie-cpu-05.mae.cornell.edu,4cf37e9,50940,15,syn-s1-n12,3406ecdf08f7,12,6,6658f11a2487,72359e02d4e0,3,162.0,89.7,3162.0,3231.27319179803,69.27319179802998,exact-milp/taker,GRB,OPTIMAL,3231.27319179803,3231.27319179803,0.0,3120.0000000000005,111.27319179802953,21.41029143333435,0.04931807518005371,3004,924,2913,,,,,,sweep,,,20,0.45000000000000173,39,,
phase2,taker-sweep,2026-08-14T22:47:11.537985+00:00,jingjie-cpu-05.mae.cornell.edu,4cf37e9,50940,15,syn-s1-n12,3406ecdf08f7,12,6,6658f11a2487,72359e02d4e0,3,162.0,89.7,3162.0,3231.27319179803,69.27319179802998,exact-milp/taker,GRB,OPTIMAL,3231.27319179803,3231.27319179803,0.0,3120.0000000000005,111.27319179802953,23.072373867034912,0.04937434196472168,3004,924,2913,,,,,,sweep,,,20,0.5000000000000018,40,,
phase2,taker-sweep,2026-08-14T22:47:41.918803+00:00,jingjie-cpu-05.mae.cornell.edu,4cf37e9,50940,15,syn-s1-n12,3406ecdf08f7,12,6,6658f11a2487,72359e02d4e0,3,162.0,89.7,3162.0,3231.27319179803,69.27319179802998,exact-milp/taker,GRB,OPTIMAL,3231.27319179803,3231.27319179803,0.0,3120.0000000000005,111.27319179802953,30.2461519241333,0.049559831619262695,3004,924,2913,,,,,,sweep,,,20,0.5500000000000016,41,,
phase2,taker-sweep,2026-08-14T22:48:06.053096+00:00,jingjie-cpu-05.mae.cornell.edu,4cf37e9,50940,15,syn-s1-n12,3406ecdf08f7,12,6,6658f11a2487,72359e02d4e0,3,162.0,89.7,3162.0,3231.27319179803,69.27319179802998,exact-milp/taker,GRB,OPTIMAL,3231.27319179803,3231.27319179803,0.0,3120.0000000000005,111.27319179802953,23.981813669204712,0.04595494270324707,3004,924,2913,,,,,,sweep,,,20,0.6000000000000019,42,,
phase2,taker-sweep,2026-08-14T22:48:28.072484+00:00,jingjie-cpu-05.mae.cornell.edu,4cf37e9,50940,15,syn-s1-n12,3406ecdf08f7,12,6,6658f11a2487,72359e02d4e0,3,162.0,89.7,3162.0,3231.27319179803,69.27319179802998,exact-milp/taker,GRB,OPTIMAL,3231.27319179803,3231.27319179803,0.0,3120.0000000000005,111.27319179802953,21.888701677322388,0.04621767997741699,3004,924,2913,,,,,,sweep,,,20,0.6500000000000021,43,,
phase2,taker-sweep,2026-08-14T22:48:51.807937+00:00,jingjie-cpu-05.mae.cornell.edu,4cf37e9,50940,15,syn-s1-n12,3406ecdf08f7,12,6,6658f11a2487,72359e02d4e0,3,162.0,89.7,3162.0,3231.27319179803,69.27319179802998,exact-milp/taker,GRB,OPTIMAL,3231.27319179803,3231.27319179803,0.0,3120.0000000000005,111.27319179802953,23.60213351249695,0.04924821853637695,3004,924,2913,,,,,,sweep,,,20,0.700000000000002,44,,
phase2,taker-sweep,2026-08-14T22:49:12.534093+00:00,jingjie-cpu-05.mae.cornell.edu,4cf37e9,50940,15,syn-s1-n12,3406ecdf08f7,12,6,6658f11a2487,72359e02d4e0,3,162.0,89.7,3162.0,3231.27319179803,69.27319179802998,exact-milp/taker,GRB,OPTIMAL,3231.27319179803,3231.27319179803,0.0,3120.0000000000005,111.27319179802953,20.593178510665894,0.04927849769592285,3004,924,2913,,,,,,sweep,,,20,0.7500000000000018,45,,
phase2,taker-sweep,2026-08-14T22:49:34.560987+00:00,jingjie-cpu-05.mae.cornell.edu,4cf37e9,50940,15,syn-s1-n12,3406ecdf08f7,12,6,6658f11a2487,72359e02d4e0,3,162.0,89.7,3162.0,3231.27319179803,69.27319179802998,exact-milp/taker,GRB,OPTIMAL,3231.27319179803,3231.27319179803,0.0,3120.0000000000005,111.27319179802953,21.87676215171814,0.04967188835144043,3004,924,2913,,,,,,sweep,,,20,0.800000000000002,46,,
phase2,taker-sweep,2026-08-14T22:49:59.315323+00:00,jingjie-cpu-05.mae.cornell.edu,4cf37e9,50940,15,syn-s1-n12,3406ecdf08f7,12,6,6658f11a2487,72359e02d4e0,3,162.0,89.7,3162.0,3231.27319179803,69.27319179802998,exact-milp/taker,GRB,OPTIMAL,3231.27319179803,3231.27319179803,0.0,3120.0000000000005,111.27319179802953,24.62108826637268,0.04902529716491699,3004,924,2913,,,,,,sweep,,,20,0.8500000000000023,47,,
phase2,taker-sweep,2026-08-14T22:50:17.695761+00:00,jingjie-cpu-05.mae.cornell.edu,4cf37e9,50940,15,syn-s1-n12,3406ecdf08f7,12,6,6658f11a2487,72359e02d4e0,3,162.0,89.7,3162.0,3231.27319179803,69.27319179802998,exact-milp/taker,GRB,OPTIMAL,3231.27319179803,3231.27319179803,0.0,3120.0000000000005,111.27319179802953,18.246007680892944,0.049584150314331055,3004,924,2913,,,,,,sweep,,,20,0.9000000000000021,48,,
phase2,taker-sweep,2026-08-14T22:50:37.418115+00:00,jingjie-cpu-05.mae.cornell.edu,4cf37e9,50940,15,syn-s1-n12,3406ecdf08f7,12,6,6658f11a2487,72359e02d4e0,3,162.0,89.7,3162.0,3231.27319179803,69.27319179802998,exact-milp/taker,GRB,OPTIMAL,3231.27319179803,3231.27319179803,0.0,3120.0000000000005,111.27319179802953,19.587735176086426,0.05057930946350098,3004,924,2913,,,,,,sweep,,,20,0.950000000000002,49,,
phase2,taker-sweep,2026-08-14T22:50:59.944974+00:00,jingjie-cpu-05.mae.cornell.edu,4cf37e9,50940,15,syn-s1-n12,3406ecdf08f7,12,6,6658f11a2487,72359e02d4e0,3,162.0,89.7,3162.0,3231.27319179803,69.27319179802998,exact-milp/taker,GRB,OPTIMAL,3231.27319179803,3231.27319179803,0.0,3120.0000000000005,111.27319179802953,22.248330116271973,0.05085134506225586,3004,924,2913,,,,,,sweep,,,20,1.0000000000000022,50,,
phase2,taker-sweep,2026-08-14T22:51:42.786988+00:00,jingjie-cpu-05.mae.cornell.edu,4cf37e9,50940,15,syn-s1-n12,3406ecdf08f7,12,6,6658f11a2487,72359e02d4e0,3,162.0,89.7,3162.0,3231.27319179803,69.27319179802998,exact-milp/taker,GRB,OPTIMAL,3231.27319179803,3231.27319179803,0.0,3120.0000000000005,111.27319179802953,42.70872235298157,0.04927492141723633,3004,924,2913,,,,,,sweep,,,20,1.0500000000000025,51,,
phase2,taker-sweep,2026-08-14T22:51:59.560208+00:00,jingjie-cpu-05.mae.cornell.edu,4cf37e9,50940,15,syn-s1-n12,3406ecdf08f7,12,6,6658f11a2487,72359e02d4e0,3,162.0,89.7,3162.0,3231.27319179803,69.27319179802998,exact-milp/taker,GRB,OPTIMAL,3231.27319179803,3231.27319179803,0.0,3120.0000000000005,111.27319179802953,16.637287139892578,0.04814004898071289,3004,924,2913,,,,,,sweep,,,20,1.1000000000000023,52,,
phase2,taker-sweep,2026-08-14T22:52:28.088025+00:00,jingjie-cpu-05.mae.cornell.edu,4cf37e9,50940,15,syn-s1-n12,3406ecdf08f7,12,6,6658f11a2487,72359e02d4e0,3,162.0,89.7,3162.0,3231.27319179803,69.27319179802998,exact-milp/taker,GRB,OPTIMAL,3231.27319179803,3231.27319179803,0.0,3120.0000000000005,111.27319179802953,28.394854307174683,0.04642367362976074,3004,924,2913,,,,,,sweep,,,20,1.1500000000000021,53,,
phase2,taker-sweep,2026-08-14T22:52:57.511020+00:00,jingjie-cpu-05.mae.cornell.edu,4cf37e9,50940,15,syn-s1-n12,3406ecdf08f7,12,6,6658f11a2487,72359e02d4e0,3,162.0,89.7,3162.0,3231.27319179803,69.27319179802998,exact-milp/taker,GRB,OPTIMAL,3231.27319179803,3231.27319179803,0.0,3120.0000000000005,111.27319179802953,29.287915229797363,0.048378705978393555,3004,924,2913,,,,,,sweep,,,20,1.2000000000000024,54,,
phase2,taker-sweep,2026-08-14T22:53:33.029101+00:00,jingjie-cpu-05.mae.cornell.edu,4cf37e9,50940,15,syn-s1-n12,3406ecdf08f7,12,6,6658f11a2487,72359e02d4e0,3,162.0,89.7,3162.0,3231.27319179803,69.27319179802998,exact-milp/taker,GRB,OPTIMAL,3231.27319179803,3231.27319179803,0.0,3120.0000000000005,111.27319179802953,35.37581920623779,0.050063133239746094,3004,924,2913,,,,,,sweep,,,20,1.2500000000000027,55,,
phase2,taker-sweep,2026-08-14T22:53:52.608103+00:00,jingjie-cpu-05.mae.cornell.edu,4cf37e9,50940,15,syn-s1-n12,3406ecdf08f7,12,6,6658f11a2487,72359e02d4e0,3,162.0,89.7,3162.0,3231.27319179803,69.27319179802998,exact-milp/taker,GRB,OPTIMAL,3231.27319179803,3231.27319179803,0.0,3120.0000000000005,111.27319179802953,19.446741819381714,0.048349618911743164,3004,924,2913,,,,,,sweep,,,20,1.3000000000000025,56,,
phase2,taker-sweep,2026-08-14T22:54:15.738300+00:00,jingjie-cpu-05.mae.cornell.edu,4cf37e9,50940,15,syn-s1-n12,3406ecdf08f7,12,6,6658f11a2487,72359e02d4e0,3,162.0,89.7,3162.0,3231.27319179803,69.27319179802998,exact-milp/taker,GRB,OPTIMAL,3231.27319179803,3231.27319179803,0.0,3120.0000000000005,111.27319179802953,22.996191024780273,0.04869961738586426,3004,924,2913,,,,,,sweep,,,20,1.3500000000000023,57,,
phase2,taker-sweep,2026-08-14T22:54:39.338389+00:00,jingjie-cpu-05.mae.cornell.edu,4cf37e9,50940,15,syn-s1-n12,3406ecdf08f7,12,6,6658f11a2487,72359e02d4e0,3,162.0,89.7,3162.0,3231.27319179803,69.27319179802998,exact-milp/taker,GRB,OPTIMAL,3231.27319179803,3231.27319179803,0.0,3120.0000000000005,111.27319179802953,23.46171760559082,0.04906821250915527,3004,924,2913,,,,,,sweep,,,20,1.4000000000000026,58,,
phase2,taker-sweep,2026-08-14T22:55:03.567140+00:00,jingjie-cpu-05.mae.cornell.edu,4cf37e9,50940,15,syn-s1-n12,3406ecdf08f7,12,6,6658f11a2487,72359e02d4e0,3,162.0,89.7,3162.0,3231.27319179803,69.27319179802998,exact-milp/taker,GRB,OPTIMAL,3231.27319179803,3231.27319179803,0.0,3120.0000000000005,111.27319179802953,24.070085048675537,0.049877166748046875,3004,924,2913,,,,,,sweep,,,20,1.4500000000000028,59,,
phase2,taker-sweep,2026-08-14T22:55:31.413711+00:00,jingjie-cpu-05.mae.cornell.edu,4cf37e9,50940,15,syn-s1-n12,3406ecdf08f7,12,6,6658f11a2487,72359e02d4e0,3,162.0,89.7,3162.0,3231.27319179803,69.27319179802998,exact-milp/taker,GRB,OPTIMAL,3231.27319179803,3231.27319179803,0.0,3120.0000000000005,111.27319179802953,27.708730459213257,0.05198240280151367,3004,924,2913,,,,,,sweep,,,20,1.5000000000000027,60,,
phase2,taker-sweep,2026-08-14T22:33:03.429123+00:00,jingjie-cpu-05.mae.cornell.edu,4cf37e9,50937,12,syn-s1-n12,3406ecdf08f7,12,6,18222d431d72,2e32e6bf7eb9,3,172.0,91.7,3172.0,3208.967997657317,36.96799765731703,exact-milp/taker,GRB,OPTIMAL,3208.967997657317,3208.967997657317,0.0,3120.0,88.96799765731703,26.423015356063843,0.056804656982421875,3004,924,2913,,,,,,sweep,,,8,-1.5,0,,
phase2,taker-sweep,2026-08-14T22:33:25.241849+00:00,jingjie-cpu-05.mae.cornell.edu,4cf37e9,50937,12,syn-s1-n12,3406ecdf08f7,12,6,88452b5af649,2e32e6bf7eb9,3,172.0,91.7,3172.0,3212.307997657317,40.30799765731717,exact-milp/taker,GRB,OPTIMAL,3212.307997657317,3212.307997657317,0.0,3120.0,92.30799765731717,21.649815559387207,0.04974555969238281,3004,924,2913,,,,,,sweep,,,8,-1.45,1,,
phase2,taker-sweep,2026-08-14T22:34:07.001391+00:00,jingjie-cpu-05.mae.cornell.edu,4cf37e9,50937,12,syn-s1-n12,3406ecdf08f7,12,6,18222d431d72,2e32e6bf7eb9,3,172.0,91.7,3172.0,3215.6479976573173,43.64799765731732,exact-milp/taker,GRB,OPTIMAL,3215.6479976573173,3215.647992468123,1.6137320781300364e-09,3120.0,95.64799765731732,41.60799741744995,0.049340009689331055,3004,924,2913,,,,,,sweep,,,8,-1.4,2,,
phase2,taker-sweep,2026-08-14T22:34:53.318769+00:00,jingjie-cpu-05.mae.cornell.edu,4cf37e9,50937,12,syn-s1-n12,3406ecdf08f7,12,6,7f0958f9aa0f,2e32e6bf7eb9,3,172.0,91.7,3172.0,3218.9879976573175,46.987997657317464,exact-milp/taker,GRB,OPTIMAL,3218.9879976573175,3218.9879976573175,0.0,3120.0,98.98799765731746,46.18600940704346,0.04606747627258301,3004,924,2913,,,,,,sweep,,,8,-1.3499999999999999,3,,
phase2,taker-sweep,2026-08-14T22:35:40.816852+00:00,jingjie-cpu-05.mae.cornell.edu,4cf37e9,50937,12,syn-s1-n12,3406ecdf08f7,12,6,2b85df44c3dc,14b97ebd6564,3,162.0,89.7,3162.0,3221.502743314257,59.502743314256804,exact-milp/taker,GRB,OPTIMAL,3221.502743314257,3221.502743314257,0.0,3120.0,101.5027433142568,47.36648416519165,0.04876089096069336,3004,924,2913,,,,,,sweep,,,8,-1.2999999999999998,4,,
phase2,taker-sweep,2026-08-14T22:36:06.137229+00:00,jingjie-cpu-05.mae.cornell.edu,4cf37e9,50937,12,syn-s1-n12,3406ecdf08f7,12,6,2b85df44c3dc,14b97ebd6564,3,162.0,89.7,3162.0,3222.9127433142567,60.91274331425666,exact-milp/taker,GRB,OPTIMAL,3222.9127433142567,3222.9127433142567,0.0,3120.0,102.91274331425666,25.19213628768921,0.04543733596801758,3004,924,2913,,,,,,sweep,,,8,-1.2499999999999998,5,,
phase2,taker-sweep,2026-08-14T22:36:48.656327+00:00,jingjie-cpu-05.mae.cornell.edu,4cf37e9,50937,12,syn-s1-n12,3406ecdf08f7,12,6,c3b5556d1b74,14b97ebd6564,3,162.0,89.7,3162.0,3224.3227433142565,62.32274331425651,exact-milp/taker,GRB,OPTIMAL,3224.3227433142565,3224.3227433142565,0.0,3120.0,104.32274331425651,42.30155086517334,0.04660201072692871,3004,924,2913,,,,,,sweep,,,8,-1.1999999999999997,6,,
phase2,taker-sweep,2026-08-14T22:37:32.869792+00:00,jingjie-cpu-05.mae.cornell.edu,4cf37e9,50937,12,syn-s1-n12,3406ecdf08f7,12,6,80de3511da47,14b97ebd6564,3,162.0,89.7,3162.0,3225.7327433142573,63.73274331425728,exact-milp/taker,GRB,OPTIMAL,3225.7327433142573,3225.7327433142564,2.819497999820264e-16,3120.0,105.73274331425728,44.080678939819336,0.04997825622558594,3004,924,2913,,,,,,sweep,,,8,-1.1499999999999997,7,,
phase2,taker-sweep,2026-08-14T22:37:56.399137+00:00,jingjie-cpu-05.mae.cornell.edu,4cf37e9,50937,12,syn-s1-n12,3406ecdf08f7,12,6,80de3511da47,14b97ebd6564,3,162.0,89.7,3162.0,3227.142743314257,65.14274331425713,exact-milp/taker,GRB,OPTIMAL,3227.142743314257,3227.1427433142567,1.40913305377822e-16,3120.0,107.14274331425713,23.399101972579956,0.04779529571533203,3004,924,2913,,,,,,sweep,,,8,-1.0999999999999996,8,,
phase2,taker-sweep,2026-08-14T22:38:28.687301+00:00,jingjie-cpu-05.mae.cornell.edu,4cf37e9,50937,12,syn-s1-n12,3406ecdf08f7,12,6,2b85df44c3dc,14b97ebd6564,3,162.0,89.7,3162.0,3228.552743314257,66.55274331425699,exact-milp/taker,GRB,OPTIMAL,3228.552743314257,3228.552743314257,0.0,3120.0,108.55274331425699,32.16047549247742,0.04564023017883301,3004,924,2913,,,,,,sweep,,,8,-1.0499999999999996,9,,
phase2,taker-sweep,2026-08-14T22:38:54.202724+00:00,jingjie-cpu-05.mae.cornell.edu,4cf37e9,50937,12,syn-s1-n12,3406ecdf08f7,12,6,6658f11a2487,a646162b94fd,3,162.0,89.7,3162.0,3229.89946425675,67.89946425674998,exact-milp/taker,GRB,OPTIMAL,3229.89946425675,3229.89946425675,0.0,3120.0,109.89946425674998,25.37400531768799,0.04877805709838867,3004,924,2913,,,,,,sweep,,,8,-0.9999999999999996,10,,
phase2,taker-sweep,2026-08-14T22:39:18.250755+00:00,jingjie-cpu-05.mae.cornell.edu,4cf37e9,50937,12,syn-s1-n12,3406ecdf08f7,12,6,160e1bf486d9,a646162b94fd,3,162.0,89.7,3162.0,3231.17446425675,69.17446425675007,exact-milp/taker,GRB,OPTIMAL,3231.17446425675,3231.17446425675,0.0,3120.0,111.17446425675007,23.916717529296875,0.04788637161254883,3004,924,2913,,,,,,sweep,,,8,-0.9499999999999995,11,,
phase2,taker-sweep,2026-08-14T22:39:45.110528+00:00,jingjie-cpu-05.mae.cornell.edu,4cf37e9,50937,12,syn-s1-n12,3406ecdf08f7,12,6,dad8b798d392,72359e02d4e0,3,162.0,89.7,3162.0,3231.27319179803,69.27319179802998,exact-milp/taker,GRB,OPTIMAL,3231.27319179803,3231.2731917980295,1.4073317973879567e-16,3120.0,111.27319179802998,26.725171327590942,0.04816794395446777,3004,924,2913,,,,,,sweep,,,8,-0.8999999999999995,12,,
phase2,taker-sweep,2026-08-14T22:40:08.692659+00:00,jingjie-cpu-05.mae.cornell.edu,4cf37e9,50937,12,syn-s1-n12,3406ecdf08f7,12,6,6658f11a2487,72359e02d4e0,3,162.0,89.7,3162.0,3231.27319179803,69.27319179802998,exact-milp/taker,GRB,OPTIMAL,3231.27319179803,3231.27319179803,0.0,3120.0,111.27319179802998,23.452826023101807,0.04582476615905762,3004,924,2913,,,,,,sweep,,,8,-0.8499999999999994,13,,
phase2,taker-sweep,2026-08-14T22:40:30.726514+00:00,jingjie-cpu-05.mae.cornell.edu,4cf37e9,50937,12,syn-s1-n12,3406ecdf08f7,12,6,160e1bf486d9,72359e02d4e0,3,162.0,89.7,3162.0,3231.27319179803,69.27319179802998,exact-milp/taker,GRB,OPTIMAL,3231.27319179803,3231.27319179803,0.0,3120.0,111.27319179802998,21.88266158103943,0.04933357238769531,3004,924,2913,,,,,,sweep,,,8,-0.7999999999999994,14,,
phase2,taker-sweep,2026-08-14T22:40:59.236121+00:00,jingjie-cpu-05.mae.cornell.edu,4cf37e9,50937,12,syn-s1-n12,3406ecdf08f7,12,6,160e1bf486d9,72359e02d4e0,3,162.0,89.7,3162.0,3231.27319179803,69.27319179802998,exact-milp/taker,GRB,OPTIMAL,3231.27319179803,3231.27319179803,0.0,3120.0,111.27319179802998,28.377257347106934,0.04843306541442871,3004,924,2913,,,,,,sweep,,,8,-0.7499999999999993,15,,
phase2,taker-sweep,2026-08-14T22:41:23.787092+00:00,jingjie-cpu-05.mae.cornell.edu,4cf37e9,50937,12,syn-s1-n12,3406ecdf08f7,12,6,dad8b798d392,72359e02d4e0,3,162.0,89.7,3162.0,3231.27319179803,69.27319179802998,exact-milp/taker,GRB,OPTIMAL,3231.27319179803,3231.27319179803,0.0,3120.0,111.27319179802998,24.41660451889038,0.04917573928833008,3004,924,2913,,,,,,sweep,,,8,-0.6999999999999993,16,,
phase2,taker-sweep,2026-08-14T22:41:46.822116+00:00,jingjie-cpu-05.mae.cornell.edu,4cf37e9,50937,12,syn-s1-n12,3406ecdf08f7,12,6,dad8b798d392,72359e02d4e0,3,162.0,89.7,3162.0,3231.27319179803,69.27319179802998,exact-milp/taker,GRB,OPTIMAL,3231.27319179803,3231.27319179803,0.0,3120.0,111.27319179802998,22.906734704971313,0.04571056365966797,3004,924,2913,,,,,,sweep,,,8,-0.6499999999999992,17,,
phase2,taker-sweep,2026-08-14T22:42:11.751189+00:00,jingjie-cpu-05.mae.cornell.edu,4cf37e9,50937,12,syn-s1-n12,3406ecdf08f7,12,6,16c58d5cdad3,72359e02d4e0,3,162.0,89.7,3162.0,3231.27319179803,69.27319179802998,exact-milp/taker,GRB,OPTIMAL,3231.27319179803,3231.27319179803,0.0,3120.0,111.27319179802998,24.7916202545166,0.04899144172668457,3004,924,2913,,,,,,sweep,,,8,-0.5999999999999992,18,,
phase2,taker-sweep,2026-08-14T22:42:33.292067+00:00,jingjie-cpu-05.mae.cornell.edu,4cf37e9,50937,12,syn-s1-n12,3406ecdf08f7,12,6,16c58d5cdad3,72359e02d4e0,3,162.0,89.7,3162.0,3231.27319179803,69.27319179802998,exact-milp/taker,GRB,OPTIMAL,3231.27319179803,3231.27319179803,0.0,3120.0,111.27319179802998,21.40849733352661,0.04904747009277344,3004,924,2913,,,,,,sweep,,,8,-0.5499999999999992,19,,
phase2,taker-sweep,2026-08-14T22:43:04.257679+00:00,jingjie-cpu-05.mae.cornell.edu,4cf37e9,50937,12,syn-s1-n12,3406ecdf08f7,12,6,dad8b798d392,72359e02d4e0,3,162.0,89.7,3162.0,3231.27319179803,69.27319179802998,exact-milp/taker,GRB,OPTIMAL,3231.27319179803,3231.27319179803,0.0,3120.0,111.27319179802998,30.701804637908936,0.047286033630371094,3004,924,2913,,,,,,sweep,,,8,-0.4999999999999991,20,,
phase2,taker-sweep,2026-08-14T22:43:29.973021+00:00,jingjie-cpu-05.mae.cornell.edu,4cf37e9,50937,12,syn-s1-n12,3406ecdf08f7,12,6,b63ca7332dae,72359e02d4e0,3,162.0,89.7,3162.0,3231.27319179803,69.27319179802998,exact-milp/taker,GRB,OPTIMAL,3231.27319179803,3231.27319179803,0.0,3120.0,111.27319179802998,25.58336853981018,0.04919552803039551,3004,924,2913,,,,,,sweep,,,8,-0.44999999999999907,21,,
phase2,taker-sweep,2026-08-14T22:43:46.748979+00:00,jingjie-cpu-05.mae.cornell.edu,4cf37e9,50937,12,syn-s1-n12,3406ecdf08f7,12,6,6658f11a2487,72359e02d4e0,3,162.0,89.7,3162.0,3231.27319179803,69.27319179802998,exact-milp/taker,GRB,OPTIMAL,3231.27319179803,3231.2731917980295,1.4073317973879567e-16,3120.0,111.27319179802998,16.63200855255127,0.045980215072631836,3004,924,2913,,,,,,sweep,,,8,-0.399999999999999,22,,
phase2,taker-sweep,2026-08-14T22:44:11.256529+00:00,jingjie-cpu-05.mae.cornell.edu,4cf37e9,50937,12,syn-s1-n12,3406ecdf08f7,12,6,16c58d5cdad3,72359e02d4e0,3,162.0,89.7,3162.0,3231.27319179803,69.27319179802998,exact-milp/taker,GRB,OPTIMAL,3231.27319179803,3231.27319179803,0.0,3120.0,111.27319179802998,24.37080955505371,0.04927206039428711,3004,924,2913,,,,,,sweep,,,8,-0.349999999999999,23,,
phase2,taker-sweep,2026-08-14T22:44:31.885159+00:00,jingjie-cpu-05.mae.cornell.edu,4cf37e9,50937,12,syn-s1-n12,3406ecdf08f7,12,6,55ce3d347b23,72359e02d4e0,3,162.0,89.7,3162.0,3231.27319179803,69.27319179802998,exact-milp/taker,GRB,OPTIMAL,3231.27319179803,3231.27319179803,0.0,3120.0,111.27319179802998,20.495744228363037,0.04941391944885254,3004,924,2913,,,,,,sweep,,,8,-0.29999999999999893,24,,
phase2,taker-sweep,2026-08-14T22:44:58.801415+00:00,jingjie-cpu-05.mae.cornell.edu,4cf37e9,50937,12,syn-s1-n12,3406ecdf08f7,12,6,b63ca7332dae,72359e02d4e0,3,162.0,89.7,3162.0,3231.27319179803,69.27319179802998,exact-milp/taker,GRB,OPTIMAL,3231.27319179803,3231.27319179803,0.0,3120.0,111.27319179802998,26.781168222427368,0.048516035079956055,3004,924,2913,,,,,,sweep,,,8,-0.2499999999999989,25,,
phase2,taker-sweep,2026-08-14T22:45:18.219029+00:00,jingjie-cpu-05.mae.cornell.edu,4cf37e9,50937,12,syn-s1-n12,3406ecdf08f7,12,6,90de7a280822,72359e02d4e0,3,162.0,89.7,3162.0,3231.27319179803,69.27319179802998,exact-milp/taker,GRB,OPTIMAL,3231.27319179803,3231.27319179803,0.0,3120.0,111.27319179802998,19.26412057876587,0.04652118682861328,3004,924,2913,,,,,,sweep,,,8,-0.19999999999999885,26,,
phase2,taker-sweep,2026-08-14T22:45:42.508134+00:00,jingjie-cpu-05.mae.cornell.edu,4cf37e9,50937,12,syn-s1-n12,3406ecdf08f7,12,6,b63ca7332dae,72359e02d4e0,3,162.0,89.7,3162.0,3231.27319179803,69.27319179802998,exact-milp/taker,GRB,OPTIMAL,3231.27319179803,3231.2731917980295,1.4073317973879567e-16,3120.0,111.27319179802998,24.155194997787476,0.0484616756439209,3004,924,2913,,,,,,sweep,,,8,-0.1499999999999988,27,,
phase2,taker-sweep,2026-08-14T22:46:03.660808+00:00,jingjie-cpu-05.mae.cornell.edu,4cf37e9,50937,12,syn-s1-n12,3406ecdf08f7,12,6,dad8b798d392,72359e02d4e0,3,162.0,89.7,3162.0,3231.27319179803,69.27319179802998,exact-milp/taker,GRB,OPTIMAL,3231.27319179803,3231.27319179803,0.0,3119.9999999999995,111.27319179803044,21.02022361755371,0.04857969284057617,3004,924,2913,,,,,,sweep,,,8,-0.09999999999999876,28,,
phase2,taker-sweep,2026-08-14T22:46:26.272469+00:00,jingjie-cpu-05.mae.cornell.edu,4cf37e9,50937,12,syn-s1-n12,3406ecdf08f7,12,6,6658f11a2487,72359e02d4e0,3,162.0,89.7,3162.0,3231.27319179803,69.27319179802998,exact-milp/taker,GRB,OPTIMAL,3231.27319179803,3231.27319179803,0.0,3120.0000000000005,111.27319179802953,22.481416940689087,0.04591941833496094,3004,924,2913,,,,,,sweep,,,8,-0.04999999999999871,29,,
phase2,taker-sweep,2026-08-14T22:46:55.920541+00:00,jingjie-cpu-05.mae.cornell.edu,4cf37e9,50937,12,syn-s1-n12,3406ecdf08f7,12,6,6658f11a2487,72359e02d4e0,3,162.0,89.7,3162.0,3231.27319179803,69.27319179802998,exact-milp/taker,GRB,OPTIMAL,3231.27319179803,3231.27319179803,0.0,3120.0000000000005,111.27319179802953,29.499727725982666,0.04860329627990723,3004,924,2913,,,,,,sweep,,,8,1.3322676295501878e-15,30,,
phase2,taker-sweep,2026-08-14T22:47:23.657895+00:00,jingjie-cpu-05.mae.cornell.edu,4cf37e9,50937,12,syn-s1-n12,3406ecdf08f7,12,6,6658f11a2487,72359e02d4e0,3,162.0,89.7,3162.0,3231.27319179803,69.27319179802998,exact-milp/taker,GRB,OPTIMAL,3231.27319179803,3231.27319179803,0.0,3120.0000000000005,111.27319179802953,27.60488224029541,0.04826784133911133,3004,924,2913,,,,,,sweep,,,8,0.05000000000000138,31,,
phase2,taker-sweep,2026-08-14T22:47:46.330936+00:00,jingjie-cpu-05.mae.cornell.edu,4cf37e9,50937,12,syn-s1-n12,3406ecdf08f7,12,6,f3b020d41cdd,72359e02d4e0,3,162.0,89.7,3162.0,3231.27319179803,69.27319179802998,exact-milp/taker,GRB,OPTIMAL,3231.27319179803,3231.27319179803,0.0,3120.0000000000005,111.27319179802953,22.53381586074829,0.04859042167663574,3004,924,2913,,,,,,sweep,,,8,0.10000000000000142,32,,
phase2,taker-sweep,2026-08-14T22:48:12.588454+00:00,jingjie-cpu-05.mae.cornell.edu,4cf37e9,50937,12,syn-s1-n12,3406ecdf08f7,12,6,55ce3d347b23,72359e02d4e0,3,162.0,89.7,3162.0,3231.27319179803,69.27319179802998,exact-milp/taker,GRB,OPTIMAL,3231.27319179803,3231.27319179803,0.0,3120.0000000000005,111.27319179802953,26.10852813720703,0.05006742477416992,3004,924,2913,,,,,,sweep,,,8,0.15000000000000147,33,,
phase2,taker-sweep,2026-08-14T22:48:54.633899+00:00,jingjie-cpu-05.mae.cornell.edu,4cf37e9,50937,12,syn-s1-n12,3406ecdf08f7,12,6,55ce3d347b23,72359e02d4e0,3,162.0,89.7,3162.0,3231.27319179803,69.27319179802998,exact-milp/taker,GRB,OPTIMAL,3231.27319179803,3231.27319179803,0.0,3120.0000000000005,111.27319179802953,41.910080909729004,0.04561924934387207,3004,924,2913,,,,,,sweep,,,8,0.2000000000000015,34,,
phase2,taker-sweep,2026-08-14T22:49:20.346897+00:00,jingjie-cpu-05.mae.cornell.edu,4cf37e9,50937,12,syn-s1-n12,3406ecdf08f7,12,6,16c58d5cdad3,72359e02d4e0,3,162.0,89.7,3162.0,3231.27319179803,69.27319179802998,exact-milp/taker,GRB,OPTIMAL,3231.27319179803,3231.27319179803,0.0,3120.0000000000005,111.27319179802953,25.42472004890442,0.04716324806213379,3004,924,2913,,,,,,sweep,,,8,0.25000000000000155,35,,
phase2,taker-sweep,2026-08-14T22:49:40.634882+00:00,jingjie-cpu-05.mae.cornell.edu,4cf37e9,50937,12,syn-s1-n12,3406ecdf08f7,12,6,90de7a280822,72359e02d4e0,3,162.0,89.7,3162.0,3231.27319179803,69.27319179802998,exact-milp/taker,GRB,OPTIMAL,3231.27319179803,3231.27319179803,0.0,3120.0000000000005,111.27319179802953,20.15266466140747,0.0494081974029541,3004,924,2913,,,,,,sweep,,,8,0.3000000000000016,36,,
phase2,taker-sweep,2026-08-14T22:50:01.508844+00:00,jingjie-cpu-05.mae.cornell.edu,4cf37e9,50937,12,syn-s1-n12,3406ecdf08f7,12,6,6658f11a2487,72359e02d4e0,3,162.0,89.7,3162.0,3231.27319179803,69.27319179802998,exact-milp/taker,GRB,OPTIMAL,3231.27319179803,3231.27319179803,0.0,3120.0000000000005,111.27319179802953,20.74443554878235,0.04536795616149902,3004,924,2913,,,,,,sweep,,,8,0.35000000000000164,37,,
phase2,taker-sweep,2026-08-14T22:50:33.395162+00:00,jingjie-cpu-05.mae.cornell.edu,4cf37e9,50937,12,syn-s1-n12,3406ecdf08f7,12,6,f3b020d41cdd,72359e02d4e0,3,162.0,89.7,3162.0,3231.27319179803,69.27319179802998,exact-milp/taker,GRB,OPTIMAL,3231.27319179803,3231.27319179803,0.0,3120.0000000000005,111.27319179802953,31.743489980697632,0.04628348350524902,3004,924,2913,,,,,,sweep,,,8,0.4000000000000017,38,,
phase2,taker-sweep,2026-08-14T22:51:21.323824+00:00,jingjie-cpu-05.mae.cornell.edu,4cf37e9,50937,12,syn-s1-n12,3406ecdf08f7,12,6,f3b020d41cdd,72359e02d4e0,3,162.0,89.7,3162.0,3231.27319179803,69.27319179802998,exact-milp/taker,GRB,OPTIMAL,3231.27319179803,3231.27319179803,0.0,3120.0000000000005,111.27319179802953,47.787469148635864,0.04876446723937988,3004,924,2913,,,,,,sweep,,,8,0.45000000000000173,39,,
phase2,taker-sweep,2026-08-14T22:51:49.365034+00:00,jingjie-cpu-05.mae.cornell.edu,4cf37e9,50937,12,syn-s1-n12,3406ecdf08f7,12,6,f3b020d41cdd,72359e02d4e0,3,162.0,89.7,3162.0,3231.27319179803,69.27319179802998,exact-milp/taker,GRB,OPTIMAL,3231.27319179803,3231.27319179803,0.0,3120.0000000000005,111.27319179802953,27.904685974121094,0.04869890213012695,3004,924,2913,,,,,,sweep,,,8,0.5000000000000018,40,,
phase2,taker-sweep,2026-08-14T22:52:13.712550+00:00,jingjie-cpu-05.mae.cornell.edu,4cf37e9,50937,12,syn-s1-n12,3406ecdf08f7,12,6,90de7a280822,72359e02d4e0,3,162.0,89.7,3162.0,3231.27319179803,69.27319179802998,exact-milp/taker,GRB,OPTIMAL,3231.27319179803,3231.27319179803,0.0,3120.0000000000005,111.27319179802953,24.21543049812317,0.045275211334228516,3004,924,2913,,,,,,sweep,,,8,0.5500000000000016,41,,
phase2,taker-sweep,2026-08-14T22:52:35.384396+00:00,jingjie-cpu-05.mae.cornell.edu,4cf37e9,50937,12,syn-s1-n12,3406ecdf08f7,12,6,90de7a280822,72359e02d4e0,3,162.0,89.7,3162.0,3231.27319179803,69.27319179802998,exact-milp/taker,GRB,OPTIMAL,3231.27319179803,3231.27319179803,0.0,3120.0000000000005,111.27319179802953,21.516033411026,0.04708099365234375,3004,924,2913,,,,,,sweep,,,8,0.6000000000000019,42,,
phase2,taker-sweep,2026-08-14T22:52:59.750116+00:00,jingjie-cpu-05.mae.cornell.edu,4cf37e9,50937,12,syn-s1-n12,3406ecdf08f7,12,6,90de7a280822,72359e02d4e0,3,162.0,89.7,3162.0,3231.27319179803,69.27319179802998,exact-milp/taker,GRB,OPTIMAL,3231.27319179803,3231.27319179803,0.0,3120.0000000000005,111.27319179802953,24.232645988464355,0.048476457595825195,3004,924,2913,,,,,,sweep,,,8,0.6500000000000021,43,,
phase2,taker-sweep,2026-08-14T22:53:32.235028+00:00,jingjie-cpu-05.mae.cornell.edu,4cf37e9,50937,12,syn-s1-n12,3406ecdf08f7,12,6,dad8b798d392,72359e02d4e0,3,162.0,89.7,3162.0,3231.27319179803,69.27319179802998,exact-milp/taker,GRB,OPTIMAL,3231.27319179803,3231.27319179803,0.0,3120.0000000000005,111.27319179802953,32.351741313934326,0.04875302314758301,3004,924,2913,,,,,,sweep,,,8,0.700000000000002,44,,
phase2,taker-sweep,2026-08-14T22:53:56.172437+00:00,jingjie-cpu-05.mae.cornell.edu,4cf37e9,50937,12,syn-s1-n12,3406ecdf08f7,12,6,b63ca7332dae,72359e02d4e0,3,162.0,89.7,3162.0,3231.27319179803,69.27319179802998,exact-milp/taker,GRB,OPTIMAL,3231.27319179803,3231.27319179803,0.0,3120.0000000000005,111.27319179802953,23.804269790649414,0.04912710189819336,3004,924,2913,,,,,,sweep,,,8,0.7500000000000018,45,,
phase2,taker-sweep,2026-08-14T22:54:22.367760+00:00,jingjie-cpu-05.mae.cornell.edu,4cf37e9,50937,12,syn-s1-n12,3406ecdf08f7,12,6,6658f11a2487,72359e02d4e0,3,162.0,89.7,3162.0,3231.27319179803,69.27319179802998,exact-milp/taker,GRB,OPTIMAL,3231.27319179803,3231.27319179803,0.0,3120.0000000000005,111.27319179802953,26.035014152526855,0.049039602279663086,3004,924,2913,,,,,,sweep,,,8,0.800000000000002,46,,
phase2,taker-sweep,2026-08-14T22:54:40.782126+00:00,jingjie-cpu-05.mae.cornell.edu,4cf37e9,50937,12,syn-s1-n12,3406ecdf08f7,12,6,55ce3d347b23,72359e02d4e0,3,162.0,89.7,3162.0,3231.27319179803,69.27319179802998,exact-milp/taker,GRB,OPTIMAL,3231.27319179803,3231.27319179803,0.0,3120.0000000000005,111.27319179802953,18.278541564941406,0.04870724678039551,3004,924,2913,,,,,,sweep,,,8,0.8500000000000023,47,,
phase2,taker-sweep,2026-08-14T22:55:12.051200+00:00,jingjie-cpu-05.mae.cornell.edu,4cf37e9,50937,12,syn-s1-n12,3406ecdf08f7,12,6,55ce3d347b23,72359e02d4e0,3,162.0,89.7,3162.0,3231.27319179803,69.27319179802998,exact-milp/taker,GRB,OPTIMAL,3231.27319179803,3231.27319179803,0.0,3120.0000000000005,111.27319179802953,31.129391193389893,0.05148816108703613,3004,924,2913,,,,,,sweep,,,8,0.9000000000000021,48,,
phase2,taker-sweep,2026-08-14T22:55:31.504867+00:00,jingjie-cpu-05.mae.cornell.edu,4cf37e9,50937,12,syn-s1-n12,3406ecdf08f7,12,6,f3b020d41cdd,72359e02d4e0,3,162.0,89.7,3162.0,3231.27319179803,69.27319179802998,exact-milp/taker,GRB,OPTIMAL,3231.27319179803,3231.27319179803,0.0,3120.0000000000005,111.27319179802953,19.31675434112549,0.04931020736694336,3004,924,2913,,,,,,sweep,,,8,0.950000000000002,49,,
phase2,taker-sweep,2026-08-14T22:55:56.352453+00:00,jingjie-cpu-05.mae.cornell.edu,4cf37e9,50937,12,syn-s1-n12,3406ecdf08f7,12,6,f3b020d41cdd,72359e02d4e0,3,162.0,89.7,3162.0,3231.27319179803,69.27319179802998,exact-milp/taker,GRB,OPTIMAL,3231.27319179803,3231.27319179803,0.0,3120.0000000000005,111.27319179802953,24.569523811340332,0.050400733947753906,3004,924,2913,,,,,,sweep,,,8,1.0000000000000022,50,,
phase2,taker-sweep,2026-08-14T22:56:36.880025+00:00,jingjie-cpu-05.mae.cornell.edu,4cf37e9,50937,12,syn-s1-n12,3406ecdf08f7,12,6,16c58d5cdad3,72359e02d4e0,3,162.0,89.7,3162.0,3231.27319179803,69.27319179802998,exact-milp/taker,GRB,OPTIMAL,3231.27319179803,3231.27319179803,0.0,3120.0000000000005,111.27319179802953,40.39576244354248,0.04652667045593262,3004,924,2913,,,,,,sweep,,,8,1.0500000000000025,51,,
phase2,taker-sweep,2026-08-14T22:57:11.803242+00:00,jingjie-cpu-05.mae.cornell.edu,4cf37e9,50937,12,syn-s1-n12,3406ecdf08f7,12,6,6658f11a2487,72359e02d4e0,3,162.0,89.7,3162.0,3231.27319179803,69.27319179802998,exact-milp/taker,GRB,OPTIMAL,3231.27319179803,3231.27319179803,0.0,3120.0000000000005,111.27319179802953,34.781413078308105,0.05211591720581055,3004,924,2913,,,,,,sweep,,,8,1.1000000000000023,52,,
phase2,taker-sweep,2026-08-14T22:57:31.899333+00:00,jingjie-cpu-05.mae.cornell.edu,4cf37e9,50937,12,syn-s1-n12,3406ecdf08f7,12,6,dad8b798d392,72359e02d4e0,3,162.0,89.7,3162.0,3231.27319179803,69.27319179802998,exact-milp/taker,GRB,OPTIMAL,3231.27319179803,3231.27319179803,0.0,3120.0000000000005,111.27319179802953,19.9616379737854,0.04615902900695801,3004,924,2913,,,,,,sweep,,,8,1.1500000000000021,53,,
phase2,taker-sweep,2026-08-14T22:57:52.922437+00:00,jingjie-cpu-05.mae.cornell.edu,4cf37e9,50937,12,syn-s1-n12,3406ecdf08f7,12,6,b63ca7332dae,72359e02d4e0,3,162.0,89.7,3162.0,3231.27319179803,69.27319179802998,exact-milp/taker,GRB,OPTIMAL,3231.27319179803,3231.27319179803,0.0,3120.0000000000005,111.27319179802953,20.889330625534058,0.04912257194519043,3004,924,2913,,,,,,sweep,,,8,1.2000000000000024,54,,
phase2,taker-sweep,2026-08-14T22:58:15.294618+00:00,jingjie-cpu-05.mae.cornell.edu,4cf37e9,50937,12,syn-s1-n12,3406ecdf08f7,12,6,90de7a280822,72359e02d4e0,3,162.0,89.7,3162.0,3231.27319179803,69.27319179802998,exact-milp/taker,GRB,OPTIMAL,3231.27319179803,3231.27319179803,0.0,3120.0000000000005,111.27319179802953,22.229344606399536,0.04804730415344238,3004,924,2913,,,,,,sweep,,,8,1.2500000000000027,55,,
phase2,taker-sweep,2026-08-14T22:58:44.203195+00:00,jingjie-cpu-05.mae.cornell.edu,4cf37e9,50937,12,syn-s1-n12,3406ecdf08f7,12,6,6658f11a2487,72359e02d4e0,3,162.0,89.7,3162.0,3231.27319179803,69.27319179802998,exact-milp/taker,GRB,OPTIMAL,3231.27319179803,3231.273191798029,2.8146635947759134e-16,3120.0000000000005,111.27319179802953,28.775587797164917,0.04804539680480957,3004,924,2913,,,,,,sweep,,,8,1.3000000000000025,56,,
phase2,taker-sweep,2026-08-14T22:59:14.060843+00:00,jingjie-cpu-05.mae.cornell.edu,4cf37e9,50937,12,syn-s1-n12,3406ecdf08f7,12,6,6658f11a2487,72359e02d4e0,3,162.0,89.7,3162.0,3231.27319179803,69.27319179802998,exact-milp/taker,GRB,OPTIMAL,3231.27319179803,3231.273191798029,2.8146635947759134e-16,3119.9999999999995,111.27319179803044,29.72011160850525,0.04902315139770508,3004,924,2913,,,,,,sweep,,,8,1.3500000000000023,57,,
phase2,taker-sweep,2026-08-14T22:59:38.008801+00:00,jingjie-cpu-05.mae.cornell.edu,4cf37e9,50937,12,syn-s1-n12,3406ecdf08f7,12,6,6658f11a2487,72359e02d4e0,3,162.0,89.7,3162.0,3231.27319179803,69.27319179802998,exact-milp/taker,GRB,OPTIMAL,3231.27319179803,3231.27319179803,0.0,3120.0000000000005,111.27319179802953,23.80834698677063,0.046308040618896484,3004,924,2913,,,,,,sweep,,,8,1.4000000000000026,58,,
phase2,taker-sweep,2026-08-14T23:00:00.049864+00:00,jingjie-cpu-05.mae.cornell.edu,4cf37e9,50937,12,syn-s1-n12,3406ecdf08f7,12,6,90de7a280822,72359e02d4e0,3,162.0,89.7,3162.0,3231.27319179803,69.27319179802998,exact-milp/taker,GRB,OPTIMAL,3231.27319179803,3231.273182528493,2.86869486227349e-09,3120.0000000000005,111.27319179802953,21.88652467727661,0.04700756072998047,3004,924,2913,,,,,,sweep,,,8,1.4500000000000028,59,,
phase2,taker-sweep,2026-08-14T23:00:22.982704+00:00,jingjie-cpu-05.mae.cornell.edu,4cf37e9,50937,12,syn-s1-n12,3406ecdf08f7,12,6,6658f11a2487,72359e02d4e0,3,162.0,89.7,3162.0,3231.27319179803,69.27319179802998,exact-milp/taker,GRB,OPTIMAL,3231.27319179803,3231.27319179803,0.0,3120.0000000000005,111.27319179802953,22.79539442062378,0.048836708068847656,3004,924,2913,,,,,,sweep,,,8,1.5000000000000027,60,,
phase2,taker-sweep,2026-08-14T22:32:37.667982+00:00,jingjie-cpu-05.mae.cornell.edu,4cf37e9,50934,9,syn-s1-n8,9cec0992f658,8,4,f9f0526afe17,a3429e4d9451,3,94.0,53.5,3094.0,3058.026998577588,-35.973001422411926,exact-milp/taker,GRB,OPTIMAL,3058.026998577588,3058.026998577588,0.0,3010.9693410087084,47.05765756887968,0.7401528358459473,0.012601375579833984,904,288,887,,,,,,sweep,,,12,-1.5,0,,
phase2,taker-sweep,2026-08-14T22:32:38.111652+00:00,jingjie-cpu-05.mae.cornell.edu,4cf37e9,50934,9,syn-s1-n8,9cec0992f658,8,4,3da678282caf,a3429e4d9451,3,94.0,53.5,3094.0,3060.7019985775883,-33.298001422411744,exact-milp/taker,GRB,OPTIMAL,3060.7019985775883,3060.7019985775883,0.0,3019.9693410087075,40.73265756888077,0.40488457679748535,0.00906682014465332,904,288,887,,,,,,sweep,,,12,-1.45,1,,
phase2,taker-sweep,2026-08-14T22:32:38.605915+00:00,jingjie-cpu-05.mae.cornell.edu,4cf37e9,50934,9,syn-s1-n8,9cec0992f658,8,4,9b7c1c2337b0,2c415cda7cf1,3,84.0,37.3,3084.0,3062.6497578868043,-21.35024211319569,exact-milp/taker,GRB,OPTIMAL,3062.6497578868043,3062.6497578868043,0.0,3028.969341008709,33.68041687809546,0.450000524520874,0.008390188217163086,904,288,887,,,,,,sweep,,,12,-1.4,2,,
phase2,taker-sweep,2026-08-14T22:32:38.966355+00:00,jingjie-cpu-05.mae.cornell.edu,4cf37e9,50934,9,syn-s1-n8,9cec0992f658,8,4,9b7c1c2337b0,2c415cda7cf1,3,84.0,37.3,3084.0,3064.5147578868045,-19.485242113195454,exact-milp/taker,GRB,OPTIMAL,3064.5147578868045,3064.5147578868045,0.0,3037.9693410087084,26.545416878096148,0.2780146598815918,0.008541107177734375,904,288,887,,,,,,sweep,,,12,-1.3499999999999999,3,,
phase2,taker-sweep,2026-08-14T22:32:39.260635+00:00,jingjie-cpu-05.mae.cornell.edu,4cf37e9,50934,9,syn-s1-n8,9cec0992f658,8,4,b5b29f30cd27,2c415cda7cf1,3,84.0,37.3,3084.0,3066.3797578868043,-17.620242113195673,exact-milp/taker,GRB,OPTIMAL,3066.3797578868043,3066.3797578868043,0.0,3046.969341008708,19.410416878096385,0.25633859634399414,0.008244752883911133,904,288,887,,,,,,sweep,,,12,-1.2999999999999998,4,,
phase2,taker-sweep,2026-08-14T22:32:39.478102+00:00,jingjie-cpu-05.mae.cornell.edu,4cf37e9,50934,9,syn-s1-n8,9cec0992f658,8,4,b5b29f30cd27,2c415cda7cf1,3,84.0,37.3,3084.0,3068.2447578868046,-15.755242113195436,exact-milp/taker,GRB,OPTIMAL,3068.2447578868046,3068.2447578868046,0.0,3055.969341008708,12.275416878096621,0.17984890937805176,0.007854461669921875,904,288,887,,,,,,sweep,,,12,-1.2499999999999998,5,,
phase2,taker-sweep,2026-08-14T22:32:39.950704+00:00,jingjie-cpu-05.mae.cornell.edu,4cf37e9,50934,9,syn-s1-n8,9cec0992f658,8,4,b5b29f30cd27,2c415cda7cf1,3,84.0,37.3,3084.0,3070.1097578868043,-13.890242113195654,exact-milp/taker,GRB,OPTIMAL,3070.1097578868043,3070.1097578868043,0.0,3061.6564470029025,8.45331088390185,0.4283149242401123,0.014570236206054688,904,288,887,,,,,,sweep,,,12,-1.1999999999999997,6,,
phase2,taker-sweep,2026-08-14T22:32:40.193282+00:00,jingjie-cpu-05.mae.cornell.edu,4cf37e9,50934,9,syn-s1-n8,9cec0992f658,8,4,b5b29f30cd27,2c415cda7cf1,3,84.0,37.3,3084.0,3071.9747578868046,-12.025242113195418,exact-milp/taker,GRB,OPTIMAL,3071.9747578868046,3071.9747578868046,0.0,3064.6564470029025,7.318310883902086,0.20609617233276367,0.006936788558959961,904,288,887,,,,,,sweep,,,12,-1.1499999999999997,7,,
phase2,taker-sweep,2026-08-14T22:32:40.442359+00:00,jingjie-cpu-05.mae.cornell.edu,4cf37e9,50934,9,syn-s1-n8,9cec0992f658,8,4,9b7c1c2337b0,2c415cda7cf1,3,84.0,37.3,3084.0,3073.8397578868044,-10.160242113195636,exact-milp/taker,GRB,OPTIMAL,3073.8397578868044,3073.8397578868044,0.0,3067.6564470029025,6.183310883901868,0.17967915534973145,0.006948947906494141,904,288,887,,,,,,sweep,,,12,-1.0999999999999996,8,,
phase2,taker-sweep,2026-08-14T22:32:40.754594+00:00,jingjie-cpu-05.mae.cornell.edu,4cf37e9,50934,9,syn-s1-n8,9cec0992f658,8,4,b5b29f30cd27,2c415cda7cf1,3,84.0,37.3,3084.0,3075.7047578868046,-8.2952421131954,exact-milp/taker,GRB,OPTIMAL,3075.7047578868046,3075.7047578868046,0.0,3070.0,5.7047578868046,0.2697489261627197,0.012367010116577148,904,288,887,,,,,,sweep,,,12,-1.0499999999999996,9,,
phase2,taker-sweep,2026-08-14T22:32:41.216041+00:00,jingjie-cpu-05.mae.cornell.edu,4cf37e9,50934,9,syn-s1-n8,9cec0992f658,8,4,b5b29f30cd27,2c415cda7cf1,3,84.0,37.3,3084.0,3077.5697578868044,-6.430242113195618,exact-milp/taker,GRB,OPTIMAL,3077.5697578868044,3077.5697578868044,0.0,3070.0,7.569757886804382,0.4251880645751953,0.0068895816802978516,904,288,887,,,,,,sweep,,,12,-0.9999999999999996,10,,
phase2,taker-sweep,2026-08-14T22:32:41.642610+00:00,jingjie-cpu-05.mae.cornell.edu,4cf37e9,50934,9,syn-s1-n8,9cec0992f658,8,4,b5b29f30cd27,2c415cda7cf1,3,84.0,37.3,3084.0,3079.4347578868046,-4.5652421131953815,exact-milp/taker,GRB,OPTIMAL,3079.4347578868046,3079.4347578868046,0.0,3070.0,9.434757886804618,0.38896775245666504,0.007078886032104492,904,288,887,,,,,,sweep,,,12,-0.9499999999999995,11,,
phase2,taker-sweep,2026-08-14T22:32:42.038782+00:00,jingjie-cpu-05.mae.cornell.edu,4cf37e9,50934,9,syn-s1-n8,9cec0992f658,8,4,b5b29f30cd27,2c415cda7cf1,3,84.0,37.3,3084.0,3081.2997578868044,-2.7002421131956,exact-milp/taker,GRB,OPTIMAL,3081.2997578868044,3081.2997578868044,0.0,3070.0,11.2997578868044,0.3314549922943115,0.00720667839050293,904,288,887,,,,,,sweep,,,12,-0.8999999999999995,12,,
phase2,taker-sweep,2026-08-14T22:32:42.429877+00:00,jingjie-cpu-05.mae.cornell.edu,4cf37e9,50934,9,syn-s1-n8,9cec0992f658,8,4,b5b29f30cd27,2c415cda7cf1,3,84.0,37.3,3084.0,3083.1647578868046,-0.8352421131953633,exact-milp/taker,GRB,OPTIMAL,3083.1647578868046,3083.1647578868046,0.0,3070.0,13.164757886804637,0.35378289222717285,0.007004499435424805,904,288,887,,,,,,sweep,,,12,-0.8499999999999994,13,,
phase2,taker-sweep,2026-08-14T22:32:42.843563+00:00,jingjie-cpu-05.mae.cornell.edu,4cf37e9,50934,9,syn-s1-n8,9cec0992f658,8,4,c071c9c5bb80,f9f17beebf60,3,84.0,5.2,3084.0,3084.1435587402516,0.1435587402515921,exact-milp/taker,GRB,OPTIMAL,3084.1435587402516,3084.1435587402516,0.0,3069.999999999999,14.143558740252502,0.37741947174072266,0.006814479827880859,904,288,887,,,,,,sweep,,,12,-0.7999999999999994,14,,
phase2,taker-sweep,2026-08-14T22:32:43.206625+00:00,jingjie-cpu-05.mae.cornell.edu,4cf37e9,50934,9,syn-s1-n8,9cec0992f658,8,4,c071c9c5bb80,f9f17beebf60,3,84.0,5.2,3084.0,3084.4035587402514,0.40355874025135563,exact-milp/taker,GRB,OPTIMAL,3084.4035587402514,3084.4035587402514,0.0,3069.999999999999,14.403558740252265,0.3265070915222168,0.006527900695800781,904,288,887,,,,,,sweep,,,12,-0.7499999999999993,15,,
phase2,taker-sweep,2026-08-14T22:32:43.572733+00:00,jingjie-cpu-05.mae.cornell.edu,4cf37e9,50934,9,syn-s1-n8,9cec0992f658,8,4,c071c9c5bb80,f9f17beebf60,3,84.0,5.2,3084.0,3084.6635587402516,0.6635587402515739,exact-milp/taker,GRB,OPTIMAL,3084.6635587402516,3084.6635587402516,0.0,3069.999999999999,14.663558740252483,0.3297891616821289,0.00656437873840332,904,288,887,,,,,,sweep,,,12,-0.6999999999999993,16,,
phase2,taker-sweep,2026-08-14T22:32:43.965533+00:00,jingjie-cpu-05.mae.cornell.edu,4cf37e9,50934,9,syn-s1-n8,9cec0992f658,8,4,775eeb1a60f7,f9f17beebf60,3,84.0,5.2,3084.0,3084.923558740252,0.9235587402517922,exact-milp/taker,GRB,OPTIMAL,3084.923558740252,3084.923558740252,0.0,3069.999999999999,14.923558740252702,0.3136467933654785,0.0067102909088134766,904,288,887,,,,,,sweep,,,12,-0.6499999999999992,17,,
phase2,taker-sweep,2026-08-14T22:32:44.333205+00:00,jingjie-cpu-05.mae.cornell.edu,4cf37e9,50934,9,syn-s1-n8,9cec0992f658,8,4,c071c9c5bb80,f9f17beebf60,3,84.0,5.2,3084.0,3085.1835587402516,1.1835587402515557,exact-milp/taker,GRB,OPTIMAL,3085.1835587402516,3085.1835587402516,0.0,3069.999999999999,15.183558740252465,0.32997655868530273,0.006636619567871094,904,288,887,,,,,,sweep,,,12,-0.5999999999999992,18,,
phase2,taker-sweep,2026-08-14T22:32:44.676029+00:00,jingjie-cpu-05.mae.cornell.edu,4cf37e9,50934,9,syn-s1-n8,9cec0992f658,8,4,775eeb1a60f7,f9f17beebf60,3,84.0,5.2,3084.0,3085.4435587402513,1.4435587402513193,exact-milp/taker,GRB,OPTIMAL,3085.4435587402513,3085.4435587402513,0.0,3069.999999999999,15.443558740252229,0.30513620376586914,0.006932258605957031,904,288,887,,,,,,sweep,,,12,-0.5499999999999992,19,,
phase2,taker-sweep,2026-08-14T22:32:45.047354+00:00,jingjie-cpu-05.mae.cornell.edu,4cf37e9,50934,9,syn-s1-n8,9cec0992f658,8,4,c071c9c5bb80,f9f17beebf60,3,84.0,5.2,3084.0,3085.7035587402515,1.7035587402515375,exact-milp/taker,GRB,OPTIMAL,3085.7035587402515,3085.7035587402515,0.0,3069.999999999999,15.703558740252447,0.3339998722076416,0.006621599197387695,904,288,887,,,,,,sweep,,,12,-0.4999999999999991,20,,
phase2,taker-sweep,2026-08-14T22:32:45.468923+00:00,jingjie-cpu-05.mae.cornell.edu,4cf37e9,50934,9,syn-s1-n8,9cec0992f658,8,4,c071c9c5bb80,f9f17beebf60,3,84.0,5.2,3084.0,3085.9635587402518,1.9635587402517558,exact-milp/taker,GRB,OPTIMAL,3085.9635587402518,3085.9635587402518,0.0,3069.999999999999,15.963558740252665,0.36185717582702637,0.006802082061767578,904,288,887,,,,,,sweep,,,12,-0.44999999999999907,21,,
phase2,taker-sweep,2026-08-14T22:32:45.835724+00:00,jingjie-cpu-05.mae.cornell.edu,4cf37e9,50934,9,syn-s1-n8,9cec0992f658,8,4,c071c9c5bb80,f9f17beebf60,3,84.0,5.2,3084.0,3086.2235587402515,2.2235587402515193,exact-milp/taker,GRB,OPTIMAL,3086.2235587402515,3086.2235587402515,0.0,3069.999999999999,16.22355874025243,0.2585487365722656,0.006746053695678711,904,288,887,,,,,,sweep,,,12,-0.399999999999999,22,,
phase2,taker-sweep,2026-08-14T22:32:46.165710+00:00,jingjie-cpu-05.mae.cornell.edu,4cf37e9,50934,9,syn-s1-n8,9cec0992f658,8,4,775eeb1a60f7,f9f17beebf60,3,84.0,5.2,3084.0,3086.4835587402513,2.483558740251283,exact-milp/taker,GRB,OPTIMAL,3086.4835587402513,3086.4835587402513,0.0,3069.999999999999,16.483558740252192,0.29337072372436523,0.006562232971191406,904,288,887,,,,,,sweep,,,12,-0.349999999999999,23,,
phase2,taker-sweep,2026-08-14T22:32:46.631231+00:00,jingjie-cpu-05.mae.cornell.edu,4cf37e9,50934,9,syn-s1-n8,9cec0992f658,8,4,c071c9c5bb80,f9f17beebf60,3,84.0,5.2,3084.0,3086.7435587402515,2.743558740251501,exact-milp/taker,GRB,OPTIMAL,3086.7435587402515,3086.7435587402515,0.0,3069.999999999999,16.74355874025241,0.4290595054626465,0.0062274932861328125,904,288,887,,,,,,sweep,,,12,-0.29999999999999893,24,,
phase2,taker-sweep,2026-08-14T22:32:47.060463+00:00,jingjie-cpu-05.mae.cornell.edu,4cf37e9,50934,9,syn-s1-n8,9cec0992f658,8,4,775eeb1a60f7,f9f17beebf60,3,84.0,5.2,3084.0,3087.0035587402517,3.0035587402517194,exact-milp/taker,GRB,OPTIMAL,3087.0035587402517,3087.0035587402517,0.0,3069.999999999999,17.00355874025263,0.3922402858734131,0.0066187381744384766,904,288,887,,,,,,sweep,,,12,-0.2499999999999989,25,,
phase2,taker-sweep,2026-08-14T22:32:47.484035+00:00,jingjie-cpu-05.mae.cornell.edu,4cf37e9,50934,9,syn-s1-n8,9cec0992f658,8,4,c071c9c5bb80,f9f17beebf60,3,84.0,5.2,3084.0,3087.2635587402515,3.263558740251483,exact-milp/taker,GRB,OPTIMAL,3087.2635587402515,3087.263558740251,1.4729787147554787e-16,3069.999999999999,17.263558740252392,0.35518813133239746,0.0067212581634521484,904,288,887,,,,,,sweep,,,12,-0.19999999999999885,26,,
phase2,taker-sweep,2026-08-14T22:32:47.970136+00:00,jingjie-cpu-05.mae.cornell.edu,4cf37e9,50934,9,syn-s1-n8,9cec0992f658,8,4,775eeb1a60f7,f9f17beebf60,3,84.0,5.2,3084.0,3087.5235587402517,3.5235587402517012,exact-milp/taker,GRB,OPTIMAL,3087.5235587402517,3087.5235587402517,0.0,3069.999999999999,17.52355874025261,0.4488799571990967,0.006793022155761719,904,288,887,,,,,,sweep,,,12,-0.1499999999999988,27,,
phase2,taker-sweep,2026-08-14T22:32:48.359783+00:00,jingjie-cpu-05.mae.cornell.edu,4cf37e9,50934,9,syn-s1-n8,9cec0992f658,8,4,c071c9c5bb80,f9f17beebf60,3,84.0,5.2,3084.0,3087.7835587402515,3.7835587402514648,exact-milp/taker,GRB,OPTIMAL,3087.7835587402515,3087.7835587402515,0.0,3069.999999999999,17.783558740252374,0.3516669273376465,0.006829500198364258,904,288,887,,,,,,sweep,,,12,-0.09999999999999876,28,,
phase2,taker-sweep,2026-08-14T22:32:48.778030+00:00,jingjie-cpu-05.mae.cornell.edu,4cf37e9,50934,9,syn-s1-n8,9cec0992f658,8,4,c071c9c5bb80,ceab730b198d,3,84.0,5.2,3084.0,3087.9015552877468,3.90155528774676,exact-milp/taker,GRB,OPTIMAL,3087.9015552877468,3087.9015552877468,0.0,3069.999999999999,17.90155528774767,0.38121771812438965,0.0067059993743896484,904,288,887,,,,,,sweep,,,12,-0.04999999999999871,29,,
phase2,taker-sweep,2026-08-14T22:32:49.167800+00:00,jingjie-cpu-05.mae.cornell.edu,4cf37e9,50934,9,syn-s1-n8,9cec0992f658,8,4,c071c9c5bb80,ceab730b198d,3,84.0,5.2,3084.0,3087.9015552877468,3.90155528774676,exact-milp/taker,GRB,OPTIMAL,3087.9015552877468,3087.9015552877468,0.0,3069.999999999999,17.90155528774767,0.3291795253753662,0.0067291259765625,904,288,887,,,,,,sweep,,,12,1.3322676295501878e-15,30,,
phase2,taker-sweep,2026-08-14T22:32:49.535952+00:00,jingjie-cpu-05.mae.cornell.edu,4cf37e9,50934,9,syn-s1-n8,9cec0992f658,8,4,c071c9c5bb80,ceab730b198d,3,84.0,5.2,3084.0,3087.9015552877468,3.90155528774676,exact-milp/taker,GRB,OPTIMAL,3087.9015552877468,3087.9015552877468,0.0,3069.999999999999,17.90155528774767,0.32990264892578125,0.0068171024322509766,904,288,887,,,,,,sweep,,,12,0.05000000000000138,31,,
phase2,taker-sweep,2026-08-14T22:32:49.910173+00:00,jingjie-cpu-05.mae.cornell.edu,4cf37e9,50934,9,syn-s1-n8,9cec0992f658,8,4,c071c9c5bb80,ceab730b198d,3,84.0,5.2,3084.0,3087.9015552877468,3.90155528774676,exact-milp/taker,GRB,OPTIMAL,3087.9015552877468,3087.9015552877468,0.0,3069.999999999999,17.90155528774767,0.3363926410675049,0.006762266159057617,904,288,887,,,,,,sweep,,,12,0.10000000000000142,32,,
phase2,taker-sweep,2026-08-14T22:32:50.275161+00:00,jingjie-cpu-05.mae.cornell.edu,4cf37e9,50934,9,syn-s1-n8,9cec0992f658,8,4,c071c9c5bb80,ceab730b198d,3,84.0,5.2,3084.0,3087.9015552877468,3.90155528774676,exact-milp/taker,GRB,OPTIMAL,3087.9015552877468,3087.9015552877468,0.0,3069.999999999999,17.90155528774767,0.3272237777709961,0.006693601608276367,904,288,887,,,,,,sweep,,,12,0.15000000000000147,33,,
phase2,taker-sweep,2026-08-14T22:32:50.711715+00:00,jingjie-cpu-05.mae.cornell.edu,4cf37e9,50934,9,syn-s1-n8,9cec0992f658,8,4,c071c9c5bb80,ceab730b198d,3,84.0,5.2,3084.0,3087.9015552877468,3.90155528774676,exact-milp/taker,GRB,OPTIMAL,3087.9015552877468,3087.9015552877468,0.0,3069.999999999999,17.90155528774767,0.39887547492980957,0.006726264953613281,904,288,887,,,,,,sweep,,,12,0.2000000000000015,34,,
phase2,taker-sweep,2026-08-14T22:32:51.216302+00:00,jingjie-cpu-05.mae.cornell.edu,4cf37e9,50934,9,syn-s1-n8,9cec0992f658,8,4,c071c9c5bb80,ceab730b198d,3,84.0,5.2,3084.0,3087.9015552877468,3.90155528774676,exact-milp/taker,GRB,OPTIMAL,3087.9015552877468,3087.9015552877468,0.0,3069.999999999999,17.90155528774767,0.4114043712615967,0.006666898727416992,904,288,887,,,,,,sweep,,,12,0.25000000000000155,35,,
phase2,taker-sweep,2026-08-14T22:32:51.587725+00:00,jingjie-cpu-05.mae.cornell.edu,4cf37e9,50934,9,syn-s1-n8,9cec0992f658,8,4,c071c9c5bb80,ceab730b198d,3,84.0,5.2,3084.0,3087.9015552877468,3.90155528774676,exact-milp/taker,GRB,OPTIMAL,3087.9015552877468,3087.9015552877468,0.0,3069.999999999999,17.90155528774767,0.33277225494384766,0.006719350814819336,904,288,887,,,,,,sweep,,,12,0.3000000000000016,36,,
phase2,taker-sweep,2026-08-14T22:32:52.042399+00:00,jingjie-cpu-05.mae.cornell.edu,4cf37e9,50934,9,syn-s1-n8,9cec0992f658,8,4,c071c9c5bb80,ceab730b198d,3,84.0,5.2,3084.0,3087.9015552877468,3.90155528774676,exact-milp/taker,GRB,OPTIMAL,3087.9015552877468,3087.9015552877468,0.0,3069.999999999999,17.90155528774767,0.4165153503417969,0.0068056583404541016,904,288,887,,,,,,sweep,,,12,0.35000000000000164,37,,
phase2,taker-sweep,2026-08-14T22:32:52.414359+00:00,jingjie-cpu-05.mae.cornell.edu,4cf37e9,50934,9,syn-s1-n8,9cec0992f658,8,4,c071c9c5bb80,ceab730b198d,3,84.0,5.2,3084.0,3087.9015552877468,3.90155528774676,exact-milp/taker,GRB,OPTIMAL,3087.9015552877468,3087.9015552877468,0.0,3069.999999999999,17.90155528774767,0.3345024585723877,0.006821393966674805,904,288,887,,,,,,sweep,,,12,0.4000000000000017,38,,
phase2,taker-sweep,2026-08-14T22:32:52.792029+00:00,jingjie-cpu-05.mae.cornell.edu,4cf37e9,50934,9,syn-s1-n8,9cec0992f658,8,4,c071c9c5bb80,ceab730b198d,3,84.0,5.2,3084.0,3087.9015552877468,3.90155528774676,exact-milp/taker,GRB,OPTIMAL,3087.9015552877468,3087.9015552877468,0.0,3069.999999999999,17.90155528774767,0.3313024044036865,0.006835222244262695,904,288,887,,,,,,sweep,,,12,0.45000000000000173,39,,
phase2,taker-sweep,2026-08-14T22:32:53.174613+00:00,jingjie-cpu-05.mae.cornell.edu,4cf37e9,50934,9,syn-s1-n8,9cec0992f658,8,4,c071c9c5bb80,ceab730b198d,3,84.0,5.2,3084.0,3087.9015552877468,3.90155528774676,exact-milp/taker,GRB,OPTIMAL,3087.9015552877468,3087.9015552877468,0.0,3069.999999999999,17.90155528774767,0.3305995464324951,0.006765604019165039,904,288,887,,,,,,sweep,,,12,0.5000000000000018,40,,
phase2,taker-sweep,2026-08-14T22:32:53.545849+00:00,jingjie-cpu-05.mae.cornell.edu,4cf37e9,50934,9,syn-s1-n8,9cec0992f658,8,4,c071c9c5bb80,ceab730b198d,3,84.0,5.2,3084.0,3087.9015552877468,3.90155528774676,exact-milp/taker,GRB,OPTIMAL,3087.9015552877468,3087.9015552877468,0.0,3069.999999999999,17.90155528774767,0.33275532722473145,0.00687861442565918,904,288,887,,,,,,sweep,,,12,0.5500000000000016,41,,
phase2,taker-sweep,2026-08-14T22:32:53.919523+00:00,jingjie-cpu-05.mae.cornell.edu,4cf37e9,50934,9,syn-s1-n8,9cec0992f658,8,4,c071c9c5bb80,ceab730b198d,3,84.0,5.2,3084.0,3087.9015552877468,3.90155528774676,exact-milp/taker,GRB,OPTIMAL,3087.9015552877468,3087.9015552877468,0.0,3069.999999999999,17.90155528774767,0.33524370193481445,0.006730318069458008,904,288,887,,,,,,sweep,,,12,0.6000000000000019,42,,
phase2,taker-sweep,2026-08-14T22:32:54.375029+00:00,jingjie-cpu-05.mae.cornell.edu,4cf37e9,50934,9,syn-s1-n8,9cec0992f658,8,4,c071c9c5bb80,ceab730b198d,3,84.0,5.2,3084.0,3087.9015552877468,3.90155528774676,exact-milp/taker,GRB,OPTIMAL,3087.9015552877468,3087.9015552877468,0.0,3069.999999999999,17.90155528774767,0.41646528244018555,0.006742000579833984,904,288,887,,,,,,sweep,,,12,0.6500000000000021,43,,
phase2,taker-sweep,2026-08-14T22:32:54.861828+00:00,jingjie-cpu-05.mae.cornell.edu,4cf37e9,50934,9,syn-s1-n8,9cec0992f658,8,4,c071c9c5bb80,ceab730b198d,3,84.0,5.2,3084.0,3087.9015552877468,3.90155528774676,exact-milp/taker,GRB,OPTIMAL,3087.9015552877468,3087.9015552877468,0.0,3069.999999999999,17.90155528774767,0.4170496463775635,0.006704807281494141,904,288,887,,,,,,sweep,,,12,0.700000000000002,44,,
phase2,taker-sweep,2026-08-14T22:32:55.255846+00:00,jingjie-cpu-05.mae.cornell.edu,4cf37e9,50934,9,syn-s1-n8,9cec0992f658,8,4,c071c9c5bb80,ceab730b198d,3,84.0,5.2,3084.0,3087.9015552877468,3.90155528774676,exact-milp/taker,GRB,OPTIMAL,3087.9015552877468,3087.9015552877468,0.0,3069.999999999999,17.90155528774767,0.35639405250549316,0.00671696662902832,904,288,887,,,,,,sweep,,,12,0.7500000000000018,45,,
phase2,taker-sweep,2026-08-14T22:32:55.624645+00:00,jingjie-cpu-05.mae.cornell.edu,4cf37e9,50934,9,syn-s1-n8,9cec0992f658,8,4,c071c9c5bb80,ceab730b198d,3,84.0,5.2,3084.0,3087.9015552877468,3.90155528774676,exact-milp/taker,GRB,OPTIMAL,3087.9015552877468,3087.9015552877468,0.0,3069.999999999999,17.90155528774767,0.3313143253326416,0.006720542907714844,904,288,887,,,,,,sweep,,,12,0.800000000000002,46,,
phase2,taker-sweep,2026-08-14T22:32:56.000888+00:00,jingjie-cpu-05.mae.cornell.edu,4cf37e9,50934,9,syn-s1-n8,9cec0992f658,8,4,c071c9c5bb80,ceab730b198d,3,84.0,5.2,3084.0,3087.9015552877468,3.90155528774676,exact-milp/taker,GRB,OPTIMAL,3087.9015552877468,3087.9015552877468,0.0,3069.999999999999,17.90155528774767,0.33788156509399414,0.006709098815917969,904,288,887,,,,,,sweep,,,12,0.8500000000000023,47,,
phase2,taker-sweep,2026-08-14T22:32:56.409177+00:00,jingjie-cpu-05.mae.cornell.edu,4cf37e9,50934,9,syn-s1-n8,9cec0992f658,8,4,c071c9c5bb80,ceab730b198d,3,84.0,5.2,3084.0,3087.9015552877468,3.90155528774676,exact-milp/taker,GRB,OPTIMAL,3087.9015552877468,3087.9015552877468,0.0,3069.999999999999,17.90155528774767,0.33013129234313965,0.007191896438598633,904,288,887,,,,,,sweep,,,12,0.9000000000000021,48,,
phase2,taker-sweep,2026-08-14T22:32:56.785214+00:00,jingjie-cpu-05.mae.cornell.edu,4cf37e9,50934,9,syn-s1-n8,9cec0992f658,8,4,c071c9c5bb80,ceab730b198d,3,84.0,5.2,3084.0,3087.9015552877468,3.90155528774676,exact-milp/taker,GRB,OPTIMAL,3087.9015552877468,3087.9015552877468,0.0,3069.999999999999,17.90155528774767,0.3377046585083008,0.006540060043334961,904,288,887,,,,,,sweep,,,12,0.950000000000002,49,,
phase2,taker-sweep,2026-08-14T22:32:57.155936+00:00,jingjie-cpu-05.mae.cornell.edu,4cf37e9,50934,9,syn-s1-n8,9cec0992f658,8,4,c071c9c5bb80,ceab730b198d,3,84.0,5.2,3084.0,3087.9015552877468,3.90155528774676,exact-milp/taker,GRB,OPTIMAL,3087.9015552877468,3087.9015552877468,0.0,3069.999999999999,17.90155528774767,0.3329904079437256,0.006949663162231445,904,288,887,,,,,,sweep,,,12,1.0000000000000022,50,,
phase2,taker-sweep,2026-08-14T22:32:57.562601+00:00,jingjie-cpu-05.mae.cornell.edu,4cf37e9,50934,9,syn-s1-n8,9cec0992f658,8,4,c071c9c5bb80,ceab730b198d,3,84.0,5.2,3084.0,3087.9015552877468,3.90155528774676,exact-milp/taker,GRB,OPTIMAL,3087.9015552877468,3087.9015552877468,0.0,3069.999999999999,17.90155528774767,0.3680078983306885,0.007063388824462891,904,288,887,,,,,,sweep,,,12,1.0500000000000025,51,,
phase2,taker-sweep,2026-08-14T22:32:57.946344+00:00,jingjie-cpu-05.mae.cornell.edu,4cf37e9,50934,9,syn-s1-n8,9cec0992f658,8,4,c071c9c5bb80,ceab730b198d,3,84.0,5.2,3084.0,3087.9015552877468,3.90155528774676,exact-milp/taker,GRB,OPTIMAL,3087.9015552877468,3087.9015552877468,0.0,3069.999999999999,17.90155528774767,0.3440060615539551,0.007059574127197266,904,288,887,,,,,,sweep,,,12,1.1000000000000023,52,,
phase2,taker-sweep,2026-08-14T22:32:58.461227+00:00,jingjie-cpu-05.mae.cornell.edu,4cf37e9,50934,9,syn-s1-n8,9cec0992f658,8,4,c071c9c5bb80,ceab730b198d,3,84.0,5.2,3084.0,3087.9015552877468,3.90155528774676,exact-milp/taker,GRB,OPTIMAL,3087.9015552877468,3087.9015552877468,0.0,3069.999999999999,17.90155528774767,0.42682981491088867,0.007276058197021484,904,288,887,,,,,,sweep,,,12,1.1500000000000021,53,,
phase2,taker-sweep,2026-08-14T22:32:58.930088+00:00,jingjie-cpu-05.mae.cornell.edu,4cf37e9,50934,9,syn-s1-n8,9cec0992f658,8,4,c071c9c5bb80,ceab730b198d,3,84.0,5.2,3084.0,3087.9015552877468,3.90155528774676,exact-milp/taker,GRB,OPTIMAL,3087.9015552877468,3087.9015552877468,0.0,3069.999999999999,17.90155528774767,0.4304215908050537,0.0070285797119140625,904,288,887,,,,,,sweep,,,12,1.2000000000000024,54,,
phase2,taker-sweep,2026-08-14T22:32:59.304486+00:00,jingjie-cpu-05.mae.cornell.edu,4cf37e9,50934,9,syn-s1-n8,9cec0992f658,8,4,c071c9c5bb80,ceab730b198d,3,84.0,5.2,3084.0,3087.9015552877468,3.90155528774676,exact-milp/taker,GRB,OPTIMAL,3087.9015552877468,3087.9015552877468,0.0,3069.999999999999,17.90155528774767,0.3360025882720947,0.0070536136627197266,904,288,887,,,,,,sweep,,,12,1.2500000000000027,55,,
phase2,taker-sweep,2026-08-14T22:32:59.669767+00:00,jingjie-cpu-05.mae.cornell.edu,4cf37e9,50934,9,syn-s1-n8,9cec0992f658,8,4,c071c9c5bb80,ceab730b198d,3,84.0,5.2,3084.0,3087.9015552877468,3.90155528774676,exact-milp/taker,GRB,OPTIMAL,3087.9015552877468,3087.9015552877468,0.0,3069.999999999999,17.90155528774767,0.3269352912902832,0.006966590881347656,904,288,887,,,,,,sweep,,,12,1.3000000000000025,56,,
phase2,taker-sweep,2026-08-14T22:33:00.083724+00:00,jingjie-cpu-05.mae.cornell.edu,4cf37e9,50934,9,syn-s1-n8,9cec0992f658,8,4,c071c9c5bb80,ceab730b198d,3,84.0,5.2,3084.0,3087.9015552877468,3.90155528774676,exact-milp/taker,GRB,OPTIMAL,3087.9015552877468,3087.9015552877468,0.0,3069.999999999999,17.90155528774767,0.3323183059692383,0.007027149200439453,904,288,887,,,,,,sweep,,,12,1.3500000000000023,57,,
phase2,taker-sweep,2026-08-14T22:33:00.548549+00:00,jingjie-cpu-05.mae.cornell.edu,4cf37e9,50934,9,syn-s1-n8,9cec0992f658,8,4,c071c9c5bb80,ceab730b198d,3,84.0,5.2,3084.0,3087.9015552877468,3.90155528774676,exact-milp/taker,GRB,OPTIMAL,3087.9015552877468,3087.9015552877468,0.0,3069.999999999999,17.90155528774767,0.42562174797058105,0.006888628005981445,904,288,887,,,,,,sweep,,,12,1.4000000000000026,58,,
phase2,taker-sweep,2026-08-14T22:33:00.953178+00:00,jingjie-cpu-05.mae.cornell.edu,4cf37e9,50934,9,syn-s1-n8,9cec0992f658,8,4,c071c9c5bb80,ceab730b198d,3,84.0,5.2,3084.0,3087.9015552877468,3.90155528774676,exact-milp/taker,GRB,OPTIMAL,3087.9015552877468,3087.9015552877468,0.0,3069.999999999999,17.90155528774767,0.3354320526123047,0.00711369514465332,904,288,887,,,,,,sweep,,,12,1.4500000000000028,59,,
phase2,taker-sweep,2026-08-14T22:33:01.411549+00:00,jingjie-cpu-05.mae.cornell.edu,4cf37e9,50934,9,syn-s1-n8,9cec0992f658,8,4,c071c9c5bb80,ceab730b198d,3,84.0,5.2,3084.0,3087.9015552877468,3.90155528774676,exact-milp/taker,GRB,OPTIMAL,3087.9015552877468,3087.9015552877468,0.0,3069.999999999999,17.90155528774767,0.419034481048584,0.00725245475769043,904,288,887,,,,,,sweep,,,12,1.5000000000000027,60,,
phase2,taker-sweep,2026-08-14T22:32:37.338024+00:00,jingjie-cpu-05.mae.cornell.edu,4cf37e9,50935,10,syn-s1-n8,9cec0992f658,8,4,451ca66ca07c,6635f23cdae0,3,94.0,53.7,3094.0,3086.234475582767,-7.765524417232882,exact-milp/taker,GRB,OPTIMAL,3086.234475582767,3086.234475582767,0.0,3069.999999999999,16.234475582768027,0.4271113872528076,0.015397310256958008,904,288,887,,,,,,sweep,,,16,-1.5,0,,
phase2,taker-sweep,2026-08-14T22:32:37.771939+00:00,jingjie-cpu-05.mae.cornell.edu,4cf37e9,50935,10,syn-s1-n8,9cec0992f658,8,4,c071c9c5bb80,ceab730b198d,3,84.0,5.2,3084.0,3087.9015552877468,3.90155528774676,exact-milp/taker,GRB,OPTIMAL,3087.9015552877468,3087.9015552877468,0.0,3069.999999999999,17.90155528774767,0.39739489555358887,0.006747245788574219,904,288,887,,,,,,sweep,,,16,-1.45,1,,
phase2,taker-sweep,2026-08-14T22:32:38.247209+00:00,jingjie-cpu-05.mae.cornell.edu,4cf37e9,50935,10,syn-s1-n8,9cec0992f658,8,4,775eeb1a60f7,ceab730b198d,3,84.0,5.2,3084.0,3087.9015552877468,3.90155528774676,exact-milp/taker,GRB,OPTIMAL,3087.9015552877468,3087.9015552877468,0.0,3069.999999999999,17.90155528774767,0.41959428787231445,0.006699323654174805,904,288,887,,,,,,sweep,,,16,-1.4,2,,
phase2,taker-sweep,2026-08-14T22:32:38.680647+00:00,jingjie-cpu-05.mae.cornell.edu,4cf37e9,50935,10,syn-s1-n8,9cec0992f658,8,4,775eeb1a60f7,ceab730b198d,3,84.0,5.2,3084.0,3087.9015552877468,3.90155528774676,exact-milp/taker,GRB,OPTIMAL,3087.9015552877468,3087.9015552877468,0.0,3069.999999999999,17.90155528774767,0.3828160762786865,0.006602287292480469,904,288,887,,,,,,sweep,,,16,-1.3499999999999999,3,,
phase2,taker-sweep,2026-08-14T22:32:38.998381+00:00,jingjie-cpu-05.mae.cornell.edu,4cf37e9,50935,10,syn-s1-n8,9cec0992f658,8,4,775eeb1a60f7,ceab730b198d,3,84.0,5.2,3084.0,3087.9015552877468,3.90155528774676,exact-milp/taker,GRB,OPTIMAL,3087.9015552877468,3087.9015552877468,0.0,3069.999999999999,17.90155528774767,0.28165340423583984,0.006526470184326172,904,288,887,,,,,,sweep,,,16,-1.2999999999999998,4,,
phase2,taker-sweep,2026-08-14T22:32:39.319011+00:00,jingjie-cpu-05.mae.cornell.edu,4cf37e9,50935,10,syn-s1-n8,9cec0992f658,8,4,775eeb1a60f7,ceab730b198d,3,84.0,5.2,3084.0,3087.9015552877468,3.90155528774676,exact-milp/taker,GRB,OPTIMAL,3087.9015552877468,3087.9015552877468,0.0,3069.999999999999,17.90155528774767,0.28501200675964355,0.006623268127441406,904,288,887,,,,,,sweep,,,16,-1.2499999999999998,5,,
phase2,taker-sweep,2026-08-14T22:32:39.668605+00:00,jingjie-cpu-05.mae.cornell.edu,4cf37e9,50935,10,syn-s1-n8,9cec0992f658,8,4,775eeb1a60f7,ceab730b198d,3,84.0,5.2,3084.0,3087.9015552877468,3.90155528774676,exact-milp/taker,GRB,OPTIMAL,3087.9015552877468,3087.9015552877468,0.0,3069.999999999999,17.90155528774767,0.31232762336730957,0.0067594051361083984,904,288,887,,,,,,sweep,,,16,-1.1999999999999997,6,,
phase2,taker-sweep,2026-08-14T22:32:40.119204+00:00,jingjie-cpu-05.mae.cornell.edu,4cf37e9,50935,10,syn-s1-n8,9cec0992f658,8,4,775eeb1a60f7,ceab730b198d,3,84.0,5.2,3084.0,3087.9015552877468,3.90155528774676,exact-milp/taker,GRB,OPTIMAL,3087.9015552877468,3087.9015552877468,0.0,3069.999999999999,17.90155528774767,0.41190624237060547,0.006765127182006836,904,288,887,,,,,,sweep,,,16,-1.1499999999999997,7,,
phase2,taker-sweep,2026-08-14T22:32:40.483846+00:00,jingjie-cpu-05.mae.cornell.edu,4cf37e9,50935,10,syn-s1-n8,9cec0992f658,8,4,775eeb1a60f7,ceab730b198d,3,84.0,5.2,3084.0,3087.9015552877468,3.90155528774676,exact-milp/taker,GRB,OPTIMAL,3087.9015552877468,3087.9015552877468,0.0,3069.999999999999,17.90155528774767,0.3042924404144287,0.006753444671630859,904,288,887,,,,,,sweep,,,16,-1.0999999999999996,8,,
phase2,taker-sweep,2026-08-14T22:32:40.876971+00:00,jingjie-cpu-05.mae.cornell.edu,4cf37e9,50935,10,syn-s1-n8,9cec0992f658,8,4,775eeb1a60f7,ceab730b198d,3,84.0,5.2,3084.0,3087.9015552877468,3.90155528774676,exact-milp/taker,GRB,OPTIMAL,3087.9015552877468,3087.9015552877468,0.0,3069.999999999999,17.90155528774767,0.357013463973999,0.006605625152587891,904,288,887,,,,,,sweep,,,16,-1.0499999999999996,9,,
phase2,taker-sweep,2026-08-14T22:32:41.218498+00:00,jingjie-cpu-05.mae.cornell.edu,4cf37e9,50935,10,syn-s1-n8,9cec0992f658,8,4,775eeb1a60f7,ceab730b198d,3,84.0,5.2,3084.0,3087.9015552877468,3.90155528774676,exact-milp/taker,GRB,OPTIMAL,3087.9015552877468,3087.9015552877468,0.0,3069.999999999999,17.90155528774767,0.305042028427124,0.006676435470581055,904,288,887,,,,,,sweep,,,16,-0.9999999999999996,10,,
phase2,taker-sweep,2026-08-14T22:32:41.571990+00:00,jingjie-cpu-05.mae.cornell.edu,4cf37e9,50935,10,syn-s1-n8,9cec0992f658,8,4,775eeb1a60f7,ceab730b198d,3,84.0,5.2,3084.0,3087.9015552877468,3.90155528774676,exact-milp/taker,GRB,OPTIMAL,3087.9015552877468,3087.9015552877468,0.0,3069.999999999999,17.90155528774767,0.3180992603302002,0.006439685821533203,904,288,887,,,,,,sweep,,,16,-0.9499999999999995,11,,
phase2,taker-sweep,2026-08-14T22:32:41.978223+00:00,jingjie-cpu-05.mae.cornell.edu,4cf37e9,50935,10,syn-s1-n8,9cec0992f658,8,4,775eeb1a60f7,ceab730b198d,3,84.0,5.2,3084.0,3087.9015552877468,3.90155528774676,exact-milp/taker,GRB,OPTIMAL,3087.9015552877468,3087.9015552877468,0.0,3069.999999999999,17.90155528774767,0.3538930416107178,0.006509065628051758,904,288,887,,,,,,sweep,,,16,-0.8999999999999995,12,,
phase2,taker-sweep,2026-08-14T22:32:42.387693+00:00,jingjie-cpu-05.mae.cornell.edu,4cf37e9,50935,10,syn-s1-n8,9cec0992f658,8,4,775eeb1a60f7,ceab730b198d,3,84.0,5.2,3084.0,3087.9015552877468,3.90155528774676,exact-milp/taker,GRB,OPTIMAL,3087.9015552877468,3087.9015552877468,0.0,3069.999999999999,17.90155528774767,0.37336111068725586,0.006639003753662109,904,288,887,,,,,,sweep,,,16,-0.8499999999999994,13,,
phase2,taker-sweep,2026-08-14T22:32:42.797818+00:00,jingjie-cpu-05.mae.cornell.edu,4cf37e9,50935,10,syn-s1-n8,9cec0992f658,8,4,775eeb1a60f7,ceab730b198d,3,84.0,5.2,3084.0,3087.9015552877468,3.90155528774676,exact-milp/taker,GRB,OPTIMAL,3087.9015552877468,3087.9015552877468,0.0,3069.999999999999,17.90155528774767,0.373171329498291,0.006824493408203125,904,288,887,,,,,,sweep,,,16,-0.7999999999999994,14,,
phase2,taker-sweep,2026-08-14T22:32:43.224120+00:00,jingjie-cpu-05.mae.cornell.edu,4cf37e9,50935,10,syn-s1-n8,9cec0992f658,8,4,775eeb1a60f7,ceab730b198d,3,84.0,5.2,3084.0,3087.9015552877468,3.90155528774676,exact-milp/taker,GRB,OPTIMAL,3087.9015552877468,3087.9015552877468,0.0,3069.999999999999,17.90155528774767,0.38997697830200195,0.006824016571044922,904,288,887,,,,,,sweep,,,16,-0.7499999999999993,15,,
phase2,taker-sweep,2026-08-14T22:32:43.573279+00:00,jingjie-cpu-05.mae.cornell.edu,4cf37e9,50935,10,syn-s1-n8,9cec0992f658,8,4,c071c9c5bb80,ceab730b198d,3,84.0,5.2,3084.0,3087.9015552877468,3.90155528774676,exact-milp/taker,GRB,OPTIMAL,3087.9015552877468,3087.9015552877468,0.0,3069.999999999999,17.90155528774767,0.313051700592041,0.006601572036743164,904,288,887,,,,,,sweep,,,16,-0.6999999999999993,16,,
phase2,taker-sweep,2026-08-14T22:32:44.032496+00:00,jingjie-cpu-05.mae.cornell.edu,4cf37e9,50935,10,syn-s1-n8,9cec0992f658,8,4,c071c9c5bb80,ceab730b198d,3,84.0,5.2,3084.0,3087.9015552877468,3.90155528774676,exact-milp/taker,GRB,OPTIMAL,3087.9015552877468,3087.9015552877468,0.0,3069.999999999999,17.90155528774767,0.3828921318054199,0.006864070892333984,904,288,887,,,,,,sweep,,,16,-0.6499999999999992,17,,
phase2,taker-sweep,2026-08-14T22:32:44.368889+00:00,jingjie-cpu-05.mae.cornell.edu,4cf37e9,50935,10,syn-s1-n8,9cec0992f658,8,4,c071c9c5bb80,ceab730b198d,3,84.0,5.2,3084.0,3087.9015552877468,3.90155528774676,exact-milp/taker,GRB,OPTIMAL,3087.9015552877468,3087.9015552877468,0.0,3069.999999999999,17.90155528774767,0.29974913597106934,0.00666046142578125,904,288,887,,,,,,sweep,,,16,-0.5999999999999992,18,,
phase2,taker-sweep,2026-08-14T22:32:44.761541+00:00,jingjie-cpu-05.mae.cornell.edu,4cf37e9,50935,10,syn-s1-n8,9cec0992f658,8,4,c071c9c5bb80,ceab730b198d,3,84.0,5.2,3084.0,3087.9015552877468,3.90155528774676,exact-milp/taker,GRB,OPTIMAL,3087.9015552877468,3087.9015552877468,0.0,3069.999999999999,17.90155528774767,0.3546640872955322,0.00672149658203125,904,288,887,,,,,,sweep,,,16,-0.5499999999999992,19,,
phase2,taker-sweep,2026-08-14T22:32:45.079366+00:00,jingjie-cpu-05.mae.cornell.edu,4cf37e9,50935,10,syn-s1-n8,9cec0992f658,8,4,c071c9c5bb80,ceab730b198d,3,84.0,5.2,3084.0,3087.9015552877468,3.90155528774676,exact-milp/taker,GRB,OPTIMAL,3087.9015552877468,3087.9015552877468,0.0,3069.999999999999,17.90155528774767,0.28119468688964844,0.0065898895263671875,904,288,887,,,,,,sweep,,,16,-0.4999999999999991,20,,
phase2,taker-sweep,2026-08-14T22:32:45.429508+00:00,jingjie-cpu-05.mae.cornell.edu,4cf37e9,50935,10,syn-s1-n8,9cec0992f658,8,4,c071c9c5bb80,ceab730b198d,3,84.0,5.2,3084.0,3087.9015552877468,3.90155528774676,exact-milp/taker,GRB,OPTIMAL,3087.9015552877468,3087.9015552877468,0.0,3069.999999999999,17.90155528774767,0.28360462188720703,0.007170438766479492,904,288,887,,,,,,sweep,,,16,-0.44999999999999907,21,,
phase2,taker-sweep,2026-08-14T22:32:45.850212+00:00,jingjie-cpu-05.mae.cornell.edu,4cf37e9,50935,10,syn-s1-n8,9cec0992f658,8,4,c071c9c5bb80,ceab730b198d,3,84.0,5.2,3084.0,3087.9015552877468,3.90155528774676,exact-milp/taker,GRB,OPTIMAL,3087.9015552877468,3087.9015552877468,0.0,3069.999999999999,17.90155528774767,0.3274710178375244,0.006703853607177734,904,288,887,,,,,,sweep,,,16,-0.399999999999999,22,,
phase2,taker-sweep,2026-08-14T22:32:46.256297+00:00,jingjie-cpu-05.mae.cornell.edu,4cf37e9,50935,10,syn-s1-n8,9cec0992f658,8,4,c071c9c5bb80,ceab730b198d,3,84.0,5.2,3084.0,3087.9015552877468,3.90155528774676,exact-milp/taker,GRB,OPTIMAL,3087.9015552877468,3087.9015552877468,0.0,3069.999999999999,17.90155528774767,0.37017011642456055,0.006560325622558594,904,288,887,,,,,,sweep,,,16,-0.349999999999999,23,,
phase2,taker-sweep,2026-08-14T22:32:46.741866+00:00,jingjie-cpu-05.mae.cornell.edu,4cf37e9,50935,10,syn-s1-n8,9cec0992f658,8,4,c071c9c5bb80,ceab730b198d,3,84.0,5.2,3084.0,3087.9015552877468,3.90155528774676,exact-milp/taker,GRB,OPTIMAL,3087.9015552877468,3087.9015552877468,0.0,3069.999999999999,17.90155528774767,0.44882845878601074,0.006850719451904297,904,288,887,,,,,,sweep,,,16,-0.29999999999999893,24,,
phase2,taker-sweep,2026-08-14T22:32:47.177319+00:00,jingjie-cpu-05.mae.cornell.edu,4cf37e9,50935,10,syn-s1-n8,9cec0992f658,8,4,775eeb1a60f7,ceab730b198d,3,84.0,5.2,3084.0,3087.9015552877468,3.90155528774676,exact-milp/taker,GRB,OPTIMAL,3087.9015552877468,3087.9015552877468,0.0,3069.999999999999,17.90155528774767,0.39837026596069336,0.006655693054199219,904,288,887,,,,,,sweep,,,16,-0.2499999999999989,25,,
phase2,taker-sweep,2026-08-14T22:32:47.638043+00:00,jingjie-cpu-05.mae.cornell.edu,4cf37e9,50935,10,syn-s1-n8,9cec0992f658,8,4,c071c9c5bb80,ceab730b198d,3,84.0,5.2,3084.0,3087.9015552877468,3.90155528774676,exact-milp/taker,GRB,OPTIMAL,3087.9015552877468,3087.9015552877468,0.0,3069.999999999999,17.90155528774767,0.38778090476989746,0.006670713424682617,904,288,887,,,,,,sweep,,,16,-0.19999999999999885,26,,
phase2,taker-sweep,2026-08-14T22:32:48.108332+00:00,jingjie-cpu-05.mae.cornell.edu,4cf37e9,50935,10,syn-s1-n8,9cec0992f658,8,4,c071c9c5bb80,ceab730b198d,3,84.0,5.2,3084.0,3087.9015552877468,3.90155528774676,exact-milp/taker,GRB,OPTIMAL,3087.9015552877468,3087.9015552877468,0.0,3069.999999999999,17.90155528774767,0.4330587387084961,0.006659507751464844,904,288,887,,,,,,sweep,,,16,-0.1499999999999988,27,,
phase2,taker-sweep,2026-08-14T22:32:48.563286+00:00,jingjie-cpu-05.mae.cornell.edu,4cf37e9,50935,10,syn-s1-n8,9cec0992f658,8,4,c071c9c5bb80,ceab730b198d,3,84.0,5.2,3084.0,3087.9015552877468,3.90155528774676,exact-milp/taker,GRB,OPTIMAL,3087.9015552877468,3087.9015552877468,0.0,3069.999999999999,17.90155528774767,0.4174840450286865,0.0067327022552490234,904,288,887,,,,,,sweep,,,16,-0.09999999999999876,28,,
phase2,taker-sweep,2026-08-14T22:32:49.063025+00:00,jingjie-cpu-05.mae.cornell.edu,4cf37e9,50935,10,syn-s1-n8,9cec0992f658,8,4,c071c9c5bb80,ceab730b198d,3,84.0,5.2,3084.0,3087.9015552877468,3.90155528774676,exact-milp/taker,GRB,OPTIMAL,3087.9015552877468,3087.9015552877468,0.0,3069.999999999999,17.90155528774767,0.4634716510772705,0.006632804870605469,904,288,887,,,,,,sweep,,,16,-0.04999999999999871,29,,
phase2,taker-sweep,2026-08-14T22:32:49.494965+00:00,jingjie-cpu-05.mae.cornell.edu,4cf37e9,50935,10,syn-s1-n8,9cec0992f658,8,4,c071c9c5bb80,ceab730b198d,3,84.0,5.2,3084.0,3087.9015552877468,3.90155528774676,exact-milp/taker,GRB,OPTIMAL,3087.9015552877468,3087.9015552877468,0.0,3069.999999999999,17.90155528774767,0.3723721504211426,0.00671839714050293,904,288,887,,,,,,sweep,,,16,1.3322676295501878e-15,30,,
phase2,taker-sweep,2026-08-14T22:32:49.981728+00:00,jingjie-cpu-05.mae.cornell.edu,4cf37e9,50935,10,syn-s1-n8,9cec0992f658,8,4,775eeb1a60f7,ceab730b198d,3,84.0,5.2,3084.0,3087.9015552877468,3.90155528774676,exact-milp/taker,GRB,OPTIMAL,3087.9015552877468,3087.9015552877468,0.0,3069.999999999999,17.90155528774767,0.4495091438293457,0.006785392761230469,904,288,887,,,,,,sweep,,,16,0.05000000000000138,31,,
phase2,taker-sweep,2026-08-14T22:32:50.350193+00:00,jingjie-cpu-05.mae.cornell.edu,4cf37e9,50935,10,syn-s1-n8,9cec0992f658,8,4,775eeb1a60f7,ceab730b198d,3,84.0,5.2,3084.0,3087.9015552877468,3.90155528774676,exact-milp/taker,GRB,OPTIMAL,3087.9015552877468,3087.9015552877468,0.0,3069.999999999999,17.90155528774767,0.3320748805999756,0.006512641906738281,904,288,887,,,,,,sweep,,,16,0.10000000000000142,32,,
phase2,taker-sweep,2026-08-14T22:32:50.758191+00:00,jingjie-cpu-05.mae.cornell.edu,4cf37e9,50935,10,syn-s1-n8,9cec0992f658,8,4,775eeb1a60f7,ceab730b198d,3,84.0,5.2,3084.0,3087.9015552877468,3.90155528774676,exact-milp/taker,GRB,OPTIMAL,3087.9015552877468,3087.9015552877468,0.0,3069.999999999999,17.90155528774767,0.37099480628967285,0.006669759750366211,904,288,887,,,,,,sweep,,,16,0.15000000000000147,33,,
phase2,taker-sweep,2026-08-14T22:32:51.186773+00:00,jingjie-cpu-05.mae.cornell.edu,4cf37e9,50935,10,syn-s1-n8,9cec0992f658,8,4,775eeb1a60f7,ceab730b198d,3,84.0,5.2,3084.0,3087.9015552877468,3.90155528774676,exact-milp/taker,GRB,OPTIMAL,3087.9015552877468,3087.9015552877468,0.0,3069.999999999999,17.90155528774767,0.3910641670227051,0.0066967010498046875,904,288,887,,,,,,sweep,,,16,0.2000000000000015,34,,
phase2,taker-sweep,2026-08-14T22:32:51.672074+00:00,jingjie-cpu-05.mae.cornell.edu,4cf37e9,50935,10,syn-s1-n8,9cec0992f658,8,4,775eeb1a60f7,ceab730b198d,3,84.0,5.2,3084.0,3087.9015552877468,3.90155528774676,exact-milp/taker,GRB,OPTIMAL,3087.9015552877468,3087.9015552877468,0.0,3069.999999999999,17.90155528774767,0.4041304588317871,0.006638050079345703,904,288,887,,,,,,sweep,,,16,0.25000000000000155,35,,
phase2,taker-sweep,2026-08-14T22:32:52.191703+00:00,jingjie-cpu-05.mae.cornell.edu,4cf37e9,50935,10,syn-s1-n8,9cec0992f658,8,4,775eeb1a60f7,ceab730b198d,3,84.0,5.2,3084.0,3087.9015552877468,3.90155528774676,exact-milp/taker,GRB,OPTIMAL,3087.9015552877468,3087.9015552877468,0.0,3069.999999999999,17.90155528774767,0.4819977283477783,0.0068209171295166016,904,288,887,,,,,,sweep,,,16,0.3000000000000016,36,,
phase2,taker-sweep,2026-08-14T22:32:52.669066+00:00,jingjie-cpu-05.mae.cornell.edu,4cf37e9,50935,10,syn-s1-n8,9cec0992f658,8,4,775eeb1a60f7,ceab730b198d,3,84.0,5.2,3084.0,3087.9015552877468,3.90155528774676,exact-milp/taker,GRB,OPTIMAL,3087.9015552877468,3087.9015552877468,0.0,3069.999999999999,17.90155528774767,0.44013285636901855,0.0069463253021240234,904,288,887,,,,,,sweep,,,16,0.35000000000000164,37,,
phase2,taker-sweep,2026-08-14T22:32:53.071969+00:00,jingjie-cpu-05.mae.cornell.edu,4cf37e9,50935,10,syn-s1-n8,9cec0992f658,8,4,775eeb1a60f7,ceab730b198d,3,84.0,5.2,3084.0,3087.9015552877468,3.90155528774676,exact-milp/taker,GRB,OPTIMAL,3087.9015552877468,3087.9015552877468,0.0,3069.999999999999,17.90155528774767,0.3663341999053955,0.0065631866455078125,904,288,887,,,,,,sweep,,,16,0.4000000000000017,38,,
phase2,taker-sweep,2026-08-14T22:32:53.640716+00:00,jingjie-cpu-05.mae.cornell.edu,4cf37e9,50935,10,syn-s1-n8,9cec0992f658,8,4,775eeb1a60f7,ceab730b198d,3,84.0,5.2,3084.0,3087.9015552877468,3.90155528774676,exact-milp/taker,GRB,OPTIMAL,3087.9015552877468,3087.9015552877468,0.0,3069.999999999999,17.90155528774767,0.49625277519226074,0.007022857666015625,904,288,887,,,,,,sweep,,,16,0.45000000000000173,39,,
phase2,taker-sweep,2026-08-14T22:32:54.030282+00:00,jingjie-cpu-05.mae.cornell.edu,4cf37e9,50935,10,syn-s1-n8,9cec0992f658,8,4,c071c9c5bb80,ceab730b198d,3,84.0,5.2,3084.0,3087.9015552877468,3.90155528774676,exact-milp/taker,GRB,OPTIMAL,3087.9015552877468,3087.9015552877468,0.0,3069.999999999999,17.90155528774767,0.3513646125793457,0.006935834884643555,904,288,887,,,,,,sweep,,,16,0.5000000000000018,40,,
phase2,taker-sweep,2026-08-14T22:32:54.410071+00:00,jingjie-cpu-05.mae.cornell.edu,4cf37e9,50935,10,syn-s1-n8,9cec0992f658,8,4,775eeb1a60f7,ceab730b198d,3,84.0,5.2,3084.0,3087.9015552877468,3.90155528774676,exact-milp/taker,GRB,OPTIMAL,3087.9015552877468,3087.9015552877468,0.0,3069.999999999999,17.90155528774767,0.3392970561981201,0.0069539546966552734,904,288,887,,,,,,sweep,,,16,0.5500000000000016,41,,
phase2,taker-sweep,2026-08-14T22:32:54.869540+00:00,jingjie-cpu-05.mae.cornell.edu,4cf37e9,50935,10,syn-s1-n8,9cec0992f658,8,4,775eeb1a60f7,ceab730b198d,3,84.0,5.2,3084.0,3087.9015552877468,3.90155528774676,exact-milp/taker,GRB,OPTIMAL,3087.9015552877468,3087.9015552877468,0.0,3069.999999999999,17.90155528774767,0.42182421684265137,0.006865978240966797,904,288,887,,,,,,sweep,,,16,0.6000000000000019,42,,
phase2,taker-sweep,2026-08-14T22:32:55.362540+00:00,jingjie-cpu-05.mae.cornell.edu,4cf37e9,50935,10,syn-s1-n8,9cec0992f658,8,4,775eeb1a60f7,ceab730b198d,3,84.0,5.2,3084.0,3087.9015552877468,3.90155528774676,exact-milp/taker,GRB,OPTIMAL,3087.9015552877468,3087.9015552877468,0.0,3069.999999999999,17.90155528774767,0.4555397033691406,0.006911516189575195,904,288,887,,,,,,sweep,,,16,0.6500000000000021,43,,
phase2,taker-sweep,2026-08-14T22:32:55.782795+00:00,jingjie-cpu-05.mae.cornell.edu,4cf37e9,50935,10,syn-s1-n8,9cec0992f658,8,4,775eeb1a60f7,ceab730b198d,3,84.0,5.2,3084.0,3087.9015552877468,3.90155528774676,exact-milp/taker,GRB,OPTIMAL,3087.9015552877468,3087.9015552877468,0.0,3069.999999999999,17.90155528774767,0.36402320861816406,0.0069544315338134766,904,288,887,,,,,,sweep,,,16,0.700000000000002,44,,
phase2,taker-sweep,2026-08-14T22:32:56.258467+00:00,jingjie-cpu-05.mae.cornell.edu,4cf37e9,50935,10,syn-s1-n8,9cec0992f658,8,4,c071c9c5bb80,ceab730b198d,3,84.0,5.2,3084.0,3087.9015552877468,3.90155528774676,exact-milp/taker,GRB,OPTIMAL,3087.9015552877468,3087.9015552877468,0.0,3069.999999999999,17.90155528774767,0.43801093101501465,0.006981611251831055,904,288,887,,,,,,sweep,,,16,0.7500000000000018,45,,
phase2,taker-sweep,2026-08-14T22:32:56.778678+00:00,jingjie-cpu-05.mae.cornell.edu,4cf37e9,50935,10,syn-s1-n8,9cec0992f658,8,4,c071c9c5bb80,ceab730b198d,3,84.0,5.2,3084.0,3087.9015552877468,3.90155528774676,exact-milp/taker,GRB,OPTIMAL,3087.9015552877468,3087.9015552877468,0.0,3069.999999999999,17.90155528774767,0.48288774490356445,0.006873607635498047,904,288,887,,,,,,sweep,,,16,0.800000000000002,46,,
phase2,taker-sweep,2026-08-14T22:32:57.193215+00:00,jingjie-cpu-05.mae.cornell.edu,4cf37e9,50935,10,syn-s1-n8,9cec0992f658,8,4,c071c9c5bb80,ceab730b198d,3,84.0,5.2,3084.0,3087.9015552877468,3.90155528774676,exact-milp/taker,GRB,OPTIMAL,3087.9015552877468,3087.9015552877468,0.0,3069.999999999999,17.90155528774767,0.37752342224121094,0.006796836853027344,904,288,887,,,,,,sweep,,,16,0.8500000000000023,47,,
phase2,taker-sweep,2026-08-14T22:32:57.621882+00:00,jingjie-cpu-05.mae.cornell.edu,4cf37e9,50935,10,syn-s1-n8,9cec0992f658,8,4,c071c9c5bb80,ceab730b198d,3,84.0,5.2,3084.0,3087.9015552877468,3.90155528774676,exact-milp/taker,GRB,OPTIMAL,3087.9015552877468,3087.9015552877468,0.0,3069.999999999999,17.90155528774767,0.36243748664855957,0.0070002079010009766,904,288,887,,,,,,sweep,,,16,0.9000000000000021,48,,
phase2,taker-sweep,2026-08-14T22:32:58.146033+00:00,jingjie-cpu-05.mae.cornell.edu,4cf37e9,50935,10,syn-s1-n8,9cec0992f658,8,4,c071c9c5bb80,ceab730b198d,3,84.0,5.2,3084.0,3087.9015552877468,3.90155528774676,exact-milp/taker,GRB,OPTIMAL,3087.9015552877468,3087.9015552877468,0.0,3069.999999999999,17.90155528774767,0.4860653877258301,0.007073640823364258,904,288,887,,,,,,sweep,,,16,0.950000000000002,49,,
phase2,taker-sweep,2026-08-14T22:32:58.690980+00:00,jingjie-cpu-05.mae.cornell.edu,4cf37e9,50935,10,syn-s1-n8,9cec0992f658,8,4,c071c9c5bb80,ceab730b198d,3,84.0,5.2,3084.0,3087.9015552877468,3.90155528774676,exact-milp/taker,GRB,OPTIMAL,3087.9015552877468,3087.9015552877468,0.0,3069.999999999999,17.90155528774767,0.5076563358306885,0.006752967834472656,904,288,887,,,,,,sweep,,,16,1.0000000000000022,50,,
phase2,taker-sweep,2026-08-14T22:32:59.073169+00:00,jingjie-cpu-05.mae.cornell.edu,4cf37e9,50935,10,syn-s1-n8,9cec0992f658,8,4,c071c9c5bb80,ceab730b198d,3,84.0,5.2,3084.0,3087.9015552877468,3.90155528774676,exact-milp/taker,GRB,OPTIMAL,3087.9015552877468,3087.9015552877468,0.0,3069.999999999999,17.90155528774767,0.343686580657959,0.007097721099853516,904,288,887,,,,,,sweep,,,16,1.0500000000000025,51,,
phase2,taker-sweep,2026-08-14T22:32:59.506862+00:00,jingjie-cpu-05.mae.cornell.edu,4cf37e9,50935,10,syn-s1-n8,9cec0992f658,8,4,c071c9c5bb80,ceab730b198d,3,84.0,5.2,3084.0,3087.9015552877468,3.90155528774676,exact-milp/taker,GRB,OPTIMAL,3087.9015552877468,3087.9015552877468,0.0,3069.999999999999,17.90155528774767,0.37661075592041016,0.007085323333740234,904,288,887,,,,,,sweep,,,16,1.1000000000000023,52,,
phase2,taker-sweep,2026-08-14T22:32:59.969558+00:00,jingjie-cpu-05.mae.cornell.edu,4cf37e9,50935,10,syn-s1-n8,9cec0992f658,8,4,775eeb1a60f7,ceab730b198d,3,84.0,5.2,3084.0,3087.9015552877468,3.90155528774676,exact-milp/taker,GRB,OPTIMAL,3087.9015552877468,3087.9015552877468,0.0,3069.999999999999,17.90155528774767,0.376697301864624,0.017573118209838867,904,288,887,,,,,,sweep,,,16,1.1500000000000021,53,,
phase2,taker-sweep,2026-08-14T22:33:00.475145+00:00,jingjie-cpu-05.mae.cornell.edu,4cf37e9,50935,10,syn-s1-n8,9cec0992f658,8,4,775eeb1a60f7,ceab730b198d,3,84.0,5.2,3084.0,3087.9015552877468,3.90155528774676,exact-milp/taker,GRB,OPTIMAL,3087.9015552877468,3087.9015552877468,0.0,3069.999999999999,17.90155528774767,0.46729564666748047,0.006911754608154297,904,288,887,,,,,,sweep,,,16,1.2000000000000024,54,,
phase2,taker-sweep,2026-08-14T22:33:00.901596+00:00,jingjie-cpu-05.mae.cornell.edu,4cf37e9,50935,10,syn-s1-n8,9cec0992f658,8,4,775eeb1a60f7,ceab730b198d,3,84.0,5.2,3084.0,3087.9015552877468,3.90155528774676,exact-milp/taker,GRB,OPTIMAL,3087.9015552877468,3087.9015552877468,0.0,3069.999999999999,17.90155528774767,0.38805723190307617,0.006939411163330078,904,288,887,,,,,,sweep,,,16,1.2500000000000027,55,,
phase2,taker-sweep,2026-08-14T22:33:01.283240+00:00,jingjie-cpu-05.mae.cornell.edu,4cf37e9,50935,10,syn-s1-n8,9cec0992f658,8,4,775eeb1a60f7,ceab730b198d,3,84.0,5.2,3084.0,3087.9015552877468,3.90155528774676,exact-milp/taker,GRB,OPTIMAL,3087.9015552877468,3087.9015552877468,0.0,3069.999999999999,17.90155528774767,0.34372448921203613,0.006900310516357422,904,288,887,,,,,,sweep,,,16,1.3000000000000025,56,,
phase2,taker-sweep,2026-08-14T22:33:01.681795+00:00,jingjie-cpu-05.mae.cornell.edu,4cf37e9,50935,10,syn-s1-n8,9cec0992f658,8,4,775eeb1a60f7,ceab730b198d,3,84.0,5.2,3084.0,3087.9015552877468,3.90155528774676,exact-milp/taker,GRB,OPTIMAL,3087.9015552877468,3087.9015552877468,0.0,3069.999999999999,17.90155528774767,0.32767200469970703,0.007280826568603516,904,288,887,,,,,,sweep,,,16,1.3500000000000023,57,,
phase2,taker-sweep,2026-08-14T22:33:02.213300+00:00,jingjie-cpu-05.mae.cornell.edu,4cf37e9,50935,10,syn-s1-n8,9cec0992f658,8,4,775eeb1a60f7,ceab730b198d,3,84.0,5.2,3084.0,3087.9015552877468,3.90155528774676,exact-milp/taker,GRB,OPTIMAL,3087.9015552877468,3087.9015552877468,0.0,3069.999999999999,17.90155528774767,0.49327707290649414,0.006960630416870117,904,288,887,,,,,,sweep,,,16,1.4000000000000026,58,,
phase2,taker-sweep,2026-08-14T22:33:02.682958+00:00,jingjie-cpu-05.mae.cornell.edu,4cf37e9,50935,10,syn-s1-n8,9cec0992f658,8,4,775eeb1a60f7,ceab730b198d,3,84.0,5.2,3084.0,3087.9015552877468,3.90155528774676,exact-milp/taker,GRB,OPTIMAL,3087.9015552877468,3087.9015552877468,0.0,3069.999999999999,17.90155528774767,0.4310636520385742,0.006895303726196289,904,288,887,,,,,,sweep,,,16,1.4500000000000028,59,,
phase2,taker-sweep,2026-08-14T22:33:03.133374+00:00,jingjie-cpu-05.mae.cornell.edu,4cf37e9,50935,10,syn-s1-n8,9cec0992f658,8,4,775eeb1a60f7,ceab730b198d,3,84.0,5.2,3084.0,3087.9015552877468,3.90155528774676,exact-milp/taker,GRB,OPTIMAL,3087.9015552877468,3087.9015552877468,0.0,3069.999999999999,17.90155528774767,0.41164469718933105,0.007092475891113281,904,288,887,,,,,,sweep,,,16,1.5000000000000027,60,,
phase2,taker-sweep,2026-08-14T22:32:37.266917+00:00,jingjie-cpu-05.mae.cornell.edu,4cf37e9,50936,11,syn-s1-n8,9cec0992f658,8,4,c071c9c5bb80,ceab730b198d,3,84.0,5.2,3084.0,3087.9015552877468,3.90155528774676,exact-milp/taker,GRB,OPTIMAL,3087.9015552877468,3087.9015552877468,0.0,3069.999999999999,17.90155528774767,0.35591864585876465,0.015311002731323242,904,288,887,,,,,,sweep,,,20,-1.5,0,,
phase2,taker-sweep,2026-08-14T22:32:37.735802+00:00,jingjie-cpu-05.mae.cornell.edu,4cf37e9,50936,11,syn-s1-n8,9cec0992f658,8,4,c071c9c5bb80,ceab730b198d,3,84.0,5.2,3084.0,3087.9015552877468,3.90155528774676,exact-milp/taker,GRB,OPTIMAL,3087.9015552877468,3087.9015552877468,0.0,3069.999999999999,17.90155528774767,0.43303751945495605,0.006561279296875,904,288,887,,,,,,sweep,,,20,-1.45,1,,
phase2,taker-sweep,2026-08-14T22:32:38.213144+00:00,jingjie-cpu-05.mae.cornell.edu,4cf37e9,50936,11,syn-s1-n8,9cec0992f658,8,4,c071c9c5bb80,ceab730b198d,3,84.0,5.2,3084.0,3087.9015552877468,3.90155528774676,exact-milp/taker,GRB,OPTIMAL,3087.9015552877468,3087.9015552877468,0.0,3069.999999999999,17.90155528774767,0.4418220520019531,0.0064411163330078125,904,288,887,,,,,,sweep,,,20,-1.4,2,,
phase2,taker-sweep,2026-08-14T22:32:38.613096+00:00,jingjie-cpu-05.mae.cornell.edu,4cf37e9,50936,11,syn-s1-n8,9cec0992f658,8,4,c071c9c5bb80,ceab730b198d,3,84.0,5.2,3084.0,3087.9015552877468,3.90155528774676,exact-milp/taker,GRB,OPTIMAL,3087.9015552877468,3087.9015552877468,0.0,3069.999999999999,17.90155528774767,0.3264889717102051,0.0069866180419921875,904,288,887,,,,,,sweep,,,20,-1.3499999999999999,3,,
phase2,taker-sweep,2026-08-14T22:32:38.997977+00:00,jingjie-cpu-05.mae.cornell.edu,4cf37e9,50936,11,syn-s1-n8,9cec0992f658,8,4,c071c9c5bb80,ceab730b198d,3,84.0,5.2,3084.0,3087.9015552877468,3.90155528774676,exact-milp/taker,GRB,OPTIMAL,3087.9015552877468,3087.9015552877468,0.0,3069.999999999999,17.90155528774767,0.3348066806793213,0.0065174102783203125,904,288,887,,,,,,sweep,,,20,-1.2999999999999998,4,,
phase2,taker-sweep,2026-08-14T22:32:39.363910+00:00,jingjie-cpu-05.mae.cornell.edu,4cf37e9,50936,11,syn-s1-n8,9cec0992f658,8,4,c071c9c5bb80,ceab730b198d,3,84.0,5.2,3084.0,3087.9015552877468,3.90155528774676,exact-milp/taker,GRB,OPTIMAL,3087.9015552877468,3087.9015552877468,0.0,3069.999999999999,17.90155528774767,0.3300058841705322,0.0065364837646484375,904,288,887,,,,,,sweep,,,20,-1.2499999999999998,5,,
phase2,taker-sweep,2026-08-14T22:32:39.734810+00:00,jingjie-cpu-05.mae.cornell.edu,4cf37e9,50936,11,syn-s1-n8,9cec0992f658,8,4,c071c9c5bb80,ceab730b198d,3,84.0,5.2,3084.0,3087.9015552877468,3.90155528774676,exact-milp/taker,GRB,OPTIMAL,3087.9015552877468,3087.9015552877468,0.0,3069.999999999999,17.90155528774767,0.3230407238006592,0.00660252571105957,904,288,887,,,,,,sweep,,,20,-1.1999999999999997,6,,
phase2,taker-sweep,2026-08-14T22:32:40.095687+00:00,jingjie-cpu-05.mae.cornell.edu,4cf37e9,50936,11,syn-s1-n8,9cec0992f658,8,4,c071c9c5bb80,ceab730b198d,3,84.0,5.2,3084.0,3087.9015552877468,3.90155528774676,exact-milp/taker,GRB,OPTIMAL,3087.9015552877468,3087.9015552877468,0.0,3069.999999999999,17.90155528774767,0.32466864585876465,0.006512641906738281,904,288,887,,,,,,sweep,,,20,-1.1499999999999997,7,,
phase2,taker-sweep,2026-08-14T22:32:40.590293+00:00,jingjie-cpu-05.mae.cornell.edu,4cf37e9,50936,11,syn-s1-n8,9cec0992f658,8,4,c071c9c5bb80,ceab730b198d,3,84.0,5.2,3084.0,3087.9015552877468,3.90155528774676,exact-milp/taker,GRB,OPTIMAL,3087.9015552877468,3087.9015552877468,0.0,3069.999999999999,17.90155528774767,0.4157755374908447,0.006775856018066406,904,288,887,,,,,,sweep,,,20,-1.0999999999999996,8,,
phase2,taker-sweep,2026-08-14T22:32:40.957075+00:00,jingjie-cpu-05.mae.cornell.edu,4cf37e9,50936,11,syn-s1-n8,9cec0992f658,8,4,c071c9c5bb80,ceab730b198d,3,84.0,5.2,3084.0,3087.9015552877468,3.90155528774676,exact-milp/taker,GRB,OPTIMAL,3087.9015552877468,3087.9015552877468,0.0,3069.999999999999,17.90155528774767,0.33106541633605957,0.006556510925292969,904,288,887,,,,,,sweep,,,20,-1.0499999999999996,9,,
phase2,taker-sweep,2026-08-14T22:32:41.321375+00:00,jingjie-cpu-05.mae.cornell.edu,4cf37e9,50936,11,syn-s1-n8,9cec0992f658,8,4,c071c9c5bb80,ceab730b198d,3,84.0,5.2,3084.0,3087.9015552877468,3.90155528774676,exact-milp/taker,GRB,OPTIMAL,3087.9015552877468,3087.9015552877468,0.0,3069.999999999999,17.90155528774767,0.32796716690063477,0.0066411495208740234,904,288,887,,,,,,sweep,,,20,-0.9999999999999996,10,,
phase2,taker-sweep,2026-08-14T22:32:41.783131+00:00,jingjie-cpu-05.mae.cornell.edu,4cf37e9,50936,11,syn-s1-n8,9cec0992f658,8,4,c071c9c5bb80,ceab730b198d,3,84.0,5.2,3084.0,3087.9015552877468,3.90155528774676,exact-milp/taker,GRB,OPTIMAL,3087.9015552877468,3087.9015552877468,0.0,3069.999999999999,17.90155528774767,0.4249567985534668,0.006635189056396484,904,288,887,,,,,,sweep,,,20,-0.9499999999999995,11,,
phase2,taker-sweep,2026-08-14T22:32:42.274299+00:00,jingjie-cpu-05.mae.cornell.edu,4cf37e9,50936,11,syn-s1-n8,9cec0992f658,8,4,c071c9c5bb80,ceab730b198d,3,84.0,5.2,3084.0,3087.9015552877468,3.90155528774676,exact-milp/taker,GRB,OPTIMAL,3087.9015552877468,3087.9015552877468,0.0,3069.999999999999,17.90155528774767,0.41685962677001953,0.006880521774291992,904,288,887,,,,,,sweep,,,20,-0.8999999999999995,12,,
phase2,taker-sweep,2026-08-14T22:32:42.642921+00:00,jingjie-cpu-05.mae.cornell.edu,4cf37e9,50936,11,syn-s1-n8,9cec0992f658,8,4,c071c9c5bb80,ceab730b198d,3,84.0,5.2,3084.0,3087.9015552877468,3.90155528774676,exact-milp/taker,GRB,OPTIMAL,3087.9015552877468,3087.9015552877468,0.0,3069.999999999999,17.90155528774767,0.3325984477996826,0.0066492557525634766,904,288,887,,,,,,sweep,,,20,-0.8499999999999994,13,,
phase2,taker-sweep,2026-08-14T22:32:43.009487+00:00,jingjie-cpu-05.mae.cornell.edu,4cf37e9,50936,11,syn-s1-n8,9cec0992f658,8,4,c071c9c5bb80,ceab730b198d,3,84.0,5.2,3084.0,3087.9015552877468,3.90155528774676,exact-milp/taker,GRB,OPTIMAL,3087.9015552877468,3087.9015552877468,0.0,3069.999999999999,17.90155528774767,0.3311290740966797,0.006459951400756836,904,288,887,,,,,,sweep,,,20,-0.7999999999999994,14,,
phase2,taker-sweep,2026-08-14T22:32:43.466564+00:00,jingjie-cpu-05.mae.cornell.edu,4cf37e9,50936,11,syn-s1-n8,9cec0992f658,8,4,c071c9c5bb80,ceab730b198d,3,84.0,5.2,3084.0,3087.9015552877468,3.90155528774676,exact-milp/taker,GRB,OPTIMAL,3087.9015552877468,3087.9015552877468,0.0,3069.999999999999,17.90155528774767,0.42084622383117676,0.006620883941650391,904,288,887,,,,,,sweep,,,20,-0.7499999999999993,15,,
phase2,taker-sweep,2026-08-14T22:32:43.842619+00:00,jingjie-cpu-05.mae.cornell.edu,4cf37e9,50936,11,syn-s1-n8,9cec0992f658,8,4,c071c9c5bb80,ceab730b198d,3,84.0,5.2,3084.0,3087.9015552877468,3.90155528774676,exact-milp/taker,GRB,OPTIMAL,3087.9015552877468,3087.9015552877468,0.0,3069.999999999999,17.90155528774767,0.33988285064697266,0.00666499137878418,904,288,887,,,,,,sweep,,,20,-0.6999999999999993,16,,
phase2,taker-sweep,2026-08-14T22:32:44.262509+00:00,jingjie-cpu-05.mae.cornell.edu,4cf37e9,50936,11,syn-s1-n8,9cec0992f658,8,4,c071c9c5bb80,ceab730b198d,3,84.0,5.2,3084.0,3087.9015552877468,3.90155528774676,exact-milp/taker,GRB,OPTIMAL,3087.9015552877468,3087.9015552877468,0.0,3069.999999999999,17.90155528774767,0.33824944496154785,0.006663322448730469,904,288,887,,,,,,sweep,,,20,-0.6499999999999992,17,,
phase2,taker-sweep,2026-08-14T22:32:44.632869+00:00,jingjie-cpu-05.mae.cornell.edu,4cf37e9,50936,11,syn-s1-n8,9cec0992f658,8,4,c071c9c5bb80,ceab730b198d,3,84.0,5.2,3084.0,3087.9015552877468,3.90155528774676,exact-milp/taker,GRB,OPTIMAL,3087.9015552877468,3087.9015552877468,0.0,3069.999999999999,17.90155528774767,0.33382105827331543,0.0066013336181640625,904,288,887,,,,,,sweep,,,20,-0.5999999999999992,18,,
phase2,taker-sweep,2026-08-14T22:32:45.007702+00:00,jingjie-cpu-05.mae.cornell.edu,4cf37e9,50936,11,syn-s1-n8,9cec0992f658,8,4,c071c9c5bb80,ceab730b198d,3,84.0,5.2,3084.0,3087.9015552877468,3.90155528774676,exact-milp/taker,GRB,OPTIMAL,3087.9015552877468,3087.9015552877468,0.0,3069.999999999999,17.90155528774767,0.33855676651000977,0.006587505340576172,904,288,887,,,,,,sweep,,,20,-0.5499999999999992,19,,
phase2,taker-sweep,2026-08-14T22:32:45.471566+00:00,jingjie-cpu-05.mae.cornell.edu,4cf37e9,50936,11,syn-s1-n8,9cec0992f658,8,4,c071c9c5bb80,ceab730b198d,3,84.0,5.2,3084.0,3087.9015552877468,3.90155528774676,exact-milp/taker,GRB,OPTIMAL,3087.9015552877468,3087.9015552877468,0.0,3069.999999999999,17.90155528774767,0.42751240730285645,0.006632328033447266,904,288,887,,,,,,sweep,,,20,-0.4999999999999991,20,,
phase2,taker-sweep,2026-08-14T22:32:45.861551+00:00,jingjie-cpu-05.mae.cornell.edu,4cf37e9,50936,11,syn-s1-n8,9cec0992f658,8,4,c071c9c5bb80,ceab730b198d,3,84.0,5.2,3084.0,3087.9015552877468,3.90155528774676,exact-milp/taker,GRB,OPTIMAL,3087.9015552877468,3087.9015552877468,0.0,3069.999999999999,17.90155528774767,0.3257012367248535,0.00661015510559082,904,288,887,,,,,,sweep,,,20,-0.44999999999999907,21,,
phase2,taker-sweep,2026-08-14T22:32:46.321056+00:00,jingjie-cpu-05.mae.cornell.edu,4cf37e9,50936,11,syn-s1-n8,9cec0992f658,8,4,c071c9c5bb80,ceab730b198d,3,84.0,5.2,3084.0,3087.9015552877468,3.90155528774676,exact-milp/taker,GRB,OPTIMAL,3087.9015552877468,3087.9015552877468,0.0,3069.999999999999,17.90155528774767,0.3352077007293701,0.006703615188598633,904,288,887,,,,,,sweep,,,20,-0.399999999999999,22,,
phase2,taker-sweep,2026-08-14T22:32:46.691931+00:00,jingjie-cpu-05.mae.cornell.edu,4cf37e9,50936,11,syn-s1-n8,9cec0992f658,8,4,c071c9c5bb80,ceab730b198d,3,84.0,5.2,3084.0,3087.9015552877468,3.90155528774676,exact-milp/taker,GRB,OPTIMAL,3087.9015552877468,3087.9015552877468,0.0,3069.999999999999,17.90155528774767,0.33251333236694336,0.0065762996673583984,904,288,887,,,,,,sweep,,,20,-0.349999999999999,23,,
phase2,taker-sweep,2026-08-14T22:32:47.159460+00:00,jingjie-cpu-05.mae.cornell.edu,4cf37e9,50936,11,syn-s1-n8,9cec0992f658,8,4,c071c9c5bb80,ceab730b198d,3,84.0,5.2,3084.0,3087.9015552877468,3.90155528774676,exact-milp/taker,GRB,OPTIMAL,3087.9015552877468,3087.9015552877468,0.0,3069.999999999999,17.90155528774767,0.41297101974487305,0.024205446243286133,904,288,887,,,,,,sweep,,,20,-0.29999999999999893,24,,
phase2,taker-sweep,2026-08-14T22:32:47.584201+00:00,jingjie-cpu-05.mae.cornell.edu,4cf37e9,50936,11,syn-s1-n8,9cec0992f658,8,4,c071c9c5bb80,ceab730b198d,3,84.0,5.2,3084.0,3087.9015552877468,3.90155528774676,exact-milp/taker,GRB,OPTIMAL,3087.9015552877468,3087.9015552877468,0.0,3069.999999999999,17.90155528774767,0.38735079765319824,0.00649571418762207,904,288,887,,,,,,sweep,,,20,-0.2499999999999989,25,,
phase2,taker-sweep,2026-08-14T22:32:47.974129+00:00,jingjie-cpu-05.mae.cornell.edu,4cf37e9,50936,11,syn-s1-n8,9cec0992f658,8,4,c071c9c5bb80,ceab730b198d,3,84.0,5.2,3084.0,3087.9015552877468,3.90155528774676,exact-milp/taker,GRB,OPTIMAL,3087.9015552877468,3087.9015552877468,0.0,3069.999999999999,17.90155528774767,0.33679962158203125,0.006695270538330078,904,288,887,,,,,,sweep,,,20,-0.19999999999999885,26,,
phase2,taker-sweep,2026-08-14T22:32:48.428580+00:00,jingjie-cpu-05.mae.cornell.edu,4cf37e9,50936,11,syn-s1-n8,9cec0992f658,8,4,c071c9c5bb80,ceab730b198d,3,84.0,5.2,3084.0,3087.9015552877468,3.90155528774676,exact-milp/taker,GRB,OPTIMAL,3087.9015552877468,3087.9015552877468,0.0,3069.999999999999,17.90155528774767,0.41764163970947266,0.006519317626953125,904,288,887,,,,,,sweep,,,20,-0.1499999999999988,27,,
phase2,taker-sweep,2026-08-14T22:32:48.837044+00:00,jingjie-cpu-05.mae.cornell.edu,4cf37e9,50936,11,syn-s1-n8,9cec0992f658,8,4,c071c9c5bb80,ceab730b198d,3,84.0,5.2,3084.0,3087.9015552877468,3.90155528774676,exact-milp/taker,GRB,OPTIMAL,3087.9015552877468,3087.9015552877468,0.0,3069.999999999999,17.90155528774767,0.33977603912353516,0.0066699981689453125,904,288,887,,,,,,sweep,,,20,-0.09999999999999876,28,,
phase2,taker-sweep,2026-08-14T22:32:49.293669+00:00,jingjie-cpu-05.mae.cornell.edu,4cf37e9,50936,11,syn-s1-n8,9cec0992f658,8,4,c071c9c5bb80,ceab730b198d,3,84.0,5.2,3084.0,3087.9015552877468,3.90155528774676,exact-milp/taker,GRB,OPTIMAL,3087.9015552877468,3087.9015552877468,0.0,3069.999999999999,17.90155528774767,0.4194819927215576,0.006630420684814453,904,288,887,,,,,,sweep,,,20,-0.04999999999999871,29,,
phase2,taker-sweep,2026-08-14T22:32:49.692688+00:00,jingjie-cpu-05.mae.cornell.edu,4cf37e9,50936,11,syn-s1-n8,9cec0992f658,8,4,c071c9c5bb80,ceab730b198d,3,84.0,5.2,3084.0,3087.9015552877468,3.90155528774676,exact-milp/taker,GRB,OPTIMAL,3087.9015552877468,3087.9015552877468,0.0,3069.999999999999,17.90155528774767,0.3355886936187744,0.006684541702270508,904,288,887,,,,,,sweep,,,20,1.3322676295501878e-15,30,,
phase2,taker-sweep,2026-08-14T22:32:50.052532+00:00,jingjie-cpu-05.mae.cornell.edu,4cf37e9,50936,11,syn-s1-n8,9cec0992f658,8,4,c071c9c5bb80,ceab730b198d,3,84.0,5.2,3084.0,3087.9015552877468,3.90155528774676,exact-milp/taker,GRB,OPTIMAL,3087.9015552877468,3087.9015552877468,0.0,3069.999999999999,17.90155528774767,0.3230440616607666,0.006777763366699219,904,288,887,,,,,,sweep,,,20,0.05000000000000138,31,,
phase2,taker-sweep,2026-08-14T22:32:50.512089+00:00,jingjie-cpu-05.mae.cornell.edu,4cf37e9,50936,11,syn-s1-n8,9cec0992f658,8,4,c071c9c5bb80,ceab730b198d,3,84.0,5.2,3084.0,3087.9015552877468,3.90155528774676,exact-milp/taker,GRB,OPTIMAL,3087.9015552877468,3087.9015552877468,0.0,3069.999999999999,17.90155528774767,0.42258524894714355,0.006500720977783203,904,288,887,,,,,,sweep,,,20,0.10000000000000142,32,,
phase2,taker-sweep,2026-08-14T22:32:51.897861+00:00,jingjie-cpu-05.mae.cornell.edu,4cf37e9,50936,11,syn-s1-n8,9cec0992f658,8,4,c071c9c5bb80,ceab730b198d,3,84.0,5.2,3084.0,3087.9015552877468,3.90155528774676,exact-milp/taker,GRB,OPTIMAL,3087.9015552877468,3087.9015552877468,0.0,3069.999999999999,17.90155528774767,0.3351414203643799,0.006732463836669922,904,288,887,,,,,,sweep,,,20,0.15000000000000147,33,,
phase2,taker-sweep,2026-08-14T22:32:52.288519+00:00,jingjie-cpu-05.mae.cornell.edu,4cf37e9,50936,11,syn-s1-n8,9cec0992f658,8,4,c071c9c5bb80,ceab730b198d,3,84.0,5.2,3084.0,3087.9015552877468,3.90155528774676,exact-milp/taker,GRB,OPTIMAL,3087.9015552877468,3087.9015552877468,0.0,3069.999999999999,17.90155528774767,0.3536539077758789,0.00657963752746582,904,288,887,,,,,,sweep,,,20,0.2000000000000015,34,,
phase2,taker-sweep,2026-08-14T22:32:52.697036+00:00,jingjie-cpu-05.mae.cornell.edu,4cf37e9,50936,11,syn-s1-n8,9cec0992f658,8,4,c071c9c5bb80,ceab730b198d,3,84.0,5.2,3084.0,3087.9015552877468,3.90155528774676,exact-milp/taker,GRB,OPTIMAL,3087.9015552877468,3087.9015552877468,0.0,3069.999999999999,17.90155528774767,0.33344197273254395,0.0066525936126708984,904,288,887,,,,,,sweep,,,20,0.25000000000000155,35,,
phase2,taker-sweep,2026-08-14T22:32:53.072127+00:00,jingjie-cpu-05.mae.cornell.edu,4cf37e9,50936,11,syn-s1-n8,9cec0992f658,8,4,c071c9c5bb80,ceab730b198d,3,84.0,5.2,3084.0,3087.9015552877468,3.90155528774676,exact-milp/taker,GRB,OPTIMAL,3087.9015552877468,3087.9015552877468,0.0,3069.999999999999,17.90155528774767,0.3380746841430664,0.0066645145416259766,904,288,887,,,,,,sweep,,,20,0.3000000000000016,36,,
phase2,taker-sweep,2026-08-14T22:32:53.467493+00:00,jingjie-cpu-05.mae.cornell.edu,4cf37e9,50936,11,syn-s1-n8,9cec0992f658,8,4,c071c9c5bb80,ceab730b198d,3,84.0,5.2,3084.0,3087.9015552877468,3.90155528774676,exact-milp/taker,GRB,OPTIMAL,3087.9015552877468,3087.9015552877468,0.0,3069.999999999999,17.90155528774767,0.35784482955932617,0.006615877151489258,904,288,887,,,,,,sweep,,,20,0.35000000000000164,37,,
phase2,taker-sweep,2026-08-14T22:32:53.852005+00:00,jingjie-cpu-05.mae.cornell.edu,4cf37e9,50936,11,syn-s1-n8,9cec0992f658,8,4,c071c9c5bb80,ceab730b198d,3,84.0,5.2,3084.0,3087.9015552877468,3.90155528774676,exact-milp/taker,GRB,OPTIMAL,3087.9015552877468,3087.9015552877468,0.0,3069.999999999999,17.90155528774767,0.3474559783935547,0.0065577030181884766,904,288,887,,,,,,sweep,,,20,0.4000000000000017,38,,
phase2,taker-sweep,2026-08-14T22:32:54.286605+00:00,jingjie-cpu-05.mae.cornell.edu,4cf37e9,50936,11,syn-s1-n8,9cec0992f658,8,4,c071c9c5bb80,ceab730b198d,3,84.0,5.2,3084.0,3087.9015552877468,3.90155528774676,exact-milp/taker,GRB,OPTIMAL,3087.9015552877468,3087.9015552877468,0.0,3069.999999999999,17.90155528774767,0.36205482482910156,0.006855010986328125,904,288,887,,,,,,sweep,,,20,0.45000000000000173,39,,
phase2,taker-sweep,2026-08-14T22:32:54.655899+00:00,jingjie-cpu-05.mae.cornell.edu,4cf37e9,50936,11,syn-s1-n8,9cec0992f658,8,4,c071c9c5bb80,ceab730b198d,3,84.0,5.2,3084.0,3087.9015552877468,3.90155528774676,exact-milp/taker,GRB,OPTIMAL,3087.9015552877468,3087.9015552877468,0.0,3069.999999999999,17.90155528774767,0.3317115306854248,0.0065801143646240234,904,288,887,,,,,,sweep,,,20,0.5000000000000018,40,,
phase2,taker-sweep,2026-08-14T22:32:55.110054+00:00,jingjie-cpu-05.mae.cornell.edu,4cf37e9,50936,11,syn-s1-n8,9cec0992f658,8,4,c071c9c5bb80,ceab730b198d,3,84.0,5.2,3084.0,3087.9015552877468,3.90155528774676,exact-milp/taker,GRB,OPTIMAL,3087.9015552877468,3087.9015552877468,0.0,3069.999999999999,17.90155528774767,0.41707611083984375,0.006712436676025391,904,288,887,,,,,,sweep,,,20,0.5500000000000016,41,,
phase2,taker-sweep,2026-08-14T22:32:55.579451+00:00,jingjie-cpu-05.mae.cornell.edu,4cf37e9,50936,11,syn-s1-n8,9cec0992f658,8,4,c071c9c5bb80,ceab730b198d,3,84.0,5.2,3084.0,3087.9015552877468,3.90155528774676,exact-milp/taker,GRB,OPTIMAL,3087.9015552877468,3087.9015552877468,0.0,3069.999999999999,17.90155528774767,0.4327850341796875,0.006518363952636719,904,288,887,,,,,,sweep,,,20,0.6000000000000019,42,,
phase2,taker-sweep,2026-08-14T22:32:55.950575+00:00,jingjie-cpu-05.mae.cornell.edu,4cf37e9,50936,11,syn-s1-n8,9cec0992f658,8,4,c071c9c5bb80,ceab730b198d,3,84.0,5.2,3084.0,3087.9015552877468,3.90155528774676,exact-milp/taker,GRB,OPTIMAL,3087.9015552877468,3087.9015552877468,0.0,3069.999999999999,17.90155528774767,0.3330347537994385,0.006597995758056641,904,288,887,,,,,,sweep,,,20,0.6500000000000021,43,,
phase2,taker-sweep,2026-08-14T22:32:56.442962+00:00,jingjie-cpu-05.mae.cornell.edu,4cf37e9,50936,11,syn-s1-n8,9cec0992f658,8,4,c071c9c5bb80,ceab730b198d,3,84.0,5.2,3084.0,3087.9015552877468,3.90155528774676,exact-milp/taker,GRB,OPTIMAL,3087.9015552877468,3087.9015552877468,0.0,3069.999999999999,17.90155528774767,0.4252588748931885,0.006589651107788086,904,288,887,,,,,,sweep,,,20,0.700000000000002,44,,
phase2,taker-sweep,2026-08-14T22:32:56.814306+00:00,jingjie-cpu-05.mae.cornell.edu,4cf37e9,50936,11,syn-s1-n8,9cec0992f658,8,4,c071c9c5bb80,ceab730b198d,3,84.0,5.2,3084.0,3087.9015552877468,3.90155528774676,exact-milp/taker,GRB,OPTIMAL,3087.9015552877468,3087.9015552877468,0.0,3069.999999999999,17.90155528774767,0.3334507942199707,0.0067179203033447266,904,288,887,,,,,,sweep,,,20,0.7500000000000018,45,,
phase2,taker-sweep,2026-08-14T22:32:57.186802+00:00,jingjie-cpu-05.mae.cornell.edu,4cf37e9,50936,11,syn-s1-n8,9cec0992f658,8,4,c071c9c5bb80,ceab730b198d,3,84.0,5.2,3084.0,3087.9015552877468,3.90155528774676,exact-milp/taker,GRB,OPTIMAL,3087.9015552877468,3087.9015552877468,0.0,3069.999999999999,17.90155528774767,0.33521461486816406,0.0066394805908203125,904,288,887,,,,,,sweep,,,20,0.800000000000002,46,,
phase2,taker-sweep,2026-08-14T22:32:57.608351+00:00,jingjie-cpu-05.mae.cornell.edu,4cf37e9,50936,11,syn-s1-n8,9cec0992f658,8,4,c071c9c5bb80,ceab730b198d,3,84.0,5.2,3084.0,3087.9015552877468,3.90155528774676,exact-milp/taker,GRB,OPTIMAL,3087.9015552877468,3087.9015552877468,0.0,3069.999999999999,17.90155528774767,0.38388824462890625,0.006700992584228516,904,288,887,,,,,,sweep,,,20,0.8500000000000023,47,,
phase2,taker-sweep,2026-08-14T22:32:58.006644+00:00,jingjie-cpu-05.mae.cornell.edu,4cf37e9,50936,11,syn-s1-n8,9cec0992f658,8,4,c071c9c5bb80,ceab730b198d,3,84.0,5.2,3084.0,3087.9015552877468,3.90155528774676,exact-milp/taker,GRB,OPTIMAL,3087.9015552877468,3087.9015552877468,0.0,3069.999999999999,17.90155528774767,0.33765196800231934,0.006891012191772461,904,288,887,,,,,,sweep,,,20,0.9000000000000021,48,,
phase2,taker-sweep,2026-08-14T22:32:58.445011+00:00,jingjie-cpu-05.mae.cornell.edu,4cf37e9,50936,11,syn-s1-n8,9cec0992f658,8,4,c071c9c5bb80,ceab730b198d,3,84.0,5.2,3084.0,3087.9015552877468,3.90155528774676,exact-milp/taker,GRB,OPTIMAL,3087.9015552877468,3087.9015552877468,0.0,3069.999999999999,17.90155528774767,0.40025973320007324,0.006591320037841797,904,288,887,,,,,,sweep,,,20,0.950000000000002,49,,
phase2,taker-sweep,2026-08-14T22:32:58.817195+00:00,jingjie-cpu-05.mae.cornell.edu,4cf37e9,50936,11,syn-s1-n8,9cec0992f658,8,4,c071c9c5bb80,ceab730b198d,3,84.0,5.2,3084.0,3087.9015552877468,3.90155528774676,exact-milp/taker,GRB,OPTIMAL,3087.9015552877468,3087.9015552877468,0.0,3069.999999999999,17.90155528774767,0.3347909450531006,0.006670236587524414,904,288,887,,,,,,sweep,,,20,1.0000000000000022,50,,
phase2,taker-sweep,2026-08-14T22:32:59.277404+00:00,jingjie-cpu-05.mae.cornell.edu,4cf37e9,50936,11,syn-s1-n8,9cec0992f658,8,4,c071c9c5bb80,ceab730b198d,3,84.0,5.2,3084.0,3087.9015552877468,3.90155528774676,exact-milp/taker,GRB,OPTIMAL,3087.9015552877468,3087.9015552877468,0.0,3069.999999999999,17.90155528774767,0.42226266860961914,0.006888389587402344,904,288,887,,,,,,sweep,,,20,1.0500000000000025,51,,
phase2,taker-sweep,2026-08-14T22:32:59.660620+00:00,jingjie-cpu-05.mae.cornell.edu,4cf37e9,50936,11,syn-s1-n8,9cec0992f658,8,4,c071c9c5bb80,ceab730b198d,3,84.0,5.2,3084.0,3087.9015552877468,3.90155528774676,exact-milp/taker,GRB,OPTIMAL,3087.9015552877468,3087.9015552877468,0.0,3069.999999999999,17.90155528774767,0.3454442024230957,0.006632804870605469,904,288,887,,,,,,sweep,,,20,1.1000000000000023,52,,
phase2,taker-sweep,2026-08-14T22:33:00.083149+00:00,jingjie-cpu-05.mae.cornell.edu,4cf37e9,50936,11,syn-s1-n8,9cec0992f658,8,4,c071c9c5bb80,ceab730b198d,3,84.0,5.2,3084.0,3087.9015552877468,3.90155528774676,exact-milp/taker,GRB,OPTIMAL,3087.9015552877468,3087.9015552877468,0.0,3069.999999999999,17.90155528774767,0.3328707218170166,0.006599903106689453,904,288,887,,,,,,sweep,,,20,1.1500000000000021,53,,
phase2,taker-sweep,2026-08-14T22:33:00.446769+00:00,jingjie-cpu-05.mae.cornell.edu,4cf37e9,50936,11,syn-s1-n8,9cec0992f658,8,4,c071c9c5bb80,ceab730b198d,3,84.0,5.2,3084.0,3087.9015552877468,3.90155528774676,exact-milp/taker,GRB,OPTIMAL,3087.9015552877468,3087.9015552877468,0.0,3069.999999999999,17.90155528774767,0.3248908519744873,0.006804466247558594,904,288,887,,,,,,sweep,,,20,1.2000000000000024,54,,
phase2,taker-sweep,2026-08-14T22:33:00.887411+00:00,jingjie-cpu-05.mae.cornell.edu,4cf37e9,50936,11,syn-s1-n8,9cec0992f658,8,4,c071c9c5bb80,ceab730b198d,3,84.0,5.2,3084.0,3087.9015552877468,3.90155528774676,exact-milp/taker,GRB,OPTIMAL,3087.9015552877468,3087.9015552877468,0.0,3069.999999999999,17.90155528774767,0.4030649662017822,0.00650787353515625,904,288,887,,,,,,sweep,,,20,1.2500000000000027,55,,
phase2,taker-sweep,2026-08-14T22:33:01.283275+00:00,jingjie-cpu-05.mae.cornell.edu,4cf37e9,50936,11,syn-s1-n8,9cec0992f658,8,4,c071c9c5bb80,ceab730b198d,3,84.0,5.2,3084.0,3087.9015552877468,3.90155528774676,exact-milp/taker,GRB,OPTIMAL,3087.9015552877468,3087.9015552877468,0.0,3069.999999999999,17.90155528774767,0.35805439949035645,0.006623029708862305,904,288,887,,,,,,sweep,,,20,1.3000000000000025,56,,
phase2,taker-sweep,2026-08-14T22:33:01.786724+00:00,jingjie-cpu-05.mae.cornell.edu,4cf37e9,50936,11,syn-s1-n8,9cec0992f658,8,4,c071c9c5bb80,ceab730b198d,3,84.0,5.2,3084.0,3087.9015552877468,3.90155528774676,exact-milp/taker,GRB,OPTIMAL,3087.9015552877468,3087.9015552877468,0.0,3069.999999999999,17.90155528774767,0.4227559566497803,0.0069751739501953125,904,288,887,,,,,,sweep,,,20,1.3500000000000023,57,,
phase2,taker-sweep,2026-08-14T22:33:02.267695+00:00,jingjie-cpu-05.mae.cornell.edu,4cf37e9,50936,11,syn-s1-n8,9cec0992f658,8,4,c071c9c5bb80,ceab730b198d,3,84.0,5.2,3084.0,3087.9015552877468,3.90155528774676,exact-milp/taker,GRB,OPTIMAL,3087.9015552877468,3087.9015552877468,0.0,3069.999999999999,17.90155528774767,0.4427487850189209,0.006790637969970703,904,288,887,,,,,,sweep,,,20,1.4000000000000026,58,,
phase2,taker-sweep,2026-08-14T22:33:02.756333+00:00,jingjie-cpu-05.mae.cornell.edu,4cf37e9,50936,11,syn-s1-n8,9cec0992f658,8,4,c071c9c5bb80,ceab730b198d,3,84.0,5.2,3084.0,3087.9015552877468,3.90155528774676,exact-milp/taker,GRB,OPTIMAL,3087.9015552877468,3087.9015552877468,0.0,3069.999999999999,17.90155528774767,0.42792558670043945,0.006649494171142578,904,288,887,,,,,,sweep,,,20,1.4500000000000028,59,,
phase2,taker-sweep,2026-08-14T22:33:03.219502+00:00,jingjie-cpu-05.mae.cornell.edu,4cf37e9,50936,11,syn-s1-n8,9cec0992f658,8,4,c071c9c5bb80,ceab730b198d,3,84.0,5.2,3084.0,3087.9015552877468,3.90155528774676,exact-milp/taker,GRB,OPTIMAL,3087.9015552877468,3087.9015552877468,0.0,3069.999999999999,17.90155528774767,0.4248957633972168,0.006699562072753906,904,288,887,,,,,,sweep,,,20,1.5000000000000027,60,,
phase2,taker-sweep,2026-08-14T22:32:37.257518+00:00,jingjie-cpu-05.mae.cornell.edu,4cf37e9,50933,8,syn-s1-n8,9cec0992f658,8,4,c071c9c5bb80,8c4af33356fb,3,84.0,5.2,3084.0,3085.423426065167,1.4234260651669501,exact-milp/taker,GRB,OPTIMAL,3085.423426065167,3085.423426065167,0.0,3069.9999999999995,15.423426065167405,0.3085479736328125,0.010298013687133789,904,288,887,,,,,,sweep,,,8,-1.5,0,,
phase2,taker-sweep,2026-08-14T22:32:37.728124+00:00,jingjie-cpu-05.mae.cornell.edu,4cf37e9,50933,8,syn-s1-n8,9cec0992f658,8,4,c071c9c5bb80,8c4af33356fb,3,84.0,5.2,3084.0,3085.6834260651667,1.6834260651667137,exact-milp/taker,GRB,OPTIMAL,3085.6834260651667,3085.6834260651667,0.0,3069.9999999999995,15.683426065167168,0.4260575771331787,0.006848335266113281,904,288,887,,,,,,sweep,,,8,-1.45,1,,
phase2,taker-sweep,2026-08-14T22:32:38.166592+00:00,jingjie-cpu-05.mae.cornell.edu,4cf37e9,50933,8,syn-s1-n8,9cec0992f658,8,4,c071c9c5bb80,8c4af33356fb,3,84.0,5.2,3084.0,3085.943426065167,1.943426065166932,exact-milp/taker,GRB,OPTIMAL,3085.943426065167,3085.943426065167,0.0,3069.9999999999995,15.943426065167387,0.401782751083374,0.006827354431152344,904,288,887,,,,,,sweep,,,8,-1.4,2,,
phase2,taker-sweep,2026-08-14T22:32:38.538596+00:00,jingjie-cpu-05.mae.cornell.edu,4cf37e9,50933,8,syn-s1-n8,9cec0992f658,8,4,c071c9c5bb80,8c4af33356fb,3,84.0,5.2,3084.0,3086.203426065167,2.2034260651671502,exact-milp/taker,GRB,OPTIMAL,3086.203426065167,3086.203426065167,0.0,3069.9999999999995,16.203426065167605,0.2908005714416504,0.00697779655456543,904,288,887,,,,,,sweep,,,8,-1.3499999999999999,3,,
phase2,taker-sweep,2026-08-14T22:32:38.905671+00:00,jingjie-cpu-05.mae.cornell.edu,4cf37e9,50933,8,syn-s1-n8,9cec0992f658,8,4,c071c9c5bb80,8c4af33356fb,3,84.0,5.2,3084.0,3086.4634260651674,2.4634260651673685,exact-milp/taker,GRB,OPTIMAL,3086.4634260651674,3086.4634260651674,0.0,3069.9999999999995,16.463426065167823,0.33101773262023926,0.006753206253051758,904,288,887,,,,,,sweep,,,8,-1.2999999999999998,4,,
phase2,taker-sweep,2026-08-14T22:32:39.247130+00:00,jingjie-cpu-05.mae.cornell.edu,4cf37e9,50933,8,syn-s1-n8,9cec0992f658,8,4,c071c9c5bb80,8c4af33356fb,3,84.0,5.2,3084.0,3086.723426065167,2.723426065167132,exact-milp/taker,GRB,OPTIMAL,3086.723426065167,3086.723426065167,0.0,3069.9999999999995,16.723426065167587,0.30499744415283203,0.006803989410400391,904,288,887,,,,,,sweep,,,8,-1.2499999999999998,5,,
phase2,taker-sweep,2026-08-14T22:32:39.597232+00:00,jingjie-cpu-05.mae.cornell.edu,4cf37e9,50933,8,syn-s1-n8,9cec0992f658,8,4,c071c9c5bb80,8c4af33356fb,3,84.0,5.2,3084.0,3086.983426065167,2.9834260651668956,exact-milp/taker,GRB,OPTIMAL,3086.983426065167,3086.983426065167,0.0,3069.9999999999995,16.98342606516735,0.31374311447143555,0.006844758987426758,904,288,887,,,,,,sweep,,,8,-1.1999999999999997,6,,
phase2,taker-sweep,2026-08-14T22:32:39.949327+00:00,jingjie-cpu-05.mae.cornell.edu,4cf37e9,50933,8,syn-s1-n8,9cec0992f658,8,4,c071c9c5bb80,8c4af33356fb,3,84.0,5.2,3084.0,3087.243426065167,3.243426065167114,exact-milp/taker,GRB,OPTIMAL,3087.243426065167,3087.243426065167,0.0,3069.9999999999995,17.24342606516757,0.3156921863555908,0.0068171024322509766,904,288,887,,,,,,sweep,,,8,-1.1499999999999997,7,,
phase2,taker-sweep,2026-08-14T22:32:40.365834+00:00,jingjie-cpu-05.mae.cornell.edu,4cf37e9,50933,8,syn-s1-n8,9cec0992f658,8,4,c071c9c5bb80,8c4af33356fb,3,84.0,5.2,3084.0,3087.5034260651673,3.503426065167332,exact-milp/taker,GRB,OPTIMAL,3087.5034260651673,3087.503426065167,1.4728642794285466e-16,3069.9999999999995,17.503426065167787,0.3509500026702881,0.006936788558959961,904,288,887,,,,,,sweep,,,8,-1.0999999999999996,8,,
phase2,taker-sweep,2026-08-14T22:32:40.724411+00:00,jingjie-cpu-05.mae.cornell.edu,4cf37e9,50933,8,syn-s1-n8,9cec0992f658,8,4,c071c9c5bb80,8c4af33356fb,3,84.0,5.2,3084.0,3087.763426065167,3.7634260651670957,exact-milp/taker,GRB,OPTIMAL,3087.763426065167,3087.763426065167,0.0,3069.9999999999995,17.76342606516755,0.3220224380493164,0.0068035125732421875,904,288,887,,,,,,sweep,,,8,-1.0499999999999996,9,,
phase2,taker-sweep,2026-08-14T22:32:41.182383+00:00,jingjie-cpu-05.mae.cornell.edu,4cf37e9,50933,8,syn-s1-n8,9cec0992f658,8,4,c071c9c5bb80,ceab730b198d,3,84.0,5.2,3084.0,3087.9015552877468,3.90155528774676,exact-milp/taker,GRB,OPTIMAL,3087.9015552877468,3087.9015552877468,0.0,3069.999999999999,17.90155528774767,0.3922102451324463,0.006713390350341797,904,288,887,,,,,,sweep,,,8,-0.9999999999999996,10,,
phase2,taker-sweep,2026-08-14T22:32:41.519792+00:00,jingjie-cpu-05.mae.cornell.edu,4cf37e9,50933,8,syn-s1-n8,9cec0992f658,8,4,c071c9c5bb80,ceab730b198d,3,84.0,5.2,3084.0,3087.9015552877468,3.90155528774676,exact-milp/taker,GRB,OPTIMAL,3087.9015552877468,3087.9015552877468,0.0,3069.999999999999,17.90155528774767,0.30133962631225586,0.006781101226806641,904,288,887,,,,,,sweep,,,8,-0.9499999999999995,11,,
phase2,taker-sweep,2026-08-14T22:32:41.982792+00:00,jingjie-cpu-05.mae.cornell.edu,4cf37e9,50933,8,syn-s1-n8,9cec0992f658,8,4,c071c9c5bb80,ceab730b198d,3,84.0,5.2,3084.0,3087.9015552877468,3.90155528774676,exact-milp/taker,GRB,OPTIMAL,3087.9015552877468,3087.9015552877468,0.0,3069.999999999999,17.90155528774767,0.4031500816345215,0.0068933963775634766,904,288,887,,,,,,sweep,,,8,-0.8999999999999995,12,,
phase2,taker-sweep,2026-08-14T22:32:42.410468+00:00,jingjie-cpu-05.mae.cornell.edu,4cf37e9,50933,8,syn-s1-n8,9cec0992f658,8,4,c071c9c5bb80,ceab730b198d,3,84.0,5.2,3084.0,3087.9015552877468,3.90155528774676,exact-milp/taker,GRB,OPTIMAL,3087.9015552877468,3087.9015552877468,0.0,3069.999999999999,17.90155528774767,0.39246582984924316,0.00659632682800293,904,288,887,,,,,,sweep,,,8,-0.8499999999999994,13,,
phase2,taker-sweep,2026-08-14T22:32:42.833012+00:00,jingjie-cpu-05.mae.cornell.edu,4cf37e9,50933,8,syn-s1-n8,9cec0992f658,8,4,c071c9c5bb80,ceab730b198d,3,84.0,5.2,3084.0,3087.9015552877468,3.90155528774676,exact-milp/taker,GRB,OPTIMAL,3087.9015552877468,3087.9015552877468,0.0,3069.999999999999,17.90155528774767,0.3863646984100342,0.006686210632324219,904,288,887,,,,,,sweep,,,8,-0.7999999999999994,14,,
phase2,taker-sweep,2026-08-14T22:32:43.175790+00:00,jingjie-cpu-05.mae.cornell.edu,4cf37e9,50933,8,syn-s1-n8,9cec0992f658,8,4,c071c9c5bb80,ceab730b198d,3,84.0,5.2,3084.0,3087.9015552877468,3.90155528774676,exact-milp/taker,GRB,OPTIMAL,3087.9015552877468,3087.9015552877468,0.0,3069.999999999999,17.90155528774767,0.30654239654541016,0.006701946258544922,904,288,887,,,,,,sweep,,,8,-0.7499999999999993,15,,
phase2,taker-sweep,2026-08-14T22:32:43.649278+00:00,jingjie-cpu-05.mae.cornell.edu,4cf37e9,50933,8,syn-s1-n8,9cec0992f658,8,4,c071c9c5bb80,ceab730b198d,3,84.0,5.2,3084.0,3087.9015552877468,3.90155528774676,exact-milp/taker,GRB,OPTIMAL,3087.9015552877468,3087.9015552877468,0.0,3069.999999999999,17.90155528774767,0.437000036239624,0.0066127777099609375,904,288,887,,,,,,sweep,,,8,-0.6999999999999993,16,,
phase2,taker-sweep,2026-08-14T22:32:44.147426+00:00,jingjie-cpu-05.mae.cornell.edu,4cf37e9,50933,8,syn-s1-n8,9cec0992f658,8,4,c071c9c5bb80,ceab730b198d,3,84.0,5.2,3084.0,3087.9015552877468,3.90155528774676,exact-milp/taker,GRB,OPTIMAL,3087.9015552877468,3087.9015552877468,0.0,3069.999999999999,17.90155528774767,0.42774081230163574,0.006700754165649414,904,288,887,,,,,,sweep,,,8,-0.6499999999999992,17,,
phase2,taker-sweep,2026-08-14T22:32:44.484779+00:00,jingjie-cpu-05.mae.cornell.edu,4cf37e9,50933,8,syn-s1-n8,9cec0992f658,8,4,c071c9c5bb80,ceab730b198d,3,84.0,5.2,3084.0,3087.9015552877468,3.90155528774676,exact-milp/taker,GRB,OPTIMAL,3087.9015552877468,3087.9015552877468,0.0,3069.999999999999,17.90155528774767,0.30057191848754883,0.006710052490234375,904,288,887,,,,,,sweep,,,8,-0.5999999999999992,18,,
phase2,taker-sweep,2026-08-14T22:32:44.906675+00:00,jingjie-cpu-05.mae.cornell.edu,4cf37e9,50933,8,syn-s1-n8,9cec0992f658,8,4,c071c9c5bb80,ceab730b198d,3,84.0,5.2,3084.0,3087.9015552877468,3.90155528774676,exact-milp/taker,GRB,OPTIMAL,3087.9015552877468,3087.9015552877468,0.0,3069.999999999999,17.90155528774767,0.3854091167449951,0.006811380386352539,904,288,887,,,,,,sweep,,,8,-0.5499999999999992,19,,
phase2,taker-sweep,2026-08-14T22:32:45.258874+00:00,jingjie-cpu-05.mae.cornell.edu,4cf37e9,50933,8,syn-s1-n8,9cec0992f658,8,4,c071c9c5bb80,ceab730b198d,3,84.0,5.2,3084.0,3087.9015552877468,3.90155528774676,exact-milp/taker,GRB,OPTIMAL,3087.9015552877468,3087.9015552877468,0.0,3069.999999999999,17.90155528774767,0.3152484893798828,0.0068323612213134766,904,288,887,,,,,,sweep,,,8,-0.4999999999999991,20,,
phase2,taker-sweep,2026-08-14T22:32:45.625545+00:00,jingjie-cpu-05.mae.cornell.edu,4cf37e9,50933,8,syn-s1-n8,9cec0992f658,8,4,c071c9c5bb80,ceab730b198d,3,84.0,5.2,3084.0,3087.9015552877468,3.90155528774676,exact-milp/taker,GRB,OPTIMAL,3087.9015552877468,3087.9015552877468,0.0,3069.999999999999,17.90155528774767,0.30277442932128906,0.006818294525146484,904,288,887,,,,,,sweep,,,8,-0.44999999999999907,21,,
phase2,taker-sweep,2026-08-14T22:32:46.024681+00:00,jingjie-cpu-05.mae.cornell.edu,4cf37e9,50933,8,syn-s1-n8,9cec0992f658,8,4,c071c9c5bb80,ceab730b198d,3,84.0,5.2,3084.0,3087.9015552877468,3.90155528774676,exact-milp/taker,GRB,OPTIMAL,3087.9015552877468,3087.9015552877468,0.0,3069.999999999999,17.90155528774767,0.289395809173584,0.01769256591796875,904,288,887,,,,,,sweep,,,8,-0.399999999999999,22,,
phase2,taker-sweep,2026-08-14T22:32:46.354384+00:00,jingjie-cpu-05.mae.cornell.edu,4cf37e9,50933,8,syn-s1-n8,9cec0992f658,8,4,c071c9c5bb80,ceab730b198d,3,84.0,5.2,3084.0,3087.9015552877468,3.90155528774676,exact-milp/taker,GRB,OPTIMAL,3087.9015552877468,3087.9015552877468,0.0,3069.999999999999,17.90155528774767,0.2872135639190674,0.011905670166015625,904,288,887,,,,,,sweep,,,8,-0.349999999999999,23,,
phase2,taker-sweep,2026-08-14T22:32:46.786734+00:00,jingjie-cpu-05.mae.cornell.edu,4cf37e9,50933,8,syn-s1-n8,9cec0992f658,8,4,c071c9c5bb80,ceab730b198d,3,84.0,5.2,3084.0,3087.9015552877468,3.90155528774676,exact-milp/taker,GRB,OPTIMAL,3087.9015552877468,3087.9015552877468,0.0,3069.999999999999,17.90155528774767,0.39406704902648926,0.0070934295654296875,904,288,887,,,,,,sweep,,,8,-0.29999999999999893,24,,
phase2,taker-sweep,2026-08-14T22:32:47.108693+00:00,jingjie-cpu-05.mae.cornell.edu,4cf37e9,50933,8,syn-s1-n8,9cec0992f658,8,4,c071c9c5bb80,ceab730b198d,3,84.0,5.2,3084.0,3087.9015552877468,3.90155528774676,exact-milp/taker,GRB,OPTIMAL,3087.9015552877468,3087.9015552877468,0.0,3069.999999999999,17.90155528774767,0.28445863723754883,0.007126331329345703,904,288,887,,,,,,sweep,,,8,-0.2499999999999989,25,,
phase2,taker-sweep,2026-08-14T22:32:47.534939+00:00,jingjie-cpu-05.mae.cornell.edu,4cf37e9,50933,8,syn-s1-n8,9cec0992f658,8,4,c071c9c5bb80,ceab730b198d,3,84.0,5.2,3084.0,3087.9015552877468,3.90155528774676,exact-milp/taker,GRB,OPTIMAL,3087.9015552877468,3087.9015552877468,0.0,3069.999999999999,17.90155528774767,0.36521410942077637,0.006888628005981445,904,288,887,,,,,,sweep,,,8,-0.19999999999999885,26,,
phase2,taker-sweep,2026-08-14T22:32:47.860843+00:00,jingjie-cpu-05.mae.cornell.edu,4cf37e9,50933,8,syn-s1-n8,9cec0992f658,8,4,c071c9c5bb80,ceab730b198d,3,84.0,5.2,3084.0,3087.9015552877468,3.90155528774676,exact-milp/taker,GRB,OPTIMAL,3087.9015552877468,3087.9015552877468,0.0,3069.999999999999,17.90155528774767,0.288055419921875,0.0070531368255615234,904,288,887,,,,,,sweep,,,8,-0.1499999999999988,27,,
phase2,taker-sweep,2026-08-14T22:32:48.220539+00:00,jingjie-cpu-05.mae.cornell.edu,4cf37e9,50933,8,syn-s1-n8,9cec0992f658,8,4,c071c9c5bb80,ceab730b198d,3,84.0,5.2,3084.0,3087.9015552877468,3.90155528774676,exact-milp/taker,GRB,OPTIMAL,3087.9015552877468,3087.9015552877468,0.0,3069.999999999999,17.90155528774767,0.32286977767944336,0.006702423095703125,904,288,887,,,,,,sweep,,,8,-0.09999999999999876,28,,
phase2,taker-sweep,2026-08-14T22:32:48.594466+00:00,jingjie-cpu-05.mae.cornell.edu,4cf37e9,50933,8,syn-s1-n8,9cec0992f658,8,4,c071c9c5bb80,ceab730b198d,3,84.0,5.2,3084.0,3087.9015552877468,3.90155528774676,exact-milp/taker,GRB,OPTIMAL,3087.9015552877468,3087.9015552877468,0.0,3069.999999999999,17.90155528774767,0.33718228340148926,0.00664520263671875,904,288,887,,,,,,sweep,,,8,-0.04999999999999871,29,,
phase2,taker-sweep,2026-08-14T22:32:48.994121+00:00,jingjie-cpu-05.mae.cornell.edu,4cf37e9,50933,8,syn-s1-n8,9cec0992f658,8,4,c071c9c5bb80,ceab730b198d,3,84.0,5.2,3084.0,3087.9015552877468,3.90155528774676,exact-milp/taker,GRB,OPTIMAL,3087.9015552877468,3087.9015552877468,0.0,3069.999999999999,17.90155528774767,0.3323185443878174,0.006794929504394531,904,288,887,,,,,,sweep,,,8,1.3322676295501878e-15,30,,
phase2,taker-sweep,2026-08-14T22:32:49.444817+00:00,jingjie-cpu-05.mae.cornell.edu,4cf37e9,50933,8,syn-s1-n8,9cec0992f658,8,4,c071c9c5bb80,ceab730b198d,3,84.0,5.2,3084.0,3087.9015552877468,3.90155528774676,exact-milp/taker,GRB,OPTIMAL,3087.9015552877468,3087.9015552877468,0.0,3069.999999999999,17.90155528774767,0.41347455978393555,0.006784200668334961,904,288,887,,,,,,sweep,,,8,0.05000000000000138,31,,
phase2,taker-sweep,2026-08-14T22:32:49.829715+00:00,jingjie-cpu-05.mae.cornell.edu,4cf37e9,50933,8,syn-s1-n8,9cec0992f658,8,4,c071c9c5bb80,ceab730b198d,3,84.0,5.2,3084.0,3087.9015552877468,3.90155528774676,exact-milp/taker,GRB,OPTIMAL,3087.9015552877468,3087.9015552877468,0.0,3069.999999999999,17.90155528774767,0.3473494052886963,0.006730079650878906,904,288,887,,,,,,sweep,,,8,0.10000000000000142,32,,
phase2,taker-sweep,2026-08-14T22:32:50.197667+00:00,jingjie-cpu-05.mae.cornell.edu,4cf37e9,50933,8,syn-s1-n8,9cec0992f658,8,4,c071c9c5bb80,ceab730b198d,3,84.0,5.2,3084.0,3087.9015552877468,3.90155528774676,exact-milp/taker,GRB,OPTIMAL,3087.9015552877468,3087.9015552877468,0.0,3069.999999999999,17.90155528774767,0.33028650283813477,0.006661891937255859,904,288,887,,,,,,sweep,,,8,0.15000000000000147,33,,
phase2,taker-sweep,2026-08-14T22:32:50.655310+00:00,jingjie-cpu-05.mae.cornell.edu,4cf37e9,50933,8,syn-s1-n8,9cec0992f658,8,4,c071c9c5bb80,ceab730b198d,3,84.0,5.2,3084.0,3087.9015552877468,3.90155528774676,exact-milp/taker,GRB,OPTIMAL,3087.9015552877468,3087.9015552877468,0.0,3069.999999999999,17.90155528774767,0.4209284782409668,0.006597757339477539,904,288,887,,,,,,sweep,,,8,0.2000000000000015,34,,
phase2,taker-sweep,2026-08-14T22:32:51.064988+00:00,jingjie-cpu-05.mae.cornell.edu,4cf37e9,50933,8,syn-s1-n8,9cec0992f658,8,4,c071c9c5bb80,ceab730b198d,3,84.0,5.2,3084.0,3087.9015552877468,3.90155528774676,exact-milp/taker,GRB,OPTIMAL,3087.9015552877468,3087.9015552877468,0.0,3069.999999999999,17.90155528774767,0.3358948230743408,0.006758689880371094,904,288,887,,,,,,sweep,,,8,0.25000000000000155,35,,
phase2,taker-sweep,2026-08-14T22:32:51.453746+00:00,jingjie-cpu-05.mae.cornell.edu,4cf37e9,50933,8,syn-s1-n8,9cec0992f658,8,4,c071c9c5bb80,ceab730b198d,3,84.0,5.2,3084.0,3087.9015552877468,3.90155528774676,exact-milp/taker,GRB,OPTIMAL,3087.9015552877468,3087.9015552877468,0.0,3069.999999999999,17.90155528774767,0.35091447830200195,0.0069124698638916016,904,288,887,,,,,,sweep,,,8,0.3000000000000016,36,,
phase2,taker-sweep,2026-08-14T22:32:51.901022+00:00,jingjie-cpu-05.mae.cornell.edu,4cf37e9,50933,8,syn-s1-n8,9cec0992f658,8,4,c071c9c5bb80,ceab730b198d,3,84.0,5.2,3084.0,3087.9015552877468,3.90155528774676,exact-milp/taker,GRB,OPTIMAL,3087.9015552877468,3087.9015552877468,0.0,3069.999999999999,17.90155528774767,0.40987706184387207,0.0066967010498046875,904,288,887,,,,,,sweep,,,8,0.35000000000000164,37,,
phase2,taker-sweep,2026-08-14T22:32:52.279799+00:00,jingjie-cpu-05.mae.cornell.edu,4cf37e9,50933,8,syn-s1-n8,9cec0992f658,8,4,c071c9c5bb80,ceab730b198d,3,84.0,5.2,3084.0,3087.9015552877468,3.90155528774676,exact-milp/taker,GRB,OPTIMAL,3087.9015552877468,3087.9015552877468,0.0,3069.999999999999,17.90155528774767,0.3420848846435547,0.006561279296875,904,288,887,,,,,,sweep,,,8,0.4000000000000017,38,,
phase2,taker-sweep,2026-08-14T22:32:52.661157+00:00,jingjie-cpu-05.mae.cornell.edu,4cf37e9,50933,8,syn-s1-n8,9cec0992f658,8,4,c071c9c5bb80,ceab730b198d,3,84.0,5.2,3084.0,3087.9015552877468,3.90155528774676,exact-milp/taker,GRB,OPTIMAL,3087.9015552877468,3087.9015552877468,0.0,3069.999999999999,17.90155528774767,0.3327913284301758,0.006837129592895508,904,288,887,,,,,,sweep,,,8,0.45000000000000173,39,,
phase2,taker-sweep,2026-08-14T22:32:53.035951+00:00,jingjie-cpu-05.mae.cornell.edu,4cf37e9,50933,8,syn-s1-n8,9cec0992f658,8,4,c071c9c5bb80,ceab730b198d,3,84.0,5.2,3084.0,3087.9015552877468,3.90155528774676,exact-milp/taker,GRB,OPTIMAL,3087.9015552877468,3087.9015552877468,0.0,3069.999999999999,17.90155528774767,0.3373069763183594,0.006764650344848633,904,288,887,,,,,,sweep,,,8,0.5000000000000018,40,,
phase2,taker-sweep,2026-08-14T22:32:53.487807+00:00,jingjie-cpu-05.mae.cornell.edu,4cf37e9,50933,8,syn-s1-n8,9cec0992f658,8,4,c071c9c5bb80,ceab730b198d,3,84.0,5.2,3084.0,3087.9015552877468,3.90155528774676,exact-milp/taker,GRB,OPTIMAL,3087.9015552877468,3087.9015552877468,0.0,3069.999999999999,17.90155528774767,0.4142920970916748,0.0068666934967041016,904,288,887,,,,,,sweep,,,8,0.5500000000000016,41,,
phase2,taker-sweep,2026-08-14T22:32:53.852252+00:00,jingjie-cpu-05.mae.cornell.edu,4cf37e9,50933,8,syn-s1-n8,9cec0992f658,8,4,c071c9c5bb80,ceab730b198d,3,84.0,5.2,3084.0,3087.9015552877468,3.90155528774676,exact-milp/taker,GRB,OPTIMAL,3087.9015552877468,3087.9015552877468,0.0,3069.999999999999,17.90155528774767,0.3268399238586426,0.006976604461669922,904,288,887,,,,,,sweep,,,8,0.6000000000000019,42,,
phase2,taker-sweep,2026-08-14T22:32:54.227349+00:00,jingjie-cpu-05.mae.cornell.edu,4cf37e9,50933,8,syn-s1-n8,9cec0992f658,8,4,c071c9c5bb80,ceab730b198d,3,84.0,5.2,3084.0,3087.9015552877468,3.90155528774676,exact-milp/taker,GRB,OPTIMAL,3087.9015552877468,3087.9015552877468,0.0,3069.999999999999,17.90155528774767,0.33749842643737793,0.0067234039306640625,904,288,887,,,,,,sweep,,,8,0.6500000000000021,43,,
phase2,taker-sweep,2026-08-14T22:32:54.634666+00:00,jingjie-cpu-05.mae.cornell.edu,4cf37e9,50933,8,syn-s1-n8,9cec0992f658,8,4,c071c9c5bb80,ceab730b198d,3,84.0,5.2,3084.0,3087.9015552877468,3.90155528774676,exact-milp/taker,GRB,OPTIMAL,3087.9015552877468,3087.9015552877468,0.0,3069.999999999999,17.90155528774767,0.3402843475341797,0.006769657135009766,904,288,887,,,,,,sweep,,,8,0.700000000000002,44,,
phase2,taker-sweep,2026-08-14T22:32:55.105940+00:00,jingjie-cpu-05.mae.cornell.edu,4cf37e9,50933,8,syn-s1-n8,9cec0992f658,8,4,c071c9c5bb80,ceab730b198d,3,84.0,5.2,3084.0,3087.9015552877468,3.90155528774676,exact-milp/taker,GRB,OPTIMAL,3087.9015552877468,3087.9015552877468,0.0,3069.999999999999,17.90155528774767,0.43356919288635254,0.0066721439361572266,904,288,887,,,,,,sweep,,,8,0.7500000000000018,45,,
phase2,taker-sweep,2026-08-14T22:32:55.555116+00:00,jingjie-cpu-05.mae.cornell.edu,4cf37e9,50933,8,syn-s1-n8,9cec0992f658,8,4,c071c9c5bb80,ceab730b198d,3,84.0,5.2,3084.0,3087.9015552877468,3.90155528774676,exact-milp/taker,GRB,OPTIMAL,3087.9015552877468,3087.9015552877468,0.0,3069.999999999999,17.90155528774767,0.4114565849304199,0.006812572479248047,904,288,887,,,,,,sweep,,,8,0.800000000000002,46,,
phase2,taker-sweep,2026-08-14T22:32:55.927369+00:00,jingjie-cpu-05.mae.cornell.edu,4cf37e9,50933,8,syn-s1-n8,9cec0992f658,8,4,c071c9c5bb80,ceab730b198d,3,84.0,5.2,3084.0,3087.9015552877468,3.90155528774676,exact-milp/taker,GRB,OPTIMAL,3087.9015552877468,3087.9015552877468,0.0,3069.999999999999,17.90155528774767,0.3253941535949707,0.006769895553588867,904,288,887,,,,,,sweep,,,8,0.8500000000000023,47,,
phase2,taker-sweep,2026-08-14T22:32:56.315157+00:00,jingjie-cpu-05.mae.cornell.edu,4cf37e9,50933,8,syn-s1-n8,9cec0992f658,8,4,c071c9c5bb80,ceab730b198d,3,84.0,5.2,3084.0,3087.9015552877468,3.90155528774676,exact-milp/taker,GRB,OPTIMAL,3087.9015552877468,3087.9015552877468,0.0,3069.999999999999,17.90155528774767,0.33556461334228516,0.007016420364379883,904,288,887,,,,,,sweep,,,8,0.9000000000000021,48,,
phase2,taker-sweep,2026-08-14T22:32:56.768921+00:00,jingjie-cpu-05.mae.cornell.edu,4cf37e9,50933,8,syn-s1-n8,9cec0992f658,8,4,c071c9c5bb80,ceab730b198d,3,84.0,5.2,3084.0,3087.9015552877468,3.90155528774676,exact-milp/taker,GRB,OPTIMAL,3087.9015552877468,3087.9015552877468,0.0,3069.999999999999,17.90155528774767,0.4153470993041992,0.0067217350006103516,904,288,887,,,,,,sweep,,,8,0.950000000000002,49,,
phase2,taker-sweep,2026-08-14T22:32:57.137052+00:00,jingjie-cpu-05.mae.cornell.edu,4cf37e9,50933,8,syn-s1-n8,9cec0992f658,8,4,c071c9c5bb80,ceab730b198d,3,84.0,5.2,3084.0,3087.9015552877468,3.90155528774676,exact-milp/taker,GRB,OPTIMAL,3087.9015552877468,3087.9015552877468,0.0,3069.999999999999,17.90155528774767,0.3303854465484619,0.006649971008300781,904,288,887,,,,,,sweep,,,8,1.0000000000000022,50,,
phase2,taker-sweep,2026-08-14T22:32:57.507208+00:00,jingjie-cpu-05.mae.cornell.edu,4cf37e9,50933,8,syn-s1-n8,9cec0992f658,8,4,c071c9c5bb80,ceab730b198d,3,84.0,5.2,3084.0,3087.9015552877468,3.90155528774676,exact-milp/taker,GRB,OPTIMAL,3087.9015552877468,3087.9015552877468,0.0,3069.999999999999,17.90155528774767,0.33187198638916016,0.0069429874420166016,904,288,887,,,,,,sweep,,,8,1.0500000000000025,51,,
phase2,taker-sweep,2026-08-14T22:32:57.876455+00:00,jingjie-cpu-05.mae.cornell.edu,4cf37e9,50933,8,syn-s1-n8,9cec0992f658,8,4,c071c9c5bb80,ceab730b198d,3,84.0,5.2,3084.0,3087.9015552877468,3.90155528774676,exact-milp/taker,GRB,OPTIMAL,3087.9015552877468,3087.9015552877468,0.0,3069.999999999999,17.90155528774767,0.3299119472503662,0.006922721862792969,904,288,887,,,,,,sweep,,,8,1.1000000000000023,52,,
phase2,taker-sweep,2026-08-14T22:32:58.283417+00:00,jingjie-cpu-05.mae.cornell.edu,4cf37e9,50933,8,syn-s1-n8,9cec0992f658,8,4,c071c9c5bb80,ceab730b198d,3,84.0,5.2,3084.0,3087.9015552877468,3.90155528774676,exact-milp/taker,GRB,OPTIMAL,3087.9015552877468,3087.9015552877468,0.0,3069.999999999999,17.90155528774767,0.34228515625,0.0068857669830322266,904,288,887,,,,,,sweep,,,8,1.1500000000000021,53,,
phase2,taker-sweep,2026-08-14T22:32:58.658074+00:00,jingjie-cpu-05.mae.cornell.edu,4cf37e9,50933,8,syn-s1-n8,9cec0992f658,8,4,c071c9c5bb80,ceab730b198d,3,84.0,5.2,3084.0,3087.9015552877468,3.90155528774676,exact-milp/taker,GRB,OPTIMAL,3087.9015552877468,3087.9015552877468,0.0,3069.999999999999,17.90155528774767,0.336972713470459,0.006795167922973633,904,288,887,,,,,,sweep,,,8,1.2000000000000024,54,,
phase2,taker-sweep,2026-08-14T22:32:59.136720+00:00,jingjie-cpu-05.mae.cornell.edu,4cf37e9,50933,8,syn-s1-n8,9cec0992f658,8,4,c071c9c5bb80,ceab730b198d,3,84.0,5.2,3084.0,3087.9015552877468,3.90155528774676,exact-milp/taker,GRB,OPTIMAL,3087.9015552877468,3087.9015552877468,0.0,3069.999999999999,17.90155528774767,0.44133639335632324,0.006772041320800781,904,288,887,,,,,,sweep,,,8,1.2500000000000027,55,,
phase2,taker-sweep,2026-08-14T22:32:59.585133+00:00,jingjie-cpu-05.mae.cornell.edu,4cf37e9,50933,8,syn-s1-n8,9cec0992f658,8,4,c071c9c5bb80,ceab730b198d,3,84.0,5.2,3084.0,3087.9015552877468,3.90155528774676,exact-milp/taker,GRB,OPTIMAL,3087.9015552877468,3087.9015552877468,0.0,3069.999999999999,17.90155528774767,0.4103279113769531,0.0068721771240234375,904,288,887,,,,,,sweep,,,8,1.3000000000000025,56,,
phase2,taker-sweep,2026-08-14T22:32:59.980006+00:00,jingjie-cpu-05.mae.cornell.edu,4cf37e9,50933,8,syn-s1-n8,9cec0992f658,8,4,c071c9c5bb80,ceab730b198d,3,84.0,5.2,3084.0,3087.9015552877468,3.90155528774676,exact-milp/taker,GRB,OPTIMAL,3087.9015552877468,3087.9015552877468,0.0,3069.999999999999,17.90155528774767,0.3379368782043457,0.006969928741455078,904,288,887,,,,,,sweep,,,8,1.3500000000000023,57,,
phase2,taker-sweep,2026-08-14T22:33:00.432842+00:00,jingjie-cpu-05.mae.cornell.edu,4cf37e9,50933,8,syn-s1-n8,9cec0992f658,8,4,c071c9c5bb80,ceab730b198d,3,84.0,5.2,3084.0,3087.9015552877468,3.90155528774676,exact-milp/taker,GRB,OPTIMAL,3087.9015552877468,3087.9015552877468,0.0,3069.999999999999,17.90155528774767,0.4149656295776367,0.006808757781982422,904,288,887,,,,,,sweep,,,8,1.4000000000000026,58,,
phase2,taker-sweep,2026-08-14T22:33:00.796085+00:00,jingjie-cpu-05.mae.cornell.edu,4cf37e9,50933,8,syn-s1-n8,9cec0992f658,8,4,c071c9c5bb80,ceab730b198d,3,84.0,5.2,3084.0,3087.9015552877468,3.90155528774676,exact-milp/taker,GRB,OPTIMAL,3087.9015552877468,3087.9015552877468,0.0,3069.999999999999,17.90155528774767,0.32506823539733887,0.006718635559082031,904,288,887,,,,,,sweep,,,8,1.4500000000000028,59,,
phase2,taker-sweep,2026-08-14T22:33:01.172298+00:00,jingjie-cpu-05.mae.cornell.edu,4cf37e9,50933,8,syn-s1-n8,9cec0992f658,8,4,c071c9c5bb80,ceab730b198d,3,84.0,5.2,3084.0,3087.9015552877468,3.90155528774676,exact-milp/taker,GRB,OPTIMAL,3087.9015552877468,3087.9015552877468,0.0,3069.999999999999,17.90155528774767,0.3380141258239746,0.0067560672760009766,904,288,887,,,,,,sweep,,,8,1.5000000000000027,60,,
phase2,taker-sweep,2026-08-14T22:32:36.999861+00:00,jingjie-cpu-08.mae.cornell.edu,4cf37e9,50946,21,syn-s2-n12,84d029a05767,12,6,3103b0d516f2,cf660df70a34,2,148.0,150.1,2148.0,2128.814313739321,-19.185686260679176,exact-milp/taker,GRB,OPTIMAL,2128.814313739321,2128.814313739321,0.0,2013.3128940058052,115.5014197335156,0.7587165832519531,0.0718536376953125,3508,948,2997,,,,,,sweep,,,12,-1.5,0,,
phase2,taker-sweep,2026-08-14T22:32:37.875487+00:00,jingjie-cpu-08.mae.cornell.edu,4cf37e9,50946,21,syn-s2-n12,84d029a05767,12,6,3103b0d516f2,cf660df70a34,2,148.0,150.1,2148.0,2134.194313739321,-13.805686260679067,exact-milp/taker,GRB,OPTIMAL,2134.194313739321,2134.194313739321,0.0,2019.3128940058057,114.88141973351526,0.7305054664611816,0.05527663230895996,3508,948,2997,,,,,,sweep,,,12,-1.45,1,,
phase2,taker-sweep,2026-08-14T22:32:38.675908+00:00,jingjie-cpu-08.mae.cornell.edu,4cf37e9,50946,21,syn-s2-n12,84d029a05767,12,6,3103b0d516f2,cf660df70a34,2,148.0,150.1,2148.0,2139.574313739321,-8.425686260678958,exact-milp/taker,GRB,OPTIMAL,2139.574313739321,2139.574313739321,0.0,2025.3128940058052,114.26141973351582,0.665764331817627,0.048278093338012695,3508,948,2997,,,,,,sweep,,,12,-1.4,2,,
phase2,taker-sweep,2026-08-14T22:32:39.539847+00:00,jingjie-cpu-08.mae.cornell.edu,4cf37e9,50946,21,syn-s2-n12,84d029a05767,12,6,3103b0d516f2,cf660df70a34,2,148.0,150.1,2148.0,2144.9543137393207,-3.045686260679304,exact-milp/taker,GRB,OPTIMAL,2144.9543137393207,2144.9543137393207,0.0,2031.3128940058043,113.64141973351639,0.7024855613708496,0.06218981742858887,3508,948,2997,,,,,,sweep,,,12,-1.3499999999999999,3,,
phase2,taker-sweep,2026-08-14T22:32:40.451596+00:00,jingjie-cpu-08.mae.cornell.edu,4cf37e9,50946,21,syn-s2-n12,84d029a05767,12,6,3103b0d516f2,cf660df70a34,2,148.0,150.1,2148.0,2150.334313739321,2.3343137393208053,exact-milp/taker,GRB,OPTIMAL,2150.334313739321,2150.334313739321,0.0,2037.3128940058048,113.02141973351604,0.7610597610473633,0.06229400634765625,3508,948,2997,,,,,,sweep,,,12,-1.2999999999999998,4,,
phase2,taker-sweep,2026-08-14T22:32:41.313273+00:00,jingjie-cpu-08.mae.cornell.edu,4cf37e9,50946,21,syn-s2-n12,84d029a05767,12,6,3103b0d516f2,cf660df70a34,2,148.0,150.1,2148.0,2155.7143137393205,7.71431373932046,exact-milp/taker,GRB,OPTIMAL,2155.7143137393205,2155.7143137393205,0.0,2043.3128940058052,112.40141973351524,0.6674792766571045,0.06435227394104004,3508,948,2997,,,,,,sweep,,,12,-1.2499999999999998,5,,
phase2,taker-sweep,2026-08-14T22:32:42.839780+00:00,jingjie-cpu-08.mae.cornell.edu,4cf37e9,50946,21,syn-s2-n12,84d029a05767,12,6,3103b0d516f2,cf660df70a34,2,148.0,150.1,2148.0,2161.0943137393206,13.094313739320569,exact-milp/taker,GRB,OPTIMAL,2161.0943137393206,2161.0943137393206,0.0,2049.312894005805,111.78141973351558,1.386838436126709,0.05270242691040039,3508,948,2997,,,,,,sweep,,,12,-1.1999999999999997,6,,
phase2,taker-sweep,2026-08-14T22:32:44.222156+00:00,jingjie-cpu-08.mae.cornell.edu,4cf37e9,50946,21,syn-s2-n12,84d029a05767,12,6,3103b0d516f2,cf660df70a34,2,148.0,150.1,2148.0,2166.4743137393207,18.474313739320678,exact-milp/taker,GRB,OPTIMAL,2166.4743137393207,2166.4743137393207,0.0,2054.0,112.47431373932068,1.247147560119629,0.04634523391723633,3508,948,2997,,,,,,sweep,,,12,-1.1499999999999997,7,,
phase2,taker-sweep,2026-08-14T22:32:45.243641+00:00,jingjie-cpu-08.mae.cornell.edu,4cf37e9,50946,21,syn-s2-n12,84d029a05767,12,6,3103b0d516f2,cf660df70a34,2,148.0,150.1,2148.0,2171.854313739321,23.854313739320787,exact-milp/taker,GRB,OPTIMAL,2171.854313739321,2171.854313739321,0.0,2053.9999999999995,117.85431373932124,0.8803920745849609,0.05244851112365723,3508,948,2997,,,,,,sweep,,,12,-1.0999999999999996,8,,
phase2,taker-sweep,2026-08-14T22:32:46.717895+00:00,jingjie-cpu-08.mae.cornell.edu,4cf37e9,50946,21,syn-s2-n12,84d029a05767,12,6,3103b0d516f2,cf660df70a34,2,148.0,150.1,2148.0,2177.234313739321,29.234313739320896,exact-milp/taker,GRB,OPTIMAL,2177.234313739321,2177.234313739321,0.0,2054.0000000000005,123.23431373932044,1.331540584564209,0.05058932304382324,3508,948,2997,,,,,,sweep,,,12,-1.0499999999999996,9,,
phase2,taker-sweep,2026-08-14T22:32:47.703071+00:00,jingjie-cpu-08.mae.cornell.edu,4cf37e9,50946,21,syn-s2-n12,84d029a05767,12,6,3103b0d516f2,cf660df70a34,2,148.0,150.1,2148.0,2182.614313739321,34.614313739321005,exact-milp/taker,GRB,OPTIMAL,2182.614313739321,2182.614313739321,0.0,2054.0,128.614313739321,0.8229048252105713,0.054917097091674805,3508,948,2997,,,,,,sweep,,,12,-0.9999999999999996,10,,
phase2,taker-sweep,2026-08-14T22:32:48.526525+00:00,jingjie-cpu-08.mae.cornell.edu,4cf37e9,50946,21,syn-s2-n12,84d029a05767,12,6,3103b0d516f2,cf660df70a34,2,148.0,150.1,2148.0,2187.9943137393207,39.99431373932066,exact-milp/taker,GRB,OPTIMAL,2187.9943137393207,2187.9943137393207,0.0,2054.0000000000005,133.9943137393202,0.6807703971862793,0.05516552925109863,3508,948,2997,,,,,,sweep,,,12,-0.9499999999999995,11,,
phase2,taker-sweep,2026-08-14T22:32:49.552332+00:00,jingjie-cpu-08.mae.cornell.edu,4cf37e9,50946,21,syn-s2-n12,84d029a05767,12,6,3103b0d516f2,cf660df70a34,2,148.0,150.1,2148.0,2193.3743137393208,45.37431373932077,exact-milp/taker,GRB,OPTIMAL,2193.3743137393208,2193.3743137393208,0.0,2054.0000000000005,139.3743137393203,0.8876175880432129,0.05097317695617676,3508,948,2997,,,,,,sweep,,,12,-0.8999999999999995,12,,
phase2,taker-sweep,2026-08-14T22:32:50.872793+00:00,jingjie-cpu-08.mae.cornell.edu,4cf37e9,50946,21,syn-s2-n12,84d029a05767,12,6,3103b0d516f2,cf660df70a34,2,148.0,150.1,2148.0,2198.754313739321,50.75431373932088,exact-milp/taker,GRB,OPTIMAL,2198.754313739321,2198.754313739321,0.0,2054.0000000000005,144.75431373932042,1.184675693511963,0.04871487617492676,3508,948,2997,,,,,,sweep,,,12,-0.8499999999999994,13,,
phase2,taker-sweep,2026-08-14T22:32:52.251616+00:00,jingjie-cpu-08.mae.cornell.edu,4cf37e9,50946,21,syn-s2-n12,84d029a05767,12,6,3103b0d516f2,977991961b4e,2,148.0,139.299999,2148.0,2203.8361522741106,55.836152274110646,exact-milp/taker,GRB,OPTIMAL,2203.8361522741106,2203.836152273902,9.471168436977594e-14,2054.0,149.83615227411065,1.211548089981079,0.055814504623413086,3508,948,2997,,,,,,sweep,,,12,-0.7999999999999994,14,,
phase2,taker-sweep,2026-08-14T22:32:53.720793+00:00,jingjie-cpu-08.mae.cornell.edu,4cf37e9,50946,21,syn-s2-n12,84d029a05767,12,6,3103b0d516f2,260964321bae,2,148.0,139.3,2148.0,2208.676153278798,60.67615327879821,exact-milp/taker,GRB,OPTIMAL,2208.676153278798,2208.676153278798,0.0,2054.0,154.6761532787982,1.3197824954986572,0.05535268783569336,3508,948,2997,,,,,,sweep,,,12,-0.7499999999999993,15,,
phase2,taker-sweep,2026-08-14T22:32:54.790068+00:00,jingjie-cpu-08.mae.cornell.edu,4cf37e9,50946,21,syn-s2-n12,84d029a05767,12,6,3103b0d516f2,260964321bae,2,148.0,139.3,2148.0,2213.5161532787984,65.51615327879836,exact-milp/taker,GRB,OPTIMAL,2213.5161532787984,2213.5161532787984,0.0,2054.0,159.51615327879836,0.929473876953125,0.051279544830322266,3508,948,2997,,,,,,sweep,,,12,-0.6999999999999993,16,,
phase2,taker-sweep,2026-08-14T22:32:55.700085+00:00,jingjie-cpu-08.mae.cornell.edu,4cf37e9,50946,21,syn-s2-n12,84d029a05767,12,6,3103b0d516f2,260964321bae,2,148.0,139.3,2148.0,2218.356153278798,70.35615327879805,exact-milp/taker,GRB,OPTIMAL,2218.356153278798,2218.356153278798,0.0,2054.0,164.35615327879805,0.7653653621673584,0.05531024932861328,3508,948,2997,,,,,,sweep,,,12,-0.6499999999999992,17,,
phase2,taker-sweep,2026-08-14T22:32:57.055608+00:00,jingjie-cpu-08.mae.cornell.edu,4cf37e9,50946,21,syn-s2-n12,84d029a05767,12,6,3103b0d516f2,260964321bae,2,148.0,139.3,2148.0,2223.196153278798,75.19615327879819,exact-milp/taker,GRB,OPTIMAL,2223.196153278798,2223.196153278798,0.0,2054.0,169.1961532787982,1.0649418830871582,0.055115699768066406,3508,948,2997,,,,,,sweep,,,12,-0.5999999999999992,18,,
phase2,taker-sweep,2026-08-14T22:32:58.345042+00:00,jingjie-cpu-08.mae.cornell.edu,4cf37e9,50946,21,syn-s2-n12,84d029a05767,12,6,3103b0d516f2,260964321bae,2,148.0,139.3,2148.0,2228.0361532787983,80.03615327879834,exact-milp/taker,GRB,OPTIMAL,2228.0361532787983,2228.0361532787983,0.0,2054.0,174.03615327879834,1.149174451828003,0.052724361419677734,3508,948,2997,,,,,,sweep,,,12,-0.5499999999999992,19,,
phase2,taker-sweep,2026-08-14T22:32:59.664547+00:00,jingjie-cpu-08.mae.cornell.edu,4cf37e9,50946,21,syn-s2-n12,84d029a05767,12,6,3103b0d516f2,260964321bae,2,148.0,139.3,2148.0,2232.8761532787985,84.87615327879848,exact-milp/taker,GRB,OPTIMAL,2232.8761532787985,2232.876153278798,2.0365990752272773e-16,2054.0,178.87615327879848,1.177628755569458,0.05234384536743164,3508,948,2997,,,,,,sweep,,,12,-0.4999999999999991,20,,
phase2,taker-sweep,2026-08-14T22:33:01.023298+00:00,jingjie-cpu-08.mae.cornell.edu,4cf37e9,50946,21,syn-s2-n12,84d029a05767,12,6,3103b0d516f2,260964321bae,2,148.0,139.3,2148.0,2237.7161532787986,89.71615327879863,exact-milp/taker,GRB,OPTIMAL,2237.7161532787986,2237.7161532787986,0.0,2054.0,183.71615327879863,1.214102029800415,0.05092573165893555,3508,948,2997,,,,,,sweep,,,12,-0.44999999999999907,21,,
phase2,taker-sweep,2026-08-14T22:33:02.372264+00:00,jingjie-cpu-08.mae.cornell.edu,4cf37e9,50946,21,syn-s2-n12,84d029a05767,12,6,3103b0d516f2,260964321bae,2,148.0,139.3,2148.0,2242.5561532787983,94.55615327879832,exact-milp/taker,GRB,OPTIMAL,2242.5561532787983,2242.5561532787983,0.0,2054.0,188.55615327879832,1.2067921161651611,0.05350470542907715,3508,948,2997,,,,,,sweep,,,12,-0.399999999999999,22,,
phase2,taker-sweep,2026-08-14T22:33:03.732949+00:00,jingjie-cpu-08.mae.cornell.edu,4cf37e9,50946,21,syn-s2-n12,84d029a05767,12,6,3103b0d516f2,260964321bae,2,148.0,139.3,2148.0,2247.3961532787985,99.39615327879847,exact-milp/taker,GRB,OPTIMAL,2247.3961532787985,2247.396153278798,2.0234409951401697e-16,2054.0,193.39615327879847,1.2193388938903809,0.05301189422607422,3508,948,2997,,,,,,sweep,,,12,-0.349999999999999,23,,
phase2,taker-sweep,2026-08-14T22:33:05.061574+00:00,jingjie-cpu-08.mae.cornell.edu,4cf37e9,50946,21,syn-s2-n12,84d029a05767,12,6,3103b0d516f2,260964321bae,2,148.0,139.3,2148.0,2252.236153278798,104.23615327879816,exact-milp/taker,GRB,OPTIMAL,2252.236153278798,2252.236153278798,0.0,2054.0,198.23615327879816,1.1877400875091553,0.05331158638000488,3508,948,2997,,,,,,sweep,,,12,-0.29999999999999893,24,,
phase2,taker-sweep,2026-08-14T22:33:06.874329+00:00,jingjie-cpu-08.mae.cornell.edu,4cf37e9,50946,21,syn-s2-n12,84d029a05767,12,6,62cc6de50b8e,208ba24dfe4d,2,136.0,136.9,2136.0,2255.9300406272932,119.93004062729324,exact-milp/taker,GRB,OPTIMAL,2255.9300406272932,2255.9300406272932,0.0,2054.0,201.93004062729324,1.670729637145996,0.05243372917175293,3508,948,2997,,,,,,sweep,,,12,-0.2499999999999989,25,,
phase2,taker-sweep,2026-08-14T22:33:08.151370+00:00,jingjie-cpu-08.mae.cornell.edu,4cf37e9,50946,21,syn-s2-n12,84d029a05767,12,6,62cc6de50b8e,208ba24dfe4d,2,136.0,136.9,2136.0,2258.090040627293,122.09004062729309,exact-milp/taker,GRB,OPTIMAL,2258.090040627293,2258.090040627293,0.0,2054.0,204.0900406272931,1.1346690654754639,0.053140878677368164,3508,948,2997,,,,,,sweep,,,12,-0.19999999999999885,26,,
phase2,taker-sweep,2026-08-14T22:33:09.595919+00:00,jingjie-cpu-08.mae.cornell.edu,4cf37e9,50946,21,syn-s2-n12,84d029a05767,12,6,62cc6de50b8e,208ba24dfe4d,2,136.0,136.9,2136.0,2260.250040627293,124.25004062729295,exact-milp/taker,GRB,OPTIMAL,2260.250040627293,2260.250040627293,0.0,2054.0,206.25004062729295,1.2928740978240967,0.05371689796447754,3508,948,2997,,,,,,sweep,,,12,-0.1499999999999988,27,,
phase2,taker-sweep,2026-08-14T22:33:10.948158+00:00,jingjie-cpu-08.mae.cornell.edu,4cf37e9,50946,21,syn-s2-n12,84d029a05767,12,6,62cc6de50b8e,208ba24dfe4d,2,136.0,136.9,2136.0,2262.410040627293,126.4100406272928,exact-milp/taker,GRB,OPTIMAL,2262.410040627293,2262.410040627293,0.0,2054.0,208.4100406272928,1.2078661918640137,0.05330085754394531,3508,948,2997,,,,,,sweep,,,12,-0.09999999999999876,28,,
phase2,taker-sweep,2026-08-14T22:33:12.434167+00:00,jingjie-cpu-08.mae.cornell.edu,4cf37e9,50946,21,syn-s2-n12,84d029a05767,12,6,62cc6de50b8e,f2b94c53f147,2,136.0,136.9,2136.0,2263.390319637253,127.39031963725301,exact-milp/taker,GRB,OPTIMAL,2263.390319637253,2263.390319637253,0.0,2054.0,209.39031963725301,1.3470368385314941,0.0500187873840332,3508,948,2997,,,,,,sweep,,,12,-0.04999999999999871,29,,
phase2,taker-sweep,2026-08-14T22:33:13.852177+00:00,jingjie-cpu-08.mae.cornell.edu,4cf37e9,50946,21,syn-s2-n12,84d029a05767,12,6,62cc6de50b8e,f2b94c53f147,2,136.0,136.9,2136.0,2263.390319637253,127.39031963725301,exact-milp/taker,GRB,OPTIMAL,2263.390319637253,2263.390319637253,0.0,2054.0,209.39031963725301,1.275921106338501,0.0534367561340332,3508,948,2997,,,,,,sweep,,,12,1.3322676295501878e-15,30,,
phase2,taker-sweep,2026-08-14T22:33:15.354293+00:00,jingjie-cpu-08.mae.cornell.edu,4cf37e9,50946,21,syn-s2-n12,84d029a05767,12,6,62cc6de50b8e,f2b94c53f147,2,136.0,136.9,2136.0,2263.390319637253,127.39031963725301,exact-milp/taker,GRB,OPTIMAL,2263.390319637253,2263.390319637253,0.0,2054.0,209.39031963725301,1.3661131858825684,0.04750490188598633,3508,948,2997,,,,,,sweep,,,12,0.05000000000000138,31,,
phase2,taker-sweep,2026-08-14T22:33:16.956119+00:00,jingjie-cpu-08.mae.cornell.edu,4cf37e9,50946,21,syn-s2-n12,84d029a05767,12,6,62cc6de50b8e,f2b94c53f147,2,136.0,136.9,2136.0,2263.390319637253,127.39031963725301,exact-milp/taker,GRB,OPTIMAL,2263.390319637253,2263.390319637253,0.0,2054.0,209.39031963725301,1.3085839748382568,0.05606698989868164,3508,948,2997,,,,,,sweep,,,12,0.10000000000000142,32,,
phase2,taker-sweep,2026-08-14T22:33:18.486462+00:00,jingjie-cpu-08.mae.cornell.edu,4cf37e9,50946,21,syn-s2-n12,84d029a05767,12,6,62cc6de50b8e,f2b94c53f147,2,136.0,136.9,2136.0,2263.390319637253,127.39031963725301,exact-milp/taker,GRB,OPTIMAL,2263.390319637253,2263.390319637253,0.0,2054.0,209.39031963725301,1.3906714916229248,0.052193641662597656,3508,948,2997,,,,,,sweep,,,12,0.15000000000000147,33,,
phase2,taker-sweep,2026-08-14T22:33:19.760568+00:00,jingjie-cpu-08.mae.cornell.edu,4cf37e9,50946,21,syn-s2-n12,84d029a05767,12,6,62cc6de50b8e,f2b94c53f147,2,136.0,136.9,2136.0,2263.390319637253,127.39031963725301,exact-milp/taker,GRB,OPTIMAL,2263.390319637253,2263.390319637253,0.0,2054.0,209.39031963725301,1.1169393062591553,0.05275130271911621,3508,948,2997,,,,,,sweep,,,12,0.2000000000000015,34,,
phase2,taker-sweep,2026-08-14T22:33:21.118482+00:00,jingjie-cpu-08.mae.cornell.edu,4cf37e9,50946,21,syn-s2-n12,84d029a05767,12,6,62cc6de50b8e,f2b94c53f147,2,136.0,136.9,2136.0,2263.390319637253,127.39031963725301,exact-milp/taker,GRB,OPTIMAL,2263.390319637253,2263.390319637253,0.0,2054.0,209.39031963725301,1.2165982723236084,0.05204010009765625,3508,948,2997,,,,,,sweep,,,12,0.25000000000000155,35,,
phase2,taker-sweep,2026-08-14T22:33:22.511484+00:00,jingjie-cpu-08.mae.cornell.edu,4cf37e9,50946,21,syn-s2-n12,84d029a05767,12,6,62cc6de50b8e,f2b94c53f147,2,136.0,136.9,2136.0,2263.390319637253,127.39031963725301,exact-milp/taker,GRB,OPTIMAL,2263.390319637253,2263.390319637253,0.0,2054.0,209.39031963725301,1.2556641101837158,0.04775714874267578,3508,948,2997,,,,,,sweep,,,12,0.3000000000000016,36,,
phase2,taker-sweep,2026-08-14T22:33:23.953061+00:00,jingjie-cpu-08.mae.cornell.edu,4cf37e9,50946,21,syn-s2-n12,84d029a05767,12,6,62cc6de50b8e,f2b94c53f147,2,136.0,136.9,2136.0,2263.390319637253,127.39031963725301,exact-milp/taker,GRB,OPTIMAL,2263.390319637253,2263.390319637253,0.0,2054.0,209.39031963725301,1.3069157600402832,0.04590868949890137,3508,948,2997,,,,,,sweep,,,12,0.35000000000000164,37,,
phase2,taker-sweep,2026-08-14T22:33:25.407095+00:00,jingjie-cpu-08.mae.cornell.edu,4cf37e9,50946,21,syn-s2-n12,84d029a05767,12,6,62cc6de50b8e,f2b94c53f147,2,136.0,136.9,2136.0,2263.390319637253,127.39031963725301,exact-milp/taker,GRB,OPTIMAL,2263.390319637253,2263.390319637253,0.0,2054.0,209.39031963725301,1.3113679885864258,0.0533299446105957,3508,948,2997,,,,,,sweep,,,12,0.4000000000000017,38,,
phase2,taker-sweep,2026-08-14T22:33:26.730871+00:00,jingjie-cpu-08.mae.cornell.edu,4cf37e9,50946,21,syn-s2-n12,84d029a05767,12,6,62cc6de50b8e,f2b94c53f147,2,136.0,136.9,2136.0,2263.390319637253,127.39031963725301,exact-milp/taker,GRB,OPTIMAL,2263.390319637253,2263.390319637253,0.0,2054.0,209.39031963725301,1.1810052394866943,0.05329394340515137,3508,948,2997,,,,,,sweep,,,12,0.45000000000000173,39,,
phase2,taker-sweep,2026-08-14T22:33:28.203512+00:00,jingjie-cpu-08.mae.cornell.edu,4cf37e9,50946,21,syn-s2-n12,84d029a05767,12,6,62cc6de50b8e,f2b94c53f147,2,136.0,136.9,2136.0,2263.390319637253,127.39031963725301,exact-milp/taker,GRB,OPTIMAL,2263.390319637253,2263.390319637253,0.0,2054.0,209.39031963725301,1.3195774555206299,0.05409646034240723,3508,948,2997,,,,,,sweep,,,12,0.5000000000000018,40,,
phase2,taker-sweep,2026-08-14T22:33:29.402083+00:00,jingjie-cpu-08.mae.cornell.edu,4cf37e9,50946,21,syn-s2-n12,84d029a05767,12,6,62cc6de50b8e,f2b94c53f147,2,136.0,136.9,2136.0,2263.390319637253,127.39031963725301,exact-milp/taker,GRB,OPTIMAL,2263.390319637253,2263.390319637253,0.0,2054.0,209.39031963725301,1.0560917854309082,0.05334925651550293,3508,948,2997,,,,,,sweep,,,12,0.5500000000000016,41,,
phase2,taker-sweep,2026-08-14T22:33:30.737777+00:00,jingjie-cpu-08.mae.cornell.edu,4cf37e9,50946,21,syn-s2-n12,84d029a05767,12,6,62cc6de50b8e,f2b94c53f147,2,136.0,136.9,2136.0,2263.390319637253,127.39031963725301,exact-milp/taker,GRB,OPTIMAL,2263.390319637253,2263.390319637253,0.0,2054.0,209.39031963725301,1.1940264701843262,0.052249908447265625,3508,948,2997,,,,,,sweep,,,12,0.6000000000000019,42,,
phase2,taker-sweep,2026-08-14T22:33:31.991727+00:00,jingjie-cpu-08.mae.cornell.edu,4cf37e9,50946,21,syn-s2-n12,84d029a05767,12,6,62cc6de50b8e,f2b94c53f147,2,136.0,136.9,2136.0,2263.390319637253,127.39031963725301,exact-milp/taker,GRB,OPTIMAL,2263.390319637253,2263.390319637253,0.0,2054.0,209.39031963725301,1.11202073097229,0.053726911544799805,3508,948,2997,,,,,,sweep,,,12,0.6500000000000021,43,,
phase2,taker-sweep,2026-08-14T22:33:33.489532+00:00,jingjie-cpu-08.mae.cornell.edu,4cf37e9,50946,21,syn-s2-n12,84d029a05767,12,6,62cc6de50b8e,f2b94c53f147,2,136.0,136.9,2136.0,2263.390319637253,127.39031963725301,exact-milp/taker,GRB,OPTIMAL,2263.390319637253,2263.390319637253,0.0,2054.0,209.39031963725301,1.3552920818328857,0.051964759826660156,3508,948,2997,,,,,,sweep,,,12,0.700000000000002,44,,
phase2,taker-sweep,2026-08-14T22:33:34.888775+00:00,jingjie-cpu-08.mae.cornell.edu,4cf37e9,50946,21,syn-s2-n12,84d029a05767,12,6,62cc6de50b8e,f2b94c53f147,2,136.0,136.9,2136.0,2263.390319637253,127.39031963725301,exact-milp/taker,GRB,OPTIMAL,2263.390319637253,2263.390319637253,0.0,2054.0,209.39031963725301,1.1152448654174805,0.05492448806762695,3508,948,2997,,,,,,sweep,,,12,0.7500000000000018,45,,
phase2,taker-sweep,2026-08-14T22:33:36.243453+00:00,jingjie-cpu-08.mae.cornell.edu,4cf37e9,50946,21,syn-s2-n12,84d029a05767,12,6,62cc6de50b8e,f2b94c53f147,2,136.0,136.9,2136.0,2263.390319637253,127.39031963725301,exact-milp/taker,GRB,OPTIMAL,2263.390319637253,2263.390319637253,0.0,2054.0,209.39031963725301,1.2179529666900635,0.047109127044677734,3508,948,2997,,,,,,sweep,,,12,0.800000000000002,46,,
phase2,taker-sweep,2026-08-14T22:33:37.724143+00:00,jingjie-cpu-08.mae.cornell.edu,4cf37e9,50946,21,syn-s2-n12,84d029a05767,12,6,62cc6de50b8e,f2b94c53f147,2,136.0,136.9,2136.0,2263.390319637253,127.39031963725301,exact-milp/taker,GRB,OPTIMAL,2263.390319637253,2263.390319637253,0.0,2054.0,209.39031963725301,1.3317592144012451,0.0532383918762207,3508,948,2997,,,,,,sweep,,,12,0.8500000000000023,47,,
phase2,taker-sweep,2026-08-14T22:33:39.152794+00:00,jingjie-cpu-08.mae.cornell.edu,4cf37e9,50946,21,syn-s2-n12,84d029a05767,12,6,62cc6de50b8e,f2b94c53f147,2,136.0,136.9,2136.0,2263.390319637253,127.39031963725301,exact-milp/taker,GRB,OPTIMAL,2263.390319637253,2263.390319637253,0.0,2054.0,209.39031963725301,1.2924234867095947,0.04724383354187012,3508,948,2997,,,,,,sweep,,,12,0.9000000000000021,48,,
phase2,taker-sweep,2026-08-14T22:33:40.638168+00:00,jingjie-cpu-08.mae.cornell.edu,4cf37e9,50946,21,syn-s2-n12,84d029a05767,12,6,62cc6de50b8e,f2b94c53f147,2,136.0,136.9,2136.0,2263.390319637253,127.39031963725301,exact-milp/taker,GRB,OPTIMAL,2263.390319637253,2263.390319637253,0.0,2054.0,209.39031963725301,1.3429362773895264,0.05308270454406738,3508,948,2997,,,,,,sweep,,,12,0.950000000000002,49,,
phase2,taker-sweep,2026-08-14T22:33:42.141647+00:00,jingjie-cpu-08.mae.cornell.edu,4cf37e9,50946,21,syn-s2-n12,84d029a05767,12,6,62cc6de50b8e,f2b94c53f147,2,136.0,136.9,2136.0,2263.390319637253,127.39031963725301,exact-milp/taker,GRB,OPTIMAL,2263.390319637253,2263.390319637253,0.0,2054.0,209.39031963725301,1.3603219985961914,0.05288338661193848,3508,948,2997,,,,,,sweep,,,12,1.0000000000000022,50,,
phase2,taker-sweep,2026-08-14T22:33:43.633482+00:00,jingjie-cpu-08.mae.cornell.edu,4cf37e9,50946,21,syn-s2-n12,84d029a05767,12,6,62cc6de50b8e,f2b94c53f147,2,136.0,136.9,2136.0,2263.390319637253,127.39031963725301,exact-milp/taker,GRB,OPTIMAL,2263.390319637253,2263.390319637253,0.0,2054.0,209.39031963725301,1.3505353927612305,0.052777767181396484,3508,948,2997,,,,,,sweep,,,12,1.0500000000000025,51,,
phase2,taker-sweep,2026-08-14T22:33:45.074178+00:00,jingjie-cpu-08.mae.cornell.edu,4cf37e9,50946,21,syn-s2-n12,84d029a05767,12,6,62cc6de50b8e,f2b94c53f147,2,136.0,136.9,2136.0,2263.390319637253,127.39031963725301,exact-milp/taker,GRB,OPTIMAL,2263.390319637253,2263.390319637253,0.0,2054.0,209.39031963725301,1.3008205890655518,0.051545143127441406,3508,948,2997,,,,,,sweep,,,12,1.1000000000000023,52,,
phase2,taker-sweep,2026-08-14T22:33:46.534872+00:00,jingjie-cpu-08.mae.cornell.edu,4cf37e9,50946,21,syn-s2-n12,84d029a05767,12,6,62cc6de50b8e,f2b94c53f147,2,136.0,136.9,2136.0,2263.390319637253,127.39031963725301,exact-milp/taker,GRB,OPTIMAL,2263.390319637253,2263.390319637253,0.0,2054.0,209.39031963725301,1.312303066253662,0.05309486389160156,3508,948,2997,,,,,,sweep,,,12,1.1500000000000021,53,,
phase2,taker-sweep,2026-08-14T22:33:48.017305+00:00,jingjie-cpu-08.mae.cornell.edu,4cf37e9,50946,21,syn-s2-n12,84d029a05767,12,6,62cc6de50b8e,f2b94c53f147,2,136.0,136.9,2136.0,2263.390319637253,127.39031963725301,exact-milp/taker,GRB,OPTIMAL,2263.390319637253,2263.390319637253,0.0,2054.0,209.39031963725301,1.341299057006836,0.05256462097167969,3508,948,2997,,,,,,sweep,,,12,1.2000000000000024,54,,
phase2,taker-sweep,2026-08-14T22:33:49.372090+00:00,jingjie-cpu-08.mae.cornell.edu,4cf37e9,50946,21,syn-s2-n12,84d029a05767,12,6,62cc6de50b8e,f2b94c53f147,2,136.0,136.9,2136.0,2263.390319637253,127.39031963725301,exact-milp/taker,GRB,OPTIMAL,2263.390319637253,2263.390319637253,0.0,2054.0,209.39031963725301,1.212604284286499,0.052285194396972656,3508,948,2997,,,,,,sweep,,,12,1.2500000000000027,55,,
phase2,taker-sweep,2026-08-14T22:33:50.647777+00:00,jingjie-cpu-08.mae.cornell.edu,4cf37e9,50946,21,syn-s2-n12,84d029a05767,12,6,62cc6de50b8e,f2b94c53f147,2,136.0,136.9,2136.0,2263.390319637253,127.39031963725301,exact-milp/taker,GRB,OPTIMAL,2263.390319637253,2263.390319637253,0.0,2054.0,209.39031963725301,1.1397316455841064,0.04722094535827637,3508,948,2997,,,,,,sweep,,,12,1.3000000000000025,56,,
phase2,taker-sweep,2026-08-14T22:33:52.138101+00:00,jingjie-cpu-08.mae.cornell.edu,4cf37e9,50946,21,syn-s2-n12,84d029a05767,12,6,62cc6de50b8e,f2b94c53f147,2,136.0,136.9,2136.0,2263.390319637253,127.39031963725301,exact-milp/taker,GRB,OPTIMAL,2263.390319637253,2263.390319637253,0.0,2054.0,209.39031963725301,1.3462283611297607,0.053563833236694336,3508,948,2997,,,,,,sweep,,,12,1.3500000000000023,57,,
phase2,taker-sweep,2026-08-14T22:33:53.887561+00:00,jingjie-cpu-08.mae.cornell.edu,4cf37e9,50946,21,syn-s2-n12,84d029a05767,12,6,62cc6de50b8e,f2b94c53f147,2,136.0,136.9,2136.0,2263.390319637253,127.39031963725301,exact-milp/taker,GRB,OPTIMAL,2263.390319637253,2263.390319637253,0.0,2054.0,209.39031963725301,1.45210862159729,0.054496049880981445,3508,948,2997,,,,,,sweep,,,12,1.4000000000000026,58,,
phase2,taker-sweep,2026-08-14T22:33:55.406424+00:00,jingjie-cpu-08.mae.cornell.edu,4cf37e9,50946,21,syn-s2-n12,84d029a05767,12,6,62cc6de50b8e,f2b94c53f147,2,136.0,136.9,2136.0,2263.390319637253,127.39031963725301,exact-milp/taker,GRB,OPTIMAL,2263.390319637253,2263.390319637253,0.0,2054.0,209.39031963725301,1.375530481338501,0.054430484771728516,3508,948,2997,,,,,,sweep,,,12,1.4500000000000028,59,,
phase2,taker-sweep,2026-08-14T22:33:56.863118+00:00,jingjie-cpu-08.mae.cornell.edu,4cf37e9,50946,21,syn-s2-n12,84d029a05767,12,6,62cc6de50b8e,f2b94c53f147,2,136.0,136.9,2136.0,2263.390319637253,127.39031963725301,exact-milp/taker,GRB,OPTIMAL,2263.390319637253,2263.390319637253,0.0,2054.0,209.39031963725301,1.3025157451629639,0.052220821380615234,3508,948,2997,,,,,,sweep,,,12,1.5000000000000027,60,,
phase2,taker-sweep,2026-08-14T22:32:37.342346+00:00,jingjie-cpu-08.mae.cornell.edu,4cf37e9,50947,22,syn-s2-n12,84d029a05767,12,6,62cc6de50b8e,a30bca6db43c,2,136.0,161.9,2136.0,2183.9669749278837,47.96697492788371,exact-milp/taker,GRB,OPTIMAL,2183.9669749278837,2183.9669749278833,2.0822080008855456e-16,2054.0000000000005,129.96697492788326,0.985924243927002,0.058519601821899414,3508,948,2997,,,,,,sweep,,,16,-1.5,0,,
phase2,taker-sweep,2026-08-14T22:32:38.632553+00:00,jingjie-cpu-08.mae.cornell.edu,4cf37e9,50947,22,syn-s2-n12,84d029a05767,12,6,09f30b84fda8,a30bca6db43c,2,136.0,161.9,2136.0,2189.366974927884,53.3669749278838,exact-milp/taker,GRB,OPTIMAL,2189.366974927884,2189.366974927884,0.0,2054.0000000000005,135.36697492788335,1.1497397422790527,0.04980754852294922,3508,948,2997,,,,,,sweep,,,16,-1.45,1,,
phase2,taker-sweep,2026-08-14T22:32:39.703143+00:00,jingjie-cpu-08.mae.cornell.edu,4cf37e9,50947,22,syn-s2-n12,84d029a05767,12,6,09f30b84fda8,a30bca6db43c,2,136.0,161.9,2136.0,2194.766974927884,58.76697492788389,exact-milp/taker,GRB,OPTIMAL,2194.766974927884,2194.7669749278834,2.0719618806065108e-16,2054.0000000000005,140.76697492788344,0.9191453456878662,0.05510401725769043,3508,948,2997,,,,,,sweep,,,16,-1.4,2,,
phase2,taker-sweep,2026-08-14T22:32:40.860787+00:00,jingjie-cpu-08.mae.cornell.edu,4cf37e9,50947,22,syn-s2-n12,84d029a05767,12,6,09f30b84fda8,cc470ce194c9,2,136.0,136.9,2136.0,2200.032209758998,64.03220975899785,exact-milp/taker,GRB,OPTIMAL,2200.032209758998,2200.032209758998,0.0,2054.0000000000005,146.0322097589974,1.0023131370544434,0.05456233024597168,3508,948,2997,,,,,,sweep,,,16,-1.3499999999999999,3,,
phase2,taker-sweep,2026-08-14T22:32:41.905972+00:00,jingjie-cpu-08.mae.cornell.edu,4cf37e9,50947,22,syn-s2-n12,84d029a05767,12,6,09f30b84fda8,cc470ce194c9,2,136.0,136.9,2136.0,2204.1822097589975,68.18220975899749,exact-milp/taker,GRB,OPTIMAL,2204.1822097589975,2204.1822097589975,0.0,2054.0000000000005,150.18220975899703,0.902930498123169,0.05503225326538086,3508,948,2997,,,,,,sweep,,,16,-1.2999999999999998,4,,
phase2,taker-sweep,2026-08-14T22:32:43.425339+00:00,jingjie-cpu-08.mae.cornell.edu,4cf37e9,50947,22,syn-s2-n12,84d029a05767,12,6,09f30b84fda8,cc470ce194c9,2,136.0,136.9,2136.0,2208.3322097589976,72.33220975899758,exact-milp/taker,GRB,OPTIMAL,2208.3322097589976,2208.3322097589976,0.0,2054.0000000000005,154.33220975899712,1.3316051959991455,0.054425716400146484,3508,948,2997,,,,,,sweep,,,16,-1.2499999999999998,5,,
phase2,taker-sweep,2026-08-14T22:32:44.798535+00:00,jingjie-cpu-08.mae.cornell.edu,4cf37e9,50947,22,syn-s2-n12,84d029a05767,12,6,09f30b84fda8,cc470ce194c9,2,136.0,136.9,2136.0,2212.4822097589977,76.48220975899767,exact-milp/taker,GRB,OPTIMAL,2212.4822097589977,2212.4822097589977,0.0,2054.0000000000005,158.48220975899721,1.2328908443450928,0.052393436431884766,3508,948,2997,,,,,,sweep,,,16,-1.1999999999999997,6,,
phase2,taker-sweep,2026-08-14T22:32:46.354065+00:00,jingjie-cpu-08.mae.cornell.edu,4cf37e9,50947,22,syn-s2-n12,84d029a05767,12,6,09f30b84fda8,cc470ce194c9,2,136.0,136.9,2136.0,2216.6322097589978,80.63220975899776,exact-milp/taker,GRB,OPTIMAL,2216.6322097589978,2216.6322097589978,0.0,2054.0000000000005,162.6322097589973,1.4206347465515137,0.04676175117492676,3508,948,2997,,,,,,sweep,,,16,-1.1499999999999997,7,,
phase2,taker-sweep,2026-08-14T22:32:47.635902+00:00,jingjie-cpu-08.mae.cornell.edu,4cf37e9,50947,22,syn-s2-n12,84d029a05767,12,6,09f30b84fda8,cc470ce194c9,2,136.0,136.9,2136.0,2220.782209758998,84.78220975899785,exact-milp/taker,GRB,OPTIMAL,2220.782209758998,2220.782209758998,0.0,2054.0000000000005,166.7822097589974,1.1425156593322754,0.05174589157104492,3508,948,2997,,,,,,sweep,,,16,-1.0999999999999996,8,,
phase2,taker-sweep,2026-08-14T22:32:49.084483+00:00,jingjie-cpu-08.mae.cornell.edu,4cf37e9,50947,22,syn-s2-n12,84d029a05767,12,6,09f30b84fda8,cc470ce194c9,2,136.0,136.9,2136.0,2224.9322097589975,88.93220975899749,exact-milp/taker,GRB,OPTIMAL,2224.9322097589975,2224.9322097589975,0.0,2054.0000000000005,170.93220975899703,1.2981696128845215,0.05036354064941406,3508,948,2997,,,,,,sweep,,,16,-1.0499999999999996,9,,
phase2,taker-sweep,2026-08-14T22:32:50.483099+00:00,jingjie-cpu-08.mae.cornell.edu,4cf37e9,50947,22,syn-s2-n12,84d029a05767,12,6,09f30b84fda8,cc470ce194c9,2,136.0,136.9,2136.0,2229.0822097589976,93.08220975899758,exact-milp/taker,GRB,OPTIMAL,2229.0822097589976,2229.0822097589976,0.0,2054.0000000000005,175.08220975899712,1.2638046741485596,0.04668378829956055,3508,948,2997,,,,,,sweep,,,16,-0.9999999999999996,10,,
phase2,taker-sweep,2026-08-14T22:32:51.726956+00:00,jingjie-cpu-08.mae.cornell.edu,4cf37e9,50947,22,syn-s2-n12,84d029a05767,12,6,09f30b84fda8,cc470ce194c9,2,136.0,136.9,2136.0,2233.2322097589977,97.23220975899767,exact-milp/taker,GRB,OPTIMAL,2233.2322097589977,2233.2322097589977,0.0,2054.0000000000005,179.23220975899721,1.1004958152770996,0.05373644828796387,3508,948,2997,,,,,,sweep,,,16,-0.9499999999999995,11,,
phase2,taker-sweep,2026-08-14T22:32:53.082680+00:00,jingjie-cpu-08.mae.cornell.edu,4cf37e9,50947,22,syn-s2-n12,84d029a05767,12,6,09f30b84fda8,cc470ce194c9,2,136.0,136.9,2136.0,2237.3822097589978,101.38220975899776,exact-milp/taker,GRB,OPTIMAL,2237.3822097589978,2237.3822097589978,0.0,2054.0000000000005,183.3822097589973,1.2146611213684082,0.053708553314208984,3508,948,2997,,,,,,sweep,,,16,-0.8999999999999995,12,,
phase2,taker-sweep,2026-08-14T22:32:54.300064+00:00,jingjie-cpu-08.mae.cornell.edu,4cf37e9,50947,22,syn-s2-n12,84d029a05767,12,6,09f30b84fda8,cc470ce194c9,2,136.0,136.9,2136.0,2241.532209758998,105.53220975899785,exact-milp/taker,GRB,OPTIMAL,2241.532209758998,2241.532209758998,0.0,2054.0000000000005,187.5322097589974,1.0757322311401367,0.05382847785949707,3508,948,2997,,,,,,sweep,,,16,-0.8499999999999994,13,,
phase2,taker-sweep,2026-08-14T22:32:55.914910+00:00,jingjie-cpu-08.mae.cornell.edu,4cf37e9,50947,22,syn-s2-n12,84d029a05767,12,6,09f30b84fda8,cc470ce194c9,2,136.0,136.9,2136.0,2245.6822097589975,109.68220975899749,exact-milp/taker,GRB,OPTIMAL,2245.6822097589975,2245.6822097589975,0.0,2054.0000000000005,191.68220975899703,1.4732179641723633,0.054041385650634766,3508,948,2997,,,,,,sweep,,,16,-0.7999999999999994,14,,
phase2,taker-sweep,2026-08-14T22:32:57.060843+00:00,jingjie-cpu-08.mae.cornell.edu,4cf37e9,50947,22,syn-s2-n12,84d029a05767,12,6,09f30b84fda8,cc470ce194c9,2,136.0,136.9,2136.0,2249.832209758998,113.83220975899803,exact-milp/taker,GRB,OPTIMAL,2249.832209758998,2249.8322097589976,2.021250068844808e-16,2054.0,195.83220975899803,0.9990057945251465,0.05427074432373047,3508,948,2997,,,,,,sweep,,,16,-0.7499999999999993,15,,
phase2,taker-sweep,2026-08-14T22:32:58.400253+00:00,jingjie-cpu-08.mae.cornell.edu,4cf37e9,50947,22,syn-s2-n12,84d029a05767,12,6,09f30b84fda8,cc470ce194c9,2,136.0,136.9,2136.0,2253.9822097589977,117.98220975899767,exact-milp/taker,GRB,OPTIMAL,2253.9822097589977,2253.9822097589977,0.0,2054.0000000000005,199.98220975899721,1.195279836654663,0.056548118591308594,3508,948,2997,,,,,,sweep,,,16,-0.6999999999999993,16,,
phase2,taker-sweep,2026-08-14T22:32:59.703743+00:00,jingjie-cpu-08.mae.cornell.edu,4cf37e9,50947,22,syn-s2-n12,84d029a05767,12,6,09f30b84fda8,cc470ce194c9,2,136.0,136.9,2136.0,2258.1322097589978,122.13220975899776,exact-milp/taker,GRB,OPTIMAL,2258.1322097589978,2258.1322097589978,0.0,2054.0000000000005,204.1322097589973,1.1600418090820312,0.0541532039642334,3508,948,2997,,,,,,sweep,,,16,-0.6499999999999992,17,,
phase2,taker-sweep,2026-08-14T22:33:01.661299+00:00,jingjie-cpu-08.mae.cornell.edu,4cf37e9,50947,22,syn-s2-n12,84d029a05767,12,6,62cc6de50b8e,97893281320c,2,136.0,136.9,2136.0,2261.9604261400527,125.96042614005273,exact-milp/taker,GRB,OPTIMAL,2261.9604261400527,2261.9604261400527,0.0,2054.0,207.96042614005273,1.6939334869384766,0.05485820770263672,3508,948,2997,,,,,,sweep,,,16,-0.5999999999999992,18,,
phase2,taker-sweep,2026-08-14T22:33:03.237832+00:00,jingjie-cpu-08.mae.cornell.edu,4cf37e9,50947,22,syn-s2-n12,84d029a05767,12,6,62cc6de50b8e,97893281320c,2,136.0,136.9,2136.0,2262.9504261400525,126.95042614005251,exact-milp/taker,GRB,OPTIMAL,2262.9504261400525,2262.9504261400525,0.0,2054.0,208.9504261400525,1.4351859092712402,0.052861690521240234,3508,948,2997,,,,,,sweep,,,16,-0.5499999999999992,19,,
phase2,taker-sweep,2026-08-14T22:33:04.473594+00:00,jingjie-cpu-08.mae.cornell.edu,4cf37e9,50947,22,syn-s2-n12,84d029a05767,12,6,62cc6de50b8e,f2b94c53f147,2,136.0,136.9,2136.0,2263.390319637253,127.39031963725301,exact-milp/taker,GRB,OPTIMAL,2263.390319637253,2263.390319637253,0.0,2054.0,209.39031963725301,1.1025617122650146,0.0465087890625,3508,948,2997,,,,,,sweep,,,16,-0.4999999999999991,20,,
phase2,taker-sweep,2026-08-14T22:33:05.728921+00:00,jingjie-cpu-08.mae.cornell.edu,4cf37e9,50947,22,syn-s2-n12,84d029a05767,12,6,62cc6de50b8e,f2b94c53f147,2,136.0,136.9,2136.0,2263.390319637253,127.39031963725301,exact-milp/taker,GRB,OPTIMAL,2263.390319637253,2263.390319637253,0.0,2054.0,209.39031963725301,1.105794906616211,0.05277824401855469,3508,948,2997,,,,,,sweep,,,16,-0.44999999999999907,21,,
phase2,taker-sweep,2026-08-14T22:33:07.262513+00:00,jingjie-cpu-08.mae.cornell.edu,4cf37e9,50947,22,syn-s2-n12,84d029a05767,12,6,62cc6de50b8e,f2b94c53f147,2,136.0,136.9,2136.0,2263.390319637253,127.39031963725301,exact-milp/taker,GRB,OPTIMAL,2263.390319637253,2263.390319637253,0.0,2054.0,209.39031963725301,1.388629674911499,0.05353951454162598,3508,948,2997,,,,,,sweep,,,16,-0.399999999999999,22,,
phase2,taker-sweep,2026-08-14T22:33:08.682631+00:00,jingjie-cpu-08.mae.cornell.edu,4cf37e9,50947,22,syn-s2-n12,84d029a05767,12,6,62cc6de50b8e,f2b94c53f147,2,136.0,136.9,2136.0,2263.390319637253,127.39031963725301,exact-milp/taker,GRB,OPTIMAL,2263.390319637253,2263.390319637253,0.0,2054.0,209.39031963725301,1.2818949222564697,0.04988574981689453,3508,948,2997,,,,,,sweep,,,16,-0.349999999999999,23,,
phase2,taker-sweep,2026-08-14T22:33:10.131035+00:00,jingjie-cpu-08.mae.cornell.edu,4cf37e9,50947,22,syn-s2-n12,84d029a05767,12,6,62cc6de50b8e,f2b94c53f147,2,136.0,136.9,2136.0,2263.390319637253,127.39031963725301,exact-milp/taker,GRB,OPTIMAL,2263.390319637253,2263.390319637253,0.0,2054.0,209.39031963725301,1.312870740890503,0.047579050064086914,3508,948,2997,,,,,,sweep,,,16,-0.29999999999999893,24,,
phase2,taker-sweep,2026-08-14T22:33:11.460549+00:00,jingjie-cpu-08.mae.cornell.edu,4cf37e9,50947,22,syn-s2-n12,84d029a05767,12,6,62cc6de50b8e,f2b94c53f147,2,136.0,136.9,2136.0,2263.390319637253,127.39031963725301,exact-milp/taker,GRB,OPTIMAL,2263.390319637253,2263.390319637253,0.0,2054.0,209.39031963725301,1.1859757900238037,0.05516195297241211,3508,948,2997,,,,,,sweep,,,16,-0.2499999999999989,25,,
phase2,taker-sweep,2026-08-14T22:33:12.794060+00:00,jingjie-cpu-08.mae.cornell.edu,4cf37e9,50947,22,syn-s2-n12,84d029a05767,12,6,62cc6de50b8e,f2b94c53f147,2,136.0,136.9,2136.0,2263.390319637253,127.39031963725301,exact-milp/taker,GRB,OPTIMAL,2263.390319637253,2263.390319637253,0.0,2054.0,209.39031963725301,1.1923322677612305,0.05291390419006348,3508,948,2997,,,,,,sweep,,,16,-0.19999999999999885,26,,
phase2,taker-sweep,2026-08-14T22:33:14.187138+00:00,jingjie-cpu-08.mae.cornell.edu,4cf37e9,50947,22,syn-s2-n12,84d029a05767,12,6,62cc6de50b8e,f2b94c53f147,2,136.0,136.9,2136.0,2263.390319637253,127.39031963725301,exact-milp/taker,GRB,OPTIMAL,2263.390319637253,2263.390319637253,0.0,2054.0,209.39031963725301,1.243966817855835,0.0539088249206543,3508,948,2997,,,,,,sweep,,,16,-0.1499999999999988,27,,
phase2,taker-sweep,2026-08-14T22:33:15.562388+00:00,jingjie-cpu-08.mae.cornell.edu,4cf37e9,50947,22,syn-s2-n12,84d029a05767,12,6,62cc6de50b8e,f2b94c53f147,2,136.0,136.9,2136.0,2263.390319637253,127.39031963725301,exact-milp/taker,GRB,OPTIMAL,2263.390319637253,2263.390319637253,0.0,2054.0,209.39031963725301,1.2329866886138916,0.053189992904663086,3508,948,2997,,,,,,sweep,,,16,-0.09999999999999876,28,,
phase2,taker-sweep,2026-08-14T22:33:16.939301+00:00,jingjie-cpu-08.mae.cornell.edu,4cf37e9,50947,22,syn-s2-n12,84d029a05767,12,6,62cc6de50b8e,f2b94c53f147,2,136.0,136.9,2136.0,2263.390319637253,127.39031963725301,exact-milp/taker,GRB,OPTIMAL,2263.390319637253,2263.390319637253,0.0,2054.0,209.39031963725301,1.238598346710205,0.049791574478149414,3508,948,2997,,,,,,sweep,,,16,-0.04999999999999871,29,,
phase2,taker-sweep,2026-08-14T22:33:18.344956+00:00,jingjie-cpu-08.mae.cornell.edu,4cf37e9,50947,22,syn-s2-n12,84d029a05767,12,6,62cc6de50b8e,f2b94c53f147,2,136.0,136.9,2136.0,2263.390319637253,127.39031963725301,exact-milp/taker,GRB,OPTIMAL,2263.390319637253,2263.390319637253,0.0,2054.0,209.39031963725301,1.264021396636963,0.05329132080078125,3508,948,2997,,,,,,sweep,,,16,1.3322676295501878e-15,30,,
phase2,taker-sweep,2026-08-14T22:33:19.671920+00:00,jingjie-cpu-08.mae.cornell.edu,4cf37e9,50947,22,syn-s2-n12,84d029a05767,12,6,62cc6de50b8e,f2b94c53f147,2,136.0,136.9,2136.0,2263.390319637253,127.39031963725301,exact-milp/taker,GRB,OPTIMAL,2263.390319637253,2263.390319637253,0.0,2054.0,209.39031963725301,1.1844754219055176,0.053516387939453125,3508,948,2997,,,,,,sweep,,,16,0.05000000000000138,31,,
phase2,taker-sweep,2026-08-14T22:33:21.433752+00:00,jingjie-cpu-08.mae.cornell.edu,4cf37e9,50947,22,syn-s2-n12,84d029a05767,12,6,62cc6de50b8e,f2b94c53f147,2,136.0,136.9,2136.0,2263.390319637253,127.39031963725301,exact-milp/taker,GRB,OPTIMAL,2263.390319637253,2263.390319637253,0.0,2054.0,209.39031963725301,1.5003440380096436,0.05123424530029297,3508,948,2997,,,,,,sweep,,,16,0.10000000000000142,32,,
phase2,taker-sweep,2026-08-14T22:33:22.767020+00:00,jingjie-cpu-08.mae.cornell.edu,4cf37e9,50947,22,syn-s2-n12,84d029a05767,12,6,62cc6de50b8e,f2b94c53f147,2,136.0,136.9,2136.0,2263.390319637253,127.39031963725301,exact-milp/taker,GRB,OPTIMAL,2263.390319637253,2263.390319637253,0.0,2054.0,209.39031963725301,1.1923930644989014,0.052671194076538086,3508,948,2997,,,,,,sweep,,,16,0.15000000000000147,33,,
phase2,taker-sweep,2026-08-14T22:33:24.103081+00:00,jingjie-cpu-08.mae.cornell.edu,4cf37e9,50947,22,syn-s2-n12,84d029a05767,12,6,62cc6de50b8e,f2b94c53f147,2,136.0,136.9,2136.0,2263.390319637253,127.39031963725301,exact-milp/taker,GRB,OPTIMAL,2263.390319637253,2263.390319637253,0.0,2054.0,209.39031963725301,1.1840689182281494,0.05326986312866211,3508,948,2997,,,,,,sweep,,,16,0.2000000000000015,34,,
phase2,taker-sweep,2026-08-14T22:33:25.376162+00:00,jingjie-cpu-08.mae.cornell.edu,4cf37e9,50947,22,syn-s2-n12,84d029a05767,12,6,62cc6de50b8e,f2b94c53f147,2,136.0,136.9,2136.0,2263.390319637253,127.39031963725301,exact-milp/taker,GRB,OPTIMAL,2263.390319637253,2263.390319637253,0.0,2054.0,209.39031963725301,1.1316838264465332,0.052014827728271484,3508,948,2997,,,,,,sweep,,,16,0.25000000000000155,35,,
phase2,taker-sweep,2026-08-14T22:33:26.791494+00:00,jingjie-cpu-08.mae.cornell.edu,4cf37e9,50947,22,syn-s2-n12,84d029a05767,12,6,62cc6de50b8e,f2b94c53f147,2,136.0,136.9,2136.0,2263.390319637253,127.39031963725301,exact-milp/taker,GRB,OPTIMAL,2263.390319637253,2263.390319637253,0.0,2054.0,209.39031963725301,1.2747738361358643,0.0519716739654541,3508,948,2997,,,,,,sweep,,,16,0.3000000000000016,36,,
phase2,taker-sweep,2026-08-14T22:33:28.156953+00:00,jingjie-cpu-08.mae.cornell.edu,4cf37e9,50947,22,syn-s2-n12,84d029a05767,12,6,62cc6de50b8e,f2b94c53f147,2,136.0,136.9,2136.0,2263.390319637253,127.39031963725301,exact-milp/taker,GRB,OPTIMAL,2263.390319637253,2263.390319637253,0.0,2054.0,209.39031963725301,1.2301380634307861,0.0459904670715332,3508,948,2997,,,,,,sweep,,,16,0.35000000000000164,37,,
phase2,taker-sweep,2026-08-14T22:33:29.415497+00:00,jingjie-cpu-08.mae.cornell.edu,4cf37e9,50947,22,syn-s2-n12,84d029a05767,12,6,62cc6de50b8e,f2b94c53f147,2,136.0,136.9,2136.0,2263.390319637253,127.39031963725301,exact-milp/taker,GRB,OPTIMAL,2263.390319637253,2263.390319637253,0.0,2054.0,209.39031963725301,1.1096293926239014,0.052147865295410156,3508,948,2997,,,,,,sweep,,,16,0.4000000000000017,38,,
phase2,taker-sweep,2026-08-14T22:33:30.713019+00:00,jingjie-cpu-08.mae.cornell.edu,4cf37e9,50947,22,syn-s2-n12,84d029a05767,12,6,62cc6de50b8e,f2b94c53f147,2,136.0,136.9,2136.0,2263.390319637253,127.39031963725301,exact-milp/taker,GRB,OPTIMAL,2263.390319637253,2263.390319637253,0.0,2054.0,209.39031963725301,1.1580147743225098,0.05077624320983887,3508,948,2997,,,,,,sweep,,,16,0.45000000000000173,39,,
phase2,taker-sweep,2026-08-14T22:33:32.041187+00:00,jingjie-cpu-08.mae.cornell.edu,4cf37e9,50947,22,syn-s2-n12,84d029a05767,12,6,62cc6de50b8e,f2b94c53f147,2,136.0,136.9,2136.0,2263.390319637253,127.39031963725301,exact-milp/taker,GRB,OPTIMAL,2263.390319637253,2263.390319637253,0.0,2054.0,209.39031963725301,1.1818909645080566,0.05275535583496094,3508,948,2997,,,,,,sweep,,,16,0.5000000000000018,40,,
phase2,taker-sweep,2026-08-14T22:33:33.392868+00:00,jingjie-cpu-08.mae.cornell.edu,4cf37e9,50947,22,syn-s2-n12,84d029a05767,12,6,62cc6de50b8e,f2b94c53f147,2,136.0,136.9,2136.0,2263.390319637253,127.39031963725301,exact-milp/taker,GRB,OPTIMAL,2263.390319637253,2263.390319637253,0.0,2054.0,209.39031963725301,1.2141108512878418,0.04881405830383301,3508,948,2997,,,,,,sweep,,,16,0.5500000000000016,41,,
phase2,taker-sweep,2026-08-14T22:33:34.642873+00:00,jingjie-cpu-08.mae.cornell.edu,4cf37e9,50947,22,syn-s2-n12,84d029a05767,12,6,62cc6de50b8e,f2b94c53f147,2,136.0,136.9,2136.0,2263.390319637253,127.39031963725301,exact-milp/taker,GRB,OPTIMAL,2263.390319637253,2263.390319637253,0.0,2054.0,209.39031963725301,1.1070551872253418,0.05227923393249512,3508,948,2997,,,,,,sweep,,,16,0.6000000000000019,42,,
phase2,taker-sweep,2026-08-14T22:33:36.003782+00:00,jingjie-cpu-08.mae.cornell.edu,4cf37e9,50947,22,syn-s2-n12,84d029a05767,12,6,62cc6de50b8e,f2b94c53f147,2,136.0,136.9,2136.0,2263.390319637253,127.39031963725301,exact-milp/taker,GRB,OPTIMAL,2263.390319637253,2263.390319637253,0.0,2054.0,209.39031963725301,1.2202863693237305,0.05190157890319824,3508,948,2997,,,,,,sweep,,,16,0.6500000000000021,43,,
phase2,taker-sweep,2026-08-14T22:33:37.381491+00:00,jingjie-cpu-08.mae.cornell.edu,4cf37e9,50947,22,syn-s2-n12,84d029a05767,12,6,62cc6de50b8e,f2b94c53f147,2,136.0,136.9,2136.0,2263.390319637253,127.39031963725301,exact-milp/taker,GRB,OPTIMAL,2263.390319637253,2263.390319637253,0.0,2054.0,209.39031963725301,1.241086721420288,0.048697710037231445,3508,948,2997,,,,,,sweep,,,16,0.700000000000002,44,,
phase2,taker-sweep,2026-08-14T22:33:38.912863+00:00,jingjie-cpu-08.mae.cornell.edu,4cf37e9,50947,22,syn-s2-n12,84d029a05767,12,6,62cc6de50b8e,f2b94c53f147,2,136.0,136.9,2136.0,2263.390319637253,127.39031963725301,exact-milp/taker,GRB,OPTIMAL,2263.390319637253,2263.390319637253,0.0,2054.0,209.39031963725301,1.2534148693084717,0.05076026916503906,3508,948,2997,,,,,,sweep,,,16,0.7500000000000018,45,,
phase2,taker-sweep,2026-08-14T22:33:40.259820+00:00,jingjie-cpu-08.mae.cornell.edu,4cf37e9,50947,22,syn-s2-n12,84d029a05767,12,6,62cc6de50b8e,f2b94c53f147,2,136.0,136.9,2136.0,2263.390319637253,127.39031963725301,exact-milp/taker,GRB,OPTIMAL,2263.390319637253,2263.390319637253,0.0,2054.0,209.39031963725301,1.2056307792663574,0.051492929458618164,3508,948,2997,,,,,,sweep,,,16,0.800000000000002,46,,
phase2,taker-sweep,2026-08-14T22:33:41.497449+00:00,jingjie-cpu-08.mae.cornell.edu,4cf37e9,50947,22,syn-s2-n12,84d029a05767,12,6,62cc6de50b8e,f2b94c53f147,2,136.0,136.9,2136.0,2263.390319637253,127.39031963725301,exact-milp/taker,GRB,OPTIMAL,2263.390319637253,2263.390319637253,0.0,2054.0,209.39031963725301,1.089442253112793,0.04961800575256348,3508,948,2997,,,,,,sweep,,,16,0.8500000000000023,47,,
phase2,taker-sweep,2026-08-14T22:33:42.672891+00:00,jingjie-cpu-08.mae.cornell.edu,4cf37e9,50947,22,syn-s2-n12,84d029a05767,12,6,62cc6de50b8e,f2b94c53f147,2,136.0,136.9,2136.0,2263.390319637253,127.39031963725301,exact-milp/taker,GRB,OPTIMAL,2263.390319637253,2263.390319637253,0.0,2054.0,209.39031963725301,1.0314090251922607,0.05119967460632324,3508,948,2997,,,,,,sweep,,,16,0.9000000000000021,48,,
phase2,taker-sweep,2026-08-14T22:33:44.101345+00:00,jingjie-cpu-08.mae.cornell.edu,4cf37e9,50947,22,syn-s2-n12,84d029a05767,12,6,62cc6de50b8e,f2b94c53f147,2,136.0,136.9,2136.0,2263.390319637253,127.39031963725301,exact-milp/taker,GRB,OPTIMAL,2263.390319637253,2263.390319637253,0.0,2054.0,209.39031963725301,1.292017936706543,0.0460963249206543,3508,948,2997,,,,,,sweep,,,16,0.950000000000002,49,,
phase2,taker-sweep,2026-08-14T22:33:45.366135+00:00,jingjie-cpu-08.mae.cornell.edu,4cf37e9,50947,22,syn-s2-n12,84d029a05767,12,6,62cc6de50b8e,f2b94c53f147,2,136.0,136.9,2136.0,2263.390319637253,127.39031963725301,exact-milp/taker,GRB,OPTIMAL,2263.390319637253,2263.390319637253,0.0,2054.0,209.39031963725301,1.1255593299865723,0.04697704315185547,3508,948,2997,,,,,,sweep,,,16,1.0000000000000022,50,,
phase2,taker-sweep,2026-08-14T22:33:46.721230+00:00,jingjie-cpu-08.mae.cornell.edu,4cf37e9,50947,22,syn-s2-n12,84d029a05767,12,6,62cc6de50b8e,f2b94c53f147,2,136.0,136.9,2136.0,2263.390319637253,127.39031963725301,exact-milp/taker,GRB,OPTIMAL,2263.390319637253,2263.390319637253,0.0,2054.0,209.39031963725301,1.2145943641662598,0.0513157844543457,3508,948,2997,,,,,,sweep,,,16,1.0500000000000025,51,,
phase2,taker-sweep,2026-08-14T22:33:48.080289+00:00,jingjie-cpu-08.mae.cornell.edu,4cf37e9,50947,22,syn-s2-n12,84d029a05767,12,6,62cc6de50b8e,f2b94c53f147,2,136.0,136.9,2136.0,2263.390319637253,127.39031963725301,exact-milp/taker,GRB,OPTIMAL,2263.390319637253,2263.390319637253,0.0,2054.0,209.39031963725301,1.2193241119384766,0.05155634880065918,3508,948,2997,,,,,,sweep,,,16,1.1000000000000023,52,,
phase2,taker-sweep,2026-08-14T22:33:49.748020+00:00,jingjie-cpu-08.mae.cornell.edu,4cf37e9,50947,22,syn-s2-n12,84d029a05767,12,6,62cc6de50b8e,f2b94c53f147,2,136.0,136.9,2136.0,2263.390319637253,127.39031963725301,exact-milp/taker,GRB,OPTIMAL,2263.390319637253,2263.390319637253,0.0,2054.0,209.39031963725301,1.522049903869629,0.05236530303955078,3508,948,2997,,,,,,sweep,,,16,1.1500000000000021,53,,
phase2,taker-sweep,2026-08-14T22:33:51.168644+00:00,jingjie-cpu-08.mae.cornell.edu,4cf37e9,50947,22,syn-s2-n12,84d029a05767,12,6,62cc6de50b8e,f2b94c53f147,2,136.0,136.9,2136.0,2263.390319637253,127.39031963725301,exact-milp/taker,GRB,OPTIMAL,2263.390319637253,2263.390319637253,0.0,2054.0,209.39031963725301,1.2792372703552246,0.05202531814575195,3508,948,2997,,,,,,sweep,,,16,1.2000000000000024,54,,
phase2,taker-sweep,2026-08-14T22:33:52.467726+00:00,jingjie-cpu-08.mae.cornell.edu,4cf37e9,50947,22,syn-s2-n12,84d029a05767,12,6,62cc6de50b8e,f2b94c53f147,2,136.0,136.9,2136.0,2263.390319637253,127.39031963725301,exact-milp/taker,GRB,OPTIMAL,2263.390319637253,2263.390319637253,0.0,2054.0,209.39031963725301,1.1606473922729492,0.04896712303161621,3508,948,2997,,,,,,sweep,,,16,1.2500000000000027,55,,
phase2,taker-sweep,2026-08-14T22:33:53.684327+00:00,jingjie-cpu-08.mae.cornell.edu,4cf37e9,50947,22,syn-s2-n12,84d029a05767,12,6,62cc6de50b8e,f2b94c53f147,2,136.0,136.9,2136.0,2263.390319637253,127.39031963725301,exact-milp/taker,GRB,OPTIMAL,2263.390319637253,2263.390319637253,0.0,2054.0,209.39031963725301,1.07295823097229,0.05401968955993652,3508,948,2997,,,,,,sweep,,,16,1.3000000000000025,56,,
phase2,taker-sweep,2026-08-14T22:33:55.074525+00:00,jingjie-cpu-08.mae.cornell.edu,4cf37e9,50947,22,syn-s2-n12,84d029a05767,12,6,62cc6de50b8e,f2b94c53f147,2,136.0,136.9,2136.0,2263.390319637253,127.39031963725301,exact-milp/taker,GRB,OPTIMAL,2263.390319637253,2263.390319637253,0.0,2054.0,209.39031963725301,1.2436246871948242,0.05644536018371582,3508,948,2997,,,,,,sweep,,,16,1.3500000000000023,57,,
phase2,taker-sweep,2026-08-14T22:33:56.679574+00:00,jingjie-cpu-08.mae.cornell.edu,4cf37e9,50947,22,syn-s2-n12,84d029a05767,12,6,62cc6de50b8e,f2b94c53f147,2,136.0,136.9,2136.0,2263.390319637253,127.39031963725301,exact-milp/taker,GRB,OPTIMAL,2263.390319637253,2263.390319637253,0.0,2054.0,209.39031963725301,1.3237934112548828,0.05586433410644531,3508,948,2997,,,,,,sweep,,,16,1.4000000000000026,58,,
phase2,taker-sweep,2026-08-14T22:33:58.182030+00:00,jingjie-cpu-08.mae.cornell.edu,4cf37e9,50947,22,syn-s2-n12,84d029a05767,12,6,62cc6de50b8e,f2b94c53f147,2,136.0,136.9,2136.0,2263.390319637253,127.39031963725301,exact-milp/taker,GRB,OPTIMAL,2263.390319637253,2263.390319637253,0.0,2054.0,209.39031963725301,1.361036777496338,0.0514068603515625,3508,948,2997,,,,,,sweep,,,16,1.4500000000000028,59,,
phase2,taker-sweep,2026-08-14T22:33:59.517758+00:00,jingjie-cpu-08.mae.cornell.edu,4cf37e9,50947,22,syn-s2-n12,84d029a05767,12,6,62cc6de50b8e,f2b94c53f147,2,136.0,136.9,2136.0,2263.390319637253,127.39031963725301,exact-milp/taker,GRB,OPTIMAL,2263.390319637253,2263.390319637253,0.0,2054.0,209.39031963725301,1.1817734241485596,0.05163002014160156,3508,948,2997,,,,,,sweep,,,16,1.5000000000000027,60,,
phase2,taker-sweep,2026-08-14T22:32:36.821475+00:00,jingjie-cpu-12.mae.cornell.edu,4cf37e9,50948,23,syn-s2-n12,84d029a05767,12,6,bf696ffe4e8e,0d7f2fbab8aa,2,144.0,170.0,2144.0,2254.808943892199,110.80894389219884,exact-milp/taker,GRB,OPTIMAL,2254.808943892199,2254.808943892199,0.0,2054.0,200.80894389219884,1.455157995223999,0.07032632827758789,3508,948,2997,,,,,,sweep,,,20,-1.5,0,,
phase2,taker-sweep,2026-08-14T22:32:39.254530+00:00,jingjie-cpu-12.mae.cornell.edu,4cf37e9,50948,23,syn-s2-n12,84d029a05767,12,6,bf696ffe4e8e,3e3ca7f71cc5,2,144.0,138.5,2144.0,2256.4744324410003,112.47443244100032,exact-milp/taker,GRB,OPTIMAL,2256.4744324410003,2256.474432441,2.015300259327686e-16,2054.0,202.47443244100032,2.2734484672546387,0.06516599655151367,3508,948,2997,,,,,,sweep,,,20,-1.45,1,,
phase2,taker-sweep,2026-08-14T22:32:41.363833+00:00,jingjie-cpu-12.mae.cornell.edu,4cf37e9,50948,23,syn-s2-n12,84d029a05767,12,6,bf696ffe4e8e,3e3ca7f71cc5,2,144.0,138.5,2144.0,2257.5994324410003,113.59943244100032,exact-milp/taker,GRB,OPTIMAL,2257.5994324410003,2257.599432441,2.0142960011058047e-16,2054.0,203.59943244100032,1.935354471206665,0.0687096118927002,3508,948,2997,,,,,,sweep,,,20,-1.4,2,,
phase2,taker-sweep,2026-08-14T22:32:44.152161+00:00,jingjie-cpu-12.mae.cornell.edu,4cf37e9,50948,23,syn-s2-n12,84d029a05767,12,6,984cd4ba097f,3e3ca7f71cc5,2,144.0,138.499977,2144.0,2258.724429252824,114.72442925282394,exact-milp/taker,GRB,OPTIMAL,2258.724429252824,2258.724429252824,0.0,2054.0,204.72442925282394,2.6338422298431396,0.05561685562133789,3508,948,2997,,,,,,sweep,,,20,-1.3499999999999999,3,,
phase2,taker-sweep,2026-08-14T22:32:46.870557+00:00,jingjie-cpu-12.mae.cornell.edu,4cf37e9,50948,23,syn-s2-n12,84d029a05767,12,6,bf696ffe4e8e,3e3ca7f71cc5,2,144.0,138.5,2144.0,2259.8494324410003,115.84943244100032,exact-milp/taker,GRB,OPTIMAL,2259.8494324410003,2259.8494324410003,0.0,2054.0,205.84943244100032,2.540492296218872,0.0695188045501709,3508,948,2997,,,,,,sweep,,,20,-1.2999999999999998,4,,
phase2,taker-sweep,2026-08-14T22:32:49.462942+00:00,jingjie-cpu-12.mae.cornell.edu,4cf37e9,50948,23,syn-s2-n12,84d029a05767,12,6,bf696ffe4e8e,3e3ca7f71cc5,2,144.0,138.5,2144.0,2260.9744324410003,116.97443244100032,exact-milp/taker,GRB,OPTIMAL,2260.9744324410003,2260.9744324410003,0.0,2054.0,206.97443244100032,2.3528389930725098,0.06468558311462402,3508,948,2997,,,,,,sweep,,,20,-1.2499999999999998,5,,
phase2,taker-sweep,2026-08-14T22:32:52.262914+00:00,jingjie-cpu-12.mae.cornell.edu,4cf37e9,50948,23,syn-s2-n12,84d029a05767,12,6,bf696ffe4e8e,3e3ca7f71cc5,2,144.0,138.5,2144.0,2262.0994324410003,118.09943244100032,exact-milp/taker,GRB,OPTIMAL,2262.0994324410003,2262.0994324410003,0.0,2054.0,208.09943244100032,2.6564762592315674,0.05261516571044922,3508,948,2997,,,,,,sweep,,,20,-1.1999999999999997,6,,
phase2,taker-sweep,2026-08-14T22:32:54.099816+00:00,jingjie-cpu-12.mae.cornell.edu,4cf37e9,50948,23,syn-s2-n12,84d029a05767,12,6,bf696ffe4e8e,3e3ca7f71cc5,2,144.0,138.5,2144.0,2263.2244324410003,119.22443244100032,exact-milp/taker,GRB,OPTIMAL,2263.2244324410003,2263.2244324410003,0.0,2054.0,209.22443244100032,1.6775500774383545,0.06371617317199707,3508,948,2997,,,,,,sweep,,,20,-1.1499999999999997,7,,
phase2,taker-sweep,2026-08-14T22:32:56.219512+00:00,jingjie-cpu-12.mae.cornell.edu,4cf37e9,50948,23,syn-s2-n12,84d029a05767,12,6,62cc6de50b8e,f2b94c53f147,2,136.0,136.9,2136.0,2263.390319637253,127.39031963725301,exact-milp/taker,GRB,OPTIMAL,2263.390319637253,2263.390319637253,0.0,2054.0,209.39031963725301,1.9670398235321045,0.06343460083007812,3508,948,2997,,,,,,sweep,,,20,-1.0999999999999996,8,,
phase2,taker-sweep,2026-08-14T22:32:57.984433+00:00,jingjie-cpu-12.mae.cornell.edu,4cf37e9,50948,23,syn-s2-n12,84d029a05767,12,6,62cc6de50b8e,f2b94c53f147,2,136.0,136.9,2136.0,2263.390319637253,127.39031963725301,exact-milp/taker,GRB,OPTIMAL,2263.390319637253,2263.390319637253,0.0,2054.0,209.39031963725301,1.6089332103729248,0.05627560615539551,3508,948,2997,,,,,,sweep,,,20,-1.0499999999999996,9,,
phase2,taker-sweep,2026-08-14T22:33:00.180170+00:00,jingjie-cpu-12.mae.cornell.edu,4cf37e9,50948,23,syn-s2-n12,84d029a05767,12,6,62cc6de50b8e,f2b94c53f147,2,136.0,136.9,2136.0,2263.390319637253,127.39031963725301,exact-milp/taker,GRB,OPTIMAL,2263.390319637253,2263.390319637253,0.0,2054.0,209.39031963725301,2.0486810207366943,0.057120323181152344,3508,948,2997,,,,,,sweep,,,20,-0.9999999999999996,10,,
phase2,taker-sweep,2026-08-14T22:33:01.858626+00:00,jingjie-cpu-12.mae.cornell.edu,4cf37e9,50948,23,syn-s2-n12,84d029a05767,12,6,62cc6de50b8e,f2b94c53f147,2,136.0,136.9,2136.0,2263.390319637253,127.39031963725301,exact-milp/taker,GRB,OPTIMAL,2263.390319637253,2263.390319637253,0.0,2054.0,209.39031963725301,1.5297479629516602,0.0562896728515625,3508,948,2997,,,,,,sweep,,,20,-0.9499999999999995,11,,
phase2,taker-sweep,2026-08-14T22:33:04.852456+00:00,jingjie-cpu-12.mae.cornell.edu,4cf37e9,50948,23,syn-s2-n12,84d029a05767,12,6,62cc6de50b8e,f2b94c53f147,2,136.0,136.9,2136.0,2263.390319637253,127.39031963725301,exact-milp/taker,GRB,OPTIMAL,2263.390319637253,2263.390319637253,0.0,2054.0,209.39031963725301,2.8388335704803467,0.06358194351196289,3508,948,2997,,,,,,sweep,,,20,-0.8999999999999995,12,,
phase2,taker-sweep,2026-08-14T22:33:07.542628+00:00,jingjie-cpu-12.mae.cornell.edu,4cf37e9,50948,23,syn-s2-n12,84d029a05767,12,6,62cc6de50b8e,f2b94c53f147,2,136.0,136.9,2136.0,2263.390319637253,127.39031963725301,exact-milp/taker,GRB,OPTIMAL,2263.390319637253,2263.390319637253,0.0,2054.0,209.39031963725301,2.5346837043762207,0.06427574157714844,3508,948,2997,,,,,,sweep,,,20,-0.8499999999999994,13,,
phase2,taker-sweep,2026-08-14T22:33:09.671088+00:00,jingjie-cpu-12.mae.cornell.edu,4cf37e9,50948,23,syn-s2-n12,84d029a05767,12,6,62cc6de50b8e,f2b94c53f147,2,136.0,136.9,2136.0,2263.390319637253,127.39031963725301,exact-milp/taker,GRB,OPTIMAL,2263.390319637253,2263.390319637253,0.0,2054.0,209.39031963725301,1.9794533252716064,0.05744433403015137,3508,948,2997,,,,,,sweep,,,20,-0.7999999999999994,14,,
phase2,taker-sweep,2026-08-14T22:33:12.395725+00:00,jingjie-cpu-12.mae.cornell.edu,4cf37e9,50948,23,syn-s2-n12,84d029a05767,12,6,62cc6de50b8e,f2b94c53f147,2,136.0,136.9,2136.0,2263.390319637253,127.39031963725301,exact-milp/taker,GRB,OPTIMAL,2263.390319637253,2263.390319637253,0.0,2054.0,209.39031963725301,2.5604841709136963,0.05590653419494629,3508,948,2997,,,,,,sweep,,,20,-0.7499999999999993,15,,
phase2,taker-sweep,2026-08-14T22:33:14.167070+00:00,jingjie-cpu-12.mae.cornell.edu,4cf37e9,50948,23,syn-s2-n12,84d029a05767,12,6,62cc6de50b8e,f2b94c53f147,2,136.0,136.9,2136.0,2263.390319637253,127.39031963725301,exact-milp/taker,GRB,OPTIMAL,2263.390319637253,2263.390319637253,0.0,2054.0,209.39031963725301,1.624584674835205,0.05505228042602539,3508,948,2997,,,,,,sweep,,,20,-0.6999999999999993,16,,
phase2,taker-sweep,2026-08-14T22:33:15.837569+00:00,jingjie-cpu-12.mae.cornell.edu,4cf37e9,50948,23,syn-s2-n12,84d029a05767,12,6,62cc6de50b8e,f2b94c53f147,2,136.0,136.9,2136.0,2263.390319637253,127.39031963725301,exact-milp/taker,GRB,OPTIMAL,2263.390319637253,2263.390319637253,0.0,2054.0,209.39031963725301,1.5238912105560303,0.05318856239318848,3508,948,2997,,,,,,sweep,,,20,-0.6499999999999992,17,,
phase2,taker-sweep,2026-08-14T22:33:17.740254+00:00,jingjie-cpu-12.mae.cornell.edu,4cf37e9,50948,23,syn-s2-n12,84d029a05767,12,6,62cc6de50b8e,f2b94c53f147,2,136.0,136.9,2136.0,2263.390319637253,127.39031963725301,exact-milp/taker,GRB,OPTIMAL,2263.390319637253,2263.390319637253,0.0,2054.0,209.39031963725301,1.5859498977661133,0.06600785255432129,3508,948,2997,,,,,,sweep,,,20,-0.5999999999999992,18,,
phase2,taker-sweep,2026-08-14T22:33:19.320843+00:00,jingjie-cpu-12.mae.cornell.edu,4cf37e9,50948,23,syn-s2-n12,84d029a05767,12,6,62cc6de50b8e,f2b94c53f147,2,136.0,136.9,2136.0,2263.390319637253,127.39031963725301,exact-milp/taker,GRB,OPTIMAL,2263.390319637253,2263.390319637253,0.0,2054.0,209.39031963725301,1.429194450378418,0.04802584648132324,3508,948,2997,,,,,,sweep,,,20,-0.5499999999999992,19,,
phase2,taker-sweep,2026-08-14T22:33:20.701306+00:00,jingjie-cpu-12.mae.cornell.edu,4cf37e9,50948,23,syn-s2-n12,84d029a05767,12,6,62cc6de50b8e,f2b94c53f147,2,136.0,136.9,2136.0,2263.390319637253,127.39031963725301,exact-milp/taker,GRB,OPTIMAL,2263.390319637253,2263.390319637253,0.0,2054.0,209.39031963725301,1.2396550178527832,0.048874616622924805,3508,948,2997,,,,,,sweep,,,20,-0.4999999999999991,20,,
phase2,taker-sweep,2026-08-14T22:33:22.255190+00:00,jingjie-cpu-12.mae.cornell.edu,4cf37e9,50948,23,syn-s2-n12,84d029a05767,12,6,62cc6de50b8e,f2b94c53f147,2,136.0,136.9,2136.0,2263.390319637253,127.39031963725301,exact-milp/taker,GRB,OPTIMAL,2263.390319637253,2263.390319637253,0.0,2054.0,209.39031963725301,1.3853466510772705,0.058016300201416016,3508,948,2997,,,,,,sweep,,,20,-0.44999999999999907,21,,
phase2,taker-sweep,2026-08-14T22:33:24.033042+00:00,jingjie-cpu-12.mae.cornell.edu,4cf37e9,50948,23,syn-s2-n12,84d029a05767,12,6,62cc6de50b8e,f2b94c53f147,2,136.0,136.9,2136.0,2263.390319637253,127.39031963725301,exact-milp/taker,GRB,OPTIMAL,2263.390319637253,2263.390319637253,0.0,2054.0,209.39031963725301,1.6093850135803223,0.05758500099182129,3508,948,2997,,,,,,sweep,,,20,-0.399999999999999,22,,
phase2,taker-sweep,2026-08-14T22:33:25.843392+00:00,jingjie-cpu-12.mae.cornell.edu,4cf37e9,50948,23,syn-s2-n12,84d029a05767,12,6,62cc6de50b8e,f2b94c53f147,2,136.0,136.9,2136.0,2263.390319637253,127.39031963725301,exact-milp/taker,GRB,OPTIMAL,2263.390319637253,2263.390319637253,0.0,2054.0,209.39031963725301,1.6564230918884277,0.06310462951660156,3508,948,2997,,,,,,sweep,,,20,-0.349999999999999,23,,
phase2,taker-sweep,2026-08-14T22:33:27.421993+00:00,jingjie-cpu-12.mae.cornell.edu,4cf37e9,50948,23,syn-s2-n12,84d029a05767,12,6,62cc6de50b8e,f2b94c53f147,2,136.0,136.9,2136.0,2263.390319637253,127.39031963725301,exact-milp/taker,GRB,OPTIMAL,2263.390319637253,2263.390319637253,0.0,2054.0,209.39031963725301,1.420281171798706,0.06742215156555176,3508,948,2997,,,,,,sweep,,,20,-0.29999999999999893,24,,
phase2,taker-sweep,2026-08-14T22:33:28.970682+00:00,jingjie-cpu-12.mae.cornell.edu,4cf37e9,50948,23,syn-s2-n12,84d029a05767,12,6,62cc6de50b8e,f2b94c53f147,2,136.0,136.9,2136.0,2263.390319637253,127.39031963725301,exact-milp/taker,GRB,OPTIMAL,2263.390319637253,2263.390319637253,0.0,2054.0,209.39031963725301,1.402085781097412,0.05556988716125488,3508,948,2997,,,,,,sweep,,,20,-0.2499999999999989,25,,
phase2,taker-sweep,2026-08-14T22:33:30.821804+00:00,jingjie-cpu-12.mae.cornell.edu,4cf37e9,50948,23,syn-s2-n12,84d029a05767,12,6,62cc6de50b8e,f2b94c53f147,2,136.0,136.9,2136.0,2263.390319637253,127.39031963725301,exact-milp/taker,GRB,OPTIMAL,2263.390319637253,2263.390319637253,0.0,2054.0,209.39031963725301,1.6961874961853027,0.06389617919921875,3508,948,2997,,,,,,sweep,,,20,-0.19999999999999885,26,,
phase2,taker-sweep,2026-08-14T22:33:32.440495+00:00,jingjie-cpu-12.mae.cornell.edu,4cf37e9,50948,23,syn-s2-n12,84d029a05767,12,6,62cc6de50b8e,f2b94c53f147,2,136.0,136.9,2136.0,2263.390319637253,127.39031963725301,exact-milp/taker,GRB,OPTIMAL,2263.390319637253,2263.390319637253,0.0,2054.0,209.39031963725301,1.4500751495361328,0.06551551818847656,3508,948,2997,,,,,,sweep,,,20,-0.1499999999999988,27,,
phase2,taker-sweep,2026-08-14T22:33:34.093044+00:00,jingjie-cpu-12.mae.cornell.edu,4cf37e9,50948,23,syn-s2-n12,84d029a05767,12,6,62cc6de50b8e,f2b94c53f147,2,136.0,136.9,2136.0,2263.390319637253,127.39031963725301,exact-milp/taker,GRB,OPTIMAL,2263.390319637253,2263.390319637253,0.0,2054.0,209.39031963725301,1.4770140647888184,0.06246781349182129,3508,948,2997,,,,,,sweep,,,20,-0.09999999999999876,28,,
phase2,taker-sweep,2026-08-14T22:33:35.844681+00:00,jingjie-cpu-12.mae.cornell.edu,4cf37e9,50948,23,syn-s2-n12,84d029a05767,12,6,62cc6de50b8e,f2b94c53f147,2,136.0,136.9,2136.0,2263.390319637253,127.39031963725301,exact-milp/taker,GRB,OPTIMAL,2263.390319637253,2263.390319637253,0.0,2054.0,209.39031963725301,1.5960369110107422,0.06264543533325195,3508,948,2997,,,,,,sweep,,,20,-0.04999999999999871,29,,
phase2,taker-sweep,2026-08-14T22:33:37.241428+00:00,jingjie-cpu-12.mae.cornell.edu,4cf37e9,50948,23,syn-s2-n12,84d029a05767,12,6,62cc6de50b8e,f2b94c53f147,2,136.0,136.9,2136.0,2263.390319637253,127.39031963725301,exact-milp/taker,GRB,OPTIMAL,2263.390319637253,2263.390319637253,0.0,2054.0,209.39031963725301,1.2180113792419434,0.07117748260498047,3508,948,2997,,,,,,sweep,,,20,1.3322676295501878e-15,30,,
phase2,taker-sweep,2026-08-14T22:33:38.610488+00:00,jingjie-cpu-12.mae.cornell.edu,4cf37e9,50948,23,syn-s2-n12,84d029a05767,12,6,62cc6de50b8e,f2b94c53f147,2,136.0,136.9,2136.0,2263.390319637253,127.39031963725301,exact-milp/taker,GRB,OPTIMAL,2263.390319637253,2263.390319637253,0.0,2054.0,209.39031963725301,1.2121691703796387,0.06615138053894043,3508,948,2997,,,,,,sweep,,,20,0.05000000000000138,31,,
phase2,taker-sweep,2026-08-14T22:33:40.566085+00:00,jingjie-cpu-12.mae.cornell.edu,4cf37e9,50948,23,syn-s2-n12,84d029a05767,12,6,62cc6de50b8e,f2b94c53f147,2,136.0,136.9,2136.0,2263.390319637253,127.39031963725301,exact-milp/taker,GRB,OPTIMAL,2263.390319637253,2263.390319637253,0.0,2054.0,209.39031963725301,1.6228091716766357,0.06463313102722168,3508,948,2997,,,,,,sweep,,,20,0.10000000000000142,32,,
phase2,taker-sweep,2026-08-14T22:33:42.130208+00:00,jingjie-cpu-12.mae.cornell.edu,4cf37e9,50948,23,syn-s2-n12,84d029a05767,12,6,62cc6de50b8e,f2b94c53f147,2,136.0,136.9,2136.0,2263.390319637253,127.39031963725301,exact-milp/taker,GRB,OPTIMAL,2263.390319637253,2263.390319637253,0.0,2054.0,209.39031963725301,1.4106547832489014,0.06273126602172852,3508,948,2997,,,,,,sweep,,,20,0.15000000000000147,33,,
phase2,taker-sweep,2026-08-14T22:33:43.506147+00:00,jingjie-cpu-12.mae.cornell.edu,4cf37e9,50948,23,syn-s2-n12,84d029a05767,12,6,62cc6de50b8e,f2b94c53f147,2,136.0,136.9,2136.0,2263.390319637253,127.39031963725301,exact-milp/taker,GRB,OPTIMAL,2263.390319637253,2263.390319637253,0.0,2054.0,209.39031963725301,1.2156085968017578,0.06291389465332031,3508,948,2997,,,,,,sweep,,,20,0.2000000000000015,34,,
phase2,taker-sweep,2026-08-14T22:33:45.030554+00:00,jingjie-cpu-12.mae.cornell.edu,4cf37e9,50948,23,syn-s2-n12,84d029a05767,12,6,62cc6de50b8e,f2b94c53f147,2,136.0,136.9,2136.0,2263.390319637253,127.39031963725301,exact-milp/taker,GRB,OPTIMAL,2263.390319637253,2263.390319637253,0.0,2054.0,209.39031963725301,1.3712973594665527,0.06223154067993164,3508,948,2997,,,,,,sweep,,,20,0.25000000000000155,35,,
phase2,taker-sweep,2026-08-14T22:33:47.339967+00:00,jingjie-cpu-12.mae.cornell.edu,4cf37e9,50948,23,syn-s2-n12,84d029a05767,12,6,62cc6de50b8e,f2b94c53f147,2,136.0,136.9,2136.0,2263.390319637253,127.39031963725301,exact-milp/taker,GRB,OPTIMAL,2263.390319637253,2263.390319637253,0.0,2054.0,209.39031963725301,2.150423765182495,0.06273126602172852,3508,948,2997,,,,,,sweep,,,20,0.3000000000000016,36,,
phase2,taker-sweep,2026-08-14T22:33:49.148701+00:00,jingjie-cpu-12.mae.cornell.edu,4cf37e9,50948,23,syn-s2-n12,84d029a05767,12,6,62cc6de50b8e,f2b94c53f147,2,136.0,136.9,2136.0,2263.390319637253,127.39031963725301,exact-milp/taker,GRB,OPTIMAL,2263.390319637253,2263.390319637253,0.0,2054.0,209.39031963725301,1.6538565158843994,0.06290245056152344,3508,948,2997,,,,,,sweep,,,20,0.35000000000000164,37,,
phase2,taker-sweep,2026-08-14T22:33:50.995470+00:00,jingjie-cpu-12.mae.cornell.edu,4cf37e9,50948,23,syn-s2-n12,84d029a05767,12,6,62cc6de50b8e,f2b94c53f147,2,136.0,136.9,2136.0,2263.390319637253,127.39031963725301,exact-milp/taker,GRB,OPTIMAL,2263.390319637253,2263.390319637253,0.0,2054.0,209.39031963725301,1.6899912357330322,0.06372332572937012,3508,948,2997,,,,,,sweep,,,20,0.4000000000000017,38,,
phase2,taker-sweep,2026-08-14T22:33:52.586569+00:00,jingjie-cpu-12.mae.cornell.edu,4cf37e9,50948,23,syn-s2-n12,84d029a05767,12,6,62cc6de50b8e,f2b94c53f147,2,136.0,136.9,2136.0,2263.390319637253,127.39031963725301,exact-milp/taker,GRB,OPTIMAL,2263.390319637253,2263.390319637253,0.0,2054.0,209.39031963725301,1.4329140186309814,0.06609964370727539,3508,948,2997,,,,,,sweep,,,20,0.45000000000000173,39,,
phase2,taker-sweep,2026-08-14T22:33:54.392740+00:00,jingjie-cpu-12.mae.cornell.edu,4cf37e9,50948,23,syn-s2-n12,84d029a05767,12,6,62cc6de50b8e,f2b94c53f147,2,136.0,136.9,2136.0,2263.390319637253,127.39031963725301,exact-milp/taker,GRB,OPTIMAL,2263.390319637253,2263.390319637253,0.0,2054.0,209.39031963725301,1.6437489986419678,0.06244945526123047,3508,948,2997,,,,,,sweep,,,20,0.5000000000000018,40,,
phase2,taker-sweep,2026-08-14T22:33:56.421190+00:00,jingjie-cpu-12.mae.cornell.edu,4cf37e9,50948,23,syn-s2-n12,84d029a05767,12,6,62cc6de50b8e,f2b94c53f147,2,136.0,136.9,2136.0,2263.390319637253,127.39031963725301,exact-milp/taker,GRB,OPTIMAL,2263.390319637253,2263.390319637253,0.0,2054.0,209.39031963725301,1.8642773628234863,0.0706169605255127,3508,948,2997,,,,,,sweep,,,20,0.5500000000000016,41,,
phase2,taker-sweep,2026-08-14T22:33:58.407640+00:00,jingjie-cpu-12.mae.cornell.edu,4cf37e9,50948,23,syn-s2-n12,84d029a05767,12,6,62cc6de50b8e,f2b94c53f147,2,136.0,136.9,2136.0,2263.390319637253,127.39031963725301,exact-milp/taker,GRB,OPTIMAL,2263.390319637253,2263.390319637253,0.0,2054.0,209.39031963725301,1.8158674240112305,0.06342625617980957,3508,948,2997,,,,,,sweep,,,20,0.6000000000000019,42,,
phase2,taker-sweep,2026-08-14T22:34:00.238365+00:00,jingjie-cpu-12.mae.cornell.edu,4cf37e9,50948,23,syn-s2-n12,84d029a05767,12,6,62cc6de50b8e,f2b94c53f147,2,136.0,136.9,2136.0,2263.390319637253,127.39031963725301,exact-milp/taker,GRB,OPTIMAL,2263.390319637253,2263.390319637253,0.0,2054.0,209.39031963725301,1.6762185096740723,0.0628044605255127,3508,948,2997,,,,,,sweep,,,20,0.6500000000000021,43,,
phase2,taker-sweep,2026-08-14T22:34:02.122332+00:00,jingjie-cpu-12.mae.cornell.edu,4cf37e9,50948,23,syn-s2-n12,84d029a05767,12,6,62cc6de50b8e,f2b94c53f147,2,136.0,136.9,2136.0,2263.390319637253,127.39031963725301,exact-milp/taker,GRB,OPTIMAL,2263.390319637253,2263.390319637253,0.0,2054.0,209.39031963725301,1.7224760055541992,0.0675668716430664,3508,948,2997,,,,,,sweep,,,20,0.700000000000002,44,,
phase2,taker-sweep,2026-08-14T22:34:03.765860+00:00,jingjie-cpu-12.mae.cornell.edu,4cf37e9,50948,23,syn-s2-n12,84d029a05767,12,6,62cc6de50b8e,f2b94c53f147,2,136.0,136.9,2136.0,2263.390319637253,127.39031963725301,exact-milp/taker,GRB,OPTIMAL,2263.390319637253,2263.390319637253,0.0,2054.0,209.39031963725301,1.3621125221252441,0.06547951698303223,3508,948,2997,,,,,,sweep,,,20,0.7500000000000018,45,,
phase2,taker-sweep,2026-08-14T22:34:05.746864+00:00,jingjie-cpu-12.mae.cornell.edu,4cf37e9,50948,23,syn-s2-n12,84d029a05767,12,6,62cc6de50b8e,f2b94c53f147,2,136.0,136.9,2136.0,2263.390319637253,127.39031963725301,exact-milp/taker,GRB,OPTIMAL,2263.390319637253,2263.390319637253,0.0,2054.0,209.39031963725301,1.826373815536499,0.06328082084655762,3508,948,2997,,,,,,sweep,,,20,0.800000000000002,46,,
phase2,taker-sweep,2026-08-14T22:34:07.715159+00:00,jingjie-cpu-12.mae.cornell.edu,4cf37e9,50948,23,syn-s2-n12,84d029a05767,12,6,62cc6de50b8e,f2b94c53f147,2,136.0,136.9,2136.0,2263.390319637253,127.39031963725301,exact-milp/taker,GRB,OPTIMAL,2263.390319637253,2263.390319637253,0.0,2054.0,209.39031963725301,1.8173739910125732,0.055703163146972656,3508,948,2997,,,,,,sweep,,,20,0.8500000000000023,47,,
phase2,taker-sweep,2026-08-14T22:34:09.545429+00:00,jingjie-cpu-12.mae.cornell.edu,4cf37e9,50948,23,syn-s2-n12,84d029a05767,12,6,62cc6de50b8e,f2b94c53f147,2,136.0,136.9,2136.0,2263.390319637253,127.39031963725301,exact-milp/taker,GRB,OPTIMAL,2263.390319637253,2263.390319637253,0.0,2054.0,209.39031963725301,1.6569318771362305,0.06426310539245605,3508,948,2997,,,,,,sweep,,,20,0.9000000000000021,48,,
phase2,taker-sweep,2026-08-14T22:34:11.651856+00:00,jingjie-cpu-12.mae.cornell.edu,4cf37e9,50948,23,syn-s2-n12,84d029a05767,12,6,62cc6de50b8e,f2b94c53f147,2,136.0,136.9,2136.0,2263.390319637253,127.39031963725301,exact-milp/taker,GRB,OPTIMAL,2263.390319637253,2263.390319637253,0.0,2054.0,209.39031963725301,1.9505255222320557,0.06327414512634277,3508,948,2997,,,,,,sweep,,,20,0.950000000000002,49,,
phase2,taker-sweep,2026-08-14T22:34:13.692038+00:00,jingjie-cpu-12.mae.cornell.edu,4cf37e9,50948,23,syn-s2-n12,84d029a05767,12,6,62cc6de50b8e,f2b94c53f147,2,136.0,136.9,2136.0,2263.390319637253,127.39031963725301,exact-milp/taker,GRB,OPTIMAL,2263.390319637253,2263.390319637253,0.0,2054.0,209.39031963725301,1.8844799995422363,0.06325483322143555,3508,948,2997,,,,,,sweep,,,20,1.0000000000000022,50,,
phase2,taker-sweep,2026-08-14T22:34:15.210185+00:00,jingjie-cpu-12.mae.cornell.edu,4cf37e9,50948,23,syn-s2-n12,84d029a05767,12,6,62cc6de50b8e,f2b94c53f147,2,136.0,136.9,2136.0,2263.390319637253,127.39031963725301,exact-milp/taker,GRB,OPTIMAL,2263.390319637253,2263.390319637253,0.0,2054.0,209.39031963725301,1.3633289337158203,0.06231236457824707,3508,948,2997,,,,,,sweep,,,20,1.0500000000000025,51,,
phase2,taker-sweep,2026-08-14T22:34:16.891150+00:00,jingjie-cpu-12.mae.cornell.edu,4cf37e9,50948,23,syn-s2-n12,84d029a05767,12,6,62cc6de50b8e,f2b94c53f147,2,136.0,136.9,2136.0,2263.390319637253,127.39031963725301,exact-milp/taker,GRB,OPTIMAL,2263.390319637253,2263.390319637253,0.0,2054.0,209.39031963725301,1.5254859924316406,0.06341814994812012,3508,948,2997,,,,,,sweep,,,20,1.1000000000000023,52,,
phase2,taker-sweep,2026-08-14T22:34:18.888726+00:00,jingjie-cpu-12.mae.cornell.edu,4cf37e9,50948,23,syn-s2-n12,84d029a05767,12,6,62cc6de50b8e,f2b94c53f147,2,136.0,136.9,2136.0,2263.390319637253,127.39031963725301,exact-milp/taker,GRB,OPTIMAL,2263.390319637253,2263.390319637253,0.0,2054.0,209.39031963725301,1.8210179805755615,0.07007265090942383,3508,948,2997,,,,,,sweep,,,20,1.1500000000000021,53,,
phase2,taker-sweep,2026-08-14T22:34:20.923380+00:00,jingjie-cpu-12.mae.cornell.edu,4cf37e9,50948,23,syn-s2-n12,84d029a05767,12,6,62cc6de50b8e,f2b94c53f147,2,136.0,136.9,2136.0,2263.390319637253,127.39031963725301,exact-milp/taker,GRB,OPTIMAL,2263.390319637253,2263.390319637253,0.0,2054.0,209.39031963725301,1.8661863803863525,0.06252884864807129,3508,948,2997,,,,,,sweep,,,20,1.2000000000000024,54,,
phase2,taker-sweep,2026-08-14T22:34:22.731815+00:00,jingjie-cpu-12.mae.cornell.edu,4cf37e9,50948,23,syn-s2-n12,84d029a05767,12,6,62cc6de50b8e,f2b94c53f147,2,136.0,136.9,2136.0,2263.390319637253,127.39031963725301,exact-milp/taker,GRB,OPTIMAL,2263.390319637253,2263.390319637253,0.0,2054.0,209.39031963725301,1.6537792682647705,0.06244158744812012,3508,948,2997,,,,,,sweep,,,20,1.2500000000000027,55,,
phase2,taker-sweep,2026-08-14T22:34:25.100412+00:00,jingjie-cpu-12.mae.cornell.edu,4cf37e9,50948,23,syn-s2-n12,84d029a05767,12,6,62cc6de50b8e,f2b94c53f147,2,136.0,136.9,2136.0,2263.390319637253,127.39031963725301,exact-milp/taker,GRB,OPTIMAL,2263.390319637253,2263.390319637253,0.0,2054.0,209.39031963725301,2.2137370109558105,0.062322139739990234,3508,948,2997,,,,,,sweep,,,20,1.3000000000000025,56,,
phase2,taker-sweep,2026-08-14T22:34:27.157071+00:00,jingjie-cpu-12.mae.cornell.edu,4cf37e9,50948,23,syn-s2-n12,84d029a05767,12,6,62cc6de50b8e,f2b94c53f147,2,136.0,136.9,2136.0,2263.390319637253,127.39031963725301,exact-milp/taker,GRB,OPTIMAL,2263.390319637253,2263.390319637253,0.0,2054.0,209.39031963725301,1.900789737701416,0.06244254112243652,3508,948,2997,,,,,,sweep,,,20,1.3500000000000023,57,,
phase2,taker-sweep,2026-08-14T22:34:29.261264+00:00,jingjie-cpu-12.mae.cornell.edu,4cf37e9,50948,23,syn-s2-n12,84d029a05767,12,6,62cc6de50b8e,f2b94c53f147,2,136.0,136.9,2136.0,2263.390319637253,127.39031963725301,exact-milp/taker,GRB,OPTIMAL,2263.390319637253,2263.390319637253,0.0,2054.0,209.39031963725301,1.8024840354919434,0.0663609504699707,3508,948,2997,,,,,,sweep,,,20,1.4000000000000026,58,,
phase2,taker-sweep,2026-08-14T22:34:31.027603+00:00,jingjie-cpu-12.mae.cornell.edu,4cf37e9,50948,23,syn-s2-n12,84d029a05767,12,6,62cc6de50b8e,f2b94c53f147,2,136.0,136.9,2136.0,2263.390319637253,127.39031963725301,exact-milp/taker,GRB,OPTIMAL,2263.390319637253,2263.390319637253,0.0,2054.0,209.39031963725301,1.5941598415374756,0.07778429985046387,3508,948,2997,,,,,,sweep,,,20,1.4500000000000028,59,,
phase2,taker-sweep,2026-08-14T22:34:32.899806+00:00,jingjie-cpu-12.mae.cornell.edu,4cf37e9,50948,23,syn-s2-n12,84d029a05767,12,6,62cc6de50b8e,f2b94c53f147,2,136.0,136.9,2136.0,2263.390319637253,127.39031963725301,exact-milp/taker,GRB,OPTIMAL,2263.390319637253,2263.390319637253,0.0,2054.0,209.39031963725301,1.7149608135223389,0.05541276931762695,3508,948,2997,,,,,,sweep,,,20,1.5000000000000027,60,,
phase2,taker-sweep,2026-08-14T22:32:37.102292+00:00,jingjie-cpu-08.mae.cornell.edu,4cf37e9,50945,20,syn-s2-n12,84d029a05767,12,6,51368864b19f,ceeaf353e851,2,136.0,136.9,2136.0,2230.34333947047,94.3433394704698,exact-milp/taker,GRB,OPTIMAL,2230.34333947047,2230.34333947047,0.0,2054.0,176.3433394704698,1.7523164749145508,0.07907462120056152,3508,948,2997,,,,,,sweep,,,8,-1.5,0,,
phase2,taker-sweep,2026-08-14T22:32:38.603363+00:00,jingjie-cpu-08.mae.cornell.edu,4cf37e9,50945,20,syn-s2-n12,84d029a05767,12,6,51368864b19f,ceeaf353e851,2,136.0,136.9,2136.0,2232.2383394704693,96.23833947046933,exact-milp/taker,GRB,OPTIMAL,2232.2383394704693,2232.2383394704693,0.0,2054.0,178.23833947046933,1.3435454368591309,0.0669400691986084,3508,948,2997,,,,,,sweep,,,8,-1.45,1,,
phase2,taker-sweep,2026-08-14T22:32:40.481546+00:00,jingjie-cpu-08.mae.cornell.edu,4cf37e9,50945,20,syn-s2-n12,84d029a05767,12,6,51368864b19f,ceeaf353e851,2,136.0,136.9,2136.0,2234.1333394704698,98.13333947046976,exact-milp/taker,GRB,OPTIMAL,2234.1333394704698,2234.1333394704698,0.0,2054.0,180.13333947046976,1.7084169387817383,0.0663456916809082,3508,948,2997,,,,,,sweep,,,8,-1.4,2,,
phase2,taker-sweep,2026-08-14T22:32:42.283502+00:00,jingjie-cpu-08.mae.cornell.edu,4cf37e9,50945,20,syn-s2-n12,84d029a05767,12,6,51368864b19f,ceeaf353e851,2,136.0,136.9,2136.0,2236.0283394704697,100.02833947046975,exact-milp/taker,GRB,OPTIMAL,2236.0283394704697,2236.0283394704697,0.0,2054.0,182.02833947046975,1.6282782554626465,0.06671452522277832,3508,948,2997,,,,,,sweep,,,8,-1.3499999999999999,3,,
phase2,taker-sweep,2026-08-14T22:32:44.591090+00:00,jingjie-cpu-08.mae.cornell.edu,4cf37e9,50945,20,syn-s2-n12,84d029a05767,12,6,51368864b19f,ceeaf353e851,2,136.0,136.9,2136.0,2237.9233394704697,101.92333947046973,exact-milp/taker,GRB,OPTIMAL,2237.9233394704697,2237.9233394704697,0.0,2054.0,183.92333947046973,2.1474692821502686,0.07039618492126465,3508,948,2997,,,,,,sweep,,,8,-1.2999999999999998,4,,
phase2,taker-sweep,2026-08-14T22:32:46.741497+00:00,jingjie-cpu-08.mae.cornell.edu,4cf37e9,50945,20,syn-s2-n12,84d029a05767,12,6,51368864b19f,ceeaf353e851,2,136.0,136.9,2136.0,2239.8183394704697,103.81833947046971,exact-milp/taker,GRB,OPTIMAL,2239.8183394704697,2239.8183394704697,0.0,2054.0,185.8183394704697,1.9035050868988037,0.06958174705505371,3508,948,2997,,,,,,sweep,,,8,-1.2499999999999998,5,,
phase2,taker-sweep,2026-08-14T22:32:49.784154+00:00,jingjie-cpu-08.mae.cornell.edu,4cf37e9,50945,20,syn-s2-n12,84d029a05767,12,6,51368864b19f,ceeaf353e851,2,136.0,136.9,2136.0,2241.7133394704697,105.71333947046969,exact-milp/taker,GRB,OPTIMAL,2241.7133394704697,2241.7133394704697,0.0,2054.0,187.7133394704697,2.8867979049682617,0.06338310241699219,3508,948,2997,,,,,,sweep,,,8,-1.1999999999999997,6,,
phase2,taker-sweep,2026-08-14T22:32:51.943857+00:00,jingjie-cpu-08.mae.cornell.edu,4cf37e9,50945,20,syn-s2-n12,84d029a05767,12,6,51368864b19f,ceeaf353e851,2,136.0,136.9,2136.0,2243.6083394704697,107.60833947046967,exact-milp/taker,GRB,OPTIMAL,2243.6083394704697,2243.6083394704697,0.0,2054.0,189.60833947046967,2.008183479309082,0.06181645393371582,3508,948,2997,,,,,,sweep,,,8,-1.1499999999999997,7,,
phase2,taker-sweep,2026-08-14T22:32:54.748613+00:00,jingjie-cpu-08.mae.cornell.edu,4cf37e9,50945,20,syn-s2-n12,84d029a05767,12,6,51368864b19f,ceeaf353e851,2,136.0,136.9,2136.0,2245.5033394704697,109.50333947046965,exact-milp/taker,GRB,OPTIMAL,2245.5033394704697,2245.5033394704697,0.0,2054.0,191.50333947046965,2.6550419330596924,0.061388254165649414,3508,948,2997,,,,,,sweep,,,8,-1.0999999999999996,8,,
phase2,taker-sweep,2026-08-14T22:32:56.508868+00:00,jingjie-cpu-08.mae.cornell.edu,4cf37e9,50945,20,syn-s2-n12,84d029a05767,12,6,51368864b19f,ceeaf353e851,2,136.0,136.9,2136.0,2247.3983394704696,111.39833947046964,exact-milp/taker,GRB,OPTIMAL,2247.3983394704696,2247.3983394704696,0.0,2054.0,193.39833947046964,1.5970311164855957,0.06211066246032715,3508,948,2997,,,,,,sweep,,,8,-1.0499999999999996,9,,
phase2,taker-sweep,2026-08-14T22:32:58.265635+00:00,jingjie-cpu-08.mae.cornell.edu,4cf37e9,50945,20,syn-s2-n12,84d029a05767,12,6,51368864b19f,46996c191665,2,136.0,136.9,2136.0,2249.0238175588674,113.02381755886745,exact-milp/taker,GRB,OPTIMAL,2249.0238175588674,2249.0238175588674,0.0,2053.9999999999995,195.0238175588679,1.6032474040985107,0.06387615203857422,3508,948,2997,,,,,,sweep,,,8,-0.9999999999999996,10,,
phase2,taker-sweep,2026-08-14T22:33:00.046041+00:00,jingjie-cpu-08.mae.cornell.edu,4cf37e9,50945,20,syn-s2-n12,84d029a05767,12,6,51368864b19f,46996c191665,2,136.0,136.9,2136.0,2250.343817558867,114.34381755886716,exact-milp/taker,GRB,OPTIMAL,2250.343817558867,2250.343817558867,0.0,2054.0,196.34381755886716,1.609321117401123,0.07521438598632812,3508,948,2997,,,,,,sweep,,,8,-0.9499999999999995,11,,
phase2,taker-sweep,2026-08-14T22:33:02.654175+00:00,jingjie-cpu-08.mae.cornell.edu,4cf37e9,50945,20,syn-s2-n12,84d029a05767,12,6,51368864b19f,46996c191665,2,136.0,136.9,2136.0,2251.6638175588673,115.66381755886732,exact-milp/taker,GRB,OPTIMAL,2251.6638175588673,2251.6638175588673,0.0,2054.0,197.66381755886732,2.4557392597198486,0.06264948844909668,3508,948,2997,,,,,,sweep,,,8,-0.8999999999999995,12,,
phase2,taker-sweep,2026-08-14T22:33:05.060248+00:00,jingjie-cpu-08.mae.cornell.edu,4cf37e9,50945,20,syn-s2-n12,84d029a05767,12,6,51368864b19f,46996c191665,2,136.0,136.9,2136.0,2252.9838175588675,116.98381755886749,exact-milp/taker,GRB,OPTIMAL,2252.9838175588675,2252.9838175588675,0.0,2054.0,198.98381755886749,2.246772527694702,0.06945681571960449,3508,948,2997,,,,,,sweep,,,8,-0.8499999999999994,13,,
phase2,taker-sweep,2026-08-14T22:33:07.149885+00:00,jingjie-cpu-08.mae.cornell.edu,4cf37e9,50945,20,syn-s2-n12,84d029a05767,12,6,51368864b19f,46996c191665,2,136.0,136.9,2136.0,2254.303817558867,118.3038175588672,exact-milp/taker,GRB,OPTIMAL,2254.303817558867,2254.303817558867,0.0,2054.0,200.3038175588672,1.9303574562072754,0.06949353218078613,3508,948,2997,,,,,,sweep,,,8,-0.7999999999999994,14,,
phase2,taker-sweep,2026-08-14T22:33:09.725501+00:00,jingjie-cpu-08.mae.cornell.edu,4cf37e9,50945,20,syn-s2-n12,84d029a05767,12,6,51368864b19f,46996c191665,2,136.0,136.9,2136.0,2255.6238175588674,119.62381755886736,exact-milp/taker,GRB,OPTIMAL,2255.6238175588674,2255.6238175588674,0.0,2054.0,201.62381755886736,2.4242916107177734,0.05650758743286133,3508,948,2997,,,,,,sweep,,,8,-0.7499999999999993,15,,
phase2,taker-sweep,2026-08-14T22:33:11.323529+00:00,jingjie-cpu-08.mae.cornell.edu,4cf37e9,50945,20,syn-s2-n12,84d029a05767,12,6,62cc6de50b8e,afebdbb51700,2,136.0,136.9,2136.0,2256.531617621286,120.53161762128593,exact-milp/taker,GRB,OPTIMAL,2256.531617621286,2256.531617621286,0.0,2053.999999999999,202.53161762128684,1.4451005458831787,0.0634765625,3508,948,2997,,,,,,sweep,,,8,-0.6999999999999993,16,,
phase2,taker-sweep,2026-08-14T22:33:12.958251+00:00,jingjie-cpu-08.mae.cornell.edu,4cf37e9,50945,20,syn-s2-n12,84d029a05767,12,6,62cc6de50b8e,afebdbb51700,2,136.0,136.9,2136.0,2257.0816176212857,121.08161762128566,exact-milp/taker,GRB,OPTIMAL,2257.0816176212857,2257.0816176212857,0.0,2053.999999999999,203.08161762128657,1.4817912578582764,0.06296420097351074,3508,948,2997,,,,,,sweep,,,8,-0.6499999999999992,17,,
phase2,taker-sweep,2026-08-14T22:33:14.871687+00:00,jingjie-cpu-08.mae.cornell.edu,4cf37e9,50945,20,syn-s2-n12,84d029a05767,12,6,62cc6de50b8e,afebdbb51700,2,136.0,136.9,2136.0,2257.631617621286,121.63161762128584,exact-milp/taker,GRB,OPTIMAL,2257.631617621286,2257.631617621286,0.0,2053.999999999999,203.63161762128675,1.615621566772461,0.06381630897521973,3508,948,2997,,,,,,sweep,,,8,-0.5999999999999992,18,,
phase2,taker-sweep,2026-08-14T22:33:16.758059+00:00,jingjie-cpu-08.mae.cornell.edu,4cf37e9,50945,20,syn-s2-n12,84d029a05767,12,6,62cc6de50b8e,afebdbb51700,2,136.0,136.9,2136.0,2258.181617621286,122.18161762128602,exact-milp/taker,GRB,OPTIMAL,2258.181617621286,2258.181617621286,0.0,2053.999999999999,204.18161762128693,1.7354886531829834,0.06225180625915527,3508,948,2997,,,,,,sweep,,,8,-0.5499999999999992,19,,
phase2,taker-sweep,2026-08-14T22:33:18.125112+00:00,jingjie-cpu-08.mae.cornell.edu,4cf37e9,50945,20,syn-s2-n12,84d029a05767,12,6,62cc6de50b8e,afebdbb51700,2,136.0,136.9,2136.0,2258.731617621286,122.7316176212862,exact-milp/taker,GRB,OPTIMAL,2258.731617621286,2258.731617621286,0.0,2053.999999999999,204.7316176212871,1.2151696681976318,0.06270313262939453,3508,948,2997,,,,,,sweep,,,8,-0.4999999999999991,20,,
phase2,taker-sweep,2026-08-14T22:33:19.612860+00:00,jingjie-cpu-08.mae.cornell.edu,4cf37e9,50945,20,syn-s2-n12,84d029a05767,12,6,62cc6de50b8e,afebdbb51700,2,136.0,136.9,2136.0,2259.281617621286,123.28161762128593,exact-milp/taker,GRB,OPTIMAL,2259.281617621286,2259.281617621286,0.0,2053.999999999999,205.28161762128684,1.3290576934814453,0.06489253044128418,3508,948,2997,,,,,,sweep,,,8,-0.44999999999999907,21,,
phase2,taker-sweep,2026-08-14T22:33:20.949460+00:00,jingjie-cpu-08.mae.cornell.edu,4cf37e9,50945,20,syn-s2-n12,84d029a05767,12,6,62cc6de50b8e,afebdbb51700,2,136.0,136.9,2136.0,2259.831617621286,123.83161762128611,exact-milp/taker,GRB,OPTIMAL,2259.831617621286,2259.831617621286,0.0,2054.0,205.8316176212861,1.1852846145629883,0.06225752830505371,3508,948,2997,,,,,,sweep,,,8,-0.399999999999999,22,,
phase2,taker-sweep,2026-08-14T22:33:22.698863+00:00,jingjie-cpu-08.mae.cornell.edu,4cf37e9,50945,20,syn-s2-n12,84d029a05767,12,6,62cc6de50b8e,afebdbb51700,2,136.0,136.9,2136.0,2260.3816176212863,124.3816176212863,exact-milp/taker,GRB,OPTIMAL,2260.3816176212863,2260.381617621286,2.011816709804151e-16,2054.0,206.3816176212863,1.6144323348999023,0.046234846115112305,3508,948,2997,,,,,,sweep,,,8,-0.349999999999999,23,,
phase2,taker-sweep,2026-08-14T22:33:24.407331+00:00,jingjie-cpu-08.mae.cornell.edu,4cf37e9,50945,20,syn-s2-n12,84d029a05767,12,6,62cc6de50b8e,afebdbb51700,2,136.0,136.9,2136.0,2260.931617621286,124.93161762128602,exact-milp/taker,GRB,OPTIMAL,2260.931617621286,2260.931617621286,0.0,2054.0000000000005,206.93161762128557,1.5561296939849854,0.06187748908996582,3508,948,2997,,,,,,sweep,,,8,-0.29999999999999893,24,,
phase2,taker-sweep,2026-08-14T22:33:26.679501+00:00,jingjie-cpu-08.mae.cornell.edu,4cf37e9,50945,20,syn-s2-n12,84d029a05767,12,6,62cc6de50b8e,afebdbb51700,2,136.0,136.9,2136.0,2261.481617621286,125.4816176212862,exact-milp/taker,GRB,OPTIMAL,2261.481617621286,2261.481617621286,0.0,2054.0,207.4816176212862,2.1151299476623535,0.06757807731628418,3508,948,2997,,,,,,sweep,,,8,-0.2499999999999989,25,,
phase2,taker-sweep,2026-08-14T22:33:27.819789+00:00,jingjie-cpu-08.mae.cornell.edu,4cf37e9,50945,20,syn-s2-n12,84d029a05767,12,6,62cc6de50b8e,afebdbb51700,2,136.0,136.9,2136.0,2262.0316176212864,126.03161762128639,exact-milp/taker,GRB,OPTIMAL,2262.0316176212864,2262.0316176212864,0.0,2054.0,208.0316176212864,0.9850871562957764,0.06206512451171875,3508,948,2997,,,,,,sweep,,,8,-0.19999999999999885,26,,
phase2,taker-sweep,2026-08-14T22:33:29.055816+00:00,jingjie-cpu-08.mae.cornell.edu,4cf37e9,50945,20,syn-s2-n12,84d029a05767,12,6,62cc6de50b8e,afebdbb51700,2,136.0,136.9,2136.0,2262.5816176212857,126.58161762128566,exact-milp/taker,GRB,OPTIMAL,2262.5816176212857,2262.5816176212857,0.0,2054.0,208.58161762128566,1.0701076984405518,0.06250524520874023,3508,948,2997,,,,,,sweep,,,8,-0.1499999999999988,27,,
phase2,taker-sweep,2026-08-14T22:33:31.071628+00:00,jingjie-cpu-08.mae.cornell.edu,4cf37e9,50945,20,syn-s2-n12,84d029a05767,12,6,62cc6de50b8e,afebdbb51700,2,136.0,136.9,2136.0,2263.1316176212863,127.1316176212863,exact-milp/taker,GRB,OPTIMAL,2263.1316176212863,2263.1316176212863,0.0,2054.0,209.1316176212863,1.848520040512085,0.061135292053222656,3508,948,2997,,,,,,sweep,,,8,-0.09999999999999876,28,,
phase2,taker-sweep,2026-08-14T22:33:32.678269+00:00,jingjie-cpu-08.mae.cornell.edu,4cf37e9,50945,20,syn-s2-n12,84d029a05767,12,6,62cc6de50b8e,f2b94c53f147,2,136.0,136.9,2136.0,2263.390319637253,127.39031963725301,exact-milp/taker,GRB,OPTIMAL,2263.390319637253,2263.390319637253,0.0,2054.0,209.39031963725301,1.448230266571045,0.06455135345458984,3508,948,2997,,,,,,sweep,,,8,-0.04999999999999871,29,,
phase2,taker-sweep,2026-08-14T22:33:34.411358+00:00,jingjie-cpu-08.mae.cornell.edu,4cf37e9,50945,20,syn-s2-n12,84d029a05767,12,6,62cc6de50b8e,f2b94c53f147,2,136.0,136.9,2136.0,2263.390319637253,127.39031963725301,exact-milp/taker,GRB,OPTIMAL,2263.390319637253,2263.390319637253,0.0,2054.0,209.39031963725301,1.5786497592926025,0.06325864791870117,3508,948,2997,,,,,,sweep,,,8,1.3322676295501878e-15,30,,
phase2,taker-sweep,2026-08-14T22:33:36.319813+00:00,jingjie-cpu-08.mae.cornell.edu,4cf37e9,50945,20,syn-s2-n12,84d029a05767,12,6,62cc6de50b8e,f2b94c53f147,2,136.0,136.9,2136.0,2263.390319637253,127.39031963725301,exact-milp/taker,GRB,OPTIMAL,2263.390319637253,2263.390319637253,0.0,2054.0,209.39031963725301,1.7528042793273926,0.06369280815124512,3508,948,2997,,,,,,sweep,,,8,0.05000000000000138,31,,
phase2,taker-sweep,2026-08-14T22:33:38.386402+00:00,jingjie-cpu-08.mae.cornell.edu,4cf37e9,50945,20,syn-s2-n12,84d029a05767,12,6,62cc6de50b8e,f2b94c53f147,2,136.0,136.9,2136.0,2263.390319637253,127.39031963725301,exact-milp/taker,GRB,OPTIMAL,2263.390319637253,2263.390319637253,0.0,2054.0,209.39031963725301,1.749513864517212,0.07229948043823242,3508,948,2997,,,,,,sweep,,,8,0.10000000000000142,32,,
phase2,taker-sweep,2026-08-14T22:33:40.531280+00:00,jingjie-cpu-08.mae.cornell.edu,4cf37e9,50945,20,syn-s2-n12,84d029a05767,12,6,62cc6de50b8e,f2b94c53f147,2,136.0,136.899981,2136.0,2263.3903128229335,127.39031282293354,exact-milp/taker,GRB,OPTIMAL,2263.3903128229335,2263.3903128229335,0.0,2054.0,209.39031282293354,1.9893887042999268,0.0656270980834961,3508,948,2997,,,,,,sweep,,,8,0.15000000000000147,33,,
phase2,taker-sweep,2026-08-14T22:33:42.273318+00:00,jingjie-cpu-08.mae.cornell.edu,4cf37e9,50945,20,syn-s2-n12,84d029a05767,12,6,62cc6de50b8e,f2b94c53f147,2,136.0,136.9,2136.0,2263.390319637253,127.39031963725301,exact-milp/taker,GRB,OPTIMAL,2263.390319637253,2263.390319637253,0.0,2054.0,209.39031963725301,1.5651938915252686,0.07253217697143555,3508,948,2997,,,,,,sweep,,,8,0.2000000000000015,34,,
phase2,taker-sweep,2026-08-14T22:33:44.365259+00:00,jingjie-cpu-08.mae.cornell.edu,4cf37e9,50945,20,syn-s2-n12,84d029a05767,12,6,62cc6de50b8e,f2b94c53f147,2,136.0,136.9,2136.0,2263.390319637253,127.39031963725301,exact-milp/taker,GRB,OPTIMAL,2263.390319637253,2263.390319637253,0.0,2054.0,209.39031963725301,1.9404726028442383,0.06217169761657715,3508,948,2997,,,,,,sweep,,,8,0.25000000000000155,35,,
phase2,taker-sweep,2026-08-14T22:33:46.325749+00:00,jingjie-cpu-08.mae.cornell.edu,4cf37e9,50945,20,syn-s2-n12,84d029a05767,12,6,62cc6de50b8e,f2b94c53f147,2,136.0,136.9,2136.0,2263.390319637253,127.39031963725301,exact-milp/taker,GRB,OPTIMAL,2263.390319637253,2263.390319637253,0.0,2054.0,209.39031963725301,1.811032772064209,0.06021261215209961,3508,948,2997,,,,,,sweep,,,8,0.3000000000000016,36,,
phase2,taker-sweep,2026-08-14T22:33:48.295322+00:00,jingjie-cpu-08.mae.cornell.edu,4cf37e9,50945,20,syn-s2-n12,84d029a05767,12,6,62cc6de50b8e,f2b94c53f147,2,136.0,136.9,2136.0,2263.390319637253,127.39031963725301,exact-milp/taker,GRB,OPTIMAL,2263.390319637253,2263.390319637253,0.0,2054.0,209.39031963725301,1.8035593032836914,0.07590389251708984,3508,948,2997,,,,,,sweep,,,8,0.35000000000000164,37,,
phase2,taker-sweep,2026-08-14T22:33:50.318347+00:00,jingjie-cpu-08.mae.cornell.edu,4cf37e9,50945,20,syn-s2-n12,84d029a05767,12,6,62cc6de50b8e,f2b94c53f147,2,136.0,136.9,2136.0,2263.390319637253,127.39031963725301,exact-milp/taker,GRB,OPTIMAL,2263.390319637253,2263.390319637253,0.0,2054.0,209.39031963725301,1.872626781463623,0.060632944107055664,3508,948,2997,,,,,,sweep,,,8,0.4000000000000017,38,,
phase2,taker-sweep,2026-08-14T22:33:52.437845+00:00,jingjie-cpu-08.mae.cornell.edu,4cf37e9,50945,20,syn-s2-n12,84d029a05767,12,6,62cc6de50b8e,f2b94c53f147,2,136.0,136.9,2136.0,2263.390319637253,127.39031963725301,exact-milp/taker,GRB,OPTIMAL,2263.390319637253,2263.390319637253,0.0,2054.0,209.39031963725301,1.9683945178985596,0.06094503402709961,3508,948,2997,,,,,,sweep,,,8,0.45000000000000173,39,,
phase2,taker-sweep,2026-08-14T22:33:53.744060+00:00,jingjie-cpu-08.mae.cornell.edu,4cf37e9,50945,20,syn-s2-n12,84d029a05767,12,6,62cc6de50b8e,f2b94c53f147,2,136.0,136.9,2136.0,2263.390319637253,127.39031963725301,exact-milp/taker,GRB,OPTIMAL,2263.390319637253,2263.390319637253,0.0,2054.0,209.39031963725301,1.1532211303710938,0.053984642028808594,3508,948,2997,,,,,,sweep,,,8,0.5000000000000018,40,,
phase2,taker-sweep,2026-08-14T22:33:55.483469+00:00,jingjie-cpu-08.mae.cornell.edu,4cf37e9,50945,20,syn-s2-n12,84d029a05767,12,6,62cc6de50b8e,f2b94c53f147,2,136.0,136.9,2136.0,2263.390319637253,127.39031963725301,exact-milp/taker,GRB,OPTIMAL,2263.390319637253,2263.390319637253,0.0,2054.0,209.39031963725301,1.5894055366516113,0.0606694221496582,3508,948,2997,,,,,,sweep,,,8,0.5500000000000016,41,,
phase2,taker-sweep,2026-08-14T22:33:57.621417+00:00,jingjie-cpu-08.mae.cornell.edu,4cf37e9,50945,20,syn-s2-n12,84d029a05767,12,6,62cc6de50b8e,f2b94c53f147,2,136.0,136.9,2136.0,2263.390319637253,127.39031963725301,exact-milp/taker,GRB,OPTIMAL,2263.390319637253,2263.390319637253,0.0,2054.0,209.39031963725301,1.9850802421569824,0.06368756294250488,3508,948,2997,,,,,,sweep,,,8,0.6000000000000019,42,,
phase2,taker-sweep,2026-08-14T22:33:59.140511+00:00,jingjie-cpu-08.mae.cornell.edu,4cf37e9,50945,20,syn-s2-n12,84d029a05767,12,6,62cc6de50b8e,f2b94c53f147,2,136.0,136.9,2136.0,2263.390319637253,127.39031963725301,exact-milp/taker,GRB,OPTIMAL,2263.390319637253,2263.390319637253,0.0,2054.0,209.39031963725301,1.3618996143341064,0.06696939468383789,3508,948,2997,,,,,,sweep,,,8,0.6500000000000021,43,,
phase2,taker-sweep,2026-08-14T22:34:00.612144+00:00,jingjie-cpu-08.mae.cornell.edu,4cf37e9,50945,20,syn-s2-n12,84d029a05767,12,6,62cc6de50b8e,f2b94c53f147,2,136.0,136.9,2136.0,2263.390319637253,127.39031963725301,exact-milp/taker,GRB,OPTIMAL,2263.390319637253,2263.390319637253,0.0,2054.0,209.39031963725301,1.3097968101501465,0.07115411758422852,3508,948,2997,,,,,,sweep,,,8,0.700000000000002,44,,
phase2,taker-sweep,2026-08-14T22:34:01.991479+00:00,jingjie-cpu-08.mae.cornell.edu,4cf37e9,50945,20,syn-s2-n12,84d029a05767,12,6,62cc6de50b8e,f2b94c53f147,2,136.0,136.9,2136.0,2263.390319637253,127.39031963725301,exact-milp/taker,GRB,OPTIMAL,2263.390319637253,2263.390319637253,0.0,2054.0,209.39031963725301,1.0944817066192627,0.07093977928161621,3508,948,2997,,,,,,sweep,,,8,0.7500000000000018,45,,
phase2,taker-sweep,2026-08-14T22:34:03.576191+00:00,jingjie-cpu-08.mae.cornell.edu,4cf37e9,50945,20,syn-s2-n12,84d029a05767,12,6,62cc6de50b8e,f2b94c53f147,2,136.0,136.9,2136.0,2263.390319637253,127.39031963725301,exact-milp/taker,GRB,OPTIMAL,2263.390319637253,2263.390319637253,0.0,2054.0,209.39031963725301,1.4238154888153076,0.07131528854370117,3508,948,2997,,,,,,sweep,,,8,0.800000000000002,46,,
phase2,taker-sweep,2026-08-14T22:34:05.411542+00:00,jingjie-cpu-08.mae.cornell.edu,4cf37e9,50945,20,syn-s2-n12,84d029a05767,12,6,62cc6de50b8e,f2b94c53f147,2,136.0,136.9,2136.0,2263.390319637253,127.39031963725301,exact-milp/taker,GRB,OPTIMAL,2263.390319637253,2263.390319637253,0.0,2054.0,209.39031963725301,1.6858913898468018,0.05318617820739746,3508,948,2997,,,,,,sweep,,,8,0.8500000000000023,47,,
phase2,taker-sweep,2026-08-14T22:34:06.697456+00:00,jingjie-cpu-08.mae.cornell.edu,4cf37e9,50945,20,syn-s2-n12,84d029a05767,12,6,62cc6de50b8e,f2b94c53f147,2,136.0,136.9,2136.0,2263.390319637253,127.39031963725301,exact-milp/taker,GRB,OPTIMAL,2263.390319637253,2263.390319637253,0.0,2054.0,209.39031963725301,1.142512559890747,0.0529940128326416,3508,948,2997,,,,,,sweep,,,8,0.9000000000000021,48,,
phase2,taker-sweep,2026-08-14T22:34:08.286768+00:00,jingjie-cpu-08.mae.cornell.edu,4cf37e9,50945,20,syn-s2-n12,84d029a05767,12,6,62cc6de50b8e,f2b94c53f147,2,136.0,136.9,2136.0,2263.390319637253,127.39031963725301,exact-milp/taker,GRB,OPTIMAL,2263.390319637253,2263.390319637253,0.0,2054.0,209.39031963725301,1.4317619800567627,0.06799745559692383,3508,948,2997,,,,,,sweep,,,8,0.950000000000002,49,,
phase2,taker-sweep,2026-08-14T22:34:09.692274+00:00,jingjie-cpu-08.mae.cornell.edu,4cf37e9,50945,20,syn-s2-n12,84d029a05767,12,6,62cc6de50b8e,f2b94c53f147,2,136.0,136.9,2136.0,2263.390319637253,127.39031963725301,exact-milp/taker,GRB,OPTIMAL,2263.390319637253,2263.390319637253,0.0,2054.0,209.39031963725301,1.2532594203948975,0.060910701751708984,3508,948,2997,,,,,,sweep,,,8,1.0000000000000022,50,,
phase2,taker-sweep,2026-08-14T22:34:11.283746+00:00,jingjie-cpu-08.mae.cornell.edu,4cf37e9,50945,20,syn-s2-n12,84d029a05767,12,6,62cc6de50b8e,f2b94c53f147,2,136.0,136.9,2136.0,2263.390319637253,127.39031963725301,exact-milp/taker,GRB,OPTIMAL,2263.390319637253,2263.390319637253,0.0,2054.0,209.39031963725301,1.4352366924285889,0.06592249870300293,3508,948,2997,,,,,,sweep,,,8,1.0500000000000025,51,,
phase2,taker-sweep,2026-08-14T22:34:12.549343+00:00,jingjie-cpu-08.mae.cornell.edu,4cf37e9,50945,20,syn-s2-n12,84d029a05767,12,6,62cc6de50b8e,f2b94c53f147,2,136.0,136.9,2136.0,2263.390319637253,127.39031963725301,exact-milp/taker,GRB,OPTIMAL,2263.390319637253,2263.390319637253,0.0,2054.0,209.39031963725301,1.1215417385101318,0.05359983444213867,3508,948,2997,,,,,,sweep,,,8,1.1000000000000023,52,,
phase2,taker-sweep,2026-08-14T22:34:14.092379+00:00,jingjie-cpu-08.mae.cornell.edu,4cf37e9,50945,20,syn-s2-n12,84d029a05767,12,6,62cc6de50b8e,f2b94c53f147,2,136.0,136.9,2136.0,2263.390319637253,127.39031963725301,exact-milp/taker,GRB,OPTIMAL,2263.390319637253,2263.390319637253,0.0,2054.0,209.39031963725301,1.3585808277130127,0.06466293334960938,3508,948,2997,,,,,,sweep,,,8,1.1500000000000021,53,,
phase2,taker-sweep,2026-08-14T22:34:15.408268+00:00,jingjie-cpu-08.mae.cornell.edu,4cf37e9,50945,20,syn-s2-n12,84d029a05767,12,6,62cc6de50b8e,f2b94c53f147,2,136.0,136.9,2136.0,2263.390319637253,127.39031963725301,exact-milp/taker,GRB,OPTIMAL,2263.390319637253,2263.390319637253,0.0,2054.0,209.39031963725301,1.1649422645568848,0.06053328514099121,3508,948,2997,,,,,,sweep,,,8,1.2000000000000024,54,,
phase2,taker-sweep,2026-08-14T22:34:16.669068+00:00,jingjie-cpu-08.mae.cornell.edu,4cf37e9,50945,20,syn-s2-n12,84d029a05767,12,6,62cc6de50b8e,f2b94c53f147,2,136.0,136.9,2136.0,2263.390319637253,127.39031963725301,exact-milp/taker,GRB,OPTIMAL,2263.390319637253,2263.390319637253,0.0,2054.0,209.39031963725301,1.114020586013794,0.055283546447753906,3508,948,2997,,,,,,sweep,,,8,1.2500000000000027,55,,
phase2,taker-sweep,2026-08-14T22:34:17.935388+00:00,jingjie-cpu-08.mae.cornell.edu,4cf37e9,50945,20,syn-s2-n12,84d029a05767,12,6,62cc6de50b8e,f2b94c53f147,2,136.0,136.9,2136.0,2263.390319637253,127.39031963725301,exact-milp/taker,GRB,OPTIMAL,2263.390319637253,2263.390319637253,0.0,2054.0,209.39031963725301,1.1234586238861084,0.05357551574707031,3508,948,2997,,,,,,sweep,,,8,1.3000000000000025,56,,
phase2,taker-sweep,2026-08-14T22:34:19.412938+00:00,jingjie-cpu-08.mae.cornell.edu,4cf37e9,50945,20,syn-s2-n12,84d029a05767,12,6,62cc6de50b8e,f2b94c53f147,2,136.0,136.9,2136.0,2263.390319637253,127.39031963725301,exact-milp/taker,GRB,OPTIMAL,2263.390319637253,2263.390319637253,0.0,2054.0,209.39031963725301,1.3239376544952393,0.06193232536315918,3508,948,2997,,,,,,sweep,,,8,1.3500000000000023,57,,
phase2,taker-sweep,2026-08-14T22:34:20.963271+00:00,jingjie-cpu-08.mae.cornell.edu,4cf37e9,50945,20,syn-s2-n12,84d029a05767,12,6,62cc6de50b8e,f2b94c53f147,2,136.0,136.9,2136.0,2263.390319637253,127.39031963725301,exact-milp/taker,GRB,OPTIMAL,2263.390319637253,2263.390319637253,0.0,2054.0,209.39031963725301,1.2646963596343994,0.06377124786376953,3508,948,2997,,,,,,sweep,,,8,1.4000000000000026,58,,
phase2,taker-sweep,2026-08-14T22:34:22.332725+00:00,jingjie-cpu-08.mae.cornell.edu,4cf37e9,50945,20,syn-s2-n12,84d029a05767,12,6,62cc6de50b8e,f2b94c53f147,2,136.0,136.9,2136.0,2263.390319637253,127.39031963725301,exact-milp/taker,GRB,OPTIMAL,2263.390319637253,2263.390319637253,0.0,2054.0,209.39031963725301,1.2155036926269531,0.0638113021850586,3508,948,2997,,,,,,sweep,,,8,1.4500000000000028,59,,
phase2,taker-sweep,2026-08-14T22:34:23.880885+00:00,jingjie-cpu-08.mae.cornell.edu,4cf37e9,50945,20,syn-s2-n12,84d029a05767,12,6,62cc6de50b8e,f2b94c53f147,2,136.0,136.9,2136.0,2263.390319637253,127.39031963725301,exact-milp/taker,GRB,OPTIMAL,2263.390319637253,2263.390319637253,0.0,2054.0,209.39031963725301,1.3915176391601562,0.06340622901916504,3508,948,2997,,,,,,sweep,,,8,1.5000000000000027,60,,
phase2,taker-sweep,2026-08-14T22:32:37.321280+00:00,jingjie-cpu-05.mae.cornell.edu,4cf37e9,50942,17,syn-s2-n8,7bee083a29bc,8,4,71930830bd7d,6c5177ec4a7c,3,128.0,89.0,3128.0,3068.1570630543056,-59.84293694569442,exact-milp/taker,GRB,OPTIMAL,3068.1570630543056,3068.157063054305,1.4821514724991614e-16,3030.9693410087075,37.18772204559809,0.4086573123931885,0.01373147964477539,1100,296,915,,,,,,sweep,,,12,-1.5,0,,
phase2,taker-sweep,2026-08-14T22:32:37.599651+00:00,jingjie-cpu-05.mae.cornell.edu,4cf37e9,50942,17,syn-s2-n8,7bee083a29bc,8,4,41c2ccc24161,6c5177ec4a7c,3,128.0,89.0,3128.0,3072.6070630543054,-55.3929369456946,exact-milp/taker,GRB,OPTIMAL,3072.6070630543054,3072.6070630543054,0.0,3039.9693410087084,32.637722045597,0.2369685173034668,0.009330511093139648,1100,296,915,,,,,,sweep,,,12,-1.45,1,,
phase2,taker-sweep,2026-08-14T22:32:37.853676+00:00,jingjie-cpu-05.mae.cornell.edu,4cf37e9,50942,17,syn-s2-n8,7bee083a29bc,8,4,41c2ccc24161,6c5177ec4a7c,3,128.0,89.0,3128.0,3077.057063054305,-50.94293694569478,exact-milp/taker,GRB,OPTIMAL,3077.057063054305,3077.057063054305,0.0,3048.969341008708,28.087722045597275,0.21104049682617188,0.009623050689697266,1100,296,915,,,,,,sweep,,,12,-1.4,2,,
phase2,taker-sweep,2026-08-14T22:32:38.105947+00:00,jingjie-cpu-05.mae.cornell.edu,4cf37e9,50942,17,syn-s2-n8,7bee083a29bc,8,4,7356bd52aa13,6c5177ec4a7c,3,128.0,89.0,3128.0,3081.5070630543055,-46.49293694569451,exact-milp/taker,GRB,OPTIMAL,3081.5070630543055,3081.5070630543055,0.0,3057.9693410087075,23.537722045598002,0.18218708038330078,0.01060628890991211,1100,296,915,,,,,,sweep,,,12,-1.3499999999999999,3,,
phase2,taker-sweep,2026-08-14T22:32:38.308773+00:00,jingjie-cpu-05.mae.cornell.edu,4cf37e9,50942,17,syn-s2-n8,7bee083a29bc,8,4,7356bd52aa13,6c5177ec4a7c,3,128.0,89.0,3128.0,3085.9570630543058,-42.04293694569424,exact-milp/taker,GRB,OPTIMAL,3085.9570630543058,3085.9570630543058,0.0,3066.969341008708,18.98772204559782,0.16142702102661133,0.009423494338989258,1100,296,915,,,,,,sweep,,,12,-1.2999999999999998,4,,
phase2,taker-sweep,2026-08-14T22:32:38.503025+00:00,jingjie-cpu-05.mae.cornell.edu,4cf37e9,50942,17,syn-s2-n8,7bee083a29bc,8,4,e6f826745324,4f2f8ed016e6,3,108.0,43.3,3108.0,3089.710402587095,-18.289597412905096,exact-milp/taker,GRB,OPTIMAL,3089.710402587095,3089.710402587095,0.0,3075.969341008708,13.741061578386962,0.15313434600830078,0.009488344192504883,1100,296,915,,,,,,sweep,,,12,-1.2499999999999998,5,,
phase2,taker-sweep,2026-08-14T22:32:38.711042+00:00,jingjie-cpu-05.mae.cornell.edu,4cf37e9,50942,17,syn-s2-n8,7bee083a29bc,8,4,54d704d5ec61,4f2f8ed016e6,3,108.0,43.3,3108.0,3091.875402587095,-16.124597412905132,exact-milp/taker,GRB,OPTIMAL,3091.875402587095,3091.875402587095,0.0,3083.3128940058054,8.562508581289421,0.16618585586547852,0.009799003601074219,1100,296,915,,,,,,sweep,,,12,-1.1999999999999997,6,,
phase2,taker-sweep,2026-08-14T22:32:38.925277+00:00,jingjie-cpu-05.mae.cornell.edu,4cf37e9,50942,17,syn-s2-n8,7bee083a29bc,8,4,e6f826745324,4f2f8ed016e6,3,108.0,43.3,3108.0,3094.040402587095,-13.959597412905168,exact-milp/taker,GRB,OPTIMAL,3094.040402587095,3094.040402587095,0.0,3088.6564470029025,5.383955584192336,0.13497471809387207,0.008495807647705078,1100,296,915,,,,,,sweep,,,12,-1.1499999999999997,7,,
phase2,taker-sweep,2026-08-14T22:32:39.087422+00:00,jingjie-cpu-05.mae.cornell.edu,4cf37e9,50942,17,syn-s2-n8,7bee083a29bc,8,4,e6f826745324,4f2f8ed016e6,3,108.0,43.3,3108.0,3096.205402587095,-11.794597412905205,exact-milp/taker,GRB,OPTIMAL,3096.205402587095,3096.205402587095,0.0,3091.6564470029025,4.548955584192299,0.12260222434997559,0.008469581604003906,1100,296,915,,,,,,sweep,,,12,-1.0999999999999996,8,,
phase2,taker-sweep,2026-08-14T22:32:39.255910+00:00,jingjie-cpu-05.mae.cornell.edu,4cf37e9,50942,17,syn-s2-n8,7bee083a29bc,8,4,54d704d5ec61,4f2f8ed016e6,3,108.0,43.3,3108.0,3098.3704025870948,-9.629597412905241,exact-milp/taker,GRB,OPTIMAL,3098.3704025870948,3098.3704025870948,0.0,3094.0,4.370402587094759,0.12357139587402344,0.008007049560546875,1100,296,915,,,,,,sweep,,,12,-1.0499999999999996,9,,
phase2,taker-sweep,2026-08-14T22:32:39.580353+00:00,jingjie-cpu-05.mae.cornell.edu,4cf37e9,50942,17,syn-s2-n8,7bee083a29bc,8,4,54d704d5ec61,4f2f8ed016e6,3,108.0,43.3,3108.0,3100.5354025870947,-7.4645974129052775,exact-milp/taker,GRB,OPTIMAL,3100.5354025870947,3100.5354025870947,0.0,3094.0,6.5354025870947225,0.2814786434173584,0.00791621208190918,1100,296,915,,,,,,sweep,,,12,-0.9999999999999996,10,,
phase2,taker-sweep,2026-08-14T22:32:39.770796+00:00,jingjie-cpu-05.mae.cornell.edu,4cf37e9,50942,17,syn-s2-n8,7bee083a29bc,8,4,54d704d5ec61,4f2f8ed016e6,3,108.0,43.3,3108.0,3102.7004025870947,-5.299597412905314,exact-milp/taker,GRB,OPTIMAL,3102.7004025870947,3102.7004025870947,0.0,3094.0,8.700402587094686,0.12781548500061035,0.008050918579101562,1100,296,915,,,,,,sweep,,,12,-0.9499999999999995,11,,
phase2,taker-sweep,2026-08-14T22:32:39.971253+00:00,jingjie-cpu-05.mae.cornell.edu,4cf37e9,50942,17,syn-s2-n8,7bee083a29bc,8,4,e6f826745324,4f2f8ed016e6,3,108.0,43.3,3108.0,3104.8654025870946,-3.13459741290535,exact-milp/taker,GRB,OPTIMAL,3104.8654025870946,3104.8654025870946,0.0,3094.0,10.86540258709465,0.16035127639770508,0.008060932159423828,1100,296,915,,,,,,sweep,,,12,-0.8999999999999995,12,,
phase2,taker-sweep,2026-08-14T22:32:40.169226+00:00,jingjie-cpu-05.mae.cornell.edu,4cf37e9,50942,17,syn-s2-n8,7bee083a29bc,8,4,e6f826745324,4f2f8ed016e6,3,108.0,43.3,3108.0,3107.0304025870946,-0.9695974129053866,exact-milp/taker,GRB,OPTIMAL,3107.0304025870946,3107.0304025870946,0.0,3094.0,13.030402587094613,0.1578965187072754,0.008245468139648438,1100,296,915,,,,,,sweep,,,12,-0.8499999999999994,13,,
phase2,taker-sweep,2026-08-14T22:32:40.538950+00:00,jingjie-cpu-05.mae.cornell.edu,4cf37e9,50942,17,syn-s2-n8,7bee083a29bc,8,4,f52b635e16c6,6c0ee13fce7e,3,108.0,26.6,3108.0,3108.7343581712867,0.734358171286658,exact-milp/taker,GRB,OPTIMAL,3108.7343581712867,3108.7343581712867,0.0,3094.0,14.734358171286658,0.32961249351501465,0.00805974006652832,1100,296,915,,,,,,sweep,,,12,-0.7999999999999994,14,,
phase2,taker-sweep,2026-08-14T22:32:41.004862+00:00,jingjie-cpu-05.mae.cornell.edu,4cf37e9,50942,17,syn-s2-n8,7bee083a29bc,8,4,46e7ce0f21ee,6c0ee13fce7e,3,108.0,26.6,3108.0,3110.064358171287,2.06435817128704,exact-milp/taker,GRB,OPTIMAL,3110.064358171287,3110.0643581712866,1.4621798731967555e-16,3094.0,16.06435817128704,0.361177921295166,0.008005619049072266,1100,296,915,,,,,,sweep,,,12,-0.7499999999999993,15,,
phase2,taker-sweep,2026-08-14T22:32:41.418486+00:00,jingjie-cpu-05.mae.cornell.edu,4cf37e9,50942,17,syn-s2-n8,7bee083a29bc,8,4,46e7ce0f21ee,6c0ee13fce7e,3,108.0,26.6,3108.0,3111.394358171287,3.3943581712869673,exact-milp/taker,GRB,OPTIMAL,3111.394358171287,3111.3943581712865,1.4615548482055504e-16,3094.0,17.394358171286967,0.3738515377044678,0.007997989654541016,1100,296,915,,,,,,sweep,,,12,-0.6999999999999993,16,,
phase2,taker-sweep,2026-08-14T22:32:41.940790+00:00,jingjie-cpu-05.mae.cornell.edu,4cf37e9,50942,17,syn-s2-n8,7bee083a29bc,8,4,46e7ce0f21ee,6c0ee13fce7e,3,108.0,26.6,3108.0,3112.724358171287,4.7243581712868945,exact-milp/taker,GRB,OPTIMAL,3112.724358171287,3112.724358171287,0.0,3094.0,18.724358171286895,0.4809088706970215,0.008041858673095703,1100,296,915,,,,,,sweep,,,12,-0.6499999999999992,17,,
phase2,taker-sweep,2026-08-14T22:32:42.938195+00:00,jingjie-cpu-05.mae.cornell.edu,4cf37e9,50942,17,syn-s2-n8,7bee083a29bc,8,4,f52b635e16c6,6c0ee13fce7e,3,108.0,26.6,3108.0,3114.054358171287,6.054358171286822,exact-milp/taker,GRB,OPTIMAL,3114.054358171287,3114.054358171287,0.0,3094.0,20.05435817128682,0.9576265811920166,0.0077855587005615234,1100,296,915,,,,,,sweep,,,12,-0.5999999999999992,18,,
phase2,taker-sweep,2026-08-14T22:32:43.531087+00:00,jingjie-cpu-05.mae.cornell.edu,4cf37e9,50942,17,syn-s2-n8,7bee083a29bc,8,4,46e7ce0f21ee,6c0ee13fce7e,3,108.0,26.6,3108.0,3115.3843581712867,7.384358171286749,exact-milp/taker,GRB,OPTIMAL,3115.3843581712867,3115.3843581712867,0.0,3094.0,21.38435817128675,0.4934861660003662,0.008065938949584961,1100,296,915,,,,,,sweep,,,12,-0.5499999999999992,19,,
phase2,taker-sweep,2026-08-14T22:32:44.573067+00:00,jingjie-cpu-05.mae.cornell.edu,4cf37e9,50942,17,syn-s2-n8,7bee083a29bc,8,4,46e7ce0f21ee,6c0ee13fce7e,3,108.0,26.6,3108.0,3116.7143581712867,8.714358171286676,exact-milp/taker,GRB,OPTIMAL,3116.7143581712867,3116.7143581712867,0.0,3094.0,22.714358171286676,1.0004796981811523,0.00917363166809082,1100,296,915,,,,,,sweep,,,12,-0.4999999999999991,20,,
phase2,taker-sweep,2026-08-14T22:32:45.532072+00:00,jingjie-cpu-05.mae.cornell.edu,4cf37e9,50942,17,syn-s2-n8,7bee083a29bc,8,4,46e7ce0f21ee,6c0ee13fce7e,3,108.0,26.6,3108.0,3118.044358171287,10.044358171287058,exact-milp/taker,GRB,OPTIMAL,3118.044358171287,3118.044358171287,0.0,3094.0,24.044358171287058,0.9164628982543945,0.007977724075317383,1100,296,915,,,,,,sweep,,,12,-0.44999999999999907,21,,
phase2,taker-sweep,2026-08-14T22:32:46.481158+00:00,jingjie-cpu-05.mae.cornell.edu,4cf37e9,50942,17,syn-s2-n8,7bee083a29bc,8,4,f52b635e16c6,6c0ee13fce7e,3,108.0,26.6,3108.0,3119.374358171287,11.374358171286985,exact-milp/taker,GRB,OPTIMAL,3119.374358171287,3119.374358171287,0.0,3094.0,25.374358171286985,0.8673694133758545,0.007911205291748047,1100,296,915,,,,,,sweep,,,12,-0.399999999999999,22,,
phase2,taker-sweep,2026-08-14T22:32:47.162128+00:00,jingjie-cpu-05.mae.cornell.edu,4cf37e9,50942,17,syn-s2-n8,7bee083a29bc,8,4,46e7ce0f21ee,6c0ee13fce7e,3,108.0,26.6,3108.0,3120.704358171287,12.704358171286913,exact-milp/taker,GRB,OPTIMAL,3120.704358171287,3120.704358171287,0.0,3094.0,26.704358171286913,0.6245107650756836,0.008042573928833008,1100,296,915,,,,,,sweep,,,12,-0.349999999999999,23,,
phase2,taker-sweep,2026-08-14T22:32:47.956884+00:00,jingjie-cpu-05.mae.cornell.edu,4cf37e9,50942,17,syn-s2-n8,7bee083a29bc,8,4,46e7ce0f21ee,6c0ee13fce7e,3,108.0,26.6,3108.0,3122.034358171287,14.03435817128684,exact-milp/taker,GRB,OPTIMAL,3122.034358171287,3122.034358171287,0.0,3094.0,28.03435817128684,0.7550790309906006,0.007906675338745117,1100,296,915,,,,,,sweep,,,12,-0.29999999999999893,24,,
phase2,taker-sweep,2026-08-14T22:32:48.690907+00:00,jingjie-cpu-05.mae.cornell.edu,4cf37e9,50942,17,syn-s2-n8,7bee083a29bc,8,4,46e7ce0f21ee,6c0ee13fce7e,3,108.0,26.6,3108.0,3123.3643581712868,15.364358171286767,exact-milp/taker,GRB,OPTIMAL,3123.3643581712868,3123.3643581712868,0.0,3094.0,29.364358171286767,0.6929349899291992,0.008022785186767578,1100,296,915,,,,,,sweep,,,12,-0.2499999999999989,25,,
phase2,taker-sweep,2026-08-14T22:32:49.725217+00:00,jingjie-cpu-05.mae.cornell.edu,4cf37e9,50942,17,syn-s2-n8,7bee083a29bc,8,4,f52b635e16c6,6c0ee13fce7e,3,108.0,26.6,3108.0,3124.6943581712867,16.694358171286694,exact-milp/taker,GRB,OPTIMAL,3124.6943581712867,3124.6943581712867,0.0,3094.0,30.694358171286694,0.9934992790222168,0.008279085159301758,1100,296,915,,,,,,sweep,,,12,-0.19999999999999885,26,,
phase2,taker-sweep,2026-08-14T22:32:50.480461+00:00,jingjie-cpu-05.mae.cornell.edu,4cf37e9,50942,17,syn-s2-n8,7bee083a29bc,8,4,46e7ce0f21ee,6c0ee13fce7e,3,108.0,26.6,3108.0,3126.024358171287,18.024358171287076,exact-milp/taker,GRB,OPTIMAL,3126.024358171287,3126.024358171287,0.0,3094.0,32.024358171287076,0.6917455196380615,0.008199691772460938,1100,296,915,,,,,,sweep,,,12,-0.1499999999999988,27,,
phase2,taker-sweep,2026-08-14T22:32:51.333432+00:00,jingjie-cpu-05.mae.cornell.edu,4cf37e9,50942,17,syn-s2-n8,7bee083a29bc,8,4,46e7ce0f21ee,6c0ee13fce7e,3,108.0,26.6,3108.0,3127.354358171287,19.354358171287004,exact-milp/taker,GRB,OPTIMAL,3127.354358171287,3127.354358171287,0.0,3094.0,33.354358171287004,0.8127622604370117,0.007933855056762695,1100,296,915,,,,,,sweep,,,12,-0.09999999999999876,28,,
phase2,taker-sweep,2026-08-14T22:32:52.235575+00:00,jingjie-cpu-05.mae.cornell.edu,4cf37e9,50942,17,syn-s2-n8,7bee083a29bc,8,4,46e7ce0f21ee,6c0ee13fce7e,3,108.0,26.6,3108.0,3128.684358171287,20.68435817128693,exact-milp/taker,GRB,OPTIMAL,3128.684358171287,3128.684358171287,0.0,3094.0,34.68435817128693,0.8617675304412842,0.007985115051269531,1100,296,915,,,,,,sweep,,,12,-0.04999999999999871,29,,
phase2,taker-sweep,2026-08-14T22:32:53.334569+00:00,jingjie-cpu-05.mae.cornell.edu,4cf37e9,50942,17,syn-s2-n8,7bee083a29bc,8,4,46e7ce0f21ee,6c0ee13fce7e,3,108.0,26.6,3108.0,3130.014358171287,22.014358171286858,exact-milp/taker,GRB,OPTIMAL,3130.014358171287,3130.0143581712864,1.4528602710696528e-16,3094.0,36.01435817128686,1.0583512783050537,0.008158206939697266,1100,296,915,,,,,,sweep,,,12,1.3322676295501878e-15,30,,
phase2,taker-sweep,2026-08-14T22:32:54.312696+00:00,jingjie-cpu-05.mae.cornell.edu,4cf37e9,50942,17,syn-s2-n8,7bee083a29bc,8,4,46e7ce0f21ee,6c0ee13fce7e,3,108.0,26.6,3108.0,3131.344358171287,23.344358171286785,exact-milp/taker,GRB,OPTIMAL,3131.344358171287,3131.3443581712863,1.4522431865399746e-16,3094.0,37.344358171286785,0.9140090942382812,0.008182525634765625,1100,296,915,,,,,,sweep,,,12,0.05000000000000138,31,,
phase2,taker-sweep,2026-08-14T22:32:55.611487+00:00,jingjie-cpu-05.mae.cornell.edu,4cf37e9,50942,17,syn-s2-n8,7bee083a29bc,8,4,46e7ce0f21ee,6c0ee13fce7e,3,108.0,26.6,3108.0,3132.6743581712867,24.674358171286713,exact-milp/taker,GRB,OPTIMAL,3132.6743581712867,3132.6743581712867,0.0,3094.0,38.67435817128671,1.2576994895935059,0.007942914962768555,1100,296,915,,,,,,sweep,,,12,0.10000000000000142,32,,
phase2,taker-sweep,2026-08-14T22:32:56.554982+00:00,jingjie-cpu-05.mae.cornell.edu,4cf37e9,50942,17,syn-s2-n8,7bee083a29bc,8,4,52e00cc36fb6,ae845378bfe8,3,114.0,26.6,3114.0,3133.957955895012,19.95795589501222,exact-milp/taker,GRB,OPTIMAL,3133.957955895012,3133.957955895012,0.0,3094.0,39.95795589501222,0.8975403308868408,0.00853276252746582,1100,296,915,,,,,,sweep,,,12,0.15000000000000147,33,,
phase2,taker-sweep,2026-08-14T22:32:57.923690+00:00,jingjie-cpu-05.mae.cornell.edu,4cf37e9,50942,17,syn-s2-n8,7bee083a29bc,8,4,52e00cc36fb6,ae845378bfe8,3,114.0,26.6,3114.0,3133.957955895012,19.95795589501222,exact-milp/taker,GRB,OPTIMAL,3133.957955895012,3133.957955895012,0.0,3094.0,39.95795589501222,1.3270301818847656,0.00882720947265625,1100,296,915,,,,,,sweep,,,12,0.2000000000000015,34,,
phase2,taker-sweep,2026-08-14T22:32:59.275799+00:00,jingjie-cpu-05.mae.cornell.edu,4cf37e9,50942,17,syn-s2-n8,7bee083a29bc,8,4,52e00cc36fb6,ae845378bfe8,3,114.0,26.6,3114.0,3133.957955895012,19.95795589501222,exact-milp/taker,GRB,OPTIMAL,3133.957955895012,3133.957955895012,0.0,3094.0,39.95795589501222,1.2903616428375244,0.008044719696044922,1100,296,915,,,,,,sweep,,,12,0.25000000000000155,35,,
phase2,taker-sweep,2026-08-14T22:33:01.037116+00:00,jingjie-cpu-05.mae.cornell.edu,4cf37e9,50942,17,syn-s2-n8,7bee083a29bc,8,4,52e00cc36fb6,ae845378bfe8,3,114.0,26.6,3114.0,3133.957955895012,19.95795589501222,exact-milp/taker,GRB,OPTIMAL,3133.957955895012,3133.957955895012,0.0,3094.0,39.95795589501222,1.7208573818206787,0.007967472076416016,1100,296,915,,,,,,sweep,,,12,0.3000000000000016,36,,
phase2,taker-sweep,2026-08-14T22:33:02.338542+00:00,jingjie-cpu-05.mae.cornell.edu,4cf37e9,50942,17,syn-s2-n8,7bee083a29bc,8,4,52e00cc36fb6,ae845378bfe8,3,114.0,26.6,3114.0,3133.957955895012,19.95795589501222,exact-milp/taker,GRB,OPTIMAL,3133.957955895012,3133.957955895012,0.0,3094.0,39.95795589501222,1.2600581645965576,0.008086919784545898,1100,296,915,,,,,,sweep,,,12,0.35000000000000164,37,,
phase2,taker-sweep,2026-08-14T22:33:03.808899+00:00,jingjie-cpu-05.mae.cornell.edu,4cf37e9,50942,17,syn-s2-n8,7bee083a29bc,8,4,52e00cc36fb6,ae845378bfe8,3,114.0,26.6,3114.0,3133.957955895012,19.95795589501222,exact-milp/taker,GRB,OPTIMAL,3133.957955895012,3133.957955895012,0.0,3094.0,39.95795589501222,1.429593563079834,0.00800776481628418,1100,296,915,,,,,,sweep,,,12,0.4000000000000017,38,,
phase2,taker-sweep,2026-08-14T22:33:05.183784+00:00,jingjie-cpu-05.mae.cornell.edu,4cf37e9,50942,17,syn-s2-n8,7bee083a29bc,8,4,52e00cc36fb6,ae845378bfe8,3,114.0,26.6,3114.0,3133.957955895012,19.95795589501222,exact-milp/taker,GRB,OPTIMAL,3133.957955895012,3133.957955895012,0.0,3094.0,39.95795589501222,1.3014988899230957,0.008013486862182617,1100,296,915,,,,,,sweep,,,12,0.45000000000000173,39,,
phase2,taker-sweep,2026-08-14T22:33:06.478193+00:00,jingjie-cpu-05.mae.cornell.edu,4cf37e9,50942,17,syn-s2-n8,7bee083a29bc,8,4,52e00cc36fb6,ae845378bfe8,3,114.0,26.6,3114.0,3133.957955895012,19.95795589501222,exact-milp/taker,GRB,OPTIMAL,3133.957955895012,3133.957955895012,0.0,3094.0,39.95795589501222,1.253772497177124,0.007990121841430664,1100,296,915,,,,,,sweep,,,12,0.5000000000000018,40,,
phase2,taker-sweep,2026-08-14T22:33:07.885520+00:00,jingjie-cpu-05.mae.cornell.edu,4cf37e9,50942,17,syn-s2-n8,7bee083a29bc,8,4,52e00cc36fb6,ae845378bfe8,3,114.0,26.6,3114.0,3133.957955895012,19.95795589501222,exact-milp/taker,GRB,OPTIMAL,3133.957955895012,3133.957955895012,0.0,3094.0,39.95795589501222,1.3661468029022217,0.008084774017333984,1100,296,915,,,,,,sweep,,,12,0.5500000000000016,41,,
phase2,taker-sweep,2026-08-14T22:33:09.433032+00:00,jingjie-cpu-05.mae.cornell.edu,4cf37e9,50942,17,syn-s2-n8,7bee083a29bc,8,4,52e00cc36fb6,ae845378bfe8,3,114.0,26.6,3114.0,3133.957955895012,19.95795589501222,exact-milp/taker,GRB,OPTIMAL,3133.957955895012,3133.957955895012,0.0,3094.0,39.95795589501222,1.5057754516601562,0.007922887802124023,1100,296,915,,,,,,sweep,,,12,0.6000000000000019,42,,
phase2,taker-sweep,2026-08-14T22:33:10.735301+00:00,jingjie-cpu-05.mae.cornell.edu,4cf37e9,50942,17,syn-s2-n8,7bee083a29bc,8,4,52e00cc36fb6,ae845378bfe8,3,114.0,26.6,3114.0,3133.957955895012,19.95795589501222,exact-milp/taker,GRB,OPTIMAL,3133.957955895012,3133.957955895012,0.0,3094.0,39.95795589501222,1.245234727859497,0.008057594299316406,1100,296,915,,,,,,sweep,,,12,0.6500000000000021,43,,
phase2,taker-sweep,2026-08-14T22:33:12.441648+00:00,jingjie-cpu-05.mae.cornell.edu,4cf37e9,50942,17,syn-s2-n8,7bee083a29bc,8,4,52e00cc36fb6,ae845378bfe8,3,114.0,26.6,3114.0,3133.957955895012,19.95795589501222,exact-milp/taker,GRB,OPTIMAL,3133.957955895012,3133.957955895012,0.0,3094.0,39.95795589501222,1.6650526523590088,0.007935523986816406,1100,296,915,,,,,,sweep,,,12,0.700000000000002,44,,
phase2,taker-sweep,2026-08-14T22:33:14.241704+00:00,jingjie-cpu-05.mae.cornell.edu,4cf37e9,50942,17,syn-s2-n8,7bee083a29bc,8,4,52e00cc36fb6,ae845378bfe8,3,114.0,26.6,3114.0,3133.957955895012,19.95795589501222,exact-milp/taker,GRB,OPTIMAL,3133.957955895012,3133.957955895012,0.0,3094.0,39.95795589501222,1.7582731246948242,0.008085489273071289,1100,296,915,,,,,,sweep,,,12,0.7500000000000018,45,,
phase2,taker-sweep,2026-08-14T22:33:15.985145+00:00,jingjie-cpu-05.mae.cornell.edu,4cf37e9,50942,17,syn-s2-n8,7bee083a29bc,8,4,52e00cc36fb6,ae845378bfe8,3,114.0,26.6,3114.0,3133.957955895012,19.95795589501222,exact-milp/taker,GRB,OPTIMAL,3133.957955895012,3133.957955895012,0.0,3094.0,39.95795589501222,1.7020118236541748,0.007840871810913086,1100,296,915,,,,,,sweep,,,12,0.800000000000002,46,,
phase2,taker-sweep,2026-08-14T22:33:17.578904+00:00,jingjie-cpu-05.mae.cornell.edu,4cf37e9,50942,17,syn-s2-n8,7bee083a29bc,8,4,52e00cc36fb6,ae845378bfe8,3,114.0,26.6,3114.0,3133.957955895012,19.95795589501222,exact-milp/taker,GRB,OPTIMAL,3133.957955895012,3133.957955895012,0.0,3094.0,39.95795589501222,1.511890172958374,0.008163690567016602,1100,296,915,,,,,,sweep,,,12,0.8500000000000023,47,,
phase2,taker-sweep,2026-08-14T22:33:19.320232+00:00,jingjie-cpu-05.mae.cornell.edu,4cf37e9,50942,17,syn-s2-n8,7bee083a29bc,8,4,52e00cc36fb6,ae845378bfe8,3,114.0,26.6,3114.0,3133.957955895012,19.95795589501222,exact-milp/taker,GRB,OPTIMAL,3133.957955895012,3133.957955895012,0.0,3094.0,39.95795589501222,1.6991050243377686,0.007846832275390625,1100,296,915,,,,,,sweep,,,12,0.9000000000000021,48,,
phase2,taker-sweep,2026-08-14T22:33:20.698062+00:00,jingjie-cpu-05.mae.cornell.edu,4cf37e9,50942,17,syn-s2-n8,7bee083a29bc,8,4,52e00cc36fb6,ae845378bfe8,3,114.0,26.6,3114.0,3133.957955895012,19.95795589501222,exact-milp/taker,GRB,OPTIMAL,3133.957955895012,3133.957955895012,0.0,3094.0,39.95795589501222,1.3367505073547363,0.007780551910400391,1100,296,915,,,,,,sweep,,,12,0.950000000000002,49,,
phase2,taker-sweep,2026-08-14T22:33:21.984611+00:00,jingjie-cpu-05.mae.cornell.edu,4cf37e9,50942,17,syn-s2-n8,7bee083a29bc,8,4,52e00cc36fb6,ae845378bfe8,3,114.0,26.6,3114.0,3133.957955895012,19.95795589501222,exact-milp/taker,GRB,OPTIMAL,3133.957955895012,3133.957955895012,0.0,3094.0,39.95795589501222,1.244804859161377,0.008013486862182617,1100,296,915,,,,,,sweep,,,12,1.0000000000000022,50,,
phase2,taker-sweep,2026-08-14T22:33:23.451414+00:00,jingjie-cpu-05.mae.cornell.edu,4cf37e9,50942,17,syn-s2-n8,7bee083a29bc,8,4,52e00cc36fb6,ae845378bfe8,3,114.0,26.6,3114.0,3133.957955895012,19.95795589501222,exact-milp/taker,GRB,OPTIMAL,3133.957955895012,3133.957955895012,0.0,3094.0,39.95795589501222,1.3832545280456543,0.007357597351074219,1100,296,915,,,,,,sweep,,,12,1.0500000000000025,51,,
phase2,taker-sweep,2026-08-14T22:33:24.945175+00:00,jingjie-cpu-05.mae.cornell.edu,4cf37e9,50942,17,syn-s2-n8,7bee083a29bc,8,4,52e00cc36fb6,ae845378bfe8,3,114.0,26.6,3114.0,3133.957955895012,19.95795589501222,exact-milp/taker,GRB,OPTIMAL,3133.957955895012,3133.957955895012,0.0,3094.0,39.95795589501222,1.452890157699585,0.007783174514770508,1100,296,915,,,,,,sweep,,,12,1.1000000000000023,52,,
phase2,taker-sweep,2026-08-14T22:33:26.204192+00:00,jingjie-cpu-05.mae.cornell.edu,4cf37e9,50942,17,syn-s2-n8,7bee083a29bc,8,4,52e00cc36fb6,ae845378bfe8,3,114.0,26.6,3114.0,3133.957955895012,19.95795589501222,exact-milp/taker,GRB,OPTIMAL,3133.957955895012,3133.957955895012,0.0,3094.0,39.95795589501222,1.2170698642730713,0.008037090301513672,1100,296,915,,,,,,sweep,,,12,1.1500000000000021,53,,
phase2,taker-sweep,2026-08-14T22:33:28.086974+00:00,jingjie-cpu-05.mae.cornell.edu,4cf37e9,50942,17,syn-s2-n8,7bee083a29bc,8,4,52e00cc36fb6,ae845378bfe8,3,114.0,26.6,3114.0,3133.957955895012,19.95795589501222,exact-milp/taker,GRB,OPTIMAL,3133.957955895012,3133.957955895012,0.0,3094.0,39.95795589501222,1.8411548137664795,0.007863998413085938,1100,296,915,,,,,,sweep,,,12,1.2000000000000024,54,,
phase2,taker-sweep,2026-08-14T22:33:29.750372+00:00,jingjie-cpu-05.mae.cornell.edu,4cf37e9,50942,17,syn-s2-n8,7bee083a29bc,8,4,52e00cc36fb6,ae845378bfe8,3,114.0,26.6,3114.0,3133.957955895012,19.95795589501222,exact-milp/taker,GRB,OPTIMAL,3133.957955895012,3133.957955895012,0.0,3094.0,39.95795589501222,1.5930421352386475,0.008018255233764648,1100,296,915,,,,,,sweep,,,12,1.2500000000000027,55,,
phase2,taker-sweep,2026-08-14T22:33:31.252933+00:00,jingjie-cpu-05.mae.cornell.edu,4cf37e9,50942,17,syn-s2-n8,7bee083a29bc,8,4,52e00cc36fb6,ae845378bfe8,3,114.0,26.6,3114.0,3133.957955895012,19.95795589501222,exact-milp/taker,GRB,OPTIMAL,3133.957955895012,3133.957955895012,0.0,3094.0,39.95795589501222,1.4607627391815186,0.008012533187866211,1100,296,915,,,,,,sweep,,,12,1.3000000000000025,56,,
phase2,taker-sweep,2026-08-14T22:33:32.836785+00:00,jingjie-cpu-05.mae.cornell.edu,4cf37e9,50942,17,syn-s2-n8,7bee083a29bc,8,4,52e00cc36fb6,ae845378bfe8,3,114.0,26.6,3114.0,3133.957955895012,19.95795589501222,exact-milp/taker,GRB,OPTIMAL,3133.957955895012,3133.957955895012,0.0,3094.0,39.95795589501222,1.5420985221862793,0.007826805114746094,1100,296,915,,,,,,sweep,,,12,1.3500000000000023,57,,
phase2,taker-sweep,2026-08-14T22:33:34.169838+00:00,jingjie-cpu-05.mae.cornell.edu,4cf37e9,50942,17,syn-s2-n8,7bee083a29bc,8,4,52e00cc36fb6,ae845378bfe8,3,114.0,26.6,3114.0,3133.957955895012,19.95795589501222,exact-milp/taker,GRB,OPTIMAL,3133.957955895012,3133.957955895012,0.0,3094.0,39.95795589501222,1.29127836227417,0.007795810699462891,1100,296,915,,,,,,sweep,,,12,1.4000000000000026,58,,
phase2,taker-sweep,2026-08-14T22:33:35.734730+00:00,jingjie-cpu-05.mae.cornell.edu,4cf37e9,50942,17,syn-s2-n8,7bee083a29bc,8,4,52e00cc36fb6,ae845378bfe8,3,114.0,26.6,3114.0,3133.957955895012,19.95795589501222,exact-milp/taker,GRB,OPTIMAL,3133.957955895012,3133.957955895012,0.0,3094.0,39.95795589501222,1.4888496398925781,0.008075475692749023,1100,296,915,,,,,,sweep,,,12,1.4500000000000028,59,,
phase2,taker-sweep,2026-08-14T22:33:36.965626+00:00,jingjie-cpu-05.mae.cornell.edu,4cf37e9,50942,17,syn-s2-n8,7bee083a29bc,8,4,52e00cc36fb6,ae845378bfe8,3,114.0,26.6,3114.0,3133.957955895012,19.95795589501222,exact-milp/taker,GRB,OPTIMAL,3133.957955895012,3133.957955895012,0.0,3094.0,39.95795589501222,1.1895406246185303,0.008014678955078125,1100,296,915,,,,,,sweep,,,12,1.5000000000000027,60,,
phase2,taker-sweep,2026-08-14T22:32:35.992066+00:00,jingjie-cpu-13.mae.cornell.edu,4cf37e9,50943,18,syn-s2-n8,7bee083a29bc,8,4,3fa1d7304100,043ed73ae6c6,3,114.0,47.5,3114.0,3107.131053820883,-6.868946179116847,exact-milp/taker,GRB,OPTIMAL,3107.131053820883,3107.131053820883,0.0,3094.0,13.131053820883153,0.20421695709228516,0.018445491790771484,1100,296,915,,,,,,sweep,,,16,-1.5,0,,
phase2,taker-sweep,2026-08-14T22:32:36.435808+00:00,jingjie-cpu-13.mae.cornell.edu,4cf37e9,50943,18,syn-s2-n8,7bee083a29bc,8,4,3fa1d7304100,043ed73ae6c6,3,114.0,47.5,3114.0,3109.506053820883,-4.493946179116847,exact-milp/taker,GRB,OPTIMAL,3109.506053820883,3109.506053820883,0.0,3094.0,15.506053820883153,0.3955249786376953,0.00811004638671875,1100,296,915,,,,,,sweep,,,16,-1.45,1,,
phase2,taker-sweep,2026-08-14T22:32:37.083671+00:00,jingjie-cpu-13.mae.cornell.edu,4cf37e9,50943,18,syn-s2-n8,7bee083a29bc,8,4,3fa1d7304100,043ed73ae6c6,3,114.0,47.5,3114.0,3111.881053820883,-2.118946179116847,exact-milp/taker,GRB,OPTIMAL,3111.881053820883,3111.881053820883,0.0,3094.0,17.881053820883153,0.605494499206543,0.008177042007446289,1100,296,915,,,,,,sweep,,,16,-1.4,2,,
phase2,taker-sweep,2026-08-14T22:32:37.852323+00:00,jingjie-cpu-13.mae.cornell.edu,4cf37e9,50943,18,syn-s2-n8,7bee083a29bc,8,4,54fc82ebef75,1ccfba274c4d,3,114.0,26.6,3114.0,3114.1433901396945,0.14339013969447478,exact-milp/taker,GRB,OPTIMAL,3114.1433901396945,3114.1433901396945,0.0,3094.0,20.143390139694475,0.7069711685180664,0.008105278015136719,1100,296,915,,,,,,sweep,,,16,-1.3499999999999999,3,,
phase2,taker-sweep,2026-08-14T22:32:39.013993+00:00,jingjie-cpu-13.mae.cornell.edu,4cf37e9,50943,18,syn-s2-n8,7bee083a29bc,8,4,54fc82ebef75,1ccfba274c4d,3,114.0,26.6,3114.0,3115.473390139695,1.4733901396948568,exact-milp/taker,GRB,OPTIMAL,3115.473390139695,3115.473390139695,0.0,3094.0,21.473390139694857,1.121281623840332,0.007864952087402344,1100,296,915,,,,,,sweep,,,16,-1.2999999999999998,4,,
phase2,taker-sweep,2026-08-14T22:32:40.027391+00:00,jingjie-cpu-13.mae.cornell.edu,4cf37e9,50943,18,syn-s2-n8,7bee083a29bc,8,4,52e00cc36fb6,1ccfba274c4d,3,114.0,26.6,3114.0,3116.803390139695,2.803390139694784,exact-milp/taker,GRB,OPTIMAL,3116.803390139695,3116.803390139695,0.0,3094.0,22.803390139694784,0.9697737693786621,0.011153936386108398,1100,296,915,,,,,,sweep,,,16,-1.2499999999999998,5,,
phase2,taker-sweep,2026-08-14T22:32:40.743539+00:00,jingjie-cpu-13.mae.cornell.edu,4cf37e9,50943,18,syn-s2-n8,7bee083a29bc,8,4,54fc82ebef75,1ccfba274c4d,3,114.0,26.6,3114.0,3118.1333901396947,4.133390139694711,exact-milp/taker,GRB,OPTIMAL,3118.1333901396947,3118.1333901396947,0.0,3094.0,24.13339013969471,0.6765751838684082,0.007638454437255859,1100,296,915,,,,,,sweep,,,16,-1.1999999999999997,6,,
phase2,taker-sweep,2026-08-14T22:32:41.778638+00:00,jingjie-cpu-13.mae.cornell.edu,4cf37e9,50943,18,syn-s2-n8,7bee083a29bc,8,4,52e00cc36fb6,1ccfba274c4d,3,114.0,26.6,3114.0,3119.4633901396946,5.4633901396946385,exact-milp/taker,GRB,OPTIMAL,3119.4633901396946,3119.4633901396946,0.0,3094.0,25.46339013969464,0.9700417518615723,0.00805044174194336,1100,296,915,,,,,,sweep,,,16,-1.1499999999999997,7,,
phase2,taker-sweep,2026-08-14T22:32:42.546665+00:00,jingjie-cpu-13.mae.cornell.edu,4cf37e9,50943,18,syn-s2-n8,7bee083a29bc,8,4,52e00cc36fb6,1ccfba274c4d,3,114.0,26.6,3114.0,3120.7933901396946,6.793390139694566,exact-milp/taker,GRB,OPTIMAL,3120.7933901396946,3120.7933901396946,0.0,3094.0,26.793390139694566,0.7242765426635742,0.008326292037963867,1100,296,915,,,,,,sweep,,,16,-1.0999999999999996,8,,
phase2,taker-sweep,2026-08-14T22:32:43.506822+00:00,jingjie-cpu-13.mae.cornell.edu,4cf37e9,50943,18,syn-s2-n8,7bee083a29bc,8,4,52e00cc36fb6,1ccfba274c4d,3,114.0,26.6,3114.0,3122.1233901396945,8.123390139694493,exact-milp/taker,GRB,OPTIMAL,3122.1233901396945,3122.1233901396945,0.0,3094.0,28.123390139694493,0.9204821586608887,0.007965087890625,1100,296,915,,,,,,sweep,,,16,-1.0499999999999996,9,,
phase2,taker-sweep,2026-08-14T22:32:44.424670+00:00,jingjie-cpu-13.mae.cornell.edu,4cf37e9,50943,18,syn-s2-n8,7bee083a29bc,8,4,52e00cc36fb6,1ccfba274c4d,3,114.0,26.6,3114.0,3123.4533901396944,9.45339013969442,exact-milp/taker,GRB,OPTIMAL,3123.4533901396944,3123.4533901396944,0.0,3094.0,29.45339013969442,0.8777761459350586,0.007910013198852539,1100,296,915,,,,,,sweep,,,16,-0.9999999999999996,10,,
phase2,taker-sweep,2026-08-14T22:32:45.118463+00:00,jingjie-cpu-13.mae.cornell.edu,4cf37e9,50943,18,syn-s2-n8,7bee083a29bc,8,4,52e00cc36fb6,1ccfba274c4d,3,114.0,26.6,3114.0,3124.783390139695,10.783390139694802,exact-milp/taker,GRB,OPTIMAL,3124.783390139695,3124.783390139695,0.0,3094.0,30.783390139694802,0.6281523704528809,0.008212804794311523,1100,296,915,,,,,,sweep,,,16,-0.9499999999999995,11,,
phase2,taker-sweep,2026-08-14T22:32:46.108468+00:00,jingjie-cpu-13.mae.cornell.edu,4cf37e9,50943,18,syn-s2-n8,7bee083a29bc,8,4,54fc82ebef75,1ccfba274c4d,3,114.0,26.6,3114.0,3126.1133901396947,12.11339013969473,exact-milp/taker,GRB,OPTIMAL,3126.1133901396947,3126.1133901396947,0.0,3094.0,32.11339013969473,0.9498040676116943,0.00783848762512207,1100,296,915,,,,,,sweep,,,16,-0.8999999999999995,12,,
phase2,taker-sweep,2026-08-14T22:32:47.308368+00:00,jingjie-cpu-13.mae.cornell.edu,4cf37e9,50943,18,syn-s2-n8,7bee083a29bc,8,4,54fc82ebef75,1ccfba274c4d,3,114.0,26.6,3114.0,3127.4433901396947,13.443390139694657,exact-milp/taker,GRB,OPTIMAL,3127.4433901396947,3127.4433901396947,0.0,3094.0,33.44339013969466,1.1592333316802979,0.007883310317993164,1100,296,915,,,,,,sweep,,,16,-0.8499999999999994,13,,
phase2,taker-sweep,2026-08-14T22:32:48.217984+00:00,jingjie-cpu-13.mae.cornell.edu,4cf37e9,50943,18,syn-s2-n8,7bee083a29bc,8,4,54fc82ebef75,1ccfba274c4d,3,114.0,26.6,3114.0,3128.7733901396946,14.773390139694584,exact-milp/taker,GRB,OPTIMAL,3128.7733901396946,3128.7733901396946,0.0,3094.0,34.773390139694584,0.8671257495880127,0.007942676544189453,1100,296,915,,,,,,sweep,,,16,-0.7999999999999994,14,,
phase2,taker-sweep,2026-08-14T22:32:49.098044+00:00,jingjie-cpu-13.mae.cornell.edu,4cf37e9,50943,18,syn-s2-n8,7bee083a29bc,8,4,f52b635e16c6,6c0ee13fce7e,3,108.0,26.6,3108.0,3130.014358171287,22.014358171286858,exact-milp/taker,GRB,OPTIMAL,3130.014358171287,3130.014358171287,0.0,3094.0,36.01435817128686,0.8126745223999023,0.008179664611816406,1100,296,915,,,,,,sweep,,,16,-0.7499999999999993,15,,
phase2,taker-sweep,2026-08-14T22:32:50.607768+00:00,jingjie-cpu-13.mae.cornell.edu,4cf37e9,50943,18,syn-s2-n8,7bee083a29bc,8,4,f52b635e16c6,6c0ee13fce7e,3,108.0,26.6,3108.0,3130.014358171287,22.014358171286858,exact-milp/taker,GRB,OPTIMAL,3130.014358171287,3130.014358171287,0.0,3094.0,36.01435817128686,1.465435266494751,0.008028984069824219,1100,296,915,,,,,,sweep,,,16,-0.6999999999999993,16,,
phase2,taker-sweep,2026-08-14T22:32:51.421463+00:00,jingjie-cpu-13.mae.cornell.edu,4cf37e9,50943,18,syn-s2-n8,7bee083a29bc,8,4,f52b635e16c6,6c0ee13fce7e,3,108.0,26.6,3108.0,3130.014358171287,22.014358171286858,exact-milp/taker,GRB,OPTIMAL,3130.014358171287,3130.014358171287,0.0,3094.0,36.01435817128686,0.7728331089019775,0.008128881454467773,1100,296,915,,,,,,sweep,,,16,-0.6499999999999992,17,,
phase2,taker-sweep,2026-08-14T22:32:52.611719+00:00,jingjie-cpu-13.mae.cornell.edu,4cf37e9,50943,18,syn-s2-n8,7bee083a29bc,8,4,46e7ce0f21ee,6c0ee13fce7e,3,108.0,26.6,3108.0,3130.014358171287,22.014358171286858,exact-milp/taker,GRB,OPTIMAL,3130.014358171287,3130.014358171287,0.0,3094.0,36.01435817128686,1.1500060558319092,0.00798487663269043,1100,296,915,,,,,,sweep,,,16,-0.5999999999999992,18,,
phase2,taker-sweep,2026-08-14T22:32:54.040523+00:00,jingjie-cpu-13.mae.cornell.edu,4cf37e9,50943,18,syn-s2-n8,7bee083a29bc,8,4,46e7ce0f21ee,6c0ee13fce7e,3,108.0,26.6,3108.0,3130.014358171287,22.014358171286858,exact-milp/taker,GRB,OPTIMAL,3130.014358171287,3130.014358171287,0.0,3094.0,36.01435817128686,1.2867252826690674,0.008028984069824219,1100,296,915,,,,,,sweep,,,16,-0.5499999999999992,19,,
phase2,taker-sweep,2026-08-14T22:32:55.329590+00:00,jingjie-cpu-13.mae.cornell.edu,4cf37e9,50943,18,syn-s2-n8,7bee083a29bc,8,4,46e7ce0f21ee,6c0ee13fce7e,3,108.0,26.6,3108.0,3130.014358171287,22.014358171286858,exact-milp/taker,GRB,OPTIMAL,3130.014358171287,3130.014358171287,0.0,3094.0,36.01435817128686,1.248396635055542,0.007933378219604492,1100,296,915,,,,,,sweep,,,16,-0.4999999999999991,20,,
phase2,taker-sweep,2026-08-14T22:32:56.333877+00:00,jingjie-cpu-13.mae.cornell.edu,4cf37e9,50943,18,syn-s2-n8,7bee083a29bc,8,4,46e7ce0f21ee,6c0ee13fce7e,3,108.0,26.6,3108.0,3130.014358171287,22.014358171286858,exact-milp/taker,GRB,OPTIMAL,3130.014358171287,3130.014358171287,0.0,3094.0,36.01435817128686,0.9633340835571289,0.007835626602172852,1100,296,915,,,,,,sweep,,,16,-0.44999999999999907,21,,
phase2,taker-sweep,2026-08-14T22:32:57.339438+00:00,jingjie-cpu-13.mae.cornell.edu,4cf37e9,50943,18,syn-s2-n8,7bee083a29bc,8,4,46e7ce0f21ee,6c0ee13fce7e,3,108.0,26.6,3108.0,3130.014358171287,22.014358171286858,exact-milp/taker,GRB,OPTIMAL,3130.014358171287,3130.014358171287,0.0,3094.0,36.01435817128686,0.965242862701416,0.007831335067749023,1100,296,915,,,,,,sweep,,,16,-0.399999999999999,22,,
phase2,taker-sweep,2026-08-14T22:32:58.463739+00:00,jingjie-cpu-13.mae.cornell.edu,4cf37e9,50943,18,syn-s2-n8,7bee083a29bc,8,4,46e7ce0f21ee,6c0ee13fce7e,3,108.0,26.6,3108.0,3130.014358171287,22.014358171286858,exact-milp/taker,GRB,OPTIMAL,3130.014358171287,3130.014358171287,0.0,3094.0,36.01435817128686,1.050997257232666,0.008201360702514648,1100,296,915,,,,,,sweep,,,16,-0.349999999999999,23,,
phase2,taker-sweep,2026-08-14T22:32:59.643937+00:00,jingjie-cpu-13.mae.cornell.edu,4cf37e9,50943,18,syn-s2-n8,7bee083a29bc,8,4,46e7ce0f21ee,6c0ee13fce7e,3,108.0,26.6,3108.0,3130.014358171287,22.014358171286858,exact-milp/taker,GRB,OPTIMAL,3130.014358171287,3130.014358171287,0.0,3094.0,36.01435817128686,1.1138839721679688,0.008054733276367188,1100,296,915,,,,,,sweep,,,16,-0.29999999999999893,24,,
phase2,taker-sweep,2026-08-14T22:33:00.749298+00:00,jingjie-cpu-13.mae.cornell.edu,4cf37e9,50943,18,syn-s2-n8,7bee083a29bc,8,4,46e7ce0f21ee,6c0ee13fce7e,3,108.0,26.6,3108.0,3130.014358171287,22.014358171286858,exact-milp/taker,GRB,OPTIMAL,3130.014358171287,3130.014358171287,0.0,3094.0,36.01435817128686,1.0631310939788818,0.008293867111206055,1100,296,915,,,,,,sweep,,,16,-0.2499999999999989,25,,
phase2,taker-sweep,2026-08-14T22:33:01.869420+00:00,jingjie-cpu-13.mae.cornell.edu,4cf37e9,50943,18,syn-s2-n8,7bee083a29bc,8,4,46e7ce0f21ee,6c0ee13fce7e,3,108.0,26.6,3108.0,3130.014358171287,22.014358171286858,exact-milp/taker,GRB,OPTIMAL,3130.014358171287,3130.014358171287,0.0,3094.0,36.01435817128686,1.0786478519439697,0.008130073547363281,1100,296,915,,,,,,sweep,,,16,-0.19999999999999885,26,,
phase2,taker-sweep,2026-08-14T22:33:03.187910+00:00,jingjie-cpu-13.mae.cornell.edu,4cf37e9,50943,18,syn-s2-n8,7bee083a29bc,8,4,46e7ce0f21ee,6c0ee13fce7e,3,108.0,26.6,3108.0,3130.014358171287,22.014358171286858,exact-milp/taker,GRB,OPTIMAL,3130.014358171287,3130.014358171287,0.0,3094.0,36.01435817128686,1.2586252689361572,0.008093595504760742,1100,296,915,,,,,,sweep,,,16,-0.1499999999999988,27,,
phase2,taker-sweep,2026-08-14T22:33:04.517090+00:00,jingjie-cpu-13.mae.cornell.edu,4cf37e9,50943,18,syn-s2-n8,7bee083a29bc,8,4,46e7ce0f21ee,6c0ee13fce7e,3,108.0,26.6,3108.0,3130.014358171287,22.014358171286858,exact-milp/taker,GRB,OPTIMAL,3130.014358171287,3130.014358171287,0.0,3094.0,36.01435817128686,1.28190016746521,0.00909280776977539,1100,296,915,,,,,,sweep,,,16,-0.09999999999999876,28,,
phase2,taker-sweep,2026-08-14T22:33:05.591753+00:00,jingjie-cpu-13.mae.cornell.edu,4cf37e9,50943,18,syn-s2-n8,7bee083a29bc,8,4,46e7ce0f21ee,6c0ee13fce7e,3,108.0,26.6,3108.0,3130.014358171287,22.014358171286858,exact-milp/taker,GRB,OPTIMAL,3130.014358171287,3130.014358171287,0.0,3094.0,36.01435817128686,1.0309264659881592,0.007864236831665039,1100,296,915,,,,,,sweep,,,16,-0.04999999999999871,29,,
phase2,taker-sweep,2026-08-14T22:33:06.680684+00:00,jingjie-cpu-13.mae.cornell.edu,4cf37e9,50943,18,syn-s2-n8,7bee083a29bc,8,4,46e7ce0f21ee,6c0ee13fce7e,3,108.0,26.6,3108.0,3130.014358171287,22.014358171286858,exact-milp/taker,GRB,OPTIMAL,3130.014358171287,3130.014358171287,0.0,3094.0,36.01435817128686,1.0474040508270264,0.00813436508178711,1100,296,915,,,,,,sweep,,,16,1.3322676295501878e-15,30,,
phase2,taker-sweep,2026-08-14T22:33:07.786381+00:00,jingjie-cpu-13.mae.cornell.edu,4cf37e9,50943,18,syn-s2-n8,7bee083a29bc,8,4,46e7ce0f21ee,6c0ee13fce7e,3,108.0,26.6,3108.0,3130.014358171287,22.014358171286858,exact-milp/taker,GRB,OPTIMAL,3130.014358171287,3130.014358171287,0.0,3094.0,36.01435817128686,1.0287346839904785,0.008538007736206055,1100,296,915,,,,,,sweep,,,16,0.05000000000000138,31,,
phase2,taker-sweep,2026-08-14T22:33:09.049349+00:00,jingjie-cpu-13.mae.cornell.edu,4cf37e9,50943,18,syn-s2-n8,7bee083a29bc,8,4,46e7ce0f21ee,6c0ee13fce7e,3,108.0,26.6,3108.0,3130.014358171287,22.014358171286858,exact-milp/taker,GRB,OPTIMAL,3130.014358171287,3130.014358171287,0.0,3094.0,36.01435817128686,1.2218358516693115,0.008242607116699219,1100,296,915,,,,,,sweep,,,16,0.10000000000000142,32,,
phase2,taker-sweep,2026-08-14T22:33:10.221998+00:00,jingjie-cpu-13.mae.cornell.edu,4cf37e9,50943,18,syn-s2-n8,7bee083a29bc,8,4,46e7ce0f21ee,6c0ee13fce7e,3,108.0,26.6,3108.0,3130.014358171287,22.014358171286858,exact-milp/taker,GRB,OPTIMAL,3130.014358171287,3130.014358171287,0.0,3094.0,36.01435817128686,1.1313295364379883,0.008023262023925781,1100,296,915,,,,,,sweep,,,16,0.15000000000000147,33,,
phase2,taker-sweep,2026-08-14T22:33:11.683439+00:00,jingjie-cpu-13.mae.cornell.edu,4cf37e9,50943,18,syn-s2-n8,7bee083a29bc,8,4,46e7ce0f21ee,6c0ee13fce7e,3,108.0,26.6,3108.0,3130.014358171287,22.014358171286858,exact-milp/taker,GRB,OPTIMAL,3130.014358171287,3130.014358171287,0.0,3094.0,36.01435817128686,1.4204466342926025,0.00794076919555664,1100,296,915,,,,,,sweep,,,16,0.2000000000000015,34,,
phase2,taker-sweep,2026-08-14T22:33:12.982351+00:00,jingjie-cpu-13.mae.cornell.edu,4cf37e9,50943,18,syn-s2-n8,7bee083a29bc,8,4,46e7ce0f21ee,6c0ee13fce7e,3,108.0,26.6,3108.0,3130.014358171287,22.014358171286858,exact-milp/taker,GRB,OPTIMAL,3130.014358171287,3130.014358171287,0.0,3094.0,36.01435817128686,1.2198197841644287,0.007984399795532227,1100,296,915,,,,,,sweep,,,16,0.25000000000000155,35,,
phase2,taker-sweep,2026-08-14T22:33:14.104343+00:00,jingjie-cpu-13.mae.cornell.edu,4cf37e9,50943,18,syn-s2-n8,7bee083a29bc,8,4,46e7ce0f21ee,6c0ee13fce7e,3,108.0,26.6,3108.0,3130.014358171287,22.014358171286858,exact-milp/taker,GRB,OPTIMAL,3130.014358171287,3130.014358171287,0.0,3094.0,36.01435817128686,1.0801184177398682,0.007843732833862305,1100,296,915,,,,,,sweep,,,16,0.3000000000000016,36,,
phase2,taker-sweep,2026-08-14T22:33:15.455886+00:00,jingjie-cpu-13.mae.cornell.edu,4cf37e9,50943,18,syn-s2-n8,7bee083a29bc,8,4,46e7ce0f21ee,6c0ee13fce7e,3,108.0,26.6,3108.0,3130.014358171287,22.014358171286858,exact-milp/taker,GRB,OPTIMAL,3130.014358171287,3130.014358171287,0.0,3094.0,36.01435817128686,1.308372974395752,0.0076601505279541016,1100,296,915,,,,,,sweep,,,16,0.35000000000000164,37,,
phase2,taker-sweep,2026-08-14T22:33:16.698825+00:00,jingjie-cpu-13.mae.cornell.edu,4cf37e9,50943,18,syn-s2-n8,7bee083a29bc,8,4,46e7ce0f21ee,6c0ee13fce7e,3,108.0,26.6,3108.0,3130.014358171287,22.014358171286858,exact-milp/taker,GRB,OPTIMAL,3130.014358171287,3130.014358171287,0.0,3094.0,36.01435817128686,1.2021567821502686,0.007546901702880859,1100,296,915,,,,,,sweep,,,16,0.4000000000000017,38,,
phase2,taker-sweep,2026-08-14T22:33:17.803332+00:00,jingjie-cpu-13.mae.cornell.edu,4cf37e9,50943,18,syn-s2-n8,7bee083a29bc,8,4,46e7ce0f21ee,6c0ee13fce7e,3,108.0,26.6,3108.0,3130.014358171287,22.014358171286858,exact-milp/taker,GRB,OPTIMAL,3130.014358171287,3130.014358171287,0.0,3094.0,36.01435817128686,1.0474417209625244,0.0078582763671875,1100,296,915,,,,,,sweep,,,16,0.45000000000000173,39,,
phase2,taker-sweep,2026-08-14T22:33:18.892039+00:00,jingjie-cpu-13.mae.cornell.edu,4cf37e9,50943,18,syn-s2-n8,7bee083a29bc,8,4,46e7ce0f21ee,6c0ee13fce7e,3,108.0,26.6,3108.0,3130.014358171287,22.014358171286858,exact-milp/taker,GRB,OPTIMAL,3130.014358171287,3130.014358171287,0.0,3094.0,36.01435817128686,1.0476651191711426,0.0076656341552734375,1100,296,915,,,,,,sweep,,,16,0.5000000000000018,40,,
phase2,taker-sweep,2026-08-14T22:33:19.915121+00:00,jingjie-cpu-13.mae.cornell.edu,4cf37e9,50943,18,syn-s2-n8,7bee083a29bc,8,4,46e7ce0f21ee,6c0ee13fce7e,3,108.0,26.6,3108.0,3130.014358171287,22.014358171286858,exact-milp/taker,GRB,OPTIMAL,3130.014358171287,3130.014358171287,0.0,3094.0,36.01435817128686,0.9818272590637207,0.007654666900634766,1100,296,915,,,,,,sweep,,,16,0.5500000000000016,41,,
phase2,taker-sweep,2026-08-14T22:33:21.399601+00:00,jingjie-cpu-13.mae.cornell.edu,4cf37e9,50943,18,syn-s2-n8,7bee083a29bc,8,4,46e7ce0f21ee,6c0ee13fce7e,3,108.0,26.6,3108.0,3130.014358171287,22.014358171286858,exact-milp/taker,GRB,OPTIMAL,3130.014358171287,3130.014358171287,0.0,3094.0,36.01435817128686,1.440539836883545,0.007596254348754883,1100,296,915,,,,,,sweep,,,16,0.6000000000000019,42,,
phase2,taker-sweep,2026-08-14T22:33:22.942996+00:00,jingjie-cpu-13.mae.cornell.edu,4cf37e9,50943,18,syn-s2-n8,7bee083a29bc,8,4,46e7ce0f21ee,6c0ee13fce7e,3,108.0,26.6,3108.0,3130.014358171287,22.014358171286858,exact-milp/taker,GRB,OPTIMAL,3130.014358171287,3130.014358171287,0.0,3094.0,36.01435817128686,1.474900484085083,0.007902383804321289,1100,296,915,,,,,,sweep,,,16,0.6500000000000021,43,,
phase2,taker-sweep,2026-08-14T22:33:24.397636+00:00,jingjie-cpu-13.mae.cornell.edu,4cf37e9,50943,18,syn-s2-n8,7bee083a29bc,8,4,46e7ce0f21ee,6c0ee13fce7e,3,108.0,26.6,3108.0,3130.014358171287,22.014358171286858,exact-milp/taker,GRB,OPTIMAL,3130.014358171287,3130.014358171287,0.0,3094.0,36.01435817128686,1.4123003482818604,0.007906198501586914,1100,296,915,,,,,,sweep,,,16,0.700000000000002,44,,
phase2,taker-sweep,2026-08-14T22:33:25.583357+00:00,jingjie-cpu-13.mae.cornell.edu,4cf37e9,50943,18,syn-s2-n8,7bee083a29bc,8,4,46e7ce0f21ee,6c0ee13fce7e,3,108.0,26.6,3108.0,3130.014358171287,22.014358171286858,exact-milp/taker,GRB,OPTIMAL,3130.014358171287,3130.014358171287,0.0,3094.0,36.01435817128686,1.140798568725586,0.0078051090240478516,1100,296,915,,,,,,sweep,,,16,0.7500000000000018,45,,
phase2,taker-sweep,2026-08-14T22:33:26.956845+00:00,jingjie-cpu-13.mae.cornell.edu,4cf37e9,50943,18,syn-s2-n8,7bee083a29bc,8,4,46e7ce0f21ee,6c0ee13fce7e,3,108.0,26.6,3108.0,3130.014358171287,22.014358171286858,exact-milp/taker,GRB,OPTIMAL,3130.014358171287,3130.014358171287,0.0,3094.0,36.01435817128686,1.3317639827728271,0.007693052291870117,1100,296,915,,,,,,sweep,,,16,0.800000000000002,46,,
phase2,taker-sweep,2026-08-14T22:33:28.314138+00:00,jingjie-cpu-13.mae.cornell.edu,4cf37e9,50943,18,syn-s2-n8,7bee083a29bc,8,4,46e7ce0f21ee,6c0ee13fce7e,3,108.0,26.6,3108.0,3130.014358171287,22.014358171286858,exact-milp/taker,GRB,OPTIMAL,3130.014358171287,3130.014358171287,0.0,3094.0,36.01435817128686,1.2887473106384277,0.00780177116394043,1100,296,915,,,,,,sweep,,,16,0.8500000000000023,47,,
phase2,taker-sweep,2026-08-14T22:33:29.456348+00:00,jingjie-cpu-13.mae.cornell.edu,4cf37e9,50943,18,syn-s2-n8,7bee083a29bc,8,4,46e7ce0f21ee,6c0ee13fce7e,3,108.0,26.6,3108.0,3130.014358171287,22.014358171286858,exact-milp/taker,GRB,OPTIMAL,3130.014358171287,3130.014358171287,0.0,3094.0,36.01435817128686,1.1012089252471924,0.007568359375,1100,296,915,,,,,,sweep,,,16,0.9000000000000021,48,,
phase2,taker-sweep,2026-08-14T22:33:30.718028+00:00,jingjie-cpu-13.mae.cornell.edu,4cf37e9,50943,18,syn-s2-n8,7bee083a29bc,8,4,46e7ce0f21ee,6c0ee13fce7e,3,108.0,26.6,3108.0,3130.014358171287,22.014358171286858,exact-milp/taker,GRB,OPTIMAL,3130.014358171287,3130.014358171287,0.0,3094.0,36.01435817128686,1.2200160026550293,0.007830381393432617,1100,296,915,,,,,,sweep,,,16,0.950000000000002,49,,
phase2,taker-sweep,2026-08-14T22:33:31.896130+00:00,jingjie-cpu-13.mae.cornell.edu,4cf37e9,50943,18,syn-s2-n8,7bee083a29bc,8,4,46e7ce0f21ee,6c0ee13fce7e,3,108.0,26.6,3108.0,3130.014358171287,22.014358171286858,exact-milp/taker,GRB,OPTIMAL,3130.014358171287,3130.014358171287,0.0,3094.0,36.01435817128686,1.1364493370056152,0.007750272750854492,1100,296,915,,,,,,sweep,,,16,1.0000000000000022,50,,
phase2,taker-sweep,2026-08-14T22:33:33.169152+00:00,jingjie-cpu-13.mae.cornell.edu,4cf37e9,50943,18,syn-s2-n8,7bee083a29bc,8,4,46e7ce0f21ee,6c0ee13fce7e,3,108.0,26.6,3108.0,3130.014358171287,22.014358171286858,exact-milp/taker,GRB,OPTIMAL,3130.014358171287,3130.014358171287,0.0,3094.0,36.01435817128686,1.1929962635040283,0.007887125015258789,1100,296,915,,,,,,sweep,,,16,1.0500000000000025,51,,
phase2,taker-sweep,2026-08-14T22:33:34.741229+00:00,jingjie-cpu-13.mae.cornell.edu,4cf37e9,50943,18,syn-s2-n8,7bee083a29bc,8,4,46e7ce0f21ee,6c0ee13fce7e,3,108.0,26.6,3108.0,3130.014358171287,22.014358171286858,exact-milp/taker,GRB,OPTIMAL,3130.014358171287,3130.014358171287,0.0,3094.0,36.01435817128686,1.5302608013153076,0.007737636566162109,1100,296,915,,,,,,sweep,,,16,1.1000000000000023,52,,
phase2,taker-sweep,2026-08-14T22:33:35.811235+00:00,jingjie-cpu-13.mae.cornell.edu,4cf37e9,50943,18,syn-s2-n8,7bee083a29bc,8,4,46e7ce0f21ee,6c0ee13fce7e,3,108.0,26.6,3108.0,3130.014358171287,22.014358171286858,exact-milp/taker,GRB,OPTIMAL,3130.014358171287,3130.014358171287,0.0,3094.0,36.01435817128686,1.0265483856201172,0.007937192916870117,1100,296,915,,,,,,sweep,,,16,1.1500000000000021,53,,
phase2,taker-sweep,2026-08-14T22:33:37.098115+00:00,jingjie-cpu-13.mae.cornell.edu,4cf37e9,50943,18,syn-s2-n8,7bee083a29bc,8,4,46e7ce0f21ee,6c0ee13fce7e,3,108.0,26.6,3108.0,3130.014358171287,22.014358171286858,exact-milp/taker,GRB,OPTIMAL,3130.014358171287,3130.014358171287,0.0,3094.0,36.01435817128686,1.245910406112671,0.007550954818725586,1100,296,915,,,,,,sweep,,,16,1.2000000000000024,54,,
phase2,taker-sweep,2026-08-14T22:33:38.175572+00:00,jingjie-cpu-13.mae.cornell.edu,4cf37e9,50943,18,syn-s2-n8,7bee083a29bc,8,4,46e7ce0f21ee,6c0ee13fce7e,3,108.0,26.6,3108.0,3130.014358171287,22.014358171286858,exact-milp/taker,GRB,OPTIMAL,3130.014358171287,3130.014358171287,0.0,3094.0,36.01435817128686,1.0050888061523438,0.0077593326568603516,1100,296,915,,,,,,sweep,,,16,1.2500000000000027,55,,
phase2,taker-sweep,2026-08-14T22:33:39.651837+00:00,jingjie-cpu-13.mae.cornell.edu,4cf37e9,50943,18,syn-s2-n8,7bee083a29bc,8,4,46e7ce0f21ee,6c0ee13fce7e,3,108.0,26.6,3108.0,3130.014358171287,22.014358171286858,exact-milp/taker,GRB,OPTIMAL,3130.014358171287,3130.014358171287,0.0,3094.0,36.01435817128686,1.4328317642211914,0.007555961608886719,1100,296,915,,,,,,sweep,,,16,1.3000000000000025,56,,
phase2,taker-sweep,2026-08-14T22:33:40.720314+00:00,jingjie-cpu-13.mae.cornell.edu,4cf37e9,50943,18,syn-s2-n8,7bee083a29bc,8,4,46e7ce0f21ee,6c0ee13fce7e,3,108.0,26.6,3108.0,3130.014358171287,22.014358171286858,exact-milp/taker,GRB,OPTIMAL,3130.014358171287,3130.014358171287,0.0,3094.0,36.01435817128686,1.0248260498046875,0.007744550704956055,1100,296,915,,,,,,sweep,,,16,1.3500000000000023,57,,
phase2,taker-sweep,2026-08-14T22:33:42.225006+00:00,jingjie-cpu-13.mae.cornell.edu,4cf37e9,50943,18,syn-s2-n8,7bee083a29bc,8,4,46e7ce0f21ee,6c0ee13fce7e,3,108.0,26.6,3108.0,3130.014358171287,22.014358171286858,exact-milp/taker,GRB,OPTIMAL,3130.014358171287,3130.014358171287,0.0,3094.0,36.01435817128686,1.4630625247955322,0.007750511169433594,1100,296,915,,,,,,sweep,,,16,1.4000000000000026,58,,
phase2,taker-sweep,2026-08-14T22:33:43.502549+00:00,jingjie-cpu-13.mae.cornell.edu,4cf37e9,50943,18,syn-s2-n8,7bee083a29bc,8,4,46e7ce0f21ee,6c0ee13fce7e,3,108.0,26.6,3108.0,3130.014358171287,22.014358171286858,exact-milp/taker,GRB,OPTIMAL,3130.014358171287,3130.014358171287,0.0,3094.0,36.01435817128686,1.2129278182983398,0.007761478424072266,1100,296,915,,,,,,sweep,,,16,1.4500000000000028,59,,
phase2,taker-sweep,2026-08-14T22:33:44.457576+00:00,jingjie-cpu-13.mae.cornell.edu,4cf37e9,50943,18,syn-s2-n8,7bee083a29bc,8,4,46e7ce0f21ee,6c0ee13fce7e,3,108.0,26.6,3108.0,3130.014358171287,22.014358171286858,exact-milp/taker,GRB,OPTIMAL,3130.014358171287,3130.014358171287,0.0,3094.0,36.01435817128686,0.912402868270874,0.007877588272094727,1100,296,915,,,,,,sweep,,,16,1.5000000000000027,60,,
phase2,taker-sweep,2026-08-14T22:32:37.073697+00:00,jingjie-cpu-13.mae.cornell.edu,4cf37e9,50944,19,syn-s2-n8,7bee083a29bc,8,4,f52b635e16c6,6c0ee13fce7e,3,108.0,26.6,3108.0,3130.014358171287,22.014358171286858,exact-milp/taker,GRB,OPTIMAL,3130.014358171287,3130.014358171287,0.0,3094.0,36.01435817128686,1.2287843227386475,0.015967845916748047,1100,296,915,,,,,,sweep,,,20,-1.5,0,,
phase2,taker-sweep,2026-08-14T22:32:38.703922+00:00,jingjie-cpu-13.mae.cornell.edu,4cf37e9,50944,19,syn-s2-n8,7bee083a29bc,8,4,f52b635e16c6,6c0ee13fce7e,3,108.0,26.6,3108.0,3130.014358171287,22.014358171286858,exact-milp/taker,GRB,OPTIMAL,3130.014358171287,3130.014358171287,0.0,3094.0,36.01435817128686,1.5880606174468994,0.008241415023803711,1100,296,915,,,,,,sweep,,,20,-1.45,1,,
phase2,taker-sweep,2026-08-14T22:32:39.756211+00:00,jingjie-cpu-13.mae.cornell.edu,4cf37e9,50944,19,syn-s2-n8,7bee083a29bc,8,4,f52b635e16c6,6c0ee13fce7e,3,108.0,26.6,3108.0,3130.014358171287,22.014358171286858,exact-milp/taker,GRB,OPTIMAL,3130.014358171287,3130.014358171287,0.0,3094.0,36.01435817128686,0.9935824871063232,0.008117437362670898,1100,296,915,,,,,,sweep,,,20,-1.4,2,,
phase2,taker-sweep,2026-08-14T22:32:40.896457+00:00,jingjie-cpu-13.mae.cornell.edu,4cf37e9,50944,19,syn-s2-n8,7bee083a29bc,8,4,f52b635e16c6,6c0ee13fce7e,3,108.0,26.6,3108.0,3130.014358171287,22.014358171286858,exact-milp/taker,GRB,OPTIMAL,3130.014358171287,3130.014358171287,0.0,3094.0,36.01435817128686,1.064913034439087,0.008116006851196289,1100,296,915,,,,,,sweep,,,20,-1.3499999999999999,3,,
phase2,taker-sweep,2026-08-14T22:32:42.051101+00:00,jingjie-cpu-13.mae.cornell.edu,4cf37e9,50944,19,syn-s2-n8,7bee083a29bc,8,4,f52b635e16c6,6c0ee13fce7e,3,108.0,26.6,3108.0,3130.014358171287,22.014358171286858,exact-milp/taker,GRB,OPTIMAL,3130.014358171287,3130.014358171287,0.0,3094.0,36.01435817128686,1.1143701076507568,0.008130311965942383,1100,296,915,,,,,,sweep,,,20,-1.2999999999999998,4,,
phase2,taker-sweep,2026-08-14T22:32:42.877830+00:00,jingjie-cpu-13.mae.cornell.edu,4cf37e9,50944,19,syn-s2-n8,7bee083a29bc,8,4,f52b635e16c6,6c0ee13fce7e,3,108.0,26.6,3108.0,3130.014358171287,22.014358171286858,exact-milp/taker,GRB,OPTIMAL,3130.014358171287,3130.014358171287,0.0,3094.0,36.01435817128686,0.7860109806060791,0.007965564727783203,1100,296,915,,,,,,sweep,,,20,-1.2499999999999998,5,,
phase2,taker-sweep,2026-08-14T22:32:43.786301+00:00,jingjie-cpu-13.mae.cornell.edu,4cf37e9,50944,19,syn-s2-n8,7bee083a29bc,8,4,f52b635e16c6,6c0ee13fce7e,3,108.0,26.6,3108.0,3130.014358171287,22.014358171286858,exact-milp/taker,GRB,OPTIMAL,3130.014358171287,3130.014358171287,0.0,3094.0,36.01435817128686,0.8683860301971436,0.008027315139770508,1100,296,915,,,,,,sweep,,,20,-1.1999999999999997,6,,
phase2,taker-sweep,2026-08-14T22:32:45.183542+00:00,jingjie-cpu-13.mae.cornell.edu,4cf37e9,50944,19,syn-s2-n8,7bee083a29bc,8,4,f52b635e16c6,6c0ee13fce7e,3,108.0,26.6,3108.0,3130.014358171287,22.014358171286858,exact-milp/taker,GRB,OPTIMAL,3130.014358171287,3130.014358171287,0.0,3094.0,36.01435817128686,1.337324619293213,0.008071422576904297,1100,296,915,,,,,,sweep,,,20,-1.1499999999999997,7,,
phase2,taker-sweep,2026-08-14T22:32:46.288587+00:00,jingjie-cpu-13.mae.cornell.edu,4cf37e9,50944,19,syn-s2-n8,7bee083a29bc,8,4,46e7ce0f21ee,6c0ee13fce7e,3,108.0,26.6,3108.0,3130.014358171287,22.014358171286858,exact-milp/taker,GRB,OPTIMAL,3130.014358171287,3130.014358171287,0.0,3094.0,36.01435817128686,1.064479112625122,0.00797128677368164,1100,296,915,,,,,,sweep,,,20,-1.0999999999999996,8,,
phase2,taker-sweep,2026-08-14T22:32:47.249774+00:00,jingjie-cpu-13.mae.cornell.edu,4cf37e9,50944,19,syn-s2-n8,7bee083a29bc,8,4,f52b635e16c6,6c0ee13fce7e,3,108.0,26.6,3108.0,3130.014358171287,22.014358171286858,exact-milp/taker,GRB,OPTIMAL,3130.014358171287,3130.014358171287,0.0,3094.0,36.01435817128686,0.9188120365142822,0.008136510848999023,1100,296,915,,,,,,sweep,,,20,-1.0499999999999996,9,,
phase2,taker-sweep,2026-08-14T22:32:48.292260+00:00,jingjie-cpu-13.mae.cornell.edu,4cf37e9,50944,19,syn-s2-n8,7bee083a29bc,8,4,f52b635e16c6,6c0ee13fce7e,3,108.0,26.6,3108.0,3130.014358171287,22.014358171286858,exact-milp/taker,GRB,OPTIMAL,3130.014358171287,3130.014358171287,0.0,3094.0,36.01435817128686,1.0014934539794922,0.008215904235839844,1100,296,915,,,,,,sweep,,,20,-0.9999999999999996,10,,
phase2,taker-sweep,2026-08-14T22:32:49.510310+00:00,jingjie-cpu-13.mae.cornell.edu,4cf37e9,50944,19,syn-s2-n8,7bee083a29bc,8,4,f52b635e16c6,6c0ee13fce7e,3,108.0,26.6,3108.0,3130.014358171287,22.014358171286858,exact-milp/taker,GRB,OPTIMAL,3130.014358171287,3130.014358171287,0.0,3094.0,36.01435817128686,1.1352670192718506,0.008816957473754883,1100,296,915,,,,,,sweep,,,20,-0.9499999999999995,11,,
phase2,taker-sweep,2026-08-14T22:32:50.701355+00:00,jingjie-cpu-13.mae.cornell.edu,4cf37e9,50944,19,syn-s2-n8,7bee083a29bc,8,4,f52b635e16c6,6c0ee13fce7e,3,108.0,26.6,3108.0,3130.014358171287,22.014358171286858,exact-milp/taker,GRB,OPTIMAL,3130.014358171287,3130.014358171287,0.0,3094.0,36.01435817128686,1.1499965190887451,0.008247613906860352,1100,296,915,,,,,,sweep,,,20,-0.8999999999999995,12,,
phase2,taker-sweep,2026-08-14T22:32:52.007594+00:00,jingjie-cpu-13.mae.cornell.edu,4cf37e9,50944,19,syn-s2-n8,7bee083a29bc,8,4,f52b635e16c6,6c0ee13fce7e,3,108.0,26.6,3108.0,3130.014358171287,22.014358171286858,exact-milp/taker,GRB,OPTIMAL,3130.014358171287,3130.014358171287,0.0,3094.0,36.01435817128686,1.2657651901245117,0.007935047149658203,1100,296,915,,,,,,sweep,,,20,-0.8499999999999994,13,,
phase2,taker-sweep,2026-08-14T22:32:52.950538+00:00,jingjie-cpu-13.mae.cornell.edu,4cf37e9,50944,19,syn-s2-n8,7bee083a29bc,8,4,f52b635e16c6,6c0ee13fce7e,3,108.0,26.6,3108.0,3130.014358171287,22.014358171286858,exact-milp/taker,GRB,OPTIMAL,3130.014358171287,3130.014358171287,0.0,3094.0,36.01435817128686,0.9026339054107666,0.008068323135375977,1100,296,915,,,,,,sweep,,,20,-0.7999999999999994,14,,
phase2,taker-sweep,2026-08-14T22:32:53.923672+00:00,jingjie-cpu-13.mae.cornell.edu,4cf37e9,50944,19,syn-s2-n8,7bee083a29bc,8,4,f52b635e16c6,6c0ee13fce7e,3,108.0,26.6,3108.0,3130.014358171287,22.014358171286858,exact-milp/taker,GRB,OPTIMAL,3130.014358171287,3130.014358171287,0.0,3094.0,36.01435817128686,0.8844051361083984,0.008478879928588867,1100,296,915,,,,,,sweep,,,20,-0.7499999999999993,15,,
phase2,taker-sweep,2026-08-14T22:32:54.810298+00:00,jingjie-cpu-13.mae.cornell.edu,4cf37e9,50944,19,syn-s2-n8,7bee083a29bc,8,4,46e7ce0f21ee,6c0ee13fce7e,3,108.0,26.6,3108.0,3130.014358171287,22.014358171286858,exact-milp/taker,GRB,OPTIMAL,3130.014358171287,3130.014358171287,0.0,3094.0,36.01435817128686,0.8460240364074707,0.008115768432617188,1100,296,915,,,,,,sweep,,,20,-0.6999999999999993,16,,
phase2,taker-sweep,2026-08-14T22:32:56.086045+00:00,jingjie-cpu-13.mae.cornell.edu,4cf37e9,50944,19,syn-s2-n8,7bee083a29bc,8,4,f52b635e16c6,6c0ee13fce7e,3,108.0,26.6,3108.0,3130.014358171287,22.014358171286858,exact-milp/taker,GRB,OPTIMAL,3130.014358171287,3130.0143581712864,1.4528602710696528e-16,3094.0,36.01435817128686,1.233771562576294,0.007972002029418945,1100,296,915,,,,,,sweep,,,20,-0.6499999999999992,17,,
phase2,taker-sweep,2026-08-14T22:32:57.307937+00:00,jingjie-cpu-13.mae.cornell.edu,4cf37e9,50944,19,syn-s2-n8,7bee083a29bc,8,4,f52b635e16c6,6c0ee13fce7e,3,108.0,26.6,3108.0,3130.014358171287,22.014358171286858,exact-milp/taker,GRB,OPTIMAL,3130.014358171287,3130.0143581712864,1.4528602710696528e-16,3094.0,36.01435817128686,1.1807055473327637,0.008620500564575195,1100,296,915,,,,,,sweep,,,20,-0.5999999999999992,18,,
phase2,taker-sweep,2026-08-14T22:32:59.014422+00:00,jingjie-cpu-13.mae.cornell.edu,4cf37e9,50944,19,syn-s2-n8,7bee083a29bc,8,4,f52b635e16c6,6c0ee13fce7e,3,108.0,26.6,3108.0,3130.014358171287,22.014358171286858,exact-milp/taker,GRB,OPTIMAL,3130.014358171287,3130.0143581712864,1.4528602710696528e-16,3094.0,36.01435817128686,1.5744080543518066,0.008710145950317383,1100,296,915,,,,,,sweep,,,20,-0.5499999999999992,19,,
phase2,taker-sweep,2026-08-14T22:33:00.126693+00:00,jingjie-cpu-13.mae.cornell.edu,4cf37e9,50944,19,syn-s2-n8,7bee083a29bc,8,4,f52b635e16c6,6c0ee13fce7e,3,108.0,26.6,3108.0,3130.014358171287,22.014358171286858,exact-milp/taker,GRB,OPTIMAL,3130.014358171287,3130.0143581712864,1.4528602710696528e-16,3094.0,36.01435817128686,1.0715842247009277,0.00794219970703125,1100,296,915,,,,,,sweep,,,20,-0.4999999999999991,20,,
phase2,taker-sweep,2026-08-14T22:33:01.172518+00:00,jingjie-cpu-13.mae.cornell.edu,4cf37e9,50944,19,syn-s2-n8,7bee083a29bc,8,4,46e7ce0f21ee,6c0ee13fce7e,3,108.0,26.6,3108.0,3130.014358171287,22.014358171286858,exact-milp/taker,GRB,OPTIMAL,3130.014358171287,3130.014358171287,0.0,3094.0,36.01435817128686,1.0052037239074707,0.008055686950683594,1100,296,915,,,,,,sweep,,,20,-0.44999999999999907,21,,
phase2,taker-sweep,2026-08-14T22:33:03.251121+00:00,jingjie-cpu-13.mae.cornell.edu,4cf37e9,50944,19,syn-s2-n8,7bee083a29bc,8,4,46e7ce0f21ee,6c0ee13fce7e,3,108.0,26.6,3108.0,3130.014358171287,22.014358171286858,exact-milp/taker,GRB,OPTIMAL,3130.014358171287,3130.014358171287,0.0,3094.0,36.01435817128686,2.035004138946533,0.007953166961669922,1100,296,915,,,,,,sweep,,,20,-0.399999999999999,22,,
phase2,taker-sweep,2026-08-14T22:33:04.105804+00:00,jingjie-cpu-13.mae.cornell.edu,4cf37e9,50944,19,syn-s2-n8,7bee083a29bc,8,4,46e7ce0f21ee,6c0ee13fce7e,3,108.0,26.6,3108.0,3130.014358171287,22.014358171286858,exact-milp/taker,GRB,OPTIMAL,3130.014358171287,3130.014358171287,0.0,3094.0,36.01435817128686,0.784581184387207,0.008339643478393555,1100,296,915,,,,,,sweep,,,20,-0.349999999999999,23,,
phase2,taker-sweep,2026-08-14T22:33:05.313696+00:00,jingjie-cpu-13.mae.cornell.edu,4cf37e9,50944,19,syn-s2-n8,7bee083a29bc,8,4,46e7ce0f21ee,6c0ee13fce7e,3,108.0,26.6,3108.0,3130.014358171287,22.014358171286858,exact-milp/taker,GRB,OPTIMAL,3130.014358171287,3130.014358171287,0.0,3094.0,36.01435817128686,1.1630918979644775,0.008414983749389648,1100,296,915,,,,,,sweep,,,20,-0.29999999999999893,24,,
phase2,taker-sweep,2026-08-14T22:33:06.288745+00:00,jingjie-cpu-13.mae.cornell.edu,4cf37e9,50944,19,syn-s2-n8,7bee083a29bc,8,4,46e7ce0f21ee,6c0ee13fce7e,3,108.0,26.6,3108.0,3130.014358171287,22.014358171286858,exact-milp/taker,GRB,OPTIMAL,3130.014358171287,3130.014358171287,0.0,3094.0,36.01435817128686,0.9348065853118896,0.00784444808959961,1100,296,915,,,,,,sweep,,,20,-0.2499999999999989,25,,
phase2,taker-sweep,2026-08-14T22:33:07.346840+00:00,jingjie-cpu-13.mae.cornell.edu,4cf37e9,50944,19,syn-s2-n8,7bee083a29bc,8,4,46e7ce0f21ee,6c0ee13fce7e,3,108.0,26.6,3108.0,3130.014358171287,22.014358171286858,exact-milp/taker,GRB,OPTIMAL,3130.014358171287,3130.014358171287,0.0,3094.0,36.01435817128686,1.0161378383636475,0.008006095886230469,1100,296,915,,,,,,sweep,,,20,-0.19999999999999885,26,,
phase2,taker-sweep,2026-08-14T22:33:08.406455+00:00,jingjie-cpu-13.mae.cornell.edu,4cf37e9,50944,19,syn-s2-n8,7bee083a29bc,8,4,46e7ce0f21ee,6c0ee13fce7e,3,108.0,26.6,3108.0,3130.014358171287,22.014358171286858,exact-milp/taker,GRB,OPTIMAL,3130.014358171287,3130.014358171287,0.0,3094.0,36.01435817128686,1.002798080444336,0.008069038391113281,1100,296,915,,,,,,sweep,,,20,-0.1499999999999988,27,,
phase2,taker-sweep,2026-08-14T22:33:09.551836+00:00,jingjie-cpu-13.mae.cornell.edu,4cf37e9,50944,19,syn-s2-n8,7bee083a29bc,8,4,46e7ce0f21ee,6c0ee13fce7e,3,108.0,26.6,3108.0,3130.014358171287,22.014358171286858,exact-milp/taker,GRB,OPTIMAL,3130.014358171287,3130.014358171287,0.0,3094.0,36.01435817128686,1.1040077209472656,0.008055925369262695,1100,296,915,,,,,,sweep,,,20,-0.09999999999999876,28,,
phase2,taker-sweep,2026-08-14T22:33:10.303544+00:00,jingjie-cpu-13.mae.cornell.edu,4cf37e9,50944,19,syn-s2-n8,7bee083a29bc,8,4,46e7ce0f21ee,6c0ee13fce7e,3,108.0,26.6,3108.0,3130.014358171287,22.014358171286858,exact-milp/taker,GRB,OPTIMAL,3130.014358171287,3130.014358171287,0.0,3094.0,36.01435817128686,0.7102391719818115,0.008153438568115234,1100,296,915,,,,,,sweep,,,20,-0.04999999999999871,29,,
phase2,taker-sweep,2026-08-14T22:33:11.416337+00:00,jingjie-cpu-13.mae.cornell.edu,4cf37e9,50944,19,syn-s2-n8,7bee083a29bc,8,4,46e7ce0f21ee,6c0ee13fce7e,3,108.0,26.6,3108.0,3130.014358171287,22.014358171286858,exact-milp/taker,GRB,OPTIMAL,3130.014358171287,3130.014358171287,0.0,3094.0,36.01435817128686,1.0719857215881348,0.007866859436035156,1100,296,915,,,,,,sweep,,,20,1.3322676295501878e-15,30,,
phase2,taker-sweep,2026-08-14T22:33:12.768708+00:00,jingjie-cpu-13.mae.cornell.edu,4cf37e9,50944,19,syn-s2-n8,7bee083a29bc,8,4,46e7ce0f21ee,6c0ee13fce7e,3,108.0,26.6,3108.0,3130.014358171287,22.014358171286858,exact-milp/taker,GRB,OPTIMAL,3130.014358171287,3130.014358171287,0.0,3094.0,36.01435817128686,1.2695887088775635,0.00794219970703125,1100,296,915,,,,,,sweep,,,20,0.05000000000000138,31,,
phase2,taker-sweep,2026-08-14T22:33:13.711265+00:00,jingjie-cpu-13.mae.cornell.edu,4cf37e9,50944,19,syn-s2-n8,7bee083a29bc,8,4,46e7ce0f21ee,6c0ee13fce7e,3,108.0,26.6,3108.0,3130.014358171287,22.014358171286858,exact-milp/taker,GRB,OPTIMAL,3130.014358171287,3130.014358171287,0.0,3094.0,36.01435817128686,0.89990234375,0.008241415023803711,1100,296,915,,,,,,sweep,,,20,0.10000000000000142,32,,
phase2,taker-sweep,2026-08-14T22:33:15.239396+00:00,jingjie-cpu-13.mae.cornell.edu,4cf37e9,50944,19,syn-s2-n8,7bee083a29bc,8,4,46e7ce0f21ee,6c0ee13fce7e,3,108.0,26.6,3108.0,3130.014358171287,22.014358171286858,exact-milp/taker,GRB,OPTIMAL,3130.014358171287,3130.014358171287,0.0,3094.0,36.01435817128686,1.4850389957427979,0.00910639762878418,1100,296,915,,,,,,sweep,,,20,0.15000000000000147,33,,
phase2,taker-sweep,2026-08-14T22:33:16.442592+00:00,jingjie-cpu-13.mae.cornell.edu,4cf37e9,50944,19,syn-s2-n8,7bee083a29bc,8,4,46e7ce0f21ee,6c0ee13fce7e,3,108.0,26.6,3108.0,3130.014358171287,22.014358171286858,exact-milp/taker,GRB,OPTIMAL,3130.014358171287,3130.0143581712864,1.4528602710696528e-16,3094.0,36.01435817128686,1.162194013595581,0.008017301559448242,1100,296,915,,,,,,sweep,,,20,0.2000000000000015,34,,
phase2,taker-sweep,2026-08-14T22:33:17.464610+00:00,jingjie-cpu-13.mae.cornell.edu,4cf37e9,50944,19,syn-s2-n8,7bee083a29bc,8,4,46e7ce0f21ee,6c0ee13fce7e,3,108.0,26.6,3108.0,3130.014358171287,22.014358171286858,exact-milp/taker,GRB,OPTIMAL,3130.014358171287,3130.014358171287,0.0,3094.0,36.01435817128686,0.9572620391845703,0.008192777633666992,1100,296,915,,,,,,sweep,,,20,0.25000000000000155,35,,
phase2,taker-sweep,2026-08-14T22:33:18.722511+00:00,jingjie-cpu-13.mae.cornell.edu,4cf37e9,50944,19,syn-s2-n8,7bee083a29bc,8,4,f52b635e16c6,6c0ee13fce7e,3,108.0,26.6,3108.0,3130.014358171287,22.014358171286858,exact-milp/taker,GRB,OPTIMAL,3130.014358171287,3130.014358171287,0.0,3094.0,36.01435817128686,1.2162988185882568,0.008177518844604492,1100,296,915,,,,,,sweep,,,20,0.3000000000000016,36,,
phase2,taker-sweep,2026-08-14T22:33:19.941824+00:00,jingjie-cpu-13.mae.cornell.edu,4cf37e9,50944,19,syn-s2-n8,7bee083a29bc,8,4,46e7ce0f21ee,6c0ee13fce7e,3,108.0,26.6,3108.0,3130.014358171287,22.014358171286858,exact-milp/taker,GRB,OPTIMAL,3130.014358171287,3130.0143581712864,1.4528602710696528e-16,3094.0,36.01435817128686,1.1784627437591553,0.007970571517944336,1100,296,915,,,,,,sweep,,,20,0.35000000000000164,37,,
phase2,taker-sweep,2026-08-14T22:33:20.917204+00:00,jingjie-cpu-13.mae.cornell.edu,4cf37e9,50944,19,syn-s2-n8,7bee083a29bc,8,4,f52b635e16c6,6c0ee13fce7e,3,108.0,26.6,3108.0,3130.014358171287,22.014358171286858,exact-milp/taker,GRB,OPTIMAL,3130.014358171287,3130.0143581712864,1.4528602710696528e-16,3094.0,36.01435817128686,0.9345908164978027,0.007954597473144531,1100,296,915,,,,,,sweep,,,20,0.4000000000000017,38,,
phase2,taker-sweep,2026-08-14T22:33:22.299283+00:00,jingjie-cpu-13.mae.cornell.edu,4cf37e9,50944,19,syn-s2-n8,7bee083a29bc,8,4,f52b635e16c6,6c0ee13fce7e,3,108.0,26.6,3108.0,3130.014358171287,22.014358171286858,exact-milp/taker,GRB,OPTIMAL,3130.014358171287,3130.0143581712864,1.4528602710696528e-16,3094.0,36.01435817128686,1.3260619640350342,0.008045673370361328,1100,296,915,,,,,,sweep,,,20,0.45000000000000173,39,,
phase2,taker-sweep,2026-08-14T22:33:23.589247+00:00,jingjie-cpu-13.mae.cornell.edu,4cf37e9,50944,19,syn-s2-n8,7bee083a29bc,8,4,f52b635e16c6,6c0ee13fce7e,3,108.0,26.6,3108.0,3130.014358171287,22.014358171286858,exact-milp/taker,GRB,OPTIMAL,3130.014358171287,3130.0143581712864,1.4528602710696528e-16,3094.0,36.01435817128686,1.248863935470581,0.007900238037109375,1100,296,915,,,,,,sweep,,,20,0.5000000000000018,40,,
phase2,taker-sweep,2026-08-14T22:33:24.678216+00:00,jingjie-cpu-13.mae.cornell.edu,4cf37e9,50944,19,syn-s2-n8,7bee083a29bc,8,4,f52b635e16c6,6c0ee13fce7e,3,108.0,26.6,3108.0,3130.014358171287,22.014358171286858,exact-milp/taker,GRB,OPTIMAL,3130.014358171287,3130.014358171287,0.0,3094.0,36.01435817128686,1.0470647811889648,0.008415937423706055,1100,296,915,,,,,,sweep,,,20,0.5500000000000016,41,,
phase2,taker-sweep,2026-08-14T22:33:26.216006+00:00,jingjie-cpu-13.mae.cornell.edu,4cf37e9,50944,19,syn-s2-n8,7bee083a29bc,8,4,f52b635e16c6,6c0ee13fce7e,3,108.0,26.6,3108.0,3130.014358171287,22.014358171286858,exact-milp/taker,GRB,OPTIMAL,3130.014358171287,3130.0143581712864,1.4528602710696528e-16,3094.0,36.01435817128686,1.4915947914123535,0.008299589157104492,1100,296,915,,,,,,sweep,,,20,0.6000000000000019,42,,
phase2,taker-sweep,2026-08-14T22:33:27.534258+00:00,jingjie-cpu-13.mae.cornell.edu,4cf37e9,50944,19,syn-s2-n8,7bee083a29bc,8,4,f52b635e16c6,6c0ee13fce7e,3,108.0,26.6,3108.0,3130.014358171287,22.014358171286858,exact-milp/taker,GRB,OPTIMAL,3130.014358171287,3130.014358171287,0.0,3094.0,36.01435817128686,1.2324116230010986,0.008114337921142578,1100,296,915,,,,,,sweep,,,20,0.6500000000000021,43,,
phase2,taker-sweep,2026-08-14T22:33:28.621428+00:00,jingjie-cpu-13.mae.cornell.edu,4cf37e9,50944,19,syn-s2-n8,7bee083a29bc,8,4,f52b635e16c6,6c0ee13fce7e,3,108.0,26.6,3108.0,3130.014358171287,22.014358171286858,exact-milp/taker,GRB,OPTIMAL,3130.014358171287,3130.0143581712864,1.4528602710696528e-16,3094.0,36.01435817128686,1.044715166091919,0.008079767227172852,1100,296,915,,,,,,sweep,,,20,0.700000000000002,44,,
phase2,taker-sweep,2026-08-14T22:33:29.706126+00:00,jingjie-cpu-13.mae.cornell.edu,4cf37e9,50944,19,syn-s2-n8,7bee083a29bc,8,4,46e7ce0f21ee,6c0ee13fce7e,3,108.0,26.6,3108.0,3130.014358171287,22.014358171286858,exact-milp/taker,GRB,OPTIMAL,3130.014358171287,3130.014358171287,0.0,3094.0,36.01435817128686,1.039884328842163,0.008435726165771484,1100,296,915,,,,,,sweep,,,20,0.7500000000000018,45,,
phase2,taker-sweep,2026-08-14T22:33:30.722977+00:00,jingjie-cpu-13.mae.cornell.edu,4cf37e9,50944,19,syn-s2-n8,7bee083a29bc,8,4,46e7ce0f21ee,6c0ee13fce7e,3,108.0,26.6,3108.0,3130.014358171287,22.014358171286858,exact-milp/taker,GRB,OPTIMAL,3130.014358171287,3130.014358171287,0.0,3094.0,36.01435817128686,0.9740886688232422,0.008010149002075195,1100,296,915,,,,,,sweep,,,20,0.800000000000002,46,,
phase2,taker-sweep,2026-08-14T22:33:31.815624+00:00,jingjie-cpu-13.mae.cornell.edu,4cf37e9,50944,19,syn-s2-n8,7bee083a29bc,8,4,46e7ce0f21ee,6c0ee13fce7e,3,108.0,26.6,3108.0,3130.014358171287,22.014358171286858,exact-milp/taker,GRB,OPTIMAL,3130.014358171287,3130.014358171287,0.0,3094.0,36.01435817128686,1.0211443901062012,0.008147478103637695,1100,296,915,,,,,,sweep,,,20,0.8500000000000023,47,,
phase2,taker-sweep,2026-08-14T22:33:32.942969+00:00,jingjie-cpu-13.mae.cornell.edu,4cf37e9,50944,19,syn-s2-n8,7bee083a29bc,8,4,f52b635e16c6,6c0ee13fce7e,3,108.0,26.6,3108.0,3130.014358171287,22.014358171286858,exact-milp/taker,GRB,OPTIMAL,3130.014358171287,3130.014358171287,0.0,3094.0,36.01435817128686,1.0845005512237549,0.008148431777954102,1100,296,915,,,,,,sweep,,,20,0.9000000000000021,48,,
phase2,taker-sweep,2026-08-14T22:33:34.365543+00:00,jingjie-cpu-13.mae.cornell.edu,4cf37e9,50944,19,syn-s2-n8,7bee083a29bc,8,4,46e7ce0f21ee,6c0ee13fce7e,3,108.0,26.6,3108.0,3130.014358171287,22.014358171286858,exact-milp/taker,GRB,OPTIMAL,3130.014358171287,3130.014358171287,0.0,3094.0,36.01435817128686,1.3773431777954102,0.008760452270507812,1100,296,915,,,,,,sweep,,,20,0.950000000000002,49,,
phase2,taker-sweep,2026-08-14T22:33:35.585818+00:00,jingjie-cpu-13.mae.cornell.edu,4cf37e9,50944,19,syn-s2-n8,7bee083a29bc,8,4,f52b635e16c6,6c0ee13fce7e,3,108.0,26.6,3108.0,3130.014358171287,22.014358171286858,exact-milp/taker,GRB,OPTIMAL,3130.014358171287,3130.014358171287,0.0,3094.0,36.01435817128686,1.1780884265899658,0.00796055793762207,1100,296,915,,,,,,sweep,,,20,1.0000000000000022,50,,
phase2,taker-sweep,2026-08-14T22:33:36.524327+00:00,jingjie-cpu-13.mae.cornell.edu,4cf37e9,50944,19,syn-s2-n8,7bee083a29bc,8,4,f52b635e16c6,6c0ee13fce7e,3,108.0,26.6,3108.0,3130.014358171287,22.014358171286858,exact-milp/taker,GRB,OPTIMAL,3130.014358171287,3130.014358171287,0.0,3094.0,36.01435817128686,0.8592948913574219,0.008315086364746094,1100,296,915,,,,,,sweep,,,20,1.0500000000000025,51,,
phase2,taker-sweep,2026-08-14T22:33:37.487927+00:00,jingjie-cpu-13.mae.cornell.edu,4cf37e9,50944,19,syn-s2-n8,7bee083a29bc,8,4,f52b635e16c6,6c0ee13fce7e,3,108.0,26.6,3108.0,3130.014358171287,22.014358171286858,exact-milp/taker,GRB,OPTIMAL,3130.014358171287,3130.014358171287,0.0,3094.0,36.01435817128686,0.9209768772125244,0.00800466537475586,1100,296,915,,,,,,sweep,,,20,1.1000000000000023,52,,
phase2,taker-sweep,2026-08-14T22:33:38.906713+00:00,jingjie-cpu-13.mae.cornell.edu,4cf37e9,50944,19,syn-s2-n8,7bee083a29bc,8,4,f52b635e16c6,6c0ee13fce7e,3,108.0,26.6,3108.0,3130.014358171287,22.014358171286858,exact-milp/taker,GRB,OPTIMAL,3130.014358171287,3130.014358171287,0.0,3094.0,36.01435817128686,1.3766932487487793,0.008005142211914062,1100,296,915,,,,,,sweep,,,20,1.1500000000000021,53,,
phase2,taker-sweep,2026-08-14T22:33:40.530519+00:00,jingjie-cpu-13.mae.cornell.edu,4cf37e9,50944,19,syn-s2-n8,7bee083a29bc,8,4,46e7ce0f21ee,6c0ee13fce7e,3,108.0,26.6,3108.0,3130.014358171287,22.014358171286858,exact-milp/taker,GRB,OPTIMAL,3130.014358171287,3130.014358171287,0.0,3094.0,36.01435817128686,1.5796053409576416,0.008209228515625,1100,296,915,,,,,,sweep,,,20,1.2000000000000024,54,,
phase2,taker-sweep,2026-08-14T22:33:41.485888+00:00,jingjie-cpu-13.mae.cornell.edu,4cf37e9,50944,19,syn-s2-n8,7bee083a29bc,8,4,46e7ce0f21ee,6c0ee13fce7e,3,108.0,26.6,3108.0,3130.014358171287,22.014358171286858,exact-milp/taker,GRB,OPTIMAL,3130.014358171287,3130.014358171287,0.0,3094.0,36.01435817128686,0.8732614517211914,0.008144378662109375,1100,296,915,,,,,,sweep,,,20,1.2500000000000027,55,,
phase2,taker-sweep,2026-08-14T22:33:42.377856+00:00,jingjie-cpu-13.mae.cornell.edu,4cf37e9,50944,19,syn-s2-n8,7bee083a29bc,8,4,46e7ce0f21ee,6c0ee13fce7e,3,108.0,26.6,3108.0,3130.014358171287,22.014358171286858,exact-milp/taker,GRB,OPTIMAL,3130.014358171287,3130.014358171287,0.0,3094.0,36.01435817128686,0.8461008071899414,0.008694648742675781,1100,296,915,,,,,,sweep,,,20,1.3000000000000025,56,,
phase2,taker-sweep,2026-08-14T22:33:43.245911+00:00,jingjie-cpu-13.mae.cornell.edu,4cf37e9,50944,19,syn-s2-n8,7bee083a29bc,8,4,46e7ce0f21ee,6c0ee13fce7e,3,108.0,26.6,3108.0,3130.014358171287,22.014358171286858,exact-milp/taker,GRB,OPTIMAL,3130.014358171287,3130.0143581712864,1.4528602710696528e-16,3094.0,36.01435817128686,0.8261916637420654,0.00811147689819336,1100,296,915,,,,,,sweep,,,20,1.3500000000000023,57,,
phase2,taker-sweep,2026-08-14T22:33:44.768097+00:00,jingjie-cpu-13.mae.cornell.edu,4cf37e9,50944,19,syn-s2-n8,7bee083a29bc,8,4,f52b635e16c6,6c0ee13fce7e,3,108.0,26.6,3108.0,3130.014358171287,22.014358171286858,exact-milp/taker,GRB,OPTIMAL,3130.014358171287,3130.014358171287,0.0,3094.0,36.01435817128686,1.4798130989074707,0.007958650588989258,1100,296,915,,,,,,sweep,,,20,1.4000000000000026,58,,
phase2,taker-sweep,2026-08-14T22:33:46.046514+00:00,jingjie-cpu-13.mae.cornell.edu,4cf37e9,50944,19,syn-s2-n8,7bee083a29bc,8,4,f52b635e16c6,6c0ee13fce7e,3,108.0,26.6,3108.0,3130.014358171287,22.014358171286858,exact-milp/taker,GRB,OPTIMAL,3130.014358171287,3130.014358171287,0.0,3094.0,36.01435817128686,1.2053501605987549,0.008617401123046875,1100,296,915,,,,,,sweep,,,20,1.4500000000000028,59,,
phase2,taker-sweep,2026-08-14T22:33:47.197511+00:00,jingjie-cpu-13.mae.cornell.edu,4cf37e9,50944,19,syn-s2-n8,7bee083a29bc,8,4,f52b635e16c6,6c0ee13fce7e,3,108.0,26.6,3108.0,3130.014358171287,22.014358171286858,exact-milp/taker,GRB,OPTIMAL,3130.014358171287,3130.014358171287,0.0,3094.0,36.01435817128686,1.1082589626312256,0.00804591178894043,1100,296,915,,,,,,sweep,,,20,1.5000000000000027,60,,
phase2,taker-sweep,2026-08-14T22:32:37.622950+00:00,jingjie-cpu-05.mae.cornell.edu,4cf37e9,50941,16,syn-s2-n8,7bee083a29bc,8,4,4d4758026437,f7a0a0699c06,3,122.0,15.7,3122.0,3126.2976517736774,4.297651773677444,exact-milp/taker,GRB,OPTIMAL,3126.2976517736774,3126.2976517736774,0.0,3094.0,32.297651773677444,0.6901936531066895,0.011515140533447266,1100,296,915,,,,,,sweep,,,8,-1.5,0,,
phase2,taker-sweep,2026-08-14T22:32:38.683277+00:00,jingjie-cpu-05.mae.cornell.edu,4cf37e9,50941,16,syn-s2-n8,7bee083a29bc,8,4,7da384b47a83,f7a0a0699c06,3,122.0,15.7,3122.0,3127.0826517736773,5.0826517736772985,exact-milp/taker,GRB,OPTIMAL,3127.0826517736773,3127.0826517736773,0.0,3094.0,33.0826517736773,1.0095152854919434,0.007937908172607422,1100,296,915,,,,,,sweep,,,8,-1.45,1,,
phase2,taker-sweep,2026-08-14T22:32:39.539970+00:00,jingjie-cpu-05.mae.cornell.edu,4cf37e9,50941,16,syn-s2-n8,7bee083a29bc,8,4,4d4758026437,f7a0a0699c06,3,122.0,15.7,3122.0,3127.8676517736776,5.867651773677608,exact-milp/taker,GRB,OPTIMAL,3127.8676517736776,3127.8676517736776,0.0,3094.0,33.86765177367761,0.7744309902191162,0.007921695709228516,1100,296,915,,,,,,sweep,,,8,-1.4,2,,
phase2,taker-sweep,2026-08-14T22:32:40.482662+00:00,jingjie-cpu-05.mae.cornell.edu,4cf37e9,50941,16,syn-s2-n8,7bee083a29bc,8,4,7da384b47a83,f7a0a0699c06,3,122.0,15.7,3122.0,3128.6526517736775,6.652651773677462,exact-milp/taker,GRB,OPTIMAL,3128.6526517736775,3128.6526517736775,0.0,3094.0,34.65265177367746,0.8677945137023926,0.007798910140991211,1100,296,915,,,,,,sweep,,,8,-1.3499999999999999,3,,
phase2,taker-sweep,2026-08-14T22:32:41.372946+00:00,jingjie-cpu-05.mae.cornell.edu,4cf37e9,50941,16,syn-s2-n8,7bee083a29bc,8,4,7da384b47a83,f7a0a0699c06,3,122.0,15.7,3122.0,3129.4376517736773,7.437651773677317,exact-milp/taker,GRB,OPTIMAL,3129.4376517736773,3129.4376517736773,0.0,3094.0,35.43765177367732,0.8501408100128174,0.007805347442626953,1100,296,915,,,,,,sweep,,,8,-1.2999999999999998,4,,
phase2,taker-sweep,2026-08-14T22:32:42.388827+00:00,jingjie-cpu-05.mae.cornell.edu,4cf37e9,50941,16,syn-s2-n8,7bee083a29bc,8,4,f52b635e16c6,6c0ee13fce7e,3,108.0,26.6,3108.0,3130.014358171287,22.014358171286858,exact-milp/taker,GRB,OPTIMAL,3130.014358171287,3130.014358171287,0.0,3094.0,36.01435817128686,0.9762742519378662,0.007785320281982422,1100,296,915,,,,,,sweep,,,8,-1.2499999999999998,5,,
phase2,taker-sweep,2026-08-14T22:32:43.284491+00:00,jingjie-cpu-05.mae.cornell.edu,4cf37e9,50941,16,syn-s2-n8,7bee083a29bc,8,4,46e7ce0f21ee,6c0ee13fce7e,3,108.0,26.6,3108.0,3130.014358171287,22.014358171286858,exact-milp/taker,GRB,OPTIMAL,3130.014358171287,3130.014358171287,0.0,3094.0,36.01435817128686,0.856196403503418,0.007842779159545898,1100,296,915,,,,,,sweep,,,8,-1.1999999999999997,6,,
phase2,taker-sweep,2026-08-14T22:32:44.021893+00:00,jingjie-cpu-05.mae.cornell.edu,4cf37e9,50941,16,syn-s2-n8,7bee083a29bc,8,4,f52b635e16c6,6c0ee13fce7e,3,108.0,26.6,3108.0,3130.014358171287,22.014358171286858,exact-milp/taker,GRB,OPTIMAL,3130.014358171287,3130.014358171287,0.0,3094.0,36.01435817128686,0.6682741641998291,0.007972478866577148,1100,296,915,,,,,,sweep,,,8,-1.1499999999999997,7,,
phase2,taker-sweep,2026-08-14T22:32:44.909191+00:00,jingjie-cpu-05.mae.cornell.edu,4cf37e9,50941,16,syn-s2-n8,7bee083a29bc,8,4,46e7ce0f21ee,6c0ee13fce7e,3,108.0,26.6,3108.0,3130.014358171287,22.014358171286858,exact-milp/taker,GRB,OPTIMAL,3130.014358171287,3130.014358171287,0.0,3094.0,36.01435817128686,0.8468966484069824,0.007808208465576172,1100,296,915,,,,,,sweep,,,8,-1.0999999999999996,8,,
phase2,taker-sweep,2026-08-14T22:32:45.750037+00:00,jingjie-cpu-05.mae.cornell.edu,4cf37e9,50941,16,syn-s2-n8,7bee083a29bc,8,4,f52b635e16c6,6c0ee13fce7e,3,108.0,26.6,3108.0,3130.014358171287,22.014358171286858,exact-milp/taker,GRB,OPTIMAL,3130.014358171287,3130.014358171287,0.0,3094.0,36.01435817128686,0.800727128982544,0.007796287536621094,1100,296,915,,,,,,sweep,,,8,-1.0499999999999996,9,,
phase2,taker-sweep,2026-08-14T22:32:46.798631+00:00,jingjie-cpu-05.mae.cornell.edu,4cf37e9,50941,16,syn-s2-n8,7bee083a29bc,8,4,f52b635e16c6,6c0ee13fce7e,3,108.0,26.6,3108.0,3130.014358171287,22.014358171286858,exact-milp/taker,GRB,OPTIMAL,3130.014358171287,3130.014358171287,0.0,3094.0,36.01435817128686,1.0092978477478027,0.007834672927856445,1100,296,915,,,,,,sweep,,,8,-0.9999999999999996,10,,
phase2,taker-sweep,2026-08-14T22:32:48.020146+00:00,jingjie-cpu-05.mae.cornell.edu,4cf37e9,50941,16,syn-s2-n8,7bee083a29bc,8,4,f52b635e16c6,6c0ee13fce7e,3,108.0,26.6,3108.0,3130.014358171287,22.014358171286858,exact-milp/taker,GRB,OPTIMAL,3130.014358171287,3130.014358171287,0.0,3094.0,36.01435817128686,1.1485977172851562,0.008027791976928711,1100,296,915,,,,,,sweep,,,8,-0.9499999999999995,11,,
phase2,taker-sweep,2026-08-14T22:32:48.800944+00:00,jingjie-cpu-05.mae.cornell.edu,4cf37e9,50941,16,syn-s2-n8,7bee083a29bc,8,4,f52b635e16c6,6c0ee13fce7e,3,108.0,26.6,3108.0,3130.014358171287,22.014358171286858,exact-milp/taker,GRB,OPTIMAL,3130.014358171287,3130.014358171287,0.0,3094.0,36.01435817128686,0.7062859535217285,0.00779414176940918,1100,296,915,,,,,,sweep,,,8,-0.8999999999999995,12,,
phase2,taker-sweep,2026-08-14T22:32:49.945053+00:00,jingjie-cpu-05.mae.cornell.edu,4cf37e9,50941,16,syn-s2-n8,7bee083a29bc,8,4,46e7ce0f21ee,6c0ee13fce7e,3,108.0,26.6,3108.0,3130.014358171287,22.014358171286858,exact-milp/taker,GRB,OPTIMAL,3130.014358171287,3130.014358171287,0.0,3094.0,36.01435817128686,1.0770204067230225,0.007949352264404297,1100,296,915,,,,,,sweep,,,8,-0.8499999999999994,13,,
phase2,taker-sweep,2026-08-14T22:32:50.623678+00:00,jingjie-cpu-05.mae.cornell.edu,4cf37e9,50941,16,syn-s2-n8,7bee083a29bc,8,4,46e7ce0f21ee,6c0ee13fce7e,3,108.0,26.6,3108.0,3130.014358171287,22.014358171286858,exact-milp/taker,GRB,OPTIMAL,3130.014358171287,3130.014358171287,0.0,3094.0,36.01435817128686,0.637763500213623,0.008015632629394531,1100,296,915,,,,,,sweep,,,8,-0.7999999999999994,14,,
phase2,taker-sweep,2026-08-14T22:32:51.636305+00:00,jingjie-cpu-05.mae.cornell.edu,4cf37e9,50941,16,syn-s2-n8,7bee083a29bc,8,4,46e7ce0f21ee,6c0ee13fce7e,3,108.0,26.6,3108.0,3130.014358171287,22.014358171286858,exact-milp/taker,GRB,OPTIMAL,3130.014358171287,3130.014358171287,0.0,3094.0,36.01435817128686,0.9418673515319824,0.008013725280761719,1100,296,915,,,,,,sweep,,,8,-0.7499999999999993,15,,
phase2,taker-sweep,2026-08-14T22:32:52.516345+00:00,jingjie-cpu-05.mae.cornell.edu,4cf37e9,50941,16,syn-s2-n8,7bee083a29bc,8,4,46e7ce0f21ee,6c0ee13fce7e,3,108.0,26.6,3108.0,3130.014358171287,22.014358171286858,exact-milp/taker,GRB,OPTIMAL,3130.014358171287,3130.014358171287,0.0,3094.0,36.01435817128686,0.8397383689880371,0.008016824722290039,1100,296,915,,,,,,sweep,,,8,-0.6999999999999993,16,,
phase2,taker-sweep,2026-08-14T22:32:53.304534+00:00,jingjie-cpu-05.mae.cornell.edu,4cf37e9,50941,16,syn-s2-n8,7bee083a29bc,8,4,46e7ce0f21ee,6c0ee13fce7e,3,108.0,26.6,3108.0,3130.014358171287,22.014358171286858,exact-milp/taker,GRB,OPTIMAL,3130.014358171287,3130.014358171287,0.0,3094.0,36.01435817128686,0.7473204135894775,0.008129596710205078,1100,296,915,,,,,,sweep,,,8,-0.6499999999999992,17,,
phase2,taker-sweep,2026-08-14T22:32:54.267134+00:00,jingjie-cpu-05.mae.cornell.edu,4cf37e9,50941,16,syn-s2-n8,7bee083a29bc,8,4,46e7ce0f21ee,6c0ee13fce7e,3,108.0,26.6,3108.0,3130.014358171287,22.014358171286858,exact-milp/taker,GRB,OPTIMAL,3130.014358171287,3130.014358171287,0.0,3094.0,36.01435817128686,0.9216580390930176,0.007867097854614258,1100,296,915,,,,,,sweep,,,8,-0.5999999999999992,18,,
phase2,taker-sweep,2026-08-14T22:32:55.715818+00:00,jingjie-cpu-05.mae.cornell.edu,4cf37e9,50941,16,syn-s2-n8,7bee083a29bc,8,4,46e7ce0f21ee,6c0ee13fce7e,3,108.0,26.6,3108.0,3130.014358171287,22.014358171286858,exact-milp/taker,GRB,OPTIMAL,3130.014358171287,3130.0143581712864,1.4528602710696528e-16,3094.0,36.01435817128686,1.2924730777740479,0.007910728454589844,1100,296,915,,,,,,sweep,,,8,-0.5499999999999992,19,,
phase2,taker-sweep,2026-08-14T22:32:56.855481+00:00,jingjie-cpu-05.mae.cornell.edu,4cf37e9,50941,16,syn-s2-n8,7bee083a29bc,8,4,46e7ce0f21ee,6c0ee13fce7e,3,108.0,26.6,3108.0,3130.014358171287,22.014358171286858,exact-milp/taker,GRB,OPTIMAL,3130.014358171287,3130.0143581712864,1.4528602710696528e-16,3094.0,36.01435817128686,1.0990383625030518,0.007892131805419922,1100,296,915,,,,,,sweep,,,8,-0.4999999999999991,20,,
phase2,taker-sweep,2026-08-14T22:32:57.685067+00:00,jingjie-cpu-05.mae.cornell.edu,4cf37e9,50941,16,syn-s2-n8,7bee083a29bc,8,4,46e7ce0f21ee,6c0ee13fce7e,3,108.0,26.6,3108.0,3130.014358171287,22.014358171286858,exact-milp/taker,GRB,OPTIMAL,3130.014358171287,3130.0143581712864,1.4528602710696528e-16,3094.0,36.01435817128686,0.7895476818084717,0.007765531539916992,1100,296,915,,,,,,sweep,,,8,-0.44999999999999907,21,,
phase2,taker-sweep,2026-08-14T22:32:59.374534+00:00,jingjie-cpu-05.mae.cornell.edu,4cf37e9,50941,16,syn-s2-n8,7bee083a29bc,8,4,f52b635e16c6,6c0ee13fce7e,3,108.0,26.6,3108.0,3130.014358171287,22.014358171286858,exact-milp/taker,GRB,OPTIMAL,3130.014358171287,3130.014358171287,0.0,3094.0,36.01435817128686,1.6492502689361572,0.008026361465454102,1100,296,915,,,,,,sweep,,,8,-0.399999999999999,22,,
phase2,taker-sweep,2026-08-14T22:33:00.845302+00:00,jingjie-cpu-05.mae.cornell.edu,4cf37e9,50941,16,syn-s2-n8,7bee083a29bc,8,4,46e7ce0f21ee,6c0ee13fce7e,3,108.0,26.6,3108.0,3130.014358171287,22.014358171286858,exact-milp/taker,GRB,OPTIMAL,3130.014358171287,3130.0143581712864,1.4528602710696528e-16,3094.0,36.01435817128686,1.3967273235321045,0.007906913757324219,1100,296,915,,,,,,sweep,,,8,-0.349999999999999,23,,
phase2,taker-sweep,2026-08-14T22:33:02.091780+00:00,jingjie-cpu-05.mae.cornell.edu,4cf37e9,50941,16,syn-s2-n8,7bee083a29bc,8,4,46e7ce0f21ee,6c0ee13fce7e,3,108.0,26.6,3108.0,3130.014358171287,22.014358171286858,exact-milp/taker,GRB,OPTIMAL,3130.014358171287,3130.0143581712864,1.4528602710696528e-16,3094.0,36.01435817128686,1.206533432006836,0.008019208908081055,1100,296,915,,,,,,sweep,,,8,-0.29999999999999893,24,,
phase2,taker-sweep,2026-08-14T22:33:02.916359+00:00,jingjie-cpu-05.mae.cornell.edu,4cf37e9,50941,16,syn-s2-n8,7bee083a29bc,8,4,46e7ce0f21ee,6c0ee13fce7e,3,108.0,26.6,3108.0,3130.014358171287,22.014358171286858,exact-milp/taker,GRB,OPTIMAL,3130.014358171287,3130.0143581712864,1.4528602710696528e-16,3094.0,36.01435817128686,0.7843990325927734,0.007930755615234375,1100,296,915,,,,,,sweep,,,8,-0.2499999999999989,25,,
phase2,taker-sweep,2026-08-14T22:33:03.690439+00:00,jingjie-cpu-05.mae.cornell.edu,4cf37e9,50941,16,syn-s2-n8,7bee083a29bc,8,4,46e7ce0f21ee,6c0ee13fce7e,3,108.0,26.6,3108.0,3130.014358171287,22.014358171286858,exact-milp/taker,GRB,OPTIMAL,3130.014358171287,3130.0143581712864,1.4528602710696528e-16,3094.0,36.01435817128686,0.7341856956481934,0.007935523986816406,1100,296,915,,,,,,sweep,,,8,-0.19999999999999885,26,,
phase2,taker-sweep,2026-08-14T22:33:04.848087+00:00,jingjie-cpu-05.mae.cornell.edu,4cf37e9,50941,16,syn-s2-n8,7bee083a29bc,8,4,46e7ce0f21ee,6c0ee13fce7e,3,108.0,26.6,3108.0,3130.014358171287,22.014358171286858,exact-milp/taker,GRB,OPTIMAL,3130.014358171287,3130.0143581712864,1.4528602710696528e-16,3094.0,36.01435817128686,1.0945942401885986,0.007791280746459961,1100,296,915,,,,,,sweep,,,8,-0.1499999999999988,27,,
phase2,taker-sweep,2026-08-14T22:33:05.842794+00:00,jingjie-cpu-05.mae.cornell.edu,4cf37e9,50941,16,syn-s2-n8,7bee083a29bc,8,4,46e7ce0f21ee,6c0ee13fce7e,3,108.0,26.6,3108.0,3130.014358171287,22.014358171286858,exact-milp/taker,GRB,OPTIMAL,3130.014358171287,3130.0143581712864,1.4528602710696528e-16,3094.0,36.01435817128686,0.9537038803100586,0.007856607437133789,1100,296,915,,,,,,sweep,,,8,-0.09999999999999876,28,,
phase2,taker-sweep,2026-08-14T22:33:07.136902+00:00,jingjie-cpu-05.mae.cornell.edu,4cf37e9,50941,16,syn-s2-n8,7bee083a29bc,8,4,46e7ce0f21ee,6c0ee13fce7e,3,108.0,26.6,3108.0,3130.014358171287,22.014358171286858,exact-milp/taker,GRB,OPTIMAL,3130.014358171287,3130.014358171287,0.0,3094.0,36.01435817128686,1.2535603046417236,0.0077555179595947266,1100,296,915,,,,,,sweep,,,8,-0.04999999999999871,29,,
phase2,taker-sweep,2026-08-14T22:33:08.316423+00:00,jingjie-cpu-05.mae.cornell.edu,4cf37e9,50941,16,syn-s2-n8,7bee083a29bc,8,4,46e7ce0f21ee,6c0ee13fce7e,3,108.0,26.6,3108.0,3130.014358171287,22.014358171286858,exact-milp/taker,GRB,OPTIMAL,3130.014358171287,3130.014358171287,0.0,3094.0,36.01435817128686,1.1380343437194824,0.007808208465576172,1100,296,915,,,,,,sweep,,,8,1.3322676295501878e-15,30,,
phase2,taker-sweep,2026-08-14T22:33:09.487602+00:00,jingjie-cpu-05.mae.cornell.edu,4cf37e9,50941,16,syn-s2-n8,7bee083a29bc,8,4,46e7ce0f21ee,6c0ee13fce7e,3,108.0,26.6,3108.0,3130.014358171287,22.014358171286858,exact-milp/taker,GRB,OPTIMAL,3130.014358171287,3130.014358171287,0.0,3094.0,36.01435817128686,1.092888355255127,0.008359432220458984,1100,296,915,,,,,,sweep,,,8,0.05000000000000138,31,,
phase2,taker-sweep,2026-08-14T22:33:10.481427+00:00,jingjie-cpu-05.mae.cornell.edu,4cf37e9,50941,16,syn-s2-n8,7bee083a29bc,8,4,46e7ce0f21ee,6c0ee13fce7e,3,108.0,26.6,3108.0,3130.014358171287,22.014358171286858,exact-milp/taker,GRB,OPTIMAL,3130.014358171287,3130.014358171287,0.0,3094.0,36.01435817128686,0.9533264636993408,0.007814884185791016,1100,296,915,,,,,,sweep,,,8,0.10000000000000142,32,,
phase2,taker-sweep,2026-08-14T22:33:11.607531+00:00,jingjie-cpu-05.mae.cornell.edu,4cf37e9,50941,16,syn-s2-n8,7bee083a29bc,8,4,46e7ce0f21ee,6c0ee13fce7e,3,108.0,26.6,3108.0,3130.014358171287,22.014358171286858,exact-milp/taker,GRB,OPTIMAL,3130.014358171287,3130.014358171287,0.0,3094.0,36.01435817128686,1.0851538181304932,0.007874727249145508,1100,296,915,,,,,,sweep,,,8,0.15000000000000147,33,,
phase2,taker-sweep,2026-08-14T22:33:12.971191+00:00,jingjie-cpu-05.mae.cornell.edu,4cf37e9,50941,16,syn-s2-n8,7bee083a29bc,8,4,46e7ce0f21ee,6c0ee13fce7e,3,108.0,26.6,3108.0,3130.014358171287,22.014358171286858,exact-milp/taker,GRB,OPTIMAL,3130.014358171287,3130.014358171287,0.0,3094.0,36.01435817128686,1.3228530883789062,0.007853031158447266,1100,296,915,,,,,,sweep,,,8,0.2000000000000015,34,,
phase2,taker-sweep,2026-08-14T22:33:14.169073+00:00,jingjie-cpu-05.mae.cornell.edu,4cf37e9,50941,16,syn-s2-n8,7bee083a29bc,8,4,46e7ce0f21ee,6c0ee13fce7e,3,108.0,26.6,3108.0,3130.014358171287,22.014358171286858,exact-milp/taker,GRB,OPTIMAL,3130.014358171287,3130.014358171287,0.0,3094.0,36.01435817128686,1.1187992095947266,0.008078575134277344,1100,296,915,,,,,,sweep,,,8,0.25000000000000155,35,,
phase2,taker-sweep,2026-08-14T22:33:14.915703+00:00,jingjie-cpu-05.mae.cornell.edu,4cf37e9,50941,16,syn-s2-n8,7bee083a29bc,8,4,46e7ce0f21ee,6c0ee13fce7e,3,108.0,26.6,3108.0,3130.014358171287,22.014358171286858,exact-milp/taker,GRB,OPTIMAL,3130.014358171287,3130.014358171287,0.0,3094.0,36.01435817128686,0.7058327198028564,0.00799870491027832,1100,296,915,,,,,,sweep,,,8,0.3000000000000016,36,,
phase2,taker-sweep,2026-08-14T22:33:16.410801+00:00,jingjie-cpu-05.mae.cornell.edu,4cf37e9,50941,16,syn-s2-n8,7bee083a29bc,8,4,46e7ce0f21ee,6c0ee13fce7e,3,108.0,26.6,3108.0,3130.014358171287,22.014358171286858,exact-milp/taker,GRB,OPTIMAL,3130.014358171287,3130.014358171287,0.0,3094.0,36.01435817128686,1.4539635181427002,0.00800633430480957,1100,296,915,,,,,,sweep,,,8,0.35000000000000164,37,,
phase2,taker-sweep,2026-08-14T22:33:17.751732+00:00,jingjie-cpu-05.mae.cornell.edu,4cf37e9,50941,16,syn-s2-n8,7bee083a29bc,8,4,46e7ce0f21ee,6c0ee13fce7e,3,108.0,26.6,3108.0,3130.014358171287,22.014358171286858,exact-milp/taker,GRB,OPTIMAL,3130.014358171287,3130.014358171287,0.0,3094.0,36.01435817128686,1.299363613128662,0.008028507232666016,1100,296,915,,,,,,sweep,,,8,0.4000000000000017,38,,
phase2,taker-sweep,2026-08-14T22:33:18.472658+00:00,jingjie-cpu-05.mae.cornell.edu,4cf37e9,50941,16,syn-s2-n8,7bee083a29bc,8,4,46e7ce0f21ee,6c0ee13fce7e,3,108.0,26.6,3108.0,3130.014358171287,22.014358171286858,exact-milp/taker,GRB,OPTIMAL,3130.014358171287,3130.014358171287,0.0,3094.0,36.01435817128686,0.652719259262085,0.007928609848022461,1100,296,915,,,,,,sweep,,,8,0.45000000000000173,39,,
phase2,taker-sweep,2026-08-14T22:33:19.863143+00:00,jingjie-cpu-05.mae.cornell.edu,4cf37e9,50941,16,syn-s2-n8,7bee083a29bc,8,4,46e7ce0f21ee,6c0ee13fce7e,3,108.0,26.6,3108.0,3130.014358171287,22.014358171286858,exact-milp/taker,GRB,OPTIMAL,3130.014358171287,3130.014358171287,0.0,3094.0,36.01435817128686,1.3497765064239502,0.007971763610839844,1100,296,915,,,,,,sweep,,,8,0.5000000000000018,40,,
phase2,taker-sweep,2026-08-14T22:33:21.045456+00:00,jingjie-cpu-05.mae.cornell.edu,4cf37e9,50941,16,syn-s2-n8,7bee083a29bc,8,4,46e7ce0f21ee,6c0ee13fce7e,3,108.0,26.6,3108.0,3130.014358171287,22.014358171286858,exact-milp/taker,GRB,OPTIMAL,3130.014358171287,3130.014358171287,0.0,3094.0,36.01435817128686,1.1409270763397217,0.007995367050170898,1100,296,915,,,,,,sweep,,,8,0.5500000000000016,41,,
phase2,taker-sweep,2026-08-14T22:33:22.310784+00:00,jingjie-cpu-05.mae.cornell.edu,4cf37e9,50941,16,syn-s2-n8,7bee083a29bc,8,4,46e7ce0f21ee,6c0ee13fce7e,3,108.0,26.6,3108.0,3130.014358171287,22.014358171286858,exact-milp/taker,GRB,OPTIMAL,3130.014358171287,3130.014358171287,0.0,3094.0,36.01435817128686,1.223905086517334,0.007921934127807617,1100,296,915,,,,,,sweep,,,8,0.6000000000000019,42,,
phase2,taker-sweep,2026-08-14T22:33:23.460631+00:00,jingjie-cpu-05.mae.cornell.edu,4cf37e9,50941,16,syn-s2-n8,7bee083a29bc,8,4,f52b635e16c6,6c0ee13fce7e,3,108.0,26.6,3108.0,3130.014358171287,22.014358171286858,exact-milp/taker,GRB,OPTIMAL,3130.014358171287,3130.0143581712864,1.4528602710696528e-16,3094.0,36.01435817128686,1.0850679874420166,0.008001327514648438,1100,296,915,,,,,,sweep,,,8,0.6500000000000021,43,,
phase2,taker-sweep,2026-08-14T22:33:24.404075+00:00,jingjie-cpu-05.mae.cornell.edu,4cf37e9,50941,16,syn-s2-n8,7bee083a29bc,8,4,f52b635e16c6,6c0ee13fce7e,3,108.0,26.6,3108.0,3130.014358171287,22.014358171286858,exact-milp/taker,GRB,OPTIMAL,3130.014358171287,3130.0143581712864,1.4528602710696528e-16,3094.0,36.01435817128686,0.9036886692047119,0.007605075836181641,1100,296,915,,,,,,sweep,,,8,0.700000000000002,44,,
phase2,taker-sweep,2026-08-14T22:33:25.425619+00:00,jingjie-cpu-05.mae.cornell.edu,4cf37e9,50941,16,syn-s2-n8,7bee083a29bc,8,4,f52b635e16c6,6c0ee13fce7e,3,108.0,26.6,3108.0,3130.014358171287,22.014358171286858,exact-milp/taker,GRB,OPTIMAL,3130.014358171287,3130.0143581712864,1.4528602710696528e-16,3094.0,36.01435817128686,0.9805474281311035,0.007892608642578125,1100,296,915,,,,,,sweep,,,8,0.7500000000000018,45,,
phase2,taker-sweep,2026-08-14T22:33:26.561822+00:00,jingjie-cpu-05.mae.cornell.edu,4cf37e9,50941,16,syn-s2-n8,7bee083a29bc,8,4,46e7ce0f21ee,6c0ee13fce7e,3,108.0,26.6,3108.0,3130.014358171287,22.014358171286858,exact-milp/taker,GRB,OPTIMAL,3130.014358171287,3130.0143581712864,1.4528602710696528e-16,3094.0,36.01435817128686,1.0950236320495605,0.007922649383544922,1100,296,915,,,,,,sweep,,,8,0.800000000000002,46,,
phase2,taker-sweep,2026-08-14T22:33:27.478392+00:00,jingjie-cpu-05.mae.cornell.edu,4cf37e9,50941,16,syn-s2-n8,7bee083a29bc,8,4,f52b635e16c6,6c0ee13fce7e,3,108.0,26.6,3108.0,3130.014358171287,22.014358171286858,exact-milp/taker,GRB,OPTIMAL,3130.014358171287,3130.0143581712864,1.4528602710696528e-16,3094.0,36.01435817128686,0.8392031192779541,0.008113384246826172,1100,296,915,,,,,,sweep,,,8,0.8500000000000023,47,,
phase2,taker-sweep,2026-08-14T22:33:28.788194+00:00,jingjie-cpu-05.mae.cornell.edu,4cf37e9,50941,16,syn-s2-n8,7bee083a29bc,8,4,46e7ce0f21ee,6c0ee13fce7e,3,108.0,26.6,3108.0,3130.014358171287,22.014358171286858,exact-milp/taker,GRB,OPTIMAL,3130.014358171287,3130.014358171287,0.0,3094.0,36.01435817128686,1.2686305046081543,0.007843971252441406,1100,296,915,,,,,,sweep,,,8,0.9000000000000021,48,,
phase2,taker-sweep,2026-08-14T22:33:29.853226+00:00,jingjie-cpu-05.mae.cornell.edu,4cf37e9,50941,16,syn-s2-n8,7bee083a29bc,8,4,46e7ce0f21ee,6c0ee13fce7e,3,108.0,26.6,3108.0,3130.014358171287,22.014358171286858,exact-milp/taker,GRB,OPTIMAL,3130.014358171287,3130.014358171287,0.0,3094.0,36.01435817128686,1.0234708786010742,0.007873773574829102,1100,296,915,,,,,,sweep,,,8,0.950000000000002,49,,
phase2,taker-sweep,2026-08-14T22:33:30.731141+00:00,jingjie-cpu-05.mae.cornell.edu,4cf37e9,50941,16,syn-s2-n8,7bee083a29bc,8,4,46e7ce0f21ee,6c0ee13fce7e,3,108.0,26.6,3108.0,3130.014358171287,22.014358171286858,exact-milp/taker,GRB,OPTIMAL,3130.014358171287,3130.014358171287,0.0,3094.0,36.01435817128686,0.8365981578826904,0.007824182510375977,1100,296,915,,,,,,sweep,,,8,1.0000000000000022,50,,
phase2,taker-sweep,2026-08-14T22:33:32.299724+00:00,jingjie-cpu-05.mae.cornell.edu,4cf37e9,50941,16,syn-s2-n8,7bee083a29bc,8,4,46e7ce0f21ee,6c0ee13fce7e,3,108.0,26.6,3108.0,3130.014358171287,22.014358171286858,exact-milp/taker,GRB,OPTIMAL,3130.014358171287,3130.014358171287,0.0,3094.0,36.01435817128686,1.4974920749664307,0.00813913345336914,1100,296,915,,,,,,sweep,,,8,1.0500000000000025,51,,
phase2,taker-sweep,2026-08-14T22:33:33.718661+00:00,jingjie-cpu-05.mae.cornell.edu,4cf37e9,50941,16,syn-s2-n8,7bee083a29bc,8,4,46e7ce0f21ee,6c0ee13fce7e,3,108.0,26.6,3108.0,3130.014358171287,22.014358171286858,exact-milp/taker,GRB,OPTIMAL,3130.014358171287,3130.014358171287,0.0,3094.0,36.01435817128686,1.377185344696045,0.008056163787841797,1100,296,915,,,,,,sweep,,,8,1.1000000000000023,52,,
phase2,taker-sweep,2026-08-14T22:33:34.603227+00:00,jingjie-cpu-05.mae.cornell.edu,4cf37e9,50941,16,syn-s2-n8,7bee083a29bc,8,4,46e7ce0f21ee,6c0ee13fce7e,3,108.0,26.6,3108.0,3130.014358171287,22.014358171286858,exact-milp/taker,GRB,OPTIMAL,3130.014358171287,3130.014358171287,0.0,3094.0,36.01435817128686,0.8426716327667236,0.008030414581298828,1100,296,915,,,,,,sweep,,,8,1.1500000000000021,53,,
phase2,taker-sweep,2026-08-14T22:33:35.485096+00:00,jingjie-cpu-05.mae.cornell.edu,4cf37e9,50941,16,syn-s2-n8,7bee083a29bc,8,4,46e7ce0f21ee,6c0ee13fce7e,3,108.0,26.6,3108.0,3130.014358171287,22.014358171286858,exact-milp/taker,GRB,OPTIMAL,3130.014358171287,3130.0143581712864,1.4528602710696528e-16,3094.0,36.01435817128686,0.8399472236633301,0.007975578308105469,1100,296,915,,,,,,sweep,,,8,1.2000000000000024,54,,
phase2,taker-sweep,2026-08-14T22:33:36.566840+00:00,jingjie-cpu-05.mae.cornell.edu,4cf37e9,50941,16,syn-s2-n8,7bee083a29bc,8,4,46e7ce0f21ee,6c0ee13fce7e,3,108.0,26.6,3108.0,3130.014358171287,22.014358171286858,exact-milp/taker,GRB,OPTIMAL,3130.014358171287,3130.0143581712864,1.4528602710696528e-16,3094.0,36.01435817128686,1.0085728168487549,0.00805044174194336,1100,296,915,,,,,,sweep,,,8,1.2500000000000027,55,,
phase2,taker-sweep,2026-08-14T22:33:37.865833+00:00,jingjie-cpu-05.mae.cornell.edu,4cf37e9,50941,16,syn-s2-n8,7bee083a29bc,8,4,46e7ce0f21ee,6c0ee13fce7e,3,108.0,26.6,3108.0,3130.014358171287,22.014358171286858,exact-milp/taker,GRB,OPTIMAL,3130.014358171287,3130.0143581712864,1.4528602710696528e-16,3094.0,36.01435817128686,1.2578201293945312,0.00793147087097168,1100,296,915,,,,,,sweep,,,8,1.3000000000000025,56,,
phase2,taker-sweep,2026-08-14T22:33:38.601082+00:00,jingjie-cpu-05.mae.cornell.edu,4cf37e9,50941,16,syn-s2-n8,7bee083a29bc,8,4,46e7ce0f21ee,6c0ee13fce7e,3,108.0,26.6,3108.0,3130.014358171287,22.014358171286858,exact-milp/taker,GRB,OPTIMAL,3130.014358171287,3130.0143581712864,1.4528602710696528e-16,3094.0,36.01435817128686,0.6932103633880615,0.00795745849609375,1100,296,915,,,,,,sweep,,,8,1.3500000000000023,57,,
phase2,taker-sweep,2026-08-14T22:33:39.407757+00:00,jingjie-cpu-05.mae.cornell.edu,4cf37e9,50941,16,syn-s2-n8,7bee083a29bc,8,4,46e7ce0f21ee,6c0ee13fce7e,3,108.0,26.6,3108.0,3130.014358171287,22.014358171286858,exact-milp/taker,GRB,OPTIMAL,3130.014358171287,3130.0143581712864,1.4528602710696528e-16,3094.0,36.01435817128686,0.7641193866729736,0.008046865463256836,1100,296,915,,,,,,sweep,,,8,1.4000000000000026,58,,
phase2,taker-sweep,2026-08-14T22:33:40.241335+00:00,jingjie-cpu-05.mae.cornell.edu,4cf37e9,50941,16,syn-s2-n8,7bee083a29bc,8,4,46e7ce0f21ee,6c0ee13fce7e,3,108.0,26.6,3108.0,3130.014358171287,22.014358171286858,exact-milp/taker,GRB,OPTIMAL,3130.014358171287,3130.0143581712864,1.4528602710696528e-16,3094.0,36.01435817128686,0.7552683353424072,0.008137226104736328,1100,296,915,,,,,,sweep,,,8,1.4500000000000028,59,,
phase2,taker-sweep,2026-08-14T22:33:41.011074+00:00,jingjie-cpu-05.mae.cornell.edu,4cf37e9,50941,16,syn-s2-n8,7bee083a29bc,8,4,46e7ce0f21ee,6c0ee13fce7e,3,108.0,26.6,3108.0,3130.014358171287,22.014358171286858,exact-milp/taker,GRB,OPTIMAL,3130.014358171287,3130.014358171287,0.0,3094.0,36.01435817128686,0.7272624969482422,0.008048534393310547,1100,296,915,,,,,,sweep,,,8,1.5000000000000027,60,,
phase2,taker-sweep,2026-08-14T22:32:41.490857+00:00,jingjie-cpu-10.mae.cornell.edu,4cf37e9,50954,29,syn-s3-n12,92b0ba701fa1,12,6,cce13b67b3fc,2785bc6a8ff2,4,142.0,85.1,4142.0,4084.779393999117,-57.22060600088298,exact-milp/taker,GRB,OPTIMAL,4084.779393999117,4084.779393999117,0.0,4014.6257880116086,70.1536059875084,4.865963697433472,0.05660057067871094,3082,870,2715,,,,,,sweep,,,12,-1.5,0,,
phase2,taker-sweep,2026-08-14T22:32:46.865955+00:00,jingjie-cpu-10.mae.cornell.edu,4cf37e9,50954,29,syn-s3-n12,92b0ba701fa1,12,6,0e3d63afbd68,2785bc6a8ff2,4,142.0,85.1,4142.0,4089.034393999117,-52.96560600088287,exact-milp/taker,GRB,OPTIMAL,4089.034393999117,4089.034393999117,0.0,4026.6257880116113,62.40860598750578,5.244444131851196,0.04981517791748047,3082,870,2715,,,,,,sweep,,,12,-1.45,1,,
phase2,taker-sweep,2026-08-14T22:32:50.730213+00:00,jingjie-cpu-10.mae.cornell.edu,4cf37e9,50954,29,syn-s3-n12,92b0ba701fa1,12,6,c08b791e4540,2785bc6a8ff2,4,142.0,85.1,4142.0,4093.289393999117,-48.71060600088322,exact-milp/taker,GRB,OPTIMAL,4093.289393999117,4093.289393999117,0.0,4038.6257880116104,54.663605987506344,3.726905584335327,0.05239987373352051,3082,870,2715,,,,,,sweep,,,12,-1.4,2,,
phase2,taker-sweep,2026-08-14T22:32:56.536790+00:00,jingjie-cpu-10.mae.cornell.edu,4cf37e9,50954,29,syn-s3-n12,92b0ba701fa1,12,6,3d771955fd93,2785bc6a8ff2,4,142.0,85.1,4142.0,4097.544393999116,-44.45560600088356,exact-milp/taker,GRB,OPTIMAL,4097.544393999116,4097.544393999116,0.0,4050.6257880116104,46.918605987506,5.672210693359375,0.05266213417053223,3082,870,2715,,,,,,sweep,,,12,-1.3499999999999999,3,,
phase2,taker-sweep,2026-08-14T22:33:02.682620+00:00,jingjie-cpu-10.mae.cornell.edu,4cf37e9,50954,29,syn-s3-n12,92b0ba701fa1,12,6,7d228975c8e4,2785bc6a8ff2,4,142.0,85.1,4142.0,4101.7993939991175,-40.200606000882544,exact-milp/taker,GRB,OPTIMAL,4101.7993939991175,4101.799393999117,2.2173066364569362e-16,4062.6257880116095,39.173605987507926,6.012162208557129,0.05276155471801758,3082,870,2715,,,,,,sweep,,,12,-1.2999999999999998,4,,
phase2,taker-sweep,2026-08-14T22:33:05.517911+00:00,jingjie-cpu-10.mae.cornell.edu,4cf37e9,50954,29,syn-s3-n12,92b0ba701fa1,12,6,ea7d4e06bdb9,2785bc6a8ff2,4,142.0,85.1,4142.0,4106.054393999117,-35.945606000883345,exact-milp/taker,GRB,OPTIMAL,4106.054393999117,4106.054393999117,0.0,4074.6257880116086,31.428605987508035,2.7021570205688477,0.05187106132507324,3082,870,2715,,,,,,sweep,,,12,-1.2499999999999998,5,,
phase2,taker-sweep,2026-08-14T22:33:09.604198+00:00,jingjie-cpu-10.mae.cornell.edu,4cf37e9,50954,29,syn-s3-n12,92b0ba701fa1,12,6,2e388f538da2,2785bc6a8ff2,4,142.0,85.1,4142.0,4110.309393999117,-31.690606000883236,exact-milp/taker,GRB,OPTIMAL,4110.309393999117,4110.309393999117,0.0,4086.6257880116104,23.683605987506326,2.8556878566741943,0.047219038009643555,3082,870,2715,,,,,,sweep,,,12,-1.1999999999999997,6,,
phase2,taker-sweep,2026-08-14T22:33:12.423084+00:00,jingjie-cpu-10.mae.cornell.edu,4cf37e9,50954,29,syn-s3-n12,92b0ba701fa1,12,6,4abac9cbdb7e,2785bc6a8ff2,4,142.0,85.1,4142.0,4114.564393999117,-27.435606000883126,exact-milp/taker,GRB,OPTIMAL,4114.564393999117,4114.564393999117,0.0,4095.9999999999995,18.56439399911733,2.6877081394195557,0.04711103439331055,3082,870,2715,,,,,,sweep,,,12,-1.1499999999999997,7,,
phase2,taker-sweep,2026-08-14T22:33:16.887127+00:00,jingjie-cpu-10.mae.cornell.edu,4cf37e9,50954,29,syn-s3-n12,92b0ba701fa1,12,6,74d4df98db41,2785bc6a8ff2,4,142.0,85.1,4142.0,4118.819393999117,-23.180606000883017,exact-milp/taker,GRB,OPTIMAL,4118.819393999117,4118.819393999117,0.0,4095.9999999999995,22.819393999117437,4.336078882217407,0.047063350677490234,3082,870,2715,,,,,,sweep,,,12,-1.0999999999999996,8,,
phase2,taker-sweep,2026-08-14T22:33:21.067224+00:00,jingjie-cpu-10.mae.cornell.edu,4cf37e9,50954,29,syn-s3-n12,92b0ba701fa1,12,6,5f2cb6318c28,2785bc6a8ff2,4,142.0,85.1,4142.0,4123.074393999117,-18.925606000882908,exact-milp/taker,GRB,OPTIMAL,4123.074393999117,4123.074393999117,0.0,4096.0,27.074393999117092,4.047302722930908,0.05067777633666992,3082,870,2715,,,,,,sweep,,,12,-1.0499999999999996,9,,
phase2,taker-sweep,2026-08-14T22:33:24.848291+00:00,jingjie-cpu-10.mae.cornell.edu,4cf37e9,50954,29,syn-s3-n12,92b0ba701fa1,12,6,ce208c14148b,2785bc6a8ff2,4,142.0,85.1,4142.0,4127.329393999116,-14.670606000883708,exact-milp/taker,GRB,OPTIMAL,4127.329393999116,4127.329393999116,0.0,4096.0,31.32939399911629,3.641832113265991,0.04730963706970215,3082,870,2715,,,,,,sweep,,,12,-0.9999999999999996,10,,
phase2,taker-sweep,2026-08-14T22:33:30.444998+00:00,jingjie-cpu-10.mae.cornell.edu,4cf37e9,50954,29,syn-s3-n12,92b0ba701fa1,12,6,ce208c14148b,2785bc6a8ff2,4,142.0,85.1,4142.0,4131.584393999117,-10.41560600088269,exact-milp/taker,GRB,OPTIMAL,4131.584393999117,4131.584393999117,0.0,4095.9999999999995,35.584393999117765,5.4691290855407715,0.046308040618896484,3082,870,2715,,,,,,sweep,,,12,-0.9499999999999995,11,,
phase2,taker-sweep,2026-08-14T22:33:36.534548+00:00,jingjie-cpu-10.mae.cornell.edu,4cf37e9,50954,29,syn-s3-n12,92b0ba701fa1,12,6,6db93f05d54f,2785bc6a8ff2,4,142.0,85.1,4142.0,4135.8393939991165,-6.16060600088349,exact-milp/taker,GRB,OPTIMAL,4135.8393939991165,4135.8393939991165,0.0,4096.000000000001,39.8393939991156,5.9605982303619385,0.04774951934814453,3082,870,2715,,,,,,sweep,,,12,-0.8999999999999995,12,,
phase2,taker-sweep,2026-08-14T22:33:43.788246+00:00,jingjie-cpu-10.mae.cornell.edu,4cf37e9,50954,29,syn-s3-n12,92b0ba701fa1,12,6,aa1227c10601,2785bc6a8ff2,4,142.0,85.1,4142.0,4140.0943939991175,-1.9056060008824716,exact-milp/taker,GRB,OPTIMAL,4140.0943939991175,4140.0943939991175,0.0,4096.000000000001,44.09439399911662,7.121495246887207,0.05108952522277832,3082,870,2715,,,,,,sweep,,,12,-0.8499999999999994,13,,
phase2,taker-sweep,2026-08-14T22:33:52.794398+00:00,jingjie-cpu-10.mae.cornell.edu,4cf37e9,50954,29,syn-s3-n12,92b0ba701fa1,12,6,197dc3e603cf,c4844c93f052,4,142.0,59.4,4142.0,4143.639882532873,1.6398825328733437,exact-milp/taker,GRB,OPTIMAL,4143.639882532873,4143.639882532873,0.0,4096.0,47.639882532873344,8.871292352676392,0.04409217834472656,3082,870,2715,,,,,,sweep,,,12,-0.7999999999999994,14,,
phase2,taker-sweep,2026-08-14T22:34:00.664265+00:00,jingjie-cpu-10.mae.cornell.edu,4cf37e9,50954,29,syn-s3-n12,92b0ba701fa1,12,6,58c010fe391a,c4844c93f052,4,142.0,59.4,4142.0,4146.609882532874,4.609882532873598,exact-milp/taker,GRB,OPTIMAL,4146.609882532874,4146.609882532874,0.0,4095.999999999999,50.60988253287451,7.741731882095337,0.043695688247680664,3082,870,2715,,,,,,sweep,,,12,-0.7499999999999993,15,,
phase2,taker-sweep,2026-08-14T22:34:08.864440+00:00,jingjie-cpu-10.mae.cornell.edu,4cf37e9,50954,29,syn-s3-n12,92b0ba701fa1,12,6,c42acb9f6c97,c4844c93f052,4,142.0,59.4,4142.0,4149.579882532874,7.579882532873853,exact-milp/taker,GRB,OPTIMAL,4149.579882532874,4149.579882532873,2.1917753785180277e-16,4096.0,53.57988253287385,8.07043743133545,0.04831099510192871,3082,870,2715,,,,,,sweep,,,12,-0.6999999999999993,16,,
phase2,taker-sweep,2026-08-14T22:34:18.751143+00:00,jingjie-cpu-10.mae.cornell.edu,4cf37e9,50954,29,syn-s3-n12,92b0ba701fa1,12,6,c42acb9f6c97,c4844c93f052,4,142.0,59.4,4142.0,4152.549882532874,10.549882532874108,exact-milp/taker,GRB,OPTIMAL,4152.549882532874,4152.549882532874,0.0,4096.0,56.54988253287411,9.758183479309082,0.043997764587402344,3082,870,2715,,,,,,sweep,,,12,-0.6499999999999992,17,,
phase2,taker-sweep,2026-08-14T22:34:32.662436+00:00,jingjie-cpu-10.mae.cornell.edu,4cf37e9,50954,29,syn-s3-n12,92b0ba701fa1,12,6,5b103d1e83bc,c4844c93f052,4,142.0,59.4,4142.0,4155.519882532873,13.519882532873453,exact-milp/taker,GRB,OPTIMAL,4155.519882532873,4155.519882532873,0.0,4096.0,59.51988253287345,13.775433778762817,0.04830646514892578,3082,870,2715,,,,,,sweep,,,12,-0.5999999999999992,18,,
phase2,taker-sweep,2026-08-14T22:34:45.776605+00:00,jingjie-cpu-10.mae.cornell.edu,4cf37e9,50954,29,syn-s3-n12,92b0ba701fa1,12,6,58c010fe391a,c4844c93f052,4,142.0,59.4,4142.0,4158.489882532874,16.489882532873708,exact-milp/taker,GRB,OPTIMAL,4158.489882532874,4158.489882532874,0.0,4096.0,62.48988253287371,12.987433433532715,0.04369401931762695,3082,870,2715,,,,,,sweep,,,12,-0.5499999999999992,19,,
phase2,taker-sweep,2026-08-14T22:35:04.464829+00:00,jingjie-cpu-10.mae.cornell.edu,4cf37e9,50954,29,syn-s3-n12,92b0ba701fa1,12,6,c42acb9f6c97,c4844c93f052,4,142.0,59.4,4142.0,4161.459882532874,19.459882532873962,exact-milp/taker,GRB,OPTIMAL,4161.459882532874,4161.459882532874,0.0,4096.0,65.45988253287396,18.558546543121338,0.0479578971862793,3082,870,2715,,,,,,sweep,,,12,-0.4999999999999991,20,,
phase2,taker-sweep,2026-08-14T22:35:25.726437+00:00,jingjie-cpu-10.mae.cornell.edu,4cf37e9,50954,29,syn-s3-n12,92b0ba701fa1,12,6,5bf36d0dbadc,a9001587e0a1,4,130.0,58.2,4130.0,4163.856753592816,33.85675359281595,exact-milp/taker,GRB,OPTIMAL,4163.856753592816,4163.856753592816,0.0,4096.0,67.85675359281595,20.97238540649414,0.04823589324951172,3082,870,2715,,,,,,sweep,,,12,-0.44999999999999907,21,,
phase2,taker-sweep,2026-08-14T22:35:42.965025+00:00,jingjie-cpu-10.mae.cornell.edu,4cf37e9,50954,29,syn-s3-n12,92b0ba701fa1,12,6,5bf36d0dbadc,a9001587e0a1,4,130.0,58.2,4130.0,4165.446753592816,35.446753592816094,exact-milp/taker,GRB,OPTIMAL,4165.446753592816,4165.446753592816,0.0,4096.0,69.4467535928161,17.09372043609619,0.0478363037109375,3082,870,2715,,,,,,sweep,,,12,-0.399999999999999,22,,
phase2,taker-sweep,2026-08-14T22:36:05.436300+00:00,jingjie-cpu-10.mae.cornell.edu,4cf37e9,50954,29,syn-s3-n12,92b0ba701fa1,12,6,5bf36d0dbadc,a9001587e0a1,4,130.0,58.2,4130.0,4167.036753592816,37.03675359281624,exact-milp/taker,GRB,OPTIMAL,4167.036753592816,4167.036753592815,2.1825934244250727e-16,4096.0,71.03675359281624,22.341607809066772,0.047287702560424805,3082,870,2715,,,,,,sweep,,,12,-0.349999999999999,23,,
phase2,taker-sweep,2026-08-14T22:36:30.656875+00:00,jingjie-cpu-10.mae.cornell.edu,4cf37e9,50954,29,syn-s3-n12,92b0ba701fa1,12,6,5bf36d0dbadc,14659ebedcfe,4,130.0,58.2,4130.0,4168.6267535928155,38.626753592815476,exact-milp/taker,GRB,OPTIMAL,4168.6267535928155,4168.6267535928155,0.0,4096.0,72.62675359281548,25.092058658599854,0.0467987060546875,3082,870,2715,,,,,,sweep,,,12,-0.29999999999999893,24,,
phase2,taker-sweep,2026-08-14T22:37:03.958416+00:00,jingjie-cpu-10.mae.cornell.edu,4cf37e9,50954,29,syn-s3-n12,92b0ba701fa1,12,6,5bf36d0dbadc,14659ebedcfe,4,130.0,58.2,4130.0,4170.216753592816,40.21675359281562,exact-milp/taker,GRB,OPTIMAL,4170.216753592816,4170.216753592816,0.0,4096.0,74.21675359281562,33.1739935874939,0.04346752166748047,3082,870,2715,,,,,,sweep,,,12,-0.2499999999999989,25,,
phase2,taker-sweep,2026-08-14T22:37:27.998792+00:00,jingjie-cpu-10.mae.cornell.edu,4cf37e9,50954,29,syn-s3-n12,92b0ba701fa1,12,6,5bf36d0dbadc,14659ebedcfe,4,130.0,58.2,4130.0,4171.806753592816,41.80675359281577,exact-milp/taker,GRB,OPTIMAL,4171.806753592816,4171.806753592816,0.0,4096.0,75.80675359281577,23.907222270965576,0.04458189010620117,3082,870,2715,,,,,,sweep,,,12,-0.19999999999999885,26,,
phase2,taker-sweep,2026-08-14T22:37:56.820384+00:00,jingjie-cpu-10.mae.cornell.edu,4cf37e9,50954,29,syn-s3-n12,92b0ba701fa1,12,6,5bf36d0dbadc,14659ebedcfe,4,130.0,58.2,4130.0,4173.396753592815,43.396753592815,exact-milp/taker,GRB,OPTIMAL,4173.396753592815,4173.396753592815,0.0,4096.0,77.396753592815,28.69520378112793,0.04385638236999512,3082,870,2715,,,,,,sweep,,,12,-0.1499999999999988,27,,
phase2,taker-sweep,2026-08-14T22:38:23.602757+00:00,jingjie-cpu-10.mae.cornell.edu,4cf37e9,50954,29,syn-s3-n12,92b0ba701fa1,12,6,5bf36d0dbadc,14659ebedcfe,4,130.0,58.2,4130.0,4174.986753592815,44.98675359281515,exact-milp/taker,GRB,OPTIMAL,4174.986753592815,4174.986753592815,0.0,4096.0,78.98675359281515,26.65277409553528,0.04681849479675293,3082,870,2715,,,,,,sweep,,,12,-0.09999999999999876,28,,
phase2,taker-sweep,2026-08-14T22:38:52.795674+00:00,jingjie-cpu-10.mae.cornell.edu,4cf37e9,50954,29,syn-s3-n12,92b0ba701fa1,12,6,5bf36d0dbadc,16b6e65e4a23,4,130.0,58.2,4130.0,4175.708347864036,45.708347864036114,exact-milp/taker,GRB,OPTIMAL,4175.708347864036,4175.708347864036,0.0,4096.0,79.70834786403611,29.060779571533203,0.04709792137145996,3082,870,2715,,,,,,sweep,,,12,-0.04999999999999871,29,,
phase2,taker-sweep,2026-08-14T22:39:23.134109+00:00,jingjie-cpu-10.mae.cornell.edu,4cf37e9,50954,29,syn-s3-n12,92b0ba701fa1,12,6,5bf36d0dbadc,16b6e65e4a23,4,130.0,58.2,4130.0,4175.708347864036,45.708347864036114,exact-milp/taker,GRB,OPTIMAL,4175.708347864036,4175.708347864036,0.0,4096.0,79.70834786403611,30.196136474609375,0.048499345779418945,3082,870,2715,,,,,,sweep,,,12,1.3322676295501878e-15,30,,
phase2,taker-sweep,2026-08-14T22:39:51.632181+00:00,jingjie-cpu-10.mae.cornell.edu,4cf37e9,50954,29,syn-s3-n12,92b0ba701fa1,12,6,5bf36d0dbadc,16b6e65e4a23,4,130.0,58.2,4130.0,4175.708347864036,45.708347864036114,exact-milp/taker,GRB,OPTIMAL,4175.708347864036,4175.708347864036,0.0,4096.0,79.70834786403611,28.3691303730011,0.04662466049194336,3082,870,2715,,,,,,sweep,,,12,0.05000000000000138,31,,
phase2,taker-sweep,2026-08-14T22:40:18.596787+00:00,jingjie-cpu-10.mae.cornell.edu,4cf37e9,50954,29,syn-s3-n12,92b0ba701fa1,12,6,5bf36d0dbadc,6c511c586dfd,4,130.0,58.2,4130.0,4175.708347864036,45.708347864036114,exact-milp/taker,GRB,OPTIMAL,4175.708347864036,4175.708347864036,0.0,4096.0,79.70834786403611,26.83519721031189,0.04676246643066406,3082,870,2715,,,,,,sweep,,,12,0.10000000000000142,32,,
phase2,taker-sweep,2026-08-14T22:40:50.054402+00:00,jingjie-cpu-10.mae.cornell.edu,4cf37e9,50954,29,syn-s3-n12,92b0ba701fa1,12,6,5bf36d0dbadc,16b6e65e4a23,4,130.0,58.2,4130.0,4175.708347864036,45.708347864036114,exact-milp/taker,GRB,OPTIMAL,4175.708347864036,4175.708347864036,0.0,4096.0,79.70834786403611,31.32866597175598,0.0468902587890625,3082,870,2715,,,,,,sweep,,,12,0.15000000000000147,33,,
phase2,taker-sweep,2026-08-14T22:41:16.471236+00:00,jingjie-cpu-10.mae.cornell.edu,4cf37e9,50954,29,syn-s3-n12,92b0ba701fa1,12,6,5bf36d0dbadc,16b6e65e4a23,4,130.0,58.2,4130.0,4175.708347864036,45.708347864036114,exact-milp/taker,GRB,OPTIMAL,4175.708347864036,4175.708347864036,0.0,4096.0,79.70834786403611,26.273033142089844,0.04803466796875,3082,870,2715,,,,,,sweep,,,12,0.2000000000000015,34,,
phase2,taker-sweep,2026-08-14T22:41:44.409520+00:00,jingjie-cpu-10.mae.cornell.edu,4cf37e9,50954,29,syn-s3-n12,92b0ba701fa1,12,6,5bf36d0dbadc,16b6e65e4a23,4,130.0,58.2,4130.0,4175.708347864036,45.708347864036114,exact-milp/taker,GRB,OPTIMAL,4175.708347864036,4175.708347864036,0.0,4096.0,79.70834786403611,27.6784451007843,0.046324729919433594,3082,870,2715,,,,,,sweep,,,12,0.25000000000000155,35,,
phase2,taker-sweep,2026-08-14T22:42:17.731680+00:00,jingjie-cpu-10.mae.cornell.edu,4cf37e9,50954,29,syn-s3-n12,92b0ba701fa1,12,6,5bf36d0dbadc,16b6e65e4a23,4,130.0,58.2,4130.0,4175.708347864036,45.708347864036114,exact-milp/taker,GRB,OPTIMAL,4175.708347864036,4175.708347864036,0.0,4096.0,79.70834786403611,33.19219994544983,0.0471799373626709,3082,870,2715,,,,,,sweep,,,12,0.3000000000000016,36,,
phase2,taker-sweep,2026-08-14T22:42:45.404189+00:00,jingjie-cpu-10.mae.cornell.edu,4cf37e9,50954,29,syn-s3-n12,92b0ba701fa1,12,6,5bf36d0dbadc,16b6e65e4a23,4,130.0,58.2,4130.0,4175.708347864036,45.708347864036114,exact-milp/taker,GRB,OPTIMAL,4175.708347864036,4175.708347864036,0.0,4096.0,79.70834786403611,27.542860746383667,0.046887874603271484,3082,870,2715,,,,,,sweep,,,12,0.35000000000000164,37,,
phase2,taker-sweep,2026-08-14T22:43:13.679500+00:00,jingjie-cpu-10.mae.cornell.edu,4cf37e9,50954,29,syn-s3-n12,92b0ba701fa1,12,6,5bf36d0dbadc,16b6e65e4a23,4,130.0,58.2,4130.0,4175.708347864036,45.708347864036114,exact-milp/taker,GRB,OPTIMAL,4175.708347864036,4175.708347864036,0.0,4096.0,79.70834786403611,28.12910032272339,0.047649383544921875,3082,870,2715,,,,,,sweep,,,12,0.4000000000000017,38,,
phase2,taker-sweep,2026-08-14T22:43:40.284416+00:00,jingjie-cpu-10.mae.cornell.edu,4cf37e9,50954,29,syn-s3-n12,92b0ba701fa1,12,6,5bf36d0dbadc,16b6e65e4a23,4,130.0,58.2,4130.0,4175.708347864036,45.708347864036114,exact-milp/taker,GRB,OPTIMAL,4175.708347864036,4175.708347864036,0.0,4096.0,79.70834786403611,26.476154804229736,0.0438838005065918,3082,870,2715,,,,,,sweep,,,12,0.45000000000000173,39,,
phase2,taker-sweep,2026-08-14T22:44:09.551094+00:00,jingjie-cpu-10.mae.cornell.edu,4cf37e9,50954,29,syn-s3-n12,92b0ba701fa1,12,6,5bf36d0dbadc,16b6e65e4a23,4,130.0,58.2,4130.0,4175.708347864036,45.708347864036114,exact-milp/taker,GRB,OPTIMAL,4175.708347864036,4175.708347864036,0.0,4096.0,79.70834786403611,29.135897636413574,0.04660987854003906,3082,870,2715,,,,,,sweep,,,12,0.5000000000000018,40,,
phase2,taker-sweep,2026-08-14T22:44:36.540352+00:00,jingjie-cpu-10.mae.cornell.edu,4cf37e9,50954,29,syn-s3-n12,92b0ba701fa1,12,6,5bf36d0dbadc,16b6e65e4a23,4,130.0,58.2,4130.0,4175.708347864036,45.708347864036114,exact-milp/taker,GRB,OPTIMAL,4175.708347864036,4175.708347864036,0.0,4096.0,79.70834786403611,26.858546018600464,0.047013044357299805,3082,870,2715,,,,,,sweep,,,12,0.5500000000000016,41,,
phase2,taker-sweep,2026-08-14T22:45:04.407078+00:00,jingjie-cpu-10.mae.cornell.edu,4cf37e9,50954,29,syn-s3-n12,92b0ba701fa1,12,6,5bf36d0dbadc,16b6e65e4a23,4,130.0,58.2,4130.0,4175.708347864036,45.708347864036114,exact-milp/taker,GRB,OPTIMAL,4175.708347864036,4175.708347864036,0.0,4096.0,79.70834786403611,27.71703338623047,0.04872417449951172,3082,870,2715,,,,,,sweep,,,12,0.6000000000000019,42,,
phase2,taker-sweep,2026-08-14T22:45:31.890162+00:00,jingjie-cpu-10.mae.cornell.edu,4cf37e9,50954,29,syn-s3-n12,92b0ba701fa1,12,6,5bf36d0dbadc,16b6e65e4a23,4,130.0,58.2,4130.0,4175.708347864036,45.708347864036114,exact-milp/taker,GRB,OPTIMAL,4175.708347864036,4175.708347864036,0.0,4096.0,79.70834786403611,27.3515841960907,0.046391963958740234,3082,870,2715,,,,,,sweep,,,12,0.6500000000000021,43,,
phase2,taker-sweep,2026-08-14T22:46:01.932816+00:00,jingjie-cpu-10.mae.cornell.edu,4cf37e9,50954,29,syn-s3-n12,92b0ba701fa1,12,6,5bf36d0dbadc,16b6e65e4a23,4,130.0,58.2,4130.0,4175.708347864036,45.708347864036114,exact-milp/taker,GRB,OPTIMAL,4175.708347864036,4175.708347864036,0.0,4096.0,79.70834786403611,29.91500449180603,0.043683528900146484,3082,870,2715,,,,,,sweep,,,12,0.700000000000002,44,,
phase2,taker-sweep,2026-08-14T22:46:30.057284+00:00,jingjie-cpu-10.mae.cornell.edu,4cf37e9,50954,29,syn-s3-n12,92b0ba701fa1,12,6,5bf36d0dbadc,16b6e65e4a23,4,130.0,58.2,4130.0,4175.708347864036,45.708347864036114,exact-milp/taker,GRB,OPTIMAL,4175.708347864036,4175.708347864036,0.0,4096.0,79.70834786403611,27.994788646697998,0.046706438064575195,3082,870,2715,,,,,,sweep,,,12,0.7500000000000018,45,,
phase2,taker-sweep,2026-08-14T22:46:59.078194+00:00,jingjie-cpu-10.mae.cornell.edu,4cf37e9,50954,29,syn-s3-n12,92b0ba701fa1,12,6,5bf36d0dbadc,16b6e65e4a23,4,130.0,58.2,4130.0,4175.708347864036,45.708347864036114,exact-milp/taker,GRB,OPTIMAL,4175.708347864036,4175.708347864036,0.0,4096.0,79.70834786403611,28.878947496414185,0.04451727867126465,3082,870,2715,,,,,,sweep,,,12,0.800000000000002,46,,
phase2,taker-sweep,2026-08-14T22:47:27.143032+00:00,jingjie-cpu-10.mae.cornell.edu,4cf37e9,50954,29,syn-s3-n12,92b0ba701fa1,12,6,5bf36d0dbadc,16b6e65e4a23,4,130.0,58.2,4130.0,4175.708347864036,45.708347864036114,exact-milp/taker,GRB,OPTIMAL,4175.708347864036,4175.708347864036,0.0,4096.0,79.70834786403611,27.934925317764282,0.04683637619018555,3082,870,2715,,,,,,sweep,,,12,0.8500000000000023,47,,
phase2,taker-sweep,2026-08-14T22:47:56.309896+00:00,jingjie-cpu-10.mae.cornell.edu,4cf37e9,50954,29,syn-s3-n12,92b0ba701fa1,12,6,5bf36d0dbadc,16b6e65e4a23,4,130.0,58.2,4130.0,4175.708347864036,45.708347864036114,exact-milp/taker,GRB,OPTIMAL,4175.708347864036,4175.708347864036,0.0,4096.0,79.70834786403611,29.033783435821533,0.04679369926452637,3082,870,2715,,,,,,sweep,,,12,0.9000000000000021,48,,
phase2,taker-sweep,2026-08-14T22:48:25.615159+00:00,jingjie-cpu-10.mae.cornell.edu,4cf37e9,50954,29,syn-s3-n12,92b0ba701fa1,12,6,5bf36d0dbadc,16b6e65e4a23,4,130.0,58.2,4130.0,4175.708347864036,45.708347864036114,exact-milp/taker,GRB,OPTIMAL,4175.708347864036,4175.708347864036,0.0,4096.0,79.70834786403611,29.16265869140625,0.0477297306060791,3082,870,2715,,,,,,sweep,,,12,0.950000000000002,49,,
phase2,taker-sweep,2026-08-14T22:48:51.713856+00:00,jingjie-cpu-10.mae.cornell.edu,4cf37e9,50954,29,syn-s3-n12,92b0ba701fa1,12,6,5bf36d0dbadc,16b6e65e4a23,4,130.0,58.2,4130.0,4175.708347864036,45.708347864036114,exact-milp/taker,GRB,OPTIMAL,4175.708347864036,4175.708347864036,0.0,4096.0,79.70834786403611,25.814164638519287,0.05013775825500488,3082,870,2715,,,,,,sweep,,,12,1.0000000000000022,50,,
phase2,taker-sweep,2026-08-14T22:49:26.176262+00:00,jingjie-cpu-10.mae.cornell.edu,4cf37e9,50954,29,syn-s3-n12,92b0ba701fa1,12,6,5bf36d0dbadc,16b6e65e4a23,4,130.0,58.2,4130.0,4175.708347864036,45.708347864036114,exact-milp/taker,GRB,OPTIMAL,4175.708347864036,4175.708347864036,0.0,4096.0,79.70834786403611,34.33102607727051,0.047666311264038086,3082,870,2715,,,,,,sweep,,,12,1.0500000000000025,51,,
phase2,taker-sweep,2026-08-14T22:49:54.772200+00:00,jingjie-cpu-10.mae.cornell.edu,4cf37e9,50954,29,syn-s3-n12,92b0ba701fa1,12,6,5bf36d0dbadc,16b6e65e4a23,4,130.0,58.2,4130.0,4175.708347864036,45.708347864036114,exact-milp/taker,GRB,OPTIMAL,4175.708347864036,4175.708347864036,0.0,4096.0,79.70834786403611,28.46165442466736,0.05048370361328125,3082,870,2715,,,,,,sweep,,,12,1.1000000000000023,52,,
phase2,taker-sweep,2026-08-14T22:50:21.167293+00:00,jingjie-cpu-10.mae.cornell.edu,4cf37e9,50954,29,syn-s3-n12,92b0ba701fa1,12,6,5bf36d0dbadc,16b6e65e4a23,4,130.0,58.2,4130.0,4175.708347864036,45.708347864036114,exact-milp/taker,GRB,OPTIMAL,4175.708347864036,4175.708347864036,0.0,4096.0,79.70834786403611,26.267138242721558,0.04450654983520508,3082,870,2715,,,,,,sweep,,,12,1.1500000000000021,53,,
phase2,taker-sweep,2026-08-14T22:50:48.370175+00:00,jingjie-cpu-10.mae.cornell.edu,4cf37e9,50954,29,syn-s3-n12,92b0ba701fa1,12,6,5bf36d0dbadc,16b6e65e4a23,4,130.0,58.2,4130.0,4175.708347864036,45.708347864036114,exact-milp/taker,GRB,OPTIMAL,4175.708347864036,4175.708347864036,0.0,4096.0,79.70834786403611,27.055377960205078,0.04800224304199219,3082,870,2715,,,,,,sweep,,,12,1.2000000000000024,54,,
phase2,taker-sweep,2026-08-14T22:51:17.513608+00:00,jingjie-cpu-10.mae.cornell.edu,4cf37e9,50954,29,syn-s3-n12,92b0ba701fa1,12,6,5bf36d0dbadc,16b6e65e4a23,4,130.0,58.2,4130.0,4175.708347864036,45.708347864036114,exact-milp/taker,GRB,OPTIMAL,4175.708347864036,4175.708347864036,0.0,4096.0,79.70834786403611,29.00828528404236,0.047281742095947266,3082,870,2715,,,,,,sweep,,,12,1.2500000000000027,55,,
phase2,taker-sweep,2026-08-14T22:51:44.217045+00:00,jingjie-cpu-10.mae.cornell.edu,4cf37e9,50954,29,syn-s3-n12,92b0ba701fa1,12,6,5bf36d0dbadc,16b6e65e4a23,4,130.0,58.2,4130.0,4175.708347864036,45.708347864036114,exact-milp/taker,GRB,OPTIMAL,4175.708347864036,4175.708347864036,0.0,4096.0,79.70834786403611,26.57269263267517,0.0475611686706543,3082,870,2715,,,,,,sweep,,,12,1.3000000000000025,56,,
phase2,taker-sweep,2026-08-14T22:52:14.055823+00:00,jingjie-cpu-10.mae.cornell.edu,4cf37e9,50954,29,syn-s3-n12,92b0ba701fa1,12,6,5bf36d0dbadc,16b6e65e4a23,4,130.0,58.2,4130.0,4175.708347864036,45.708347864036114,exact-milp/taker,GRB,OPTIMAL,4175.708347864036,4175.708347864036,0.0,4096.0,79.70834786403611,29.70795464515686,0.047127723693847656,3082,870,2715,,,,,,sweep,,,12,1.3500000000000023,57,,
phase2,taker-sweep,2026-08-14T22:52:41.949427+00:00,jingjie-cpu-10.mae.cornell.edu,4cf37e9,50954,29,syn-s3-n12,92b0ba701fa1,12,6,5bf36d0dbadc,16b6e65e4a23,4,130.0,58.2,4130.0,4175.708347864036,45.708347864036114,exact-milp/taker,GRB,OPTIMAL,4175.708347864036,4175.708347864036,0.0,4096.0,79.70834786403611,27.753609657287598,0.04564690589904785,3082,870,2715,,,,,,sweep,,,12,1.4000000000000026,58,,
phase2,taker-sweep,2026-08-14T22:53:11.266892+00:00,jingjie-cpu-10.mae.cornell.edu,4cf37e9,50954,29,syn-s3-n12,92b0ba701fa1,12,6,5bf36d0dbadc,16b6e65e4a23,4,130.0,58.2,4130.0,4175.708347864036,45.708347864036114,exact-milp/taker,GRB,OPTIMAL,4175.708347864036,4175.708347864036,0.0,4096.0,79.70834786403611,29.18673610687256,0.04706215858459473,3082,870,2715,,,,,,sweep,,,12,1.4500000000000028,59,,
phase2,taker-sweep,2026-08-14T22:53:39.204980+00:00,jingjie-cpu-10.mae.cornell.edu,4cf37e9,50954,29,syn-s3-n12,92b0ba701fa1,12,6,5bf36d0dbadc,16b6e65e4a23,4,130.0,58.2,4130.0,4175.708347864036,45.708347864036114,exact-milp/taker,GRB,OPTIMAL,4175.708347864036,4175.708347864036,0.0,4096.0,79.70834786403611,27.804492235183716,0.04727530479431152,3082,870,2715,,,,,,sweep,,,12,1.5000000000000027,60,,
phase2,taker-sweep,2026-08-14T22:32:39.158966+00:00,jingjie-cpu-10.mae.cornell.edu,4cf37e9,50955,30,syn-s3-n12,92b0ba701fa1,12,6,1b3e834eaa9e,8d701ff5f44e,4,130.0,90.4,4130.0,4116.927310850691,-13.072689149308644,exact-milp/taker,GRB,OPTIMAL,4116.927310850691,4116.927310850691,0.0,4096.000000000001,20.927310850690446,2.5018863677978516,0.05521869659423828,3082,870,2715,,,,,,sweep,,,16,-1.5,0,,
phase2,taker-sweep,2026-08-14T22:32:42.611798+00:00,jingjie-cpu-10.mae.cornell.edu,4cf37e9,50955,30,syn-s3-n12,92b0ba701fa1,12,6,1b3e834eaa9e,8d701ff5f44e,4,130.0,90.4,4130.0,4121.447310850692,-8.552689149308208,exact-milp/taker,GRB,OPTIMAL,4121.447310850692,4121.447310850692,0.0,4096.0,25.447310850691792,3.3235878944396973,0.04799008369445801,3082,870,2715,,,,,,sweep,,,16,-1.45,1,,
phase2,taker-sweep,2026-08-14T22:32:47.219218+00:00,jingjie-cpu-10.mae.cornell.edu,4cf37e9,50955,30,syn-s3-n12,92b0ba701fa1,12,6,b6ab7da1a66d,8d701ff5f44e,4,130.0,90.4,4130.0,4125.967310850691,-4.0326891493086805,exact-milp/taker,GRB,OPTIMAL,4125.967310850691,4125.967310850691,0.0,4095.9999999999995,29.967310850691774,4.480366468429565,0.044014930725097656,3082,870,2715,,,,,,sweep,,,16,-1.4,2,,
phase2,taker-sweep,2026-08-14T22:32:51.069883+00:00,jingjie-cpu-10.mae.cornell.edu,4cf37e9,50955,30,syn-s3-n12,92b0ba701fa1,12,6,e1b5f4431ee3,8a2687ff62d3,4,130.0,61.3,4130.0,4130.330444194108,0.3304441941081677,exact-milp/taker,GRB,OPTIMAL,4130.330444194108,4130.330444194108,0.0,4096.0,34.33044419410817,3.727123498916626,0.042252302169799805,3082,870,2715,,,,,,sweep,,,16,-1.3499999999999999,3,,
phase2,taker-sweep,2026-08-14T22:32:55.666128+00:00,jingjie-cpu-10.mae.cornell.edu,4cf37e9,50955,30,syn-s3-n12,92b0ba701fa1,12,6,8077c724495f,8a2687ff62d3,4,130.0,61.3,4130.0,4133.395444194108,3.3954441941077675,exact-milp/taker,GRB,OPTIMAL,4133.395444194108,4133.395444194108,0.0,4096.000000000001,37.39544419410686,4.46454119682312,0.04805278778076172,3082,870,2715,,,,,,sweep,,,16,-1.2999999999999998,4,,
phase2,taker-sweep,2026-08-14T22:33:02.568939+00:00,jingjie-cpu-10.mae.cornell.edu,4cf37e9,50955,30,syn-s3-n12,92b0ba701fa1,12,6,e1b5f4431ee3,8a2687ff62d3,4,130.0,61.3,4130.0,4136.460444194108,6.460444194108277,exact-milp/taker,GRB,OPTIMAL,4136.460444194108,4136.460444194108,0.0,4095.999999999999,40.460444194109186,6.777641534805298,0.044432640075683594,3082,870,2715,,,,,,sweep,,,16,-1.2499999999999998,5,,
phase2,taker-sweep,2026-08-14T22:33:10.182673+00:00,jingjie-cpu-10.mae.cornell.edu,4cf37e9,50955,30,syn-s3-n12,92b0ba701fa1,12,6,e1b5f4431ee3,8a2687ff62d3,4,130.0,61.3,4130.0,4139.525444194109,9.525444194108786,exact-milp/taker,GRB,OPTIMAL,4139.525444194109,4139.525444194109,0.0,4096.000000000001,43.52544419410788,7.411816835403442,0.04757952690124512,3082,870,2715,,,,,,sweep,,,16,-1.1999999999999997,6,,
phase2,taker-sweep,2026-08-14T22:33:18.550455+00:00,jingjie-cpu-10.mae.cornell.edu,4cf37e9,50955,30,syn-s3-n12,92b0ba701fa1,12,6,8077c724495f,8a2687ff62d3,4,130.0,61.3,4130.0,4142.590444194108,12.590444194108386,exact-milp/taker,GRB,OPTIMAL,4142.590444194108,4142.5904441941075,2.195473373544798e-16,4096.000000000001,46.59044419410748,8.242383003234863,0.04494047164916992,3082,870,2715,,,,,,sweep,,,16,-1.1499999999999997,7,,
phase2,taker-sweep,2026-08-14T22:33:27.950311+00:00,jingjie-cpu-10.mae.cornell.edu,4cf37e9,50955,30,syn-s3-n12,92b0ba701fa1,12,6,e1b5f4431ee3,8a2687ff62d3,4,130.0,61.3,4130.0,4145.655444194108,15.655444194107986,exact-milp/taker,GRB,OPTIMAL,4145.655444194108,4145.655444194108,0.0,4096.0,49.655444194107986,9.271961212158203,0.04713606834411621,3082,870,2715,,,,,,sweep,,,16,-1.0999999999999996,8,,
phase2,taker-sweep,2026-08-14T22:33:39.009275+00:00,jingjie-cpu-10.mae.cornell.edu,4cf37e9,50955,30,syn-s3-n12,92b0ba701fa1,12,6,8077c724495f,8a2687ff62d3,4,130.0,61.3,4130.0,4148.7204441941085,18.720444194108495,exact-milp/taker,GRB,OPTIMAL,4148.7204441941085,4148.7204441941085,0.0,4096.0,52.720444194108495,10.931106090545654,0.04731249809265137,3082,870,2715,,,,,,sweep,,,16,-1.0499999999999996,9,,
phase2,taker-sweep,2026-08-14T22:33:51.963077+00:00,jingjie-cpu-10.mae.cornell.edu,4cf37e9,50955,30,syn-s3-n12,92b0ba701fa1,12,6,8077c724495f,8a2687ff62d3,4,130.0,61.3,4130.0,4151.785444194108,21.785444194108095,exact-milp/taker,GRB,OPTIMAL,4151.785444194108,4151.785444194108,0.0,4096.0,55.785444194108095,12.819269180297852,0.04465985298156738,3082,870,2715,,,,,,sweep,,,16,-0.9999999999999996,10,,
phase2,taker-sweep,2026-08-14T22:34:05.288453+00:00,jingjie-cpu-10.mae.cornell.edu,4cf37e9,50955,30,syn-s3-n12,92b0ba701fa1,12,6,8077c724495f,8a2687ff62d3,4,130.0,61.3,4130.0,4154.850444194108,24.850444194107695,exact-milp/taker,GRB,OPTIMAL,4154.850444194108,4154.850444194108,0.0,4096.0,58.850444194107695,13.197374105453491,0.046991825103759766,3082,870,2715,,,,,,sweep,,,16,-0.9499999999999995,11,,
phase2,taker-sweep,2026-08-14T22:34:31.468084+00:00,jingjie-cpu-10.mae.cornell.edu,4cf37e9,50955,30,syn-s3-n12,92b0ba701fa1,12,6,e1b5f4431ee3,8a2687ff62d3,4,130.0,61.3,4130.0,4157.915444194108,27.915444194108204,exact-milp/taker,GRB,OPTIMAL,4157.915444194108,4157.915444194108,0.0,4096.0,61.915444194108204,26.04992938041687,0.04802989959716797,3082,870,2715,,,,,,sweep,,,16,-0.8999999999999995,12,,
phase2,taker-sweep,2026-08-14T22:34:52.056154+00:00,jingjie-cpu-10.mae.cornell.edu,4cf37e9,50955,30,syn-s3-n12,92b0ba701fa1,12,6,8077c724495f,04bc6cf4a408,4,130.0,61.3,4130.0,4160.980444194109,30.980444194108713,exact-milp/taker,GRB,OPTIMAL,4160.980444194109,4160.980444194109,0.0,4096.0,64.98044419410871,20.457786560058594,0.04775643348693848,3082,870,2715,,,,,,sweep,,,16,-0.8499999999999994,13,,
phase2,taker-sweep,2026-08-14T22:35:23.864967+00:00,jingjie-cpu-10.mae.cornell.edu,4cf37e9,50955,30,syn-s3-n12,92b0ba701fa1,12,6,8077c724495f,8a2687ff62d3,4,130.0,61.299937,4130.0,4164.045365640369,34.0453656403688,exact-milp/taker,GRB,OPTIMAL,4164.045365640369,4164.045365640369,0.0,4096.0,68.0453656403688,31.667601108551025,0.048048973083496094,3082,870,2715,,,,,,sweep,,,16,-0.7999999999999994,14,,
phase2,taker-sweep,2026-08-14T22:35:50.658975+00:00,jingjie-cpu-10.mae.cornell.edu,4cf37e9,50955,30,syn-s3-n12,92b0ba701fa1,12,6,e1b5f4431ee3,8a2687ff62d3,4,130.0,61.3,4130.0,4167.110444194108,37.11044419410791,exact-milp/taker,GRB,OPTIMAL,4167.110444194108,4167.110444194108,0.0,4096.0,71.11044419410791,26.660646438598633,0.051690101623535156,3082,870,2715,,,,,,sweep,,,16,-0.7499999999999993,15,,
phase2,taker-sweep,2026-08-14T22:36:17.672917+00:00,jingjie-cpu-10.mae.cornell.edu,4cf37e9,50955,30,syn-s3-n12,92b0ba701fa1,12,6,8077c724495f,04bc6cf4a408,4,130.0,61.3,4130.0,4170.175444194108,40.17544419410842,exact-milp/taker,GRB,OPTIMAL,4170.175444194108,4170.175444194108,0.0,4096.0,74.17544419410842,26.883702754974365,0.04804086685180664,3082,870,2715,,,,,,sweep,,,16,-0.6999999999999993,16,,
phase2,taker-sweep,2026-08-14T22:36:59.033561+00:00,jingjie-cpu-10.mae.cornell.edu,4cf37e9,50955,30,syn-s3-n12,92b0ba701fa1,12,6,8872e8abb17c,6052762bdf04,4,130.0,58.2,4130.0,4172.378533680906,42.378533680906,exact-milp/taker,GRB,OPTIMAL,4172.378533680906,4172.378533680906,0.0,4096.0,76.378533680906,41.230568170547485,0.047824859619140625,3082,870,2715,,,,,,sweep,,,16,-0.6499999999999992,17,,
phase2,taker-sweep,2026-08-14T22:37:26.200277+00:00,jingjie-cpu-10.mae.cornell.edu,4cf37e9,50955,30,syn-s3-n12,92b0ba701fa1,12,6,8872e8abb17c,6052762bdf04,4,130.0,58.2,4130.0,4173.813533680906,43.8135336809064,exact-milp/taker,GRB,OPTIMAL,4173.813533680906,4173.813533680906,0.0,4096.0,77.8135336809064,27.031046867370605,0.04617476463317871,3082,870,2715,,,,,,sweep,,,16,-0.5999999999999992,18,,
phase2,taker-sweep,2026-08-14T22:37:53.655523+00:00,jingjie-cpu-10.mae.cornell.edu,4cf37e9,50955,30,syn-s3-n12,92b0ba701fa1,12,6,8872e8abb17c,6052762bdf04,4,130.0,58.2,4130.0,4175.248533680906,45.248533680905894,exact-milp/taker,GRB,OPTIMAL,4175.248533680906,4175.248533680906,0.0,4096.0,79.2485336809059,27.32847499847412,0.04427933692932129,3082,870,2715,,,,,,sweep,,,16,-0.5499999999999992,19,,
phase2,taker-sweep,2026-08-14T22:38:28.935162+00:00,jingjie-cpu-10.mae.cornell.edu,4cf37e9,50955,30,syn-s3-n12,92b0ba701fa1,12,6,5bf36d0dbadc,16b6e65e4a23,4,130.0,58.2,4130.0,4175.708347864036,45.708347864036114,exact-milp/taker,GRB,OPTIMAL,4175.708347864036,4175.708347864036,0.0,4096.0,79.70834786403611,35.1462824344635,0.048296213150024414,3082,870,2715,,,,,,sweep,,,16,-0.4999999999999991,20,,
phase2,taker-sweep,2026-08-14T22:39:05.307183+00:00,jingjie-cpu-10.mae.cornell.edu,4cf37e9,50955,30,syn-s3-n12,92b0ba701fa1,12,6,5bf36d0dbadc,16b6e65e4a23,4,130.0,58.2,4130.0,4175.708347864036,45.708347864036114,exact-milp/taker,GRB,OPTIMAL,4175.708347864036,4175.708327949792,4.769069697841468e-09,4096.0,79.70834786403611,36.0749945640564,0.04706931114196777,3082,870,2715,,,,,,sweep,,,16,-0.44999999999999907,21,,
phase2,taker-sweep,2026-08-14T22:39:35.762113+00:00,jingjie-cpu-10.mae.cornell.edu,4cf37e9,50955,30,syn-s3-n12,92b0ba701fa1,12,6,5bf36d0dbadc,16b6e65e4a23,4,130.0,58.2,4130.0,4175.708347864036,45.708347864036114,exact-milp/taker,GRB,OPTIMAL,4175.708347864036,4175.708347864036,0.0,4096.0,79.70834786403611,30.32867193222046,0.044545650482177734,3082,870,2715,,,,,,sweep,,,16,-0.399999999999999,22,,
phase2,taker-sweep,2026-08-14T22:40:06.032156+00:00,jingjie-cpu-10.mae.cornell.edu,4cf37e9,50955,30,syn-s3-n12,92b0ba701fa1,12,6,5bf36d0dbadc,16b6e65e4a23,4,130.0,58.2,4130.0,4175.708347864036,45.708347864036114,exact-milp/taker,GRB,OPTIMAL,4175.708347864036,4175.708347864036,0.0,4096.0,79.70834786403611,30.141559600830078,0.04697012901306152,3082,870,2715,,,,,,sweep,,,16,-0.349999999999999,23,,
phase2,taker-sweep,2026-08-14T22:40:39.370420+00:00,jingjie-cpu-10.mae.cornell.edu,4cf37e9,50955,30,syn-s3-n12,92b0ba701fa1,12,6,5bf36d0dbadc,16b6e65e4a23,4,130.0,58.2,4130.0,4175.708347864036,45.708347864036114,exact-milp/taker,GRB,OPTIMAL,4175.708347864036,4175.708347864036,0.0,4096.0,79.70834786403611,33.212862491607666,0.04402518272399902,3082,870,2715,,,,,,sweep,,,16,-0.29999999999999893,24,,
phase2,taker-sweep,2026-08-14T22:41:12.842722+00:00,jingjie-cpu-10.mae.cornell.edu,4cf37e9,50955,30,syn-s3-n12,92b0ba701fa1,12,6,5bf36d0dbadc,16b6e65e4a23,4,130.0,58.2,4130.0,4175.708347864036,45.708347864036114,exact-milp/taker,GRB,OPTIMAL,4175.708347864036,4175.708347864036,0.0,4096.0,79.70834786403611,33.344043254852295,0.046804189682006836,3082,870,2715,,,,,,sweep,,,16,-0.2499999999999989,25,,
phase2,taker-sweep,2026-08-14T22:41:37.173084+00:00,jingjie-cpu-10.mae.cornell.edu,4cf37e9,50955,30,syn-s3-n12,92b0ba701fa1,12,6,5bf36d0dbadc,16b6e65e4a23,4,130.0,58.2,4130.0,4175.708347864036,45.708347864036114,exact-milp/taker,GRB,OPTIMAL,4175.708347864036,4175.708347864036,0.0,4096.0,79.70834786403611,24.196787118911743,0.04484438896179199,3082,870,2715,,,,,,sweep,,,16,-0.19999999999999885,26,,
phase2,taker-sweep,2026-08-14T22:42:07.949398+00:00,jingjie-cpu-10.mae.cornell.edu,4cf37e9,50955,30,syn-s3-n12,92b0ba701fa1,12,6,5bf36d0dbadc,16b6e65e4a23,4,130.0,58.2,4130.0,4175.708347864036,45.708347864036114,exact-milp/taker,GRB,OPTIMAL,4175.708347864036,4175.708347864036,0.0,4096.0,79.70834786403611,30.649268865585327,0.0450434684753418,3082,870,2715,,,,,,sweep,,,16,-0.1499999999999988,27,,
phase2,taker-sweep,2026-08-14T22:42:37.094220+00:00,jingjie-cpu-10.mae.cornell.edu,4cf37e9,50955,30,syn-s3-n12,92b0ba701fa1,12,6,5bf36d0dbadc,16b6e65e4a23,4,130.0,58.2,4130.0,4175.708347864036,45.708347864036114,exact-milp/taker,GRB,OPTIMAL,4175.708347864036,4175.708347864036,0.0,4096.0,79.70834786403611,29.01392698287964,0.04742097854614258,3082,870,2715,,,,,,sweep,,,16,-0.09999999999999876,28,,
phase2,taker-sweep,2026-08-14T22:43:03.401985+00:00,jingjie-cpu-10.mae.cornell.edu,4cf37e9,50955,30,syn-s3-n12,92b0ba701fa1,12,6,5bf36d0dbadc,6c511c586dfd,4,130.0,58.2,4130.0,4175.708347864036,45.708347864036114,exact-milp/taker,GRB,OPTIMAL,4175.708347864036,4175.708347864036,0.0,4096.0,79.70834786403611,26.17907404899597,0.046857595443725586,3082,870,2715,,,,,,sweep,,,16,-0.04999999999999871,29,,
phase2,taker-sweep,2026-08-14T22:43:46.893615+00:00,jingjie-cpu-10.mae.cornell.edu,4cf37e9,50955,30,syn-s3-n12,92b0ba701fa1,12,6,5bf36d0dbadc,16b6e65e4a23,4,130.0,58.2,4130.0,4175.708347864036,45.708347864036114,exact-milp/taker,GRB,OPTIMAL,4175.708347864036,4175.708347864036,0.0,4096.0,79.70834786403611,43.35586142539978,0.04486250877380371,3082,870,2715,,,,,,sweep,,,16,1.3322676295501878e-15,30,,
phase2,taker-sweep,2026-08-14T22:44:10.617729+00:00,jingjie-cpu-10.mae.cornell.edu,4cf37e9,50955,30,syn-s3-n12,92b0ba701fa1,12,6,5bf36d0dbadc,6c511c586dfd,4,130.0,58.2,4130.0,4175.708347864036,45.708347864036114,exact-milp/taker,GRB,OPTIMAL,4175.708347864036,4175.708347864036,0.0,4096.0,79.70834786403611,23.595097541809082,0.04722762107849121,3082,870,2715,,,,,,sweep,,,16,0.05000000000000138,31,,
phase2,taker-sweep,2026-08-14T22:44:37.744002+00:00,jingjie-cpu-10.mae.cornell.edu,4cf37e9,50955,30,syn-s3-n12,92b0ba701fa1,12,6,5bf36d0dbadc,16b6e65e4a23,4,130.0,58.2,4130.0,4175.708347864036,45.708347864036114,exact-milp/taker,GRB,OPTIMAL,4175.708347864036,4175.708347864036,0.0,4096.0,79.70834786403611,26.99695587158203,0.04740738868713379,3082,870,2715,,,,,,sweep,,,16,0.10000000000000142,32,,
phase2,taker-sweep,2026-08-14T22:45:09.319488+00:00,jingjie-cpu-10.mae.cornell.edu,4cf37e9,50955,30,syn-s3-n12,92b0ba701fa1,12,6,5bf36d0dbadc,16b6e65e4a23,4,130.0,58.2,4130.0,4175.708347864036,45.708347864036114,exact-milp/taker,GRB,OPTIMAL,4175.708347864036,4175.708347864036,0.0,4096.0,79.70834786403611,31.445833921432495,0.047164201736450195,3082,870,2715,,,,,,sweep,,,16,0.15000000000000147,33,,
phase2,taker-sweep,2026-08-14T22:45:47.868704+00:00,jingjie-cpu-10.mae.cornell.edu,4cf37e9,50955,30,syn-s3-n12,92b0ba701fa1,12,6,5bf36d0dbadc,16b6e65e4a23,4,130.0,58.2,4130.0,4175.708347864036,45.708347864036114,exact-milp/taker,GRB,OPTIMAL,4175.708347864036,4175.708347864036,0.0,4096.0,79.70834786403611,38.41483163833618,0.04839754104614258,3082,870,2715,,,,,,sweep,,,16,0.2000000000000015,34,,
phase2,taker-sweep,2026-08-14T22:46:20.978212+00:00,jingjie-cpu-10.mae.cornell.edu,4cf37e9,50955,30,syn-s3-n12,92b0ba701fa1,12,6,5bf36d0dbadc,16b6e65e4a23,4,130.0,58.2,4130.0,4175.708347864036,45.708347864036114,exact-milp/taker,GRB,OPTIMAL,4175.708347864036,4175.708347864036,0.0,4096.0,79.70834786403611,32.82153820991516,0.048523664474487305,3082,870,2715,,,,,,sweep,,,16,0.25000000000000155,35,,
phase2,taker-sweep,2026-08-14T22:46:53.561205+00:00,jingjie-cpu-10.mae.cornell.edu,4cf37e9,50955,30,syn-s3-n12,92b0ba701fa1,12,6,5bf36d0dbadc,16b6e65e4a23,4,130.0,58.2,4130.0,4175.708347864036,45.708347864036114,exact-milp/taker,GRB,OPTIMAL,4175.708347864036,4175.708347864036,0.0,4096.0,79.70834786403611,32.45110487937927,0.04757380485534668,3082,870,2715,,,,,,sweep,,,16,0.3000000000000016,36,,
phase2,taker-sweep,2026-08-14T22:47:20.201227+00:00,jingjie-cpu-10.mae.cornell.edu,4cf37e9,50955,30,syn-s3-n12,92b0ba701fa1,12,6,5bf36d0dbadc,16b6e65e4a23,4,130.0,58.2,4130.0,4175.708347864036,45.708347864036114,exact-milp/taker,GRB,OPTIMAL,4175.708347864036,4175.708347864036,0.0,4096.0,79.70834786403611,26.497029542922974,0.04781150817871094,3082,870,2715,,,,,,sweep,,,16,0.35000000000000164,37,,
phase2,taker-sweep,2026-08-14T22:47:48.837090+00:00,jingjie-cpu-10.mae.cornell.edu,4cf37e9,50955,30,syn-s3-n12,92b0ba701fa1,12,6,5bf36d0dbadc,16b6e65e4a23,4,130.0,58.2,4130.0,4175.708347864036,45.708347864036114,exact-milp/taker,GRB,OPTIMAL,4175.708347864036,4175.708347864036,0.0,4096.0,79.70834786403611,28.505207300186157,0.0447237491607666,3082,870,2715,,,,,,sweep,,,16,0.4000000000000017,38,,
phase2,taker-sweep,2026-08-14T22:48:17.994940+00:00,jingjie-cpu-10.mae.cornell.edu,4cf37e9,50955,30,syn-s3-n12,92b0ba701fa1,12,6,5bf36d0dbadc,16b6e65e4a23,4,130.0,58.2,4130.0,4175.708347864036,45.708347864036114,exact-milp/taker,GRB,OPTIMAL,4175.708347864036,4175.708347864036,0.0,4096.0,79.70834786403611,29.031073808670044,0.044934749603271484,3082,870,2715,,,,,,sweep,,,16,0.45000000000000173,39,,
phase2,taker-sweep,2026-08-14T22:48:46.204994+00:00,jingjie-cpu-10.mae.cornell.edu,4cf37e9,50955,30,syn-s3-n12,92b0ba701fa1,12,6,5bf36d0dbadc,16b6e65e4a23,4,130.0,58.2,4130.0,4175.708347864036,45.708347864036114,exact-milp/taker,GRB,OPTIMAL,4175.708347864036,4175.708347864036,0.0,4096.0,79.70834786403611,28.08296251296997,0.04459714889526367,3082,870,2715,,,,,,sweep,,,16,0.5000000000000018,40,,
phase2,taker-sweep,2026-08-14T22:49:10.337167+00:00,jingjie-cpu-10.mae.cornell.edu,4cf37e9,50955,30,syn-s3-n12,92b0ba701fa1,12,6,5bf36d0dbadc,6c511c586dfd,4,130.0,58.2,4130.0,4175.708347864036,45.708347864036114,exact-milp/taker,GRB,OPTIMAL,4175.708347864036,4175.708347864036,0.0,4096.0,79.70834786403611,24.002461910247803,0.047608375549316406,3082,870,2715,,,,,,sweep,,,16,0.5500000000000016,41,,
phase2,taker-sweep,2026-08-14T22:49:42.835255+00:00,jingjie-cpu-10.mae.cornell.edu,4cf37e9,50955,30,syn-s3-n12,92b0ba701fa1,12,6,5bf36d0dbadc,16b6e65e4a23,4,130.0,58.2,4130.0,4175.708347864036,45.708347864036114,exact-milp/taker,GRB,OPTIMAL,4175.708347864036,4175.708347864036,0.0,4096.0,79.70834786403611,32.36071467399597,0.045256614685058594,3082,870,2715,,,,,,sweep,,,16,0.6000000000000019,42,,
phase2,taker-sweep,2026-08-14T22:50:14.168392+00:00,jingjie-cpu-10.mae.cornell.edu,4cf37e9,50955,30,syn-s3-n12,92b0ba701fa1,12,6,5bf36d0dbadc,6c511c586dfd,4,130.0,58.2,4130.0,4175.708347864036,45.708347864036114,exact-milp/taker,GRB,OPTIMAL,4175.708347864036,4175.708347864036,0.0,4095.9999999999995,79.70834786403657,31.203458547592163,0.044559478759765625,3082,870,2715,,,,,,sweep,,,16,0.6500000000000021,43,,
phase2,taker-sweep,2026-08-14T22:50:49.307510+00:00,jingjie-cpu-10.mae.cornell.edu,4cf37e9,50955,30,syn-s3-n12,92b0ba701fa1,12,6,5bf36d0dbadc,16b6e65e4a23,4,130.0,58.2,4130.0,4175.708347864036,45.708347864036114,exact-milp/taker,GRB,OPTIMAL,4175.708347864036,4175.708347864036,0.0,4095.9999999999995,79.70834786403657,35.01145625114441,0.04445481300354004,3082,870,2715,,,,,,sweep,,,16,0.700000000000002,44,,
phase2,taker-sweep,2026-08-14T22:51:22.487259+00:00,jingjie-cpu-10.mae.cornell.edu,4cf37e9,50955,30,syn-s3-n12,92b0ba701fa1,12,6,5bf36d0dbadc,6c511c586dfd,4,130.0,58.2,4130.0,4175.708347864036,45.708347864036114,exact-milp/taker,GRB,OPTIMAL,4175.708347864036,4175.708347864036,0.0,4095.9999999999995,79.70834786403657,33.049174308776855,0.04822564125061035,3082,870,2715,,,,,,sweep,,,16,0.7500000000000018,45,,
phase2,taker-sweep,2026-08-14T22:51:52.667644+00:00,jingjie-cpu-10.mae.cornell.edu,4cf37e9,50955,30,syn-s3-n12,92b0ba701fa1,12,6,5bf36d0dbadc,16b6e65e4a23,4,130.0,58.2,4130.0,4175.708347864036,45.708347864036114,exact-milp/taker,GRB,OPTIMAL,4175.708347864036,4175.708347864036,0.0,4095.9999999999995,79.70834786403657,30.04029631614685,0.045354604721069336,3082,870,2715,,,,,,sweep,,,16,0.800000000000002,46,,
phase2,taker-sweep,2026-08-14T22:52:25.679336+00:00,jingjie-cpu-10.mae.cornell.edu,4cf37e9,50955,30,syn-s3-n12,92b0ba701fa1,12,6,5bf36d0dbadc,6c511c586dfd,4,130.0,58.2,4130.0,4175.708347864036,45.708347864036114,exact-milp/taker,GRB,OPTIMAL,4175.708347864036,4175.708347864036,0.0,4095.9999999999995,79.70834786403657,32.87906098365784,0.04455280303955078,3082,870,2715,,,,,,sweep,,,16,0.8500000000000023,47,,
phase2,taker-sweep,2026-08-14T22:52:49.668885+00:00,jingjie-cpu-10.mae.cornell.edu,4cf37e9,50955,30,syn-s3-n12,92b0ba701fa1,12,6,5bf36d0dbadc,16b6e65e4a23,4,130.0,58.2,4130.0,4175.708347864036,45.708347864036114,exact-milp/taker,GRB,OPTIMAL,4175.708347864036,4175.708347864036,0.0,4095.9999999999995,79.70834786403657,23.857902765274048,0.04860520362854004,3082,870,2715,,,,,,sweep,,,16,0.9000000000000021,48,,
phase2,taker-sweep,2026-08-14T22:53:16.736556+00:00,jingjie-cpu-10.mae.cornell.edu,4cf37e9,50955,30,syn-s3-n12,92b0ba701fa1,12,6,5bf36d0dbadc,16b6e65e4a23,4,130.0,58.2,4130.0,4175.708347864036,45.708347864036114,exact-milp/taker,GRB,OPTIMAL,4175.708347864036,4175.708347864036,0.0,4095.9999999999995,79.70834786403657,26.940640926361084,0.04454374313354492,3082,870,2715,,,,,,sweep,,,16,0.950000000000002,49,,
phase2,taker-sweep,2026-08-14T22:53:38.407880+00:00,jingjie-cpu-10.mae.cornell.edu,4cf37e9,50955,30,syn-s3-n12,92b0ba701fa1,12,6,5bf36d0dbadc,16b6e65e4a23,4,130.0,58.2,4130.0,4175.708347864036,45.708347864036114,exact-milp/taker,GRB,OPTIMAL,4175.708347864036,4175.708347864036,0.0,4095.9999999999995,79.70834786403657,21.386993169784546,0.044016122817993164,3082,870,2715,,,,,,sweep,,,16,1.0000000000000022,50,,
phase2,taker-sweep,2026-08-14T22:53:59.836988+00:00,jingjie-cpu-10.mae.cornell.edu,4cf37e9,50955,30,syn-s3-n12,92b0ba701fa1,12,6,5bf36d0dbadc,16b6e65e4a23,4,130.0,58.2,4130.0,4175.708347864036,45.708347864036114,exact-milp/taker,GRB,OPTIMAL,4175.708347864036,4175.708347864036,0.0,4095.9999999999995,79.70834786403657,21.302278757095337,0.04461312294006348,3082,870,2715,,,,,,sweep,,,16,1.0500000000000025,51,,
phase2,taker-sweep,2026-08-14T22:54:21.463030+00:00,jingjie-cpu-10.mae.cornell.edu,4cf37e9,50955,30,syn-s3-n12,92b0ba701fa1,12,6,5bf36d0dbadc,6c511c586dfd,4,130.0,58.2,4130.0,4175.708347864036,45.708347864036114,exact-milp/taker,GRB,OPTIMAL,4175.708347864036,4175.708347864036,0.0,4095.9999999999995,79.70834786403657,21.49518871307373,0.047527313232421875,3082,870,2715,,,,,,sweep,,,16,1.1000000000000023,52,,
phase2,taker-sweep,2026-08-14T22:54:49.847314+00:00,jingjie-cpu-10.mae.cornell.edu,4cf37e9,50955,30,syn-s3-n12,92b0ba701fa1,12,6,5bf36d0dbadc,16b6e65e4a23,4,130.0,58.2,4130.0,4175.708347864036,45.708347864036114,exact-milp/taker,GRB,OPTIMAL,4175.708347864036,4175.708347864036,0.0,4095.9999999999995,79.70834786403657,28.252524614334106,0.04849433898925781,3082,870,2715,,,,,,sweep,,,16,1.1500000000000021,53,,
phase2,taker-sweep,2026-08-14T22:55:16.411141+00:00,jingjie-cpu-10.mae.cornell.edu,4cf37e9,50955,30,syn-s3-n12,92b0ba701fa1,12,6,5bf36d0dbadc,6c511c586dfd,4,130.0,58.2,4130.0,4175.708347864036,45.708347864036114,exact-milp/taker,GRB,OPTIMAL,4175.708347864036,4175.708347864036,0.0,4095.9999999999995,79.70834786403657,26.422877311706543,0.048406362533569336,3082,870,2715,,,,,,sweep,,,16,1.2000000000000024,54,,
phase2,taker-sweep,2026-08-14T22:55:42.557976+00:00,jingjie-cpu-10.mae.cornell.edu,4cf37e9,50955,30,syn-s3-n12,92b0ba701fa1,12,6,5bf36d0dbadc,6c511c586dfd,4,130.0,58.2,4130.0,4175.708347864036,45.708347864036114,exact-milp/taker,GRB,OPTIMAL,4175.708347864036,4175.708347864036,0.0,4095.9999999999995,79.70834786403657,26.013901710510254,0.04833650588989258,3082,870,2715,,,,,,sweep,,,16,1.2500000000000027,55,,
phase2,taker-sweep,2026-08-14T22:56:10.271380+00:00,jingjie-cpu-10.mae.cornell.edu,4cf37e9,50955,30,syn-s3-n12,92b0ba701fa1,12,6,5bf36d0dbadc,16b6e65e4a23,4,130.0,58.2,4130.0,4175.708347864036,45.708347864036114,exact-milp/taker,GRB,OPTIMAL,4175.708347864036,4175.708347864036,0.0,4095.9999999999995,79.70834786403657,27.587001085281372,0.04396176338195801,3082,870,2715,,,,,,sweep,,,16,1.3000000000000025,56,,
phase2,taker-sweep,2026-08-14T22:56:35.734932+00:00,jingjie-cpu-10.mae.cornell.edu,4cf37e9,50955,30,syn-s3-n12,92b0ba701fa1,12,6,5bf36d0dbadc,6c511c586dfd,4,130.0,58.2,4130.0,4175.708347864036,45.708347864036114,exact-milp/taker,GRB,OPTIMAL,4175.708347864036,4175.708347864036,0.0,4095.9999999999995,79.70834786403657,25.334577322006226,0.04709005355834961,3082,870,2715,,,,,,sweep,,,16,1.3500000000000023,57,,
phase2,taker-sweep,2026-08-14T22:57:08.371083+00:00,jingjie-cpu-10.mae.cornell.edu,4cf37e9,50955,30,syn-s3-n12,92b0ba701fa1,12,6,5bf36d0dbadc,16b6e65e4a23,4,130.0,58.2,4130.0,4175.708347864036,45.708347864036114,exact-milp/taker,GRB,OPTIMAL,4175.708347864036,4175.708347864036,0.0,4095.9999999999995,79.70834786403657,32.49338507652283,0.04559826850891113,3082,870,2715,,,,,,sweep,,,16,1.4000000000000026,58,,
phase2,taker-sweep,2026-08-14T22:57:37.968167+00:00,jingjie-cpu-10.mae.cornell.edu,4cf37e9,50955,30,syn-s3-n12,92b0ba701fa1,12,6,5bf36d0dbadc,16b6e65e4a23,4,130.0,58.2,4130.0,4175.708347864036,45.708347864036114,exact-milp/taker,GRB,OPTIMAL,4175.708347864036,4175.708347864036,0.0,4095.9999999999995,79.70834786403657,29.467474937438965,0.04701805114746094,3082,870,2715,,,,,,sweep,,,16,1.4500000000000028,59,,
phase2,taker-sweep,2026-08-14T22:58:11.148893+00:00,jingjie-cpu-10.mae.cornell.edu,4cf37e9,50955,30,syn-s3-n12,92b0ba701fa1,12,6,5bf36d0dbadc,6c511c586dfd,4,130.0,58.2,4130.0,4175.708347864036,45.708347864036114,exact-milp/taker,GRB,OPTIMAL,4175.708347864036,4175.708347864036,0.0,4095.9999999999995,79.70834786403657,33.05224275588989,0.04457569122314453,3082,870,2715,,,,,,sweep,,,16,1.5000000000000027,60,,
phase2,taker-sweep,2026-08-14T22:33:09.441688+00:00,jingjie-cpu-10.mae.cornell.edu,4cf37e9,50859,31,syn-s3-n12,92b0ba701fa1,12,6,5bf36d0dbadc,16b6e65e4a23,4,130.0,58.2,4130.0,4175.708347864036,45.708347864036114,exact-milp/taker,GRB,OPTIMAL,4175.708347864036,4175.708235795875,2.68381197995981e-08,4096.0,79.70834786403611,32.52864599227905,0.05515885353088379,3082,870,2715,,,,,,sweep,,,20,-1.5,0,,
phase2,taker-sweep,2026-08-14T22:33:41.752183+00:00,jingjie-cpu-10.mae.cornell.edu,4cf37e9,50859,31,syn-s3-n12,92b0ba701fa1,12,6,5bf36d0dbadc,16b6e65e4a23,4,130.0,58.2,4130.0,4175.708347864036,45.708347864036114,exact-milp/taker,GRB,OPTIMAL,4175.708347864036,4175.708347864036,0.0,4096.0,79.70834786403611,32.181771755218506,0.04723477363586426,3082,870,2715,,,,,,sweep,,,20,-1.45,1,,
phase2,taker-sweep,2026-08-14T22:34:08.584981+00:00,jingjie-cpu-10.mae.cornell.edu,4cf37e9,50859,31,syn-s3-n12,92b0ba701fa1,12,6,5bf36d0dbadc,16b6e65e4a23,4,130.0,58.2,4130.0,4175.708347864036,45.708347864036114,exact-milp/taker,GRB,OPTIMAL,4175.708347864036,4175.708347864036,0.0,4096.0,79.70834786403611,26.695821523666382,0.04772043228149414,3082,870,2715,,,,,,sweep,,,20,-1.4,2,,
phase2,taker-sweep,2026-08-14T22:34:35.284796+00:00,jingjie-cpu-10.mae.cornell.edu,4cf37e9,50859,31,syn-s3-n12,92b0ba701fa1,12,6,5bf36d0dbadc,16b6e65e4a23,4,130.0,58.2,4130.0,4175.708347864036,45.708347864036114,exact-milp/taker,GRB,OPTIMAL,4175.708347864036,4175.708347864036,0.0,4096.0,79.70834786403611,26.570326328277588,0.04703712463378906,3082,870,2715,,,,,,sweep,,,20,-1.3499999999999999,3,,
phase2,taker-sweep,2026-08-14T22:35:02.021165+00:00,jingjie-cpu-10.mae.cornell.edu,4cf37e9,50859,31,syn-s3-n12,92b0ba701fa1,12,6,5bf36d0dbadc,16b6e65e4a23,4,130.0,58.2,4130.0,4175.708347864036,45.708347864036114,exact-milp/taker,GRB,OPTIMAL,4175.708347864036,4175.708347864036,0.0,4096.0,79.70834786403611,26.606900215148926,0.04801797866821289,3082,870,2715,,,,,,sweep,,,20,-1.2999999999999998,4,,
phase2,taker-sweep,2026-08-14T22:35:32.749997+00:00,jingjie-cpu-10.mae.cornell.edu,4cf37e9,50859,31,syn-s3-n12,92b0ba701fa1,12,6,5bf36d0dbadc,16b6e65e4a23,4,130.0,58.2,4130.0,4175.708347864036,45.708347864036114,exact-milp/taker,GRB,OPTIMAL,4175.708347864036,4175.708347864036,0.0,4096.0,79.70834786403611,30.602908849716187,0.043726444244384766,3082,870,2715,,,,,,sweep,,,20,-1.2499999999999998,5,,
phase2,taker-sweep,2026-08-14T22:36:06.512028+00:00,jingjie-cpu-10.mae.cornell.edu,4cf37e9,50859,31,syn-s3-n12,92b0ba701fa1,12,6,5bf36d0dbadc,16b6e65e4a23,4,130.0,58.2,4130.0,4175.708347864036,45.708347864036114,exact-milp/taker,GRB,OPTIMAL,4175.708347864036,4175.708235795875,2.68381197995981e-08,4096.0,79.70834786403611,33.549795627593994,0.04798436164855957,3082,870,2715,,,,,,sweep,,,20,-1.1999999999999997,6,,
phase2,taker-sweep,2026-08-14T22:36:37.635351+00:00,jingjie-cpu-10.mae.cornell.edu,4cf37e9,50859,31,syn-s3-n12,92b0ba701fa1,12,6,5bf36d0dbadc,16b6e65e4a23,4,130.0,58.2,4130.0,4175.708347864036,45.708347864036114,exact-milp/taker,GRB,OPTIMAL,4175.708347864036,4175.708347864036,0.0,4096.0,79.70834786403611,30.996105194091797,0.04580259323120117,3082,870,2715,,,,,,sweep,,,20,-1.1499999999999997,7,,
phase2,taker-sweep,2026-08-14T22:37:05.600315+00:00,jingjie-cpu-10.mae.cornell.edu,4cf37e9,50859,31,syn-s3-n12,92b0ba701fa1,12,6,5bf36d0dbadc,16b6e65e4a23,4,130.0,58.2,4130.0,4175.708347864036,45.708347864036114,exact-milp/taker,GRB,OPTIMAL,4175.708347864036,4175.708347864036,0.0,4096.0,79.70834786403611,27.838069677352905,0.044911861419677734,3082,870,2715,,,,,,sweep,,,20,-1.0999999999999996,8,,
phase2,taker-sweep,2026-08-14T22:37:32.957287+00:00,jingjie-cpu-10.mae.cornell.edu,4cf37e9,50859,31,syn-s3-n12,92b0ba701fa1,12,6,5bf36d0dbadc,16b6e65e4a23,4,130.0,58.2,4130.0,4175.708347864036,45.708347864036114,exact-milp/taker,GRB,OPTIMAL,4175.708347864036,4175.708347864036,0.0,4096.0,79.70834786403611,27.228956937789917,0.046656131744384766,3082,870,2715,,,,,,sweep,,,20,-1.0499999999999996,9,,
phase2,taker-sweep,2026-08-14T22:38:04.296366+00:00,jingjie-cpu-10.mae.cornell.edu,4cf37e9,50859,31,syn-s3-n12,92b0ba701fa1,12,6,5bf36d0dbadc,16b6e65e4a23,4,130.0,58.2,4130.0,4175.708347864036,45.708347864036114,exact-milp/taker,GRB,OPTIMAL,4175.708347864036,4175.708347864036,0.0,4096.0,79.70834786403611,31.20328950881958,0.04575634002685547,3082,870,2715,,,,,,sweep,,,20,-0.9999999999999996,10,,
phase2,taker-sweep,2026-08-14T22:38:29.421331+00:00,jingjie-cpu-10.mae.cornell.edu,4cf37e9,50859,31,syn-s3-n12,92b0ba701fa1,12,6,5bf36d0dbadc,16b6e65e4a23,4,130.0,58.2,4130.0,4175.708347864036,45.708347864036114,exact-milp/taker,GRB,OPTIMAL,4175.708347864036,4175.708347864036,0.0,4096.0,79.70834786403611,24.99659013748169,0.04677009582519531,3082,870,2715,,,,,,sweep,,,20,-0.9499999999999995,11,,
phase2,taker-sweep,2026-08-14T22:38:57.129020+00:00,jingjie-cpu-10.mae.cornell.edu,4cf37e9,50859,31,syn-s3-n12,92b0ba701fa1,12,6,5bf36d0dbadc,16b6e65e4a23,4,130.0,58.2,4130.0,4175.708347864036,45.708347864036114,exact-milp/taker,GRB,OPTIMAL,4175.708347864036,4175.708347864036,0.0,4096.0,79.70834786403611,27.578821420669556,0.04797840118408203,3082,870,2715,,,,,,sweep,,,20,-0.8999999999999995,12,,
phase2,taker-sweep,2026-08-14T22:39:21.274872+00:00,jingjie-cpu-10.mae.cornell.edu,4cf37e9,50859,31,syn-s3-n12,92b0ba701fa1,12,6,5bf36d0dbadc,16b6e65e4a23,4,130.0,58.2,4130.0,4175.708347864036,45.708347864036114,exact-milp/taker,GRB,OPTIMAL,4175.708347864036,4175.708347864036,0.0,4096.0,79.70834786403611,24.017250061035156,0.047162532806396484,3082,870,2715,,,,,,sweep,,,20,-0.8499999999999994,13,,
phase2,taker-sweep,2026-08-14T22:39:48.980765+00:00,jingjie-cpu-10.mae.cornell.edu,4cf37e9,50859,31,syn-s3-n12,92b0ba701fa1,12,6,5bf36d0dbadc,16b6e65e4a23,4,130.0,58.2,4130.0,4175.708347864036,45.708347864036114,exact-milp/taker,GRB,OPTIMAL,4175.708347864036,4175.708347864036,0.0,4096.0,79.70834786403611,27.564534187316895,0.04802989959716797,3082,870,2715,,,,,,sweep,,,20,-0.7999999999999994,14,,
phase2,taker-sweep,2026-08-14T22:40:21.491882+00:00,jingjie-cpu-10.mae.cornell.edu,4cf37e9,50859,31,syn-s3-n12,92b0ba701fa1,12,6,5bf36d0dbadc,16b6e65e4a23,4,130.0,58.2,4130.0,4175.708347864036,45.708347864036114,exact-milp/taker,GRB,OPTIMAL,4175.708347864036,4175.708235795875,2.68381197995981e-08,4096.0,79.70834786403611,32.38213801383972,0.04726576805114746,3082,870,2715,,,,,,sweep,,,20,-0.7499999999999993,15,,
phase2,taker-sweep,2026-08-14T22:40:50.457723+00:00,jingjie-cpu-10.mae.cornell.edu,4cf37e9,50859,31,syn-s3-n12,92b0ba701fa1,12,6,5bf36d0dbadc,16b6e65e4a23,4,130.0,58.2,4130.0,4175.708347864036,45.708347864036114,exact-milp/taker,GRB,OPTIMAL,4175.708347864036,4175.708347864036,0.0,4096.0,79.70834786403611,28.836610555648804,0.04758810997009277,3082,870,2715,,,,,,sweep,,,20,-0.6999999999999993,16,,
phase2,taker-sweep,2026-08-14T22:41:17.293421+00:00,jingjie-cpu-10.mae.cornell.edu,4cf37e9,50859,31,syn-s3-n12,92b0ba701fa1,12,6,5bf36d0dbadc,16b6e65e4a23,4,130.0,58.2,4130.0,4175.708347864036,45.708347864036114,exact-milp/taker,GRB,OPTIMAL,4175.708347864036,4175.708347864036,0.0,4096.0,79.70834786403611,26.704827547073364,0.0472259521484375,3082,870,2715,,,,,,sweep,,,20,-0.6499999999999992,17,,
phase2,taker-sweep,2026-08-14T22:41:50.013779+00:00,jingjie-cpu-10.mae.cornell.edu,4cf37e9,50859,31,syn-s3-n12,92b0ba701fa1,12,6,5bf36d0dbadc,16b6e65e4a23,4,130.0,58.2,4130.0,4175.708347864036,45.708347864036114,exact-milp/taker,GRB,OPTIMAL,4175.708347864036,4175.708347864036,0.0,4096.0,79.70834786403611,32.58438992500305,0.04591703414916992,3082,870,2715,,,,,,sweep,,,20,-0.5999999999999992,18,,
phase2,taker-sweep,2026-08-14T22:42:18.705593+00:00,jingjie-cpu-10.mae.cornell.edu,4cf37e9,50859,31,syn-s3-n12,92b0ba701fa1,12,6,5bf36d0dbadc,16b6e65e4a23,4,130.0,58.2,4130.0,4175.708347864036,45.708347864036114,exact-milp/taker,GRB,OPTIMAL,4175.708347864036,4175.708347864036,0.0,4096.0,79.70834786403611,28.561381340026855,0.04694676399230957,3082,870,2715,,,,,,sweep,,,20,-0.5499999999999992,19,,
phase2,taker-sweep,2026-08-14T22:42:46.708136+00:00,jingjie-cpu-10.mae.cornell.edu,4cf37e9,50859,31,syn-s3-n12,92b0ba701fa1,12,6,5bf36d0dbadc,16b6e65e4a23,4,130.0,58.2,4130.0,4175.708347864036,45.708347864036114,exact-milp/taker,GRB,OPTIMAL,4175.708347864036,4175.708347864036,0.0,4096.0,79.70834786403611,27.872765064239502,0.0481112003326416,3082,870,2715,,,,,,sweep,,,20,-0.4999999999999991,20,,
phase2,taker-sweep,2026-08-14T22:43:21.303222+00:00,jingjie-cpu-10.mae.cornell.edu,4cf37e9,50859,31,syn-s3-n12,92b0ba701fa1,12,6,5bf36d0dbadc,16b6e65e4a23,4,130.0,58.2,4130.0,4175.708347864036,45.708347864036114,exact-milp/taker,GRB,OPTIMAL,4175.708347864036,4175.708347864036,0.0,4096.0,79.70834786403611,34.29984259605408,0.04472947120666504,3082,870,2715,,,,,,sweep,,,20,-0.44999999999999907,21,,
phase2,taker-sweep,2026-08-14T22:43:48.118453+00:00,jingjie-cpu-10.mae.cornell.edu,4cf37e9,50859,31,syn-s3-n12,92b0ba701fa1,12,6,5bf36d0dbadc,16b6e65e4a23,4,130.0,58.2,4130.0,4175.708347864036,45.708347864036114,exact-milp/taker,GRB,OPTIMAL,4175.708347864036,4175.708347864036,0.0,4096.0,79.70834786403611,26.68752884864807,0.04635977745056152,3082,870,2715,,,,,,sweep,,,20,-0.399999999999999,22,,
phase2,taker-sweep,2026-08-14T22:44:15.595727+00:00,jingjie-cpu-10.mae.cornell.edu,4cf37e9,50859,31,syn-s3-n12,92b0ba701fa1,12,6,5bf36d0dbadc,16b6e65e4a23,4,130.0,58.2,4130.0,4175.708347864036,45.708347864036114,exact-milp/taker,GRB,OPTIMAL,4175.708347864036,4175.708347864036,0.0,4096.0,79.70834786403611,27.34876847267151,0.04650735855102539,3082,870,2715,,,,,,sweep,,,20,-0.349999999999999,23,,
phase2,taker-sweep,2026-08-14T22:44:46.877249+00:00,jingjie-cpu-10.mae.cornell.edu,4cf37e9,50859,31,syn-s3-n12,92b0ba701fa1,12,6,5bf36d0dbadc,16b6e65e4a23,4,130.0,58.2,4130.0,4175.708347864036,45.708347864036114,exact-milp/taker,GRB,OPTIMAL,4175.708347864036,4175.708235795875,2.68381197995981e-08,4096.0,79.70834786403611,31.15264320373535,0.04477047920227051,3082,870,2715,,,,,,sweep,,,20,-0.29999999999999893,24,,
phase2,taker-sweep,2026-08-14T22:45:26.823055+00:00,jingjie-cpu-10.mae.cornell.edu,4cf37e9,50859,31,syn-s3-n12,92b0ba701fa1,12,6,5bf36d0dbadc,16b6e65e4a23,4,130.0,58.2,4130.0,4175.708347864036,45.708347864036114,exact-milp/taker,GRB,OPTIMAL,4175.708347864036,4175.708347864036,0.0,4096.0,79.70834786403611,39.79518413543701,0.04716157913208008,3082,870,2715,,,,,,sweep,,,20,-0.2499999999999989,25,,
phase2,taker-sweep,2026-08-14T22:46:08.275040+00:00,jingjie-cpu-10.mae.cornell.edu,4cf37e9,50859,31,syn-s3-n12,92b0ba701fa1,12,6,5bf36d0dbadc,16b6e65e4a23,4,130.0,58.2,4130.0,4175.708347864036,45.708347864036114,exact-milp/taker,GRB,OPTIMAL,4175.708347864036,4175.708347864036,0.0,4096.0,79.70834786403611,41.30873441696167,0.04750943183898926,3082,870,2715,,,,,,sweep,,,20,-0.19999999999999885,26,,
phase2,taker-sweep,2026-08-14T22:46:33.669801+00:00,jingjie-cpu-10.mae.cornell.edu,4cf37e9,50859,31,syn-s3-n12,92b0ba701fa1,12,6,5bf36d0dbadc,16b6e65e4a23,4,130.0,58.2,4130.0,4175.708347864036,45.708347864036114,exact-milp/taker,GRB,OPTIMAL,4175.708347864036,4175.708347864036,0.0,4096.0,79.70834786403611,25.26510787010193,0.04670596122741699,3082,870,2715,,,,,,sweep,,,20,-0.1499999999999988,27,,
phase2,taker-sweep,2026-08-14T22:47:12.883443+00:00,jingjie-cpu-10.mae.cornell.edu,4cf37e9,50859,31,syn-s3-n12,92b0ba701fa1,12,6,5bf36d0dbadc,16b6e65e4a23,4,130.0,58.2,4130.0,4175.708347864036,45.708347864036114,exact-milp/taker,GRB,OPTIMAL,4175.708347864036,4175.708347864036,0.0,4096.0,79.70834786403611,39.08436346054077,0.04654669761657715,3082,870,2715,,,,,,sweep,,,20,-0.09999999999999876,28,,
phase2,taker-sweep,2026-08-14T22:47:48.829088+00:00,jingjie-cpu-10.mae.cornell.edu,4cf37e9,50859,31,syn-s3-n12,92b0ba701fa1,12,6,5bf36d0dbadc,16b6e65e4a23,4,130.0,58.2,4130.0,4175.708347864036,45.708347864036114,exact-milp/taker,GRB,OPTIMAL,4175.708347864036,4175.708235795875,2.68381197995981e-08,4096.0,79.70834786403611,35.81601548194885,0.04720187187194824,3082,870,2715,,,,,,sweep,,,20,-0.04999999999999871,29,,
phase2,taker-sweep,2026-08-14T22:48:15.622000+00:00,jingjie-cpu-10.mae.cornell.edu,4cf37e9,50859,31,syn-s3-n12,92b0ba701fa1,12,6,5bf36d0dbadc,16b6e65e4a23,4,130.0,58.2,4130.0,4175.708347864036,45.708347864036114,exact-milp/taker,GRB,OPTIMAL,4175.708347864036,4175.708347864036,0.0,4096.0,79.70834786403611,26.64926314353943,0.0472254753112793,3082,870,2715,,,,,,sweep,,,20,1.3322676295501878e-15,30,,
phase2,taker-sweep,2026-08-14T22:48:46.850420+00:00,jingjie-cpu-10.mae.cornell.edu,4cf37e9,50859,31,syn-s3-n12,92b0ba701fa1,12,6,5bf36d0dbadc,16b6e65e4a23,4,130.0,58.2,4130.0,4175.708347864036,45.708347864036114,exact-milp/taker,GRB,OPTIMAL,4175.708347864036,4175.708347864036,0.0,4096.0,79.70834786403611,31.0987708568573,0.0467219352722168,3082,870,2715,,,,,,sweep,,,20,0.05000000000000138,31,,
phase2,taker-sweep,2026-08-14T22:49:14.049720+00:00,jingjie-cpu-10.mae.cornell.edu,4cf37e9,50859,31,syn-s3-n12,92b0ba701fa1,12,6,5bf36d0dbadc,16b6e65e4a23,4,130.0,58.2,4130.0,4175.708347864036,45.708347864036114,exact-milp/taker,GRB,OPTIMAL,4175.708347864036,4175.708347864036,0.0,4096.0,79.70834786403611,27.069663763046265,0.04698634147644043,3082,870,2715,,,,,,sweep,,,20,0.10000000000000142,32,,
phase2,taker-sweep,2026-08-14T22:49:54.595972+00:00,jingjie-cpu-10.mae.cornell.edu,4cf37e9,50859,31,syn-s3-n12,92b0ba701fa1,12,6,5bf36d0dbadc,16b6e65e4a23,4,130.0,58.2,4130.0,4175.708347864036,45.708347864036114,exact-milp/taker,GRB,OPTIMAL,4175.708347864036,4175.708347864036,0.0,4096.0,79.70834786403611,40.41710925102234,0.046967506408691406,3082,870,2715,,,,,,sweep,,,20,0.15000000000000147,33,,
phase2,taker-sweep,2026-08-14T22:50:20.680269+00:00,jingjie-cpu-10.mae.cornell.edu,4cf37e9,50859,31,syn-s3-n12,92b0ba701fa1,12,6,5bf36d0dbadc,16b6e65e4a23,4,130.0,58.2,4130.0,4175.708347864036,45.708347864036114,exact-milp/taker,GRB,OPTIMAL,4175.708347864036,4175.708347864036,0.0,4096.0,79.70834786403611,25.940978050231934,0.04728245735168457,3082,870,2715,,,,,,sweep,,,20,0.2000000000000015,34,,
phase2,taker-sweep,2026-08-14T22:50:49.961972+00:00,jingjie-cpu-10.mae.cornell.edu,4cf37e9,50859,31,syn-s3-n12,92b0ba701fa1,12,6,5bf36d0dbadc,16b6e65e4a23,4,130.0,58.2,4130.0,4175.708347864036,45.708347864036114,exact-milp/taker,GRB,OPTIMAL,4175.708347864036,4175.708347864036,0.0,4096.0,79.70834786403611,29.005529165267944,0.04818558692932129,3082,870,2715,,,,,,sweep,,,20,0.25000000000000155,35,,
phase2,taker-sweep,2026-08-14T22:51:16.256132+00:00,jingjie-cpu-10.mae.cornell.edu,4cf37e9,50859,31,syn-s3-n12,92b0ba701fa1,12,6,5bf36d0dbadc,16b6e65e4a23,4,130.0,58.2,4130.0,4175.708347864036,45.708347864036114,exact-milp/taker,GRB,OPTIMAL,4175.708347864036,4175.708347864036,0.0,4096.0,79.70834786403611,26.1679790019989,0.04405069351196289,3082,870,2715,,,,,,sweep,,,20,0.3000000000000016,36,,
phase2,taker-sweep,2026-08-14T22:51:44.809882+00:00,jingjie-cpu-10.mae.cornell.edu,4cf37e9,50859,31,syn-s3-n12,92b0ba701fa1,12,6,5bf36d0dbadc,16b6e65e4a23,4,130.0,58.2,4130.0,4175.708347864036,45.708347864036114,exact-milp/taker,GRB,OPTIMAL,4175.708347864036,4175.708347864036,0.0,4096.0,79.70834786403611,28.424055576324463,0.04714512825012207,3082,870,2715,,,,,,sweep,,,20,0.35000000000000164,37,,
phase2,taker-sweep,2026-08-14T22:52:13.711239+00:00,jingjie-cpu-10.mae.cornell.edu,4cf37e9,50859,31,syn-s3-n12,92b0ba701fa1,12,6,5bf36d0dbadc,16b6e65e4a23,4,130.0,58.2,4130.0,4175.708347864036,45.708347864036114,exact-milp/taker,GRB,OPTIMAL,4175.708347864036,4175.708347864036,0.0,4096.0,79.70834786403611,28.755242109298706,0.04761767387390137,3082,870,2715,,,,,,sweep,,,20,0.4000000000000017,38,,
phase2,taker-sweep,2026-08-14T22:52:40.427871+00:00,jingjie-cpu-10.mae.cornell.edu,4cf37e9,50859,31,syn-s3-n12,92b0ba701fa1,12,6,5bf36d0dbadc,16b6e65e4a23,4,130.0,58.2,4130.0,4175.708347864036,45.708347864036114,exact-milp/taker,GRB,OPTIMAL,4175.708347864036,4175.708347864036,0.0,4096.0,79.70834786403611,26.586570262908936,0.04698801040649414,3082,870,2715,,,,,,sweep,,,20,0.45000000000000173,39,,
phase2,taker-sweep,2026-08-14T22:53:08.974817+00:00,jingjie-cpu-10.mae.cornell.edu,4cf37e9,50859,31,syn-s3-n12,92b0ba701fa1,12,6,5bf36d0dbadc,16b6e65e4a23,4,130.0,58.2,4130.0,4175.708347864036,45.708347864036114,exact-milp/taker,GRB,OPTIMAL,4175.708347864036,4175.708347864036,0.0,4096.0,79.70834786403611,28.416778564453125,0.04689931869506836,3082,870,2715,,,,,,sweep,,,20,0.5000000000000018,40,,
phase2,taker-sweep,2026-08-14T22:53:35.531050+00:00,jingjie-cpu-10.mae.cornell.edu,4cf37e9,50859,31,syn-s3-n12,92b0ba701fa1,12,6,5bf36d0dbadc,16b6e65e4a23,4,130.0,58.2,4130.0,4175.708347864036,45.708347864036114,exact-milp/taker,GRB,OPTIMAL,4175.708347864036,4175.708347864036,0.0,4096.0,79.70834786403611,26.42632031440735,0.04626584053039551,3082,870,2715,,,,,,sweep,,,20,0.5500000000000016,41,,
phase2,taker-sweep,2026-08-14T22:54:03.576305+00:00,jingjie-cpu-10.mae.cornell.edu,4cf37e9,50859,31,syn-s3-n12,92b0ba701fa1,12,6,5bf36d0dbadc,16b6e65e4a23,4,130.0,58.2,4130.0,4175.708347864036,45.708347864036114,exact-milp/taker,GRB,OPTIMAL,4175.708347864036,4175.708347864036,0.0,4096.0,79.70834786403611,27.904453992843628,0.0449674129486084,3082,870,2715,,,,,,sweep,,,20,0.6000000000000019,42,,
phase2,taker-sweep,2026-08-14T22:54:29.292376+00:00,jingjie-cpu-10.mae.cornell.edu,4cf37e9,50859,31,syn-s3-n12,92b0ba701fa1,12,6,5bf36d0dbadc,16b6e65e4a23,4,130.0,58.2,4130.0,4175.708347864036,45.708347864036114,exact-milp/taker,GRB,OPTIMAL,4175.708347864036,4175.708347864036,0.0,4096.0,79.70834786403611,25.585886001586914,0.046715736389160156,3082,870,2715,,,,,,sweep,,,20,0.6500000000000021,43,,
phase2,taker-sweep,2026-08-14T22:54:58.317424+00:00,jingjie-cpu-10.mae.cornell.edu,4cf37e9,50859,31,syn-s3-n12,92b0ba701fa1,12,6,5bf36d0dbadc,16b6e65e4a23,4,130.0,58.2,4130.0,4175.708347864036,45.708347864036114,exact-milp/taker,GRB,OPTIMAL,4175.708347864036,4175.708347864036,0.0,4096.0,79.70834786403611,28.894972324371338,0.046407222747802734,3082,870,2715,,,,,,sweep,,,20,0.700000000000002,44,,
phase2,taker-sweep,2026-08-14T22:55:25.606159+00:00,jingjie-cpu-10.mae.cornell.edu,4cf37e9,50859,31,syn-s3-n12,92b0ba701fa1,12,6,5bf36d0dbadc,16b6e65e4a23,4,130.0,58.2,4130.0,4175.708347864036,45.708347864036114,exact-milp/taker,GRB,OPTIMAL,4175.708347864036,4175.708347864036,0.0,4096.0,79.70834786403611,27.158806800842285,0.046729087829589844,3082,870,2715,,,,,,sweep,,,20,0.7500000000000018,45,,
phase2,taker-sweep,2026-08-14T22:56:03.291858+00:00,jingjie-cpu-10.mae.cornell.edu,4cf37e9,50859,31,syn-s3-n12,92b0ba701fa1,12,6,5bf36d0dbadc,16b6e65e4a23,4,130.0,58.2,4130.0,4175.708347864036,45.708347864036114,exact-milp/taker,GRB,OPTIMAL,4175.708347864036,4175.708347864036,0.0,4096.0,79.70834786403611,37.55032277107239,0.044490814208984375,3082,870,2715,,,,,,sweep,,,20,0.800000000000002,46,,
phase2,taker-sweep,2026-08-14T22:56:41.044629+00:00,jingjie-cpu-10.mae.cornell.edu,4cf37e9,50859,31,syn-s3-n12,92b0ba701fa1,12,6,5bf36d0dbadc,16b6e65e4a23,4,130.0,58.2,4130.0,4175.708347864036,45.708347864036114,exact-milp/taker,GRB,OPTIMAL,4175.708347864036,4175.708347864036,0.0,4096.0,79.70834786403611,37.61982989311218,0.04672098159790039,3082,870,2715,,,,,,sweep,,,20,0.8500000000000023,47,,
phase2,taker-sweep,2026-08-14T22:57:08.160629+00:00,jingjie-cpu-10.mae.cornell.edu,4cf37e9,50859,31,syn-s3-n12,92b0ba701fa1,12,6,5bf36d0dbadc,16b6e65e4a23,4,130.0,58.2,4130.0,4175.708347864036,45.708347864036114,exact-milp/taker,GRB,OPTIMAL,4175.708347864036,4175.708347864036,0.0,4096.0,79.70834786403611,26.985538005828857,0.04670071601867676,3082,870,2715,,,,,,sweep,,,20,0.9000000000000021,48,,
phase2,taker-sweep,2026-08-14T22:57:38.385653+00:00,jingjie-cpu-10.mae.cornell.edu,4cf37e9,50859,31,syn-s3-n12,92b0ba701fa1,12,6,5bf36d0dbadc,16b6e65e4a23,4,130.0,58.2,4130.0,4175.708347864036,45.708347864036114,exact-milp/taker,GRB,OPTIMAL,4175.708347864036,4175.708347864036,0.0,4096.0,79.70834786403611,30.07840609550476,0.047045230865478516,3082,870,2715,,,,,,sweep,,,20,0.950000000000002,49,,
phase2,taker-sweep,2026-08-14T22:58:10.414311+00:00,jingjie-cpu-10.mae.cornell.edu,4cf37e9,50859,31,syn-s3-n12,92b0ba701fa1,12,6,5bf36d0dbadc,16b6e65e4a23,4,130.0,58.2,4130.0,4175.708347864036,45.708347864036114,exact-milp/taker,GRB,OPTIMAL,4175.708347864036,4175.708235795875,2.68381197995981e-08,4096.0,79.70834786403611,31.72988724708557,0.04930305480957031,3082,870,2715,,,,,,sweep,,,20,1.0000000000000022,50,,
phase2,taker-sweep,2026-08-14T22:58:39.127434+00:00,jingjie-cpu-10.mae.cornell.edu,4cf37e9,50859,31,syn-s3-n12,92b0ba701fa1,12,6,5bf36d0dbadc,16b6e65e4a23,4,130.0,58.2,4130.0,4175.708347864036,45.708347864036114,exact-milp/taker,GRB,OPTIMAL,4175.708347864036,4175.708347864036,0.0,4096.0,79.70834786403611,28.584479093551636,0.044507503509521484,3082,870,2715,,,,,,sweep,,,20,1.0500000000000025,51,,
phase2,taker-sweep,2026-08-14T22:59:15.640381+00:00,jingjie-cpu-10.mae.cornell.edu,4cf37e9,50859,31,syn-s3-n12,92b0ba701fa1,12,6,5bf36d0dbadc,16b6e65e4a23,4,130.0,58.2,4130.0,4175.708347864036,45.708347864036114,exact-milp/taker,GRB,OPTIMAL,4175.708347864036,4175.708347864036,0.0,4096.0,79.70834786403611,36.382957220077515,0.04660391807556152,3082,870,2715,,,,,,sweep,,,20,1.1000000000000023,52,,
phase2,taker-sweep,2026-08-14T22:59:51.094015+00:00,jingjie-cpu-10.mae.cornell.edu,4cf37e9,50859,31,syn-s3-n12,92b0ba701fa1,12,6,5bf36d0dbadc,16b6e65e4a23,4,130.0,58.2,4130.0,4175.708347864036,45.708347864036114,exact-milp/taker,GRB,OPTIMAL,4175.708347864036,4175.708235795875,2.68381197995981e-08,4096.0,79.70834786403611,35.323283433914185,0.04694414138793945,3082,870,2715,,,,,,sweep,,,20,1.1500000000000021,53,,
phase2,taker-sweep,2026-08-14T23:00:21.431780+00:00,jingjie-cpu-10.mae.cornell.edu,4cf37e9,50859,31,syn-s3-n12,92b0ba701fa1,12,6,5bf36d0dbadc,16b6e65e4a23,4,130.0,58.2,4130.0,4175.708347864036,45.708347864036114,exact-milp/taker,GRB,OPTIMAL,4175.708347864036,4175.708347864036,0.0,4096.0,79.70834786403611,30.198569297790527,0.047251224517822266,3082,870,2715,,,,,,sweep,,,20,1.2000000000000024,54,,
phase2,taker-sweep,2026-08-14T23:00:52.494316+00:00,jingjie-cpu-10.mae.cornell.edu,4cf37e9,50859,31,syn-s3-n12,92b0ba701fa1,12,6,5bf36d0dbadc,16b6e65e4a23,4,130.0,58.2,4130.0,4175.708347864036,45.708347864036114,exact-milp/taker,GRB,OPTIMAL,4175.708347864036,4175.708235795875,2.68381197995981e-08,4096.0,79.70834786403611,30.93299651145935,0.04661130905151367,3082,870,2715,,,,,,sweep,,,20,1.2500000000000027,55,,
phase2,taker-sweep,2026-08-14T23:01:17.207553+00:00,jingjie-cpu-10.mae.cornell.edu,4cf37e9,50859,31,syn-s3-n12,92b0ba701fa1,12,6,5bf36d0dbadc,16b6e65e4a23,4,130.0,58.2,4130.0,4175.708347864036,45.708347864036114,exact-milp/taker,GRB,OPTIMAL,4175.708347864036,4175.708347864036,0.0,4096.0,79.70834786403611,24.574625492095947,0.046688079833984375,3082,870,2715,,,,,,sweep,,,20,1.3000000000000025,56,,
phase2,taker-sweep,2026-08-14T23:01:48.984116+00:00,jingjie-cpu-10.mae.cornell.edu,4cf37e9,50859,31,syn-s3-n12,92b0ba701fa1,12,6,5bf36d0dbadc,16b6e65e4a23,4,130.0,58.2,4130.0,4175.708347864036,45.708347864036114,exact-milp/taker,GRB,OPTIMAL,4175.708347864036,4175.708347864036,0.0,4096.0,79.70834786403611,31.647377252578735,0.04661273956298828,3082,870,2715,,,,,,sweep,,,20,1.3500000000000023,57,,
phase2,taker-sweep,2026-08-14T23:02:20.898689+00:00,jingjie-cpu-10.mae.cornell.edu,4cf37e9,50859,31,syn-s3-n12,92b0ba701fa1,12,6,5bf36d0dbadc,16b6e65e4a23,4,130.0,58.2,4130.0,4175.708347864036,45.708347864036114,exact-milp/taker,GRB,OPTIMAL,4175.708347864036,4175.708347864036,0.0,4096.0,79.70834786403611,31.777411699295044,0.04527878761291504,3082,870,2715,,,,,,sweep,,,20,1.4000000000000026,58,,
phase2,taker-sweep,2026-08-14T23:02:51.441268+00:00,jingjie-cpu-10.mae.cornell.edu,4cf37e9,50859,31,syn-s3-n12,92b0ba701fa1,12,6,5bf36d0dbadc,16b6e65e4a23,4,130.0,58.2,4130.0,4175.708347864036,45.708347864036114,exact-milp/taker,GRB,OPTIMAL,4175.708347864036,4175.708235795875,2.68381197995981e-08,4096.0,79.70834786403611,30.405698776245117,0.04682564735412598,3082,870,2715,,,,,,sweep,,,20,1.4500000000000028,59,,
phase2,taker-sweep,2026-08-14T23:03:17.711678+00:00,jingjie-cpu-10.mae.cornell.edu,4cf37e9,50859,31,syn-s3-n12,92b0ba701fa1,12,6,5bf36d0dbadc,16b6e65e4a23,4,130.0,58.2,4130.0,4175.708347864036,45.708347864036114,exact-milp/taker,GRB,OPTIMAL,4175.708347864036,4175.708347864036,0.0,4096.0,79.70834786403611,26.138798713684082,0.04730391502380371,3082,870,2715,,,,,,sweep,,,20,1.5000000000000027,60,,
phase2,taker-sweep,2026-08-14T22:32:54.622126+00:00,jingjie-cpu-10.mae.cornell.edu,4cf37e9,50953,28,syn-s3-n12,92b0ba701fa1,12,6,5bf36d0dbadc,4601e869be1c,4,130.0,58.2,4130.0,4160.553634541337,30.553634541336578,exact-milp/taker,GRB,OPTIMAL,4160.553634541337,4160.553634541337,0.0,4096.0,64.55363454133658,17.253485202789307,0.055701255798339844,3082,870,2715,,,,,,sweep,,,8,-1.5,0,,
phase2,taker-sweep,2026-08-14T22:33:11.406166+00:00,jingjie-cpu-10.mae.cornell.edu,4cf37e9,50953,28,syn-s3-n12,92b0ba701fa1,12,6,5bf36d0dbadc,4601e869be1c,4,130.0,58.2,4130.0,4162.143634541337,32.14363454133672,exact-milp/taker,GRB,OPTIMAL,4162.143634541337,4162.143634541337,0.0,4096.0,66.14363454133672,16.656020641326904,0.04720044136047363,3082,870,2715,,,,,,sweep,,,8,-1.45,1,,
phase2,taker-sweep,2026-08-14T22:33:31.473392+00:00,jingjie-cpu-10.mae.cornell.edu,4cf37e9,50953,28,syn-s3-n12,92b0ba701fa1,12,6,5bf36d0dbadc,d1363064e262,4,130.0,58.2,4130.0,4163.733634541337,33.73363454133687,exact-milp/taker,GRB,OPTIMAL,4163.733634541337,4163.733634541337,0.0,4096.0,67.73363454133687,19.931416988372803,0.04796576499938965,3082,870,2715,,,,,,sweep,,,8,-1.4,2,,
phase2,taker-sweep,2026-08-14T22:34:00.750910+00:00,jingjie-cpu-10.mae.cornell.edu,4cf37e9,50953,28,syn-s3-n12,92b0ba701fa1,12,6,5bf36d0dbadc,4601e869be1c,4,130.0,58.2,4130.0,4165.323634541337,35.323634541337015,exact-milp/taker,GRB,OPTIMAL,4165.323634541337,4165.323634541337,0.0,4096.0,69.32363454133701,29.148954391479492,0.047119140625,3082,870,2715,,,,,,sweep,,,8,-1.3499999999999999,3,,
phase2,taker-sweep,2026-08-14T22:34:26.994651+00:00,jingjie-cpu-10.mae.cornell.edu,4cf37e9,50953,28,syn-s3-n12,92b0ba701fa1,12,6,5bf36d0dbadc,4601e869be1c,4,130.0,58.2,4130.0,4166.913634541337,36.91363454133716,exact-milp/taker,GRB,OPTIMAL,4166.913634541337,4166.913634541337,0.0,4096.0,70.91363454133716,26.114938020706177,0.04799962043762207,3082,870,2715,,,,,,sweep,,,8,-1.2999999999999998,4,,
phase2,taker-sweep,2026-08-14T22:34:54.716130+00:00,jingjie-cpu-10.mae.cornell.edu,4cf37e9,50953,28,syn-s3-n12,92b0ba701fa1,12,6,5bf36d0dbadc,d1363064e262,4,130.0,58.2,4130.0,4168.503634541337,38.503634541337306,exact-milp/taker,GRB,OPTIMAL,4168.503634541337,4168.503634541337,0.0,4096.0,72.5036345413373,27.59218192100525,0.047980546951293945,3082,870,2715,,,,,,sweep,,,8,-1.2499999999999998,5,,
phase2,taker-sweep,2026-08-14T22:35:22.780117+00:00,jingjie-cpu-10.mae.cornell.edu,4cf37e9,50953,28,syn-s3-n12,92b0ba701fa1,12,6,5bf36d0dbadc,4601e869be1c,4,130.0,58.2,4130.0,4170.093634541337,40.09363454133745,exact-milp/taker,GRB,OPTIMAL,4170.093634541337,4170.093634541337,0.0,4096.0,74.09363454133745,27.86340570449829,0.04459738731384277,3082,870,2715,,,,,,sweep,,,8,-1.1999999999999997,6,,
phase2,taker-sweep,2026-08-14T22:35:50.469459+00:00,jingjie-cpu-10.mae.cornell.edu,4cf37e9,50953,28,syn-s3-n12,92b0ba701fa1,12,6,5bf36d0dbadc,4601e869be1c,4,130.0,58.2,4130.0,4171.683634541338,41.6836345413376,exact-milp/taker,GRB,OPTIMAL,4171.683634541338,4171.683634541337,2.1801622113488097e-16,4096.0,75.6836345413376,27.553670406341553,0.04889178276062012,3082,870,2715,,,,,,sweep,,,8,-1.1499999999999997,7,,
phase2,taker-sweep,2026-08-14T22:36:14.624039+00:00,jingjie-cpu-10.mae.cornell.edu,4cf37e9,50953,28,syn-s3-n12,92b0ba701fa1,12,6,5bf36d0dbadc,d1363064e262,4,130.0,58.2,4130.0,4173.273634541338,43.27363454133774,exact-milp/taker,GRB,OPTIMAL,4173.273634541338,4173.273634541338,0.0,4096.0,77.27363454133774,24.026018381118774,0.04771685600280762,3082,870,2715,,,,,,sweep,,,8,-1.0999999999999996,8,,
phase2,taker-sweep,2026-08-14T22:36:42.214903+00:00,jingjie-cpu-10.mae.cornell.edu,4cf37e9,50953,28,syn-s3-n12,92b0ba701fa1,12,6,5bf36d0dbadc,d1363064e262,4,130.0,58.2,4130.0,4174.863634541337,44.86363454133698,exact-milp/taker,GRB,OPTIMAL,4174.863634541337,4174.863634541337,0.0,4096.0,78.86363454133698,27.463454008102417,0.04695320129394531,3082,870,2715,,,,,,sweep,,,8,-1.0499999999999996,9,,
phase2,taker-sweep,2026-08-14T22:37:06.103665+00:00,jingjie-cpu-10.mae.cornell.edu,4cf37e9,50953,28,syn-s3-n12,92b0ba701fa1,12,6,5bf36d0dbadc,16b6e65e4a23,4,130.0,58.2,4130.0,4175.708347864036,45.708347864036114,exact-milp/taker,GRB,OPTIMAL,4175.708347864036,4175.708347864036,0.0,4096.0,79.70834786403611,23.7520489692688,0.04825735092163086,3082,870,2715,,,,,,sweep,,,8,-0.9999999999999996,10,,
phase2,taker-sweep,2026-08-14T22:37:34.630721+00:00,jingjie-cpu-10.mae.cornell.edu,4cf37e9,50953,28,syn-s3-n12,92b0ba701fa1,12,6,5bf36d0dbadc,16b6e65e4a23,4,130.0,58.2,4130.0,4175.708347864036,45.708347864036114,exact-milp/taker,GRB,OPTIMAL,4175.708347864036,4175.708347864036,0.0,4096.0,79.70834786403611,28.398534297943115,0.04731869697570801,3082,870,2715,,,,,,sweep,,,8,-0.9499999999999995,11,,
phase2,taker-sweep,2026-08-14T22:38:03.400456+00:00,jingjie-cpu-10.mae.cornell.edu,4cf37e9,50953,28,syn-s3-n12,92b0ba701fa1,12,6,5bf36d0dbadc,16b6e65e4a23,4,130.0,58.2,4130.0,4175.708347864036,45.708347864036114,exact-milp/taker,GRB,OPTIMAL,4175.708347864036,4175.708347864036,0.0,4096.0,79.70834786403611,28.64047360420227,0.04806852340698242,3082,870,2715,,,,,,sweep,,,8,-0.8999999999999995,12,,
phase2,taker-sweep,2026-08-14T22:38:36.040494+00:00,jingjie-cpu-10.mae.cornell.edu,4cf37e9,50953,28,syn-s3-n12,92b0ba701fa1,12,6,5bf36d0dbadc,16b6e65e4a23,4,130.0,58.2,4130.0,4175.708347864036,45.708347864036114,exact-milp/taker,GRB,OPTIMAL,4175.708347864036,4175.708347864036,0.0,4096.0,79.70834786403611,32.51038360595703,0.04718780517578125,3082,870,2715,,,,,,sweep,,,8,-0.8499999999999994,13,,
phase2,taker-sweep,2026-08-14T22:39:11.986954+00:00,jingjie-cpu-10.mae.cornell.edu,4cf37e9,50953,28,syn-s3-n12,92b0ba701fa1,12,6,5bf36d0dbadc,16b6e65e4a23,4,130.0,58.2,4130.0,4175.708347864036,45.708347864036114,exact-milp/taker,GRB,OPTIMAL,4175.708347864036,4175.708347864036,0.0,4096.0,79.70834786403611,35.73573112487793,0.04598712921142578,3082,870,2715,,,,,,sweep,,,8,-0.7999999999999994,14,,
phase2,taker-sweep,2026-08-14T22:39:47.224335+00:00,jingjie-cpu-10.mae.cornell.edu,4cf37e9,50953,28,syn-s3-n12,92b0ba701fa1,12,6,5bf36d0dbadc,16b6e65e4a23,4,130.0,58.2,4130.0,4175.708347864036,45.708347864036114,exact-milp/taker,GRB,OPTIMAL,4175.708347864036,4175.708347864036,0.0,4096.0,79.70834786403611,35.10767221450806,0.047794342041015625,3082,870,2715,,,,,,sweep,,,8,-0.7499999999999993,15,,
phase2,taker-sweep,2026-08-14T22:40:15.044134+00:00,jingjie-cpu-10.mae.cornell.edu,4cf37e9,50953,28,syn-s3-n12,92b0ba701fa1,12,6,5bf36d0dbadc,16b6e65e4a23,4,130.0,58.2,4130.0,4175.708347864036,45.708347864036114,exact-milp/taker,GRB,OPTIMAL,4175.708347864036,4175.708347864036,0.0,4096.0,79.70834786403611,27.68760347366333,0.04825139045715332,3082,870,2715,,,,,,sweep,,,8,-0.6999999999999993,16,,
phase2,taker-sweep,2026-08-14T22:40:46.769987+00:00,jingjie-cpu-10.mae.cornell.edu,4cf37e9,50953,28,syn-s3-n12,92b0ba701fa1,12,6,5bf36d0dbadc,16b6e65e4a23,4,130.0,58.2,4130.0,4175.708347864036,45.708347864036114,exact-milp/taker,GRB,OPTIMAL,4175.708347864036,4175.708347864036,0.0,4096.0,79.70834786403611,31.59479522705078,0.04840660095214844,3082,870,2715,,,,,,sweep,,,8,-0.6499999999999992,17,,
phase2,taker-sweep,2026-08-14T22:41:12.977963+00:00,jingjie-cpu-10.mae.cornell.edu,4cf37e9,50953,28,syn-s3-n12,92b0ba701fa1,12,6,5bf36d0dbadc,6c511c586dfd,4,130.0,58.2,4130.0,4175.708347864036,45.708347864036114,exact-milp/taker,GRB,OPTIMAL,4175.708347864036,4175.708347864036,0.0,4096.0,79.70834786403611,26.066770553588867,0.04807925224304199,3082,870,2715,,,,,,sweep,,,8,-0.5999999999999992,18,,
phase2,taker-sweep,2026-08-14T22:41:46.701955+00:00,jingjie-cpu-10.mae.cornell.edu,4cf37e9,50953,28,syn-s3-n12,92b0ba701fa1,12,6,5bf36d0dbadc,16b6e65e4a23,4,130.0,58.2,4130.0,4175.708347864036,45.708347864036114,exact-milp/taker,GRB,OPTIMAL,4175.708347864036,4175.708347864036,0.0,4096.0,79.70834786403611,33.59334373474121,0.04788923263549805,3082,870,2715,,,,,,sweep,,,8,-0.5499999999999992,19,,
phase2,taker-sweep,2026-08-14T22:42:19.130792+00:00,jingjie-cpu-10.mae.cornell.edu,4cf37e9,50953,28,syn-s3-n12,92b0ba701fa1,12,6,5bf36d0dbadc,16b6e65e4a23,4,130.0,58.2,4130.0,4175.708347864036,45.708347864036114,exact-milp/taker,GRB,OPTIMAL,4175.708347864036,4175.708347864036,0.0,4096.0,79.70834786403611,32.30282545089722,0.04478001594543457,3082,870,2715,,,,,,sweep,,,8,-0.4999999999999991,20,,
phase2,taker-sweep,2026-08-14T22:42:51.849408+00:00,jingjie-cpu-10.mae.cornell.edu,4cf37e9,50953,28,syn-s3-n12,92b0ba701fa1,12,6,5bf36d0dbadc,16b6e65e4a23,4,130.0,58.2,4130.0,4175.708347864036,45.708347864036114,exact-milp/taker,GRB,OPTIMAL,4175.708347864036,4175.708347864036,0.0,4096.0,79.70834786403611,32.43413949012756,0.048589468002319336,3082,870,2715,,,,,,sweep,,,8,-0.44999999999999907,21,,
phase2,taker-sweep,2026-08-14T22:43:19.852130+00:00,jingjie-cpu-10.mae.cornell.edu,4cf37e9,50953,28,syn-s3-n12,92b0ba701fa1,12,6,5bf36d0dbadc,16b6e65e4a23,4,130.0,58.2,4130.0,4175.708347864036,45.708347864036114,exact-milp/taker,GRB,OPTIMAL,4175.708347864036,4175.708347864036,0.0,4096.0,79.70834786403611,27.872863054275513,0.04789900779724121,3082,870,2715,,,,,,sweep,,,8,-0.399999999999999,22,,
phase2,taker-sweep,2026-08-14T22:43:52.269978+00:00,jingjie-cpu-10.mae.cornell.edu,4cf37e9,50953,28,syn-s3-n12,92b0ba701fa1,12,6,5bf36d0dbadc,16b6e65e4a23,4,130.0,58.2,4130.0,4175.708347864036,45.708347864036114,exact-milp/taker,GRB,OPTIMAL,4175.708347864036,4175.708347864036,0.0,4096.0,79.70834786403611,32.288156509399414,0.04745221138000488,3082,870,2715,,,,,,sweep,,,8,-0.349999999999999,23,,
phase2,taker-sweep,2026-08-14T22:44:20.267922+00:00,jingjie-cpu-10.mae.cornell.edu,4cf37e9,50953,28,syn-s3-n12,92b0ba701fa1,12,6,5bf36d0dbadc,16b6e65e4a23,4,130.0,58.2,4130.0,4175.708347864036,45.708347864036114,exact-milp/taker,GRB,OPTIMAL,4175.708347864036,4175.708347864036,0.0,4096.0,79.70834786403611,27.868727445602417,0.04687213897705078,3082,870,2715,,,,,,sweep,,,8,-0.29999999999999893,24,,
phase2,taker-sweep,2026-08-14T22:44:50.370726+00:00,jingjie-cpu-10.mae.cornell.edu,4cf37e9,50953,28,syn-s3-n12,92b0ba701fa1,12,6,5bf36d0dbadc,16b6e65e4a23,4,130.0,58.2,4130.0,4175.708347864036,45.708347864036114,exact-milp/taker,GRB,OPTIMAL,4175.708347864036,4175.708347864036,0.0,4096.0,79.70834786403611,29.930910110473633,0.04707455635070801,3082,870,2715,,,,,,sweep,,,8,-0.2499999999999989,25,,
phase2,taker-sweep,2026-08-14T22:45:17.434693+00:00,jingjie-cpu-10.mae.cornell.edu,4cf37e9,50953,28,syn-s3-n12,92b0ba701fa1,12,6,5bf36d0dbadc,6c511c586dfd,4,130.0,58.199963,4130.0,4175.7083107014,45.70831070139957,exact-milp/taker,GRB,OPTIMAL,4175.7083107014,4175.7083107014,0.0,4096.0,79.70831070139957,26.912575721740723,0.044667959213256836,3082,870,2715,,,,,,sweep,,,8,-0.19999999999999885,26,,
phase2,taker-sweep,2026-08-14T22:45:48.077938+00:00,jingjie-cpu-10.mae.cornell.edu,4cf37e9,50953,28,syn-s3-n12,92b0ba701fa1,12,6,5bf36d0dbadc,16b6e65e4a23,4,130.0,58.2,4130.0,4175.708347864036,45.708347864036114,exact-milp/taker,GRB,OPTIMAL,4175.708347864036,4175.708347864036,0.0,4096.0,79.70834786403611,30.51074528694153,0.04854226112365723,3082,870,2715,,,,,,sweep,,,8,-0.1499999999999988,27,,
phase2,taker-sweep,2026-08-14T22:46:16.746796+00:00,jingjie-cpu-10.mae.cornell.edu,4cf37e9,50953,28,syn-s3-n12,92b0ba701fa1,12,6,5bf36d0dbadc,16b6e65e4a23,4,130.0,58.2,4130.0,4175.708347864036,45.708347864036114,exact-milp/taker,GRB,OPTIMAL,4175.708347864036,4175.708347864036,0.0,4096.0,79.70834786403611,28.539632081985474,0.046639442443847656,3082,870,2715,,,,,,sweep,,,8,-0.09999999999999876,28,,
phase2,taker-sweep,2026-08-14T22:46:43.913614+00:00,jingjie-cpu-10.mae.cornell.edu,4cf37e9,50953,28,syn-s3-n12,92b0ba701fa1,12,6,5bf36d0dbadc,16b6e65e4a23,4,130.0,58.2,4130.0,4175.708347864036,45.708347864036114,exact-milp/taker,GRB,OPTIMAL,4175.708347864036,4175.708347864036,0.0,4096.0,79.70834786403611,27.03777050971985,0.047122955322265625,3082,870,2715,,,,,,sweep,,,8,-0.04999999999999871,29,,
phase2,taker-sweep,2026-08-14T22:47:12.032915+00:00,jingjie-cpu-10.mae.cornell.edu,4cf37e9,50953,28,syn-s3-n12,92b0ba701fa1,12,6,5bf36d0dbadc,16b6e65e4a23,4,130.0,58.2,4130.0,4175.708347864036,45.708347864036114,exact-milp/taker,GRB,OPTIMAL,4175.708347864036,4175.708347864036,0.0,4096.0,79.70834786403611,27.982183694839478,0.04761457443237305,3082,870,2715,,,,,,sweep,,,8,1.3322676295501878e-15,30,,
phase2,taker-sweep,2026-08-14T22:47:39.904961+00:00,jingjie-cpu-10.mae.cornell.edu,4cf37e9,50953,28,syn-s3-n12,92b0ba701fa1,12,6,5bf36d0dbadc,16b6e65e4a23,4,130.0,58.2,4130.0,4175.708347864036,45.708347864036114,exact-milp/taker,GRB,OPTIMAL,4175.708347864036,4175.708347864036,0.0,4096.0,79.70834786403611,27.743178606033325,0.047081708908081055,3082,870,2715,,,,,,sweep,,,8,0.05000000000000138,31,,
phase2,taker-sweep,2026-08-14T22:48:07.269360+00:00,jingjie-cpu-10.mae.cornell.edu,4cf37e9,50953,28,syn-s3-n12,92b0ba701fa1,12,6,5bf36d0dbadc,16b6e65e4a23,4,130.0,58.2,4130.0,4175.708347864036,45.708347864036114,exact-milp/taker,GRB,OPTIMAL,4175.708347864036,4175.708347864036,0.0,4096.0,79.70834786403611,27.23461103439331,0.0469515323638916,3082,870,2715,,,,,,sweep,,,8,0.10000000000000142,32,,
phase2,taker-sweep,2026-08-14T22:48:36.238012+00:00,jingjie-cpu-10.mae.cornell.edu,4cf37e9,50953,28,syn-s3-n12,92b0ba701fa1,12,6,5bf36d0dbadc,16b6e65e4a23,4,130.0,58.2,4130.0,4175.708347864036,45.708347864036114,exact-milp/taker,GRB,OPTIMAL,4175.708347864036,4175.708347864036,0.0,4096.0,79.70834786403611,28.837442874908447,0.04804730415344238,3082,870,2715,,,,,,sweep,,,8,0.15000000000000147,33,,
phase2,taker-sweep,2026-08-14T22:49:00.213543+00:00,jingjie-cpu-10.mae.cornell.edu,4cf37e9,50953,28,syn-s3-n12,92b0ba701fa1,12,6,5bf36d0dbadc,16b6e65e4a23,4,130.0,58.2,4130.0,4175.708347864036,45.708347864036114,exact-milp/taker,GRB,OPTIMAL,4175.708347864036,4175.708347864036,0.0,4096.0,79.70834786403611,23.82891607284546,0.04806852340698242,3082,870,2715,,,,,,sweep,,,8,0.2000000000000015,34,,
phase2,taker-sweep,2026-08-14T22:49:29.790971+00:00,jingjie-cpu-10.mae.cornell.edu,4cf37e9,50953,28,syn-s3-n12,92b0ba701fa1,12,6,5bf36d0dbadc,16b6e65e4a23,4,130.0,58.2,4130.0,4175.708347864036,45.708347864036114,exact-milp/taker,GRB,OPTIMAL,4175.708347864036,4175.708235795875,2.68381197995981e-08,4096.0,79.70834786403611,29.291581392288208,0.04606175422668457,3082,870,2715,,,,,,sweep,,,8,0.25000000000000155,35,,
phase2,taker-sweep,2026-08-14T22:49:57.512551+00:00,jingjie-cpu-10.mae.cornell.edu,4cf37e9,50953,28,syn-s3-n12,92b0ba701fa1,12,6,5bf36d0dbadc,16b6e65e4a23,4,130.0,58.2,4130.0,4175.708347864036,45.708347864036114,exact-milp/taker,GRB,OPTIMAL,4175.708347864036,4175.708347864036,0.0,4096.0,79.70834786403611,27.591914653778076,0.04752779006958008,3082,870,2715,,,,,,sweep,,,8,0.3000000000000016,36,,
phase2,taker-sweep,2026-08-14T22:50:23.519089+00:00,jingjie-cpu-10.mae.cornell.edu,4cf37e9,50953,28,syn-s3-n12,92b0ba701fa1,12,6,5bf36d0dbadc,16b6e65e4a23,4,130.0,58.2,4130.0,4175.708347864036,45.708347864036114,exact-milp/taker,GRB,OPTIMAL,4175.708347864036,4175.708347864036,0.0,4096.0,79.70834786403611,25.877930879592896,0.04712080955505371,3082,870,2715,,,,,,sweep,,,8,0.35000000000000164,37,,
phase2,taker-sweep,2026-08-14T22:50:55.210294+00:00,jingjie-cpu-10.mae.cornell.edu,4cf37e9,50953,28,syn-s3-n12,92b0ba701fa1,12,6,5bf36d0dbadc,16b6e65e4a23,4,130.0,58.2,4130.0,4175.708347864036,45.708347864036114,exact-milp/taker,GRB,OPTIMAL,4175.708347864036,4175.708347864036,0.0,4096.0,79.70834786403611,31.552746295928955,0.047904253005981445,3082,870,2715,,,,,,sweep,,,8,0.4000000000000017,38,,
phase2,taker-sweep,2026-08-14T22:51:31.958744+00:00,jingjie-cpu-10.mae.cornell.edu,4cf37e9,50953,28,syn-s3-n12,92b0ba701fa1,12,6,5bf36d0dbadc,16b6e65e4a23,4,130.0,58.2,4130.0,4175.708347864036,45.708347864036114,exact-milp/taker,GRB,OPTIMAL,4175.708347864036,4175.708347864036,0.0,4096.0,79.70834786403611,36.618388414382935,0.04748725891113281,3082,870,2715,,,,,,sweep,,,8,0.45000000000000173,39,,
phase2,taker-sweep,2026-08-14T22:51:59.742211+00:00,jingjie-cpu-10.mae.cornell.edu,4cf37e9,50953,28,syn-s3-n12,92b0ba701fa1,12,6,5bf36d0dbadc,16b6e65e4a23,4,130.0,58.2,4130.0,4175.708347864036,45.708347864036114,exact-milp/taker,GRB,OPTIMAL,4175.708347864036,4175.708347864036,0.0,4096.0,79.70834786403611,27.65350079536438,0.047197580337524414,3082,870,2715,,,,,,sweep,,,8,0.5000000000000018,40,,
phase2,taker-sweep,2026-08-14T22:52:26.323905+00:00,jingjie-cpu-10.mae.cornell.edu,4cf37e9,50953,28,syn-s3-n12,92b0ba701fa1,12,6,5bf36d0dbadc,16b6e65e4a23,4,130.0,58.2,4130.0,4175.708347864036,45.708347864036114,exact-milp/taker,GRB,OPTIMAL,4175.708347864036,4175.708347864036,0.0,4096.0,79.70834786403611,26.450428247451782,0.04809212684631348,3082,870,2715,,,,,,sweep,,,8,0.5500000000000016,41,,
phase2,taker-sweep,2026-08-14T22:52:52.771449+00:00,jingjie-cpu-10.mae.cornell.edu,4cf37e9,50953,28,syn-s3-n12,92b0ba701fa1,12,6,5bf36d0dbadc,16b6e65e4a23,4,130.0,58.2,4130.0,4175.708347864036,45.708347864036114,exact-milp/taker,GRB,OPTIMAL,4175.708347864036,4175.708347864036,0.0,4096.0,79.70834786403611,26.309287071228027,0.048193931579589844,3082,870,2715,,,,,,sweep,,,8,0.6000000000000019,42,,
phase2,taker-sweep,2026-08-14T22:53:22.477375+00:00,jingjie-cpu-10.mae.cornell.edu,4cf37e9,50953,28,syn-s3-n12,92b0ba701fa1,12,6,5bf36d0dbadc,16b6e65e4a23,4,130.0,58.2,4130.0,4175.708347864036,45.708347864036114,exact-milp/taker,GRB,OPTIMAL,4175.708347864036,4175.708347864036,0.0,4096.0,79.70834786403611,29.572852849960327,0.04700827598571777,3082,870,2715,,,,,,sweep,,,8,0.6500000000000021,43,,
phase2,taker-sweep,2026-08-14T22:53:58.720282+00:00,jingjie-cpu-10.mae.cornell.edu,4cf37e9,50953,28,syn-s3-n12,92b0ba701fa1,12,6,5bf36d0dbadc,16b6e65e4a23,4,130.0,58.2,4130.0,4175.708347864036,45.708347864036114,exact-milp/taker,GRB,OPTIMAL,4175.708347864036,4175.708347864036,0.0,4096.0,79.70834786403611,36.111676931381226,0.04706597328186035,3082,870,2715,,,,,,sweep,,,8,0.700000000000002,44,,
phase2,taker-sweep,2026-08-14T22:54:24.932917+00:00,jingjie-cpu-10.mae.cornell.edu,4cf37e9,50953,28,syn-s3-n12,92b0ba701fa1,12,6,5bf36d0dbadc,16b6e65e4a23,4,130.0,58.2,4130.0,4175.708347864036,45.708347864036114,exact-milp/taker,GRB,OPTIMAL,4175.708347864036,4175.708347864036,0.0,4096.0,79.70834786403611,26.08190131187439,0.04681658744812012,3082,870,2715,,,,,,sweep,,,8,0.7500000000000018,45,,
phase2,taker-sweep,2026-08-14T22:54:53.438102+00:00,jingjie-cpu-10.mae.cornell.edu,4cf37e9,50953,28,syn-s3-n12,92b0ba701fa1,12,6,5bf36d0dbadc,16b6e65e4a23,4,130.0,58.2,4130.0,4175.708347864036,45.708347864036114,exact-milp/taker,GRB,OPTIMAL,4175.708347864036,4175.708347864036,0.0,4096.0,79.70834786403611,28.373212814331055,0.04454660415649414,3082,870,2715,,,,,,sweep,,,8,0.800000000000002,46,,
phase2,taker-sweep,2026-08-14T22:55:21.734806+00:00,jingjie-cpu-10.mae.cornell.edu,4cf37e9,50953,28,syn-s3-n12,92b0ba701fa1,12,6,5bf36d0dbadc,16b6e65e4a23,4,130.0,58.2,4130.0,4175.708347864036,45.708347864036114,exact-milp/taker,GRB,OPTIMAL,4175.708347864036,4175.708347864036,0.0,4096.0,79.70834786403611,28.166847944259644,0.046738386154174805,3082,870,2715,,,,,,sweep,,,8,0.8500000000000023,47,,
phase2,taker-sweep,2026-08-14T22:56:00.790621+00:00,jingjie-cpu-10.mae.cornell.edu,4cf37e9,50953,28,syn-s3-n12,92b0ba701fa1,12,6,5bf36d0dbadc,16b6e65e4a23,4,130.0,58.2,4130.0,4175.708347864036,45.708347864036114,exact-milp/taker,GRB,OPTIMAL,4175.708347864036,4175.708347864036,0.0,4096.0,79.70834786403611,38.92332744598389,0.04784417152404785,3082,870,2715,,,,,,sweep,,,8,0.9000000000000021,48,,
phase2,taker-sweep,2026-08-14T22:56:27.369664+00:00,jingjie-cpu-10.mae.cornell.edu,4cf37e9,50953,28,syn-s3-n12,92b0ba701fa1,12,6,5bf36d0dbadc,16b6e65e4a23,4,130.0,58.2,4130.0,4175.708347864036,45.708347864036114,exact-milp/taker,GRB,OPTIMAL,4175.708347864036,4175.708347864036,0.0,4096.0,79.70834786403611,26.421435356140137,0.0473480224609375,3082,870,2715,,,,,,sweep,,,8,0.950000000000002,49,,
phase2,taker-sweep,2026-08-14T22:56:58.170579+00:00,jingjie-cpu-10.mae.cornell.edu,4cf37e9,50953,28,syn-s3-n12,92b0ba701fa1,12,6,5bf36d0dbadc,16b6e65e4a23,4,130.0,58.2,4130.0,4175.708347864036,45.708347864036114,exact-milp/taker,GRB,OPTIMAL,4175.708347864036,4175.708235795875,2.68381197995981e-08,4096.0,79.70834786403611,30.500495672225952,0.04535174369812012,3082,870,2715,,,,,,sweep,,,8,1.0000000000000022,50,,
phase2,taker-sweep,2026-08-14T22:57:27.722135+00:00,jingjie-cpu-10.mae.cornell.edu,4cf37e9,50953,28,syn-s3-n12,92b0ba701fa1,12,6,5bf36d0dbadc,16b6e65e4a23,4,130.0,58.2,4130.0,4175.708347864036,45.708347864036114,exact-milp/taker,GRB,OPTIMAL,4175.708347864036,4175.708347864036,0.0,4096.0,79.70834786403611,29.419605016708374,0.048676490783691406,3082,870,2715,,,,,,sweep,,,8,1.0500000000000025,51,,
phase2,taker-sweep,2026-08-14T22:57:56.314329+00:00,jingjie-cpu-10.mae.cornell.edu,4cf37e9,50953,28,syn-s3-n12,92b0ba701fa1,12,6,5bf36d0dbadc,16b6e65e4a23,4,130.0,58.2,4130.0,4175.708347864036,45.708347864036114,exact-milp/taker,GRB,OPTIMAL,4175.708347864036,4175.708347864036,0.0,4096.0,79.70834786403611,28.458659648895264,0.04722261428833008,3082,870,2715,,,,,,sweep,,,8,1.1000000000000023,52,,
phase2,taker-sweep,2026-08-14T22:58:28.807686+00:00,jingjie-cpu-10.mae.cornell.edu,4cf37e9,50953,28,syn-s3-n12,92b0ba701fa1,12,6,5bf36d0dbadc,16b6e65e4a23,4,130.0,58.2,4130.0,4175.708347864036,45.708347864036114,exact-milp/taker,GRB,OPTIMAL,4175.708347864036,4175.708347864036,0.0,4096.0,79.70834786403611,32.36550974845886,0.04397988319396973,3082,870,2715,,,,,,sweep,,,8,1.1500000000000021,53,,
phase2,taker-sweep,2026-08-14T22:58:54.441659+00:00,jingjie-cpu-10.mae.cornell.edu,4cf37e9,50953,28,syn-s3-n12,92b0ba701fa1,12,6,5bf36d0dbadc,16b6e65e4a23,4,130.0,58.2,4130.0,4175.708347864036,45.708347864036114,exact-milp/taker,GRB,OPTIMAL,4175.708347864036,4175.708347864036,0.0,4096.0,79.70834786403611,25.4964017868042,0.04777193069458008,3082,870,2715,,,,,,sweep,,,8,1.2000000000000024,54,,
phase2,taker-sweep,2026-08-14T22:59:22.531223+00:00,jingjie-cpu-10.mae.cornell.edu,4cf37e9,50953,28,syn-s3-n12,92b0ba701fa1,12,6,5bf36d0dbadc,16b6e65e4a23,4,130.0,58.2,4130.0,4175.708347864036,45.708347864036114,exact-milp/taker,GRB,OPTIMAL,4175.708347864036,4175.708347864036,0.0,4096.0,79.70834786403611,27.95835256576538,0.04698920249938965,3082,870,2715,,,,,,sweep,,,8,1.2500000000000027,55,,
phase2,taker-sweep,2026-08-14T22:59:49.923853+00:00,jingjie-cpu-10.mae.cornell.edu,4cf37e9,50953,28,syn-s3-n12,92b0ba701fa1,12,6,5bf36d0dbadc,16b6e65e4a23,4,130.0,58.2,4130.0,4175.708347864036,45.708347864036114,exact-milp/taker,GRB,OPTIMAL,4175.708347864036,4175.708347864036,0.0,4096.0,79.70834786403611,27.26068639755249,0.04784870147705078,3082,870,2715,,,,,,sweep,,,8,1.3000000000000025,56,,
phase2,taker-sweep,2026-08-14T23:00:16.896737+00:00,jingjie-cpu-10.mae.cornell.edu,4cf37e9,50953,28,syn-s3-n12,92b0ba701fa1,12,6,5bf36d0dbadc,16b6e65e4a23,4,130.0,58.2,4130.0,4175.708347864036,45.708347864036114,exact-milp/taker,GRB,OPTIMAL,4175.708347864036,4175.708347864036,0.0,4096.0,79.70834786403611,26.839529991149902,0.04717087745666504,3082,870,2715,,,,,,sweep,,,8,1.3500000000000023,57,,
phase2,taker-sweep,2026-08-14T23:00:41.793324+00:00,jingjie-cpu-10.mae.cornell.edu,4cf37e9,50953,28,syn-s3-n12,92b0ba701fa1,12,6,5bf36d0dbadc,16b6e65e4a23,4,130.0,58.2,4130.0,4175.708347864036,45.708347864036114,exact-milp/taker,GRB,OPTIMAL,4175.708347864036,4175.708347864036,0.0,4096.0,79.70834786403611,24.764452934265137,0.04496049880981445,3082,870,2715,,,,,,sweep,,,8,1.4000000000000026,58,,
phase2,taker-sweep,2026-08-14T23:01:19.479805+00:00,jingjie-cpu-10.mae.cornell.edu,4cf37e9,50953,28,syn-s3-n12,92b0ba701fa1,12,6,5bf36d0dbadc,16b6e65e4a23,4,130.0,58.2,4130.0,4175.708347864036,45.708347864036114,exact-milp/taker,GRB,OPTIMAL,4175.708347864036,4175.708347864036,0.0,4096.0,79.70834786403611,37.55560874938965,0.04704594612121582,3082,870,2715,,,,,,sweep,,,8,1.4500000000000028,59,,
phase2,taker-sweep,2026-08-14T23:01:47.207749+00:00,jingjie-cpu-10.mae.cornell.edu,4cf37e9,50953,28,syn-s3-n12,92b0ba701fa1,12,6,5bf36d0dbadc,16b6e65e4a23,4,130.0,58.2,4130.0,4175.708347864036,45.708347864036114,exact-milp/taker,GRB,OPTIMAL,4175.708347864036,4175.708347864036,0.0,4096.0,79.70834786403611,27.59745955467224,0.047063589096069336,3082,870,2715,,,,,,sweep,,,8,1.5000000000000027,60,,
phase2,taker-sweep,2026-08-14T22:32:36.376397+00:00,jingjie-cpu-12.mae.cornell.edu,4cf37e9,50950,25,syn-s3-n8,ca21a3071609,8,4,61262db373e1,34508fcc28d0,3,100.0,46.4,3100.0,3068.8009856822446,-31.199014317755427,exact-milp/taker,GRB,OPTIMAL,3068.8009856822446,3068.8009856822446,0.0,3033.312894005805,35.48809167643958,0.24682879447937012,0.012411117553710938,848,296,915,,,,,,sweep,,,12,-1.5,0,,
phase2,taker-sweep,2026-08-14T22:32:36.691645+00:00,jingjie-cpu-12.mae.cornell.edu,4cf37e9,50950,25,syn-s3-n8,ca21a3071609,8,4,61262db373e1,34508fcc28d0,3,100.0,46.4,3100.0,3071.1209856822447,-28.879014317755264,exact-milp/taker,GRB,OPTIMAL,3071.1209856822447,3071.1209856822447,0.0,3039.3128940058054,31.80809167643929,0.25564026832580566,0.009750604629516602,848,296,915,,,,,,sweep,,,12,-1.45,1,,
phase2,taker-sweep,2026-08-14T22:32:37.042518+00:00,jingjie-cpu-12.mae.cornell.edu,4cf37e9,50950,25,syn-s3-n8,ca21a3071609,8,4,aa1057dbf261,34508fcc28d0,3,100.0,46.4,3100.0,3073.440985682245,-26.5590143177551,exact-milp/taker,GRB,OPTIMAL,3073.440985682245,3073.440985682245,0.0,3045.3128940058054,28.128091676439453,0.3116574287414551,0.009687662124633789,848,296,915,,,,,,sweep,,,12,-1.4,2,,
phase2,taker-sweep,2026-08-14T22:32:37.348199+00:00,jingjie-cpu-12.mae.cornell.edu,4cf37e9,50950,25,syn-s3-n8,ca21a3071609,8,4,d4df9408f5fe,34508fcc28d0,3,100.0,46.4,3100.0,3075.7609856822446,-24.23901431775539,exact-milp/taker,GRB,OPTIMAL,3075.7609856822446,3075.7609856822446,0.0,3051.3128940058054,24.448091676439162,0.25620198249816895,0.008465290069580078,848,296,915,,,,,,sweep,,,12,-1.3499999999999999,3,,
phase2,taker-sweep,2026-08-14T22:32:37.635776+00:00,jingjie-cpu-12.mae.cornell.edu,4cf37e9,50950,25,syn-s3-n8,ca21a3071609,8,4,aa1057dbf261,34508fcc28d0,3,100.0,46.4,3100.0,3078.080985682245,-21.919014317755227,exact-milp/taker,GRB,OPTIMAL,3078.080985682245,3078.080985682245,0.0,3057.312894005805,20.76809167643978,0.24854207038879395,0.008212566375732422,848,296,915,,,,,,sweep,,,12,-1.2999999999999998,4,,
phase2,taker-sweep,2026-08-14T22:32:37.917596+00:00,jingjie-cpu-12.mae.cornell.edu,4cf37e9,50950,25,syn-s3-n8,ca21a3071609,8,4,761c227bc3e1,34508fcc28d0,3,100.0,46.4,3100.0,3080.400985682245,-19.599014317755064,exact-milp/taker,GRB,OPTIMAL,3080.400985682245,3080.400985682245,0.0,3063.312894005806,17.088091676439035,0.24427127838134766,0.008066415786743164,848,296,915,,,,,,sweep,,,12,-1.2499999999999998,5,,
phase2,taker-sweep,2026-08-14T22:32:38.345575+00:00,jingjie-cpu-12.mae.cornell.edu,4cf37e9,50950,25,syn-s3-n8,ca21a3071609,8,4,7d833f5e32d6,34508fcc28d0,3,100.0,46.4,3100.0,3082.7209856822446,-17.279014317755355,exact-milp/taker,GRB,OPTIMAL,3082.7209856822446,3082.7209856822446,0.0,3067.6564470029025,15.06453867934215,0.3908364772796631,0.00796198844909668,848,296,915,,,,,,sweep,,,12,-1.1999999999999997,6,,
phase2,taker-sweep,2026-08-14T22:32:38.773015+00:00,jingjie-cpu-12.mae.cornell.edu,4cf37e9,50950,25,syn-s3-n8,ca21a3071609,8,4,37166dafe2c6,34508fcc28d0,3,100.0,46.4,3100.0,3085.040985682245,-14.95901431775519,exact-milp/taker,GRB,OPTIMAL,3085.040985682245,3085.0409856822444,1.4740399009185239e-16,3070.0,15.04098568224481,0.3905665874481201,0.006938457489013672,848,296,915,,,,,,sweep,,,12,-1.1499999999999997,7,,
phase2,taker-sweep,2026-08-14T22:32:39.219975+00:00,jingjie-cpu-12.mae.cornell.edu,4cf37e9,50950,25,syn-s3-n8,ca21a3071609,8,4,9349369da4a4,34508fcc28d0,3,100.0,46.4,3100.0,3087.360985682245,-12.639014317755027,exact-milp/taker,GRB,OPTIMAL,3087.360985682245,3087.360985682245,0.0,3070.0,17.360985682244973,0.3840599060058594,0.0069675445556640625,848,296,915,,,,,,sweep,,,12,-1.0999999999999996,8,,
phase2,taker-sweep,2026-08-14T22:32:39.683375+00:00,jingjie-cpu-12.mae.cornell.edu,4cf37e9,50950,25,syn-s3-n8,ca21a3071609,8,4,37166dafe2c6,34508fcc28d0,3,100.0,46.4,3100.0,3089.6809856822447,-10.319014317755318,exact-milp/taker,GRB,OPTIMAL,3089.6809856822447,3089.6809856822447,0.0,3070.0,19.680985682244682,0.42499375343322754,0.0070819854736328125,848,296,915,,,,,,sweep,,,12,-1.0499999999999996,9,,
phase2,taker-sweep,2026-08-14T22:32:40.086277+00:00,jingjie-cpu-12.mae.cornell.edu,4cf37e9,50950,25,syn-s3-n8,ca21a3071609,8,4,f4e0a6b2c80a,34508fcc28d0,3,100.0,46.4,3100.0,3092.000985682245,-7.9990143177551545,exact-milp/taker,GRB,OPTIMAL,3092.000985682245,3092.0009856822444,1.4707218820181744e-16,3070.0,22.000985682244846,0.3659491539001465,0.006708621978759766,848,296,915,,,,,,sweep,,,12,-0.9999999999999996,10,,
phase2,taker-sweep,2026-08-14T22:32:40.563165+00:00,jingjie-cpu-12.mae.cornell.edu,4cf37e9,50950,25,syn-s3-n8,ca21a3071609,8,4,2d3f466fc178,34508fcc28d0,3,100.0,46.4,3100.0,3094.320985682245,-5.679014317754991,exact-milp/taker,GRB,OPTIMAL,3094.320985682245,3094.3209856822446,1.4696191926779052e-16,3070.0,24.32098568224501,0.4401569366455078,0.006910800933837891,848,296,915,,,,,,sweep,,,12,-0.9499999999999995,11,,
phase2,taker-sweep,2026-08-14T22:32:41.055595+00:00,jingjie-cpu-12.mae.cornell.edu,4cf37e9,50950,25,syn-s3-n8,ca21a3071609,8,4,f146f233cc28,34508fcc28d0,3,100.0,46.4,3100.0,3096.6409856822447,-3.359014317755282,exact-milp/taker,GRB,OPTIMAL,3096.6409856822447,3096.6409856822447,0.0,3070.0,26.640985682244718,0.4104156494140625,0.007351875305175781,848,296,915,,,,,,sweep,,,12,-0.8999999999999995,12,,
phase2,taker-sweep,2026-08-14T22:32:41.669919+00:00,jingjie-cpu-12.mae.cornell.edu,4cf37e9,50950,25,syn-s3-n8,ca21a3071609,8,4,d4df9408f5fe,34508fcc28d0,3,100.0,46.4,3100.0,3098.960985682245,-1.039014317755118,exact-milp/taker,GRB,OPTIMAL,3098.960985682245,3098.960985682245,0.0,3070.0,28.960985682244882,0.5758810043334961,0.007187843322753906,848,296,915,,,,,,sweep,,,12,-0.8499999999999994,13,,
phase2,taker-sweep,2026-08-14T22:32:42.247369+00:00,jingjie-cpu-12.mae.cornell.edu,4cf37e9,50950,25,syn-s3-n8,ca21a3071609,8,4,7d833f5e32d6,b4ac93bec365,3,100.0,29.3,3100.0,3100.8088982864174,0.8088982864173886,exact-milp/taker,GRB,OPTIMAL,3100.8088982864174,3100.8088982864174,0.0,3070.0,30.80889828641739,0.5402593612670898,0.006951093673706055,848,296,915,,,,,,sweep,,,12,-0.7999999999999994,14,,
phase2,taker-sweep,2026-08-14T22:32:43.015344+00:00,jingjie-cpu-12.mae.cornell.edu,4cf37e9,50950,25,syn-s3-n8,ca21a3071609,8,4,37166dafe2c6,b4ac93bec365,3,100.0,29.3,3100.0,3102.2738982864175,2.273898286417534,exact-milp/taker,GRB,OPTIMAL,3102.2738982864175,3102.2738982864175,0.0,3070.0,32.273898286417534,0.7305552959442139,0.006991147994995117,848,296,915,,,,,,sweep,,,12,-0.7499999999999993,15,,
phase2,taker-sweep,2026-08-14T22:32:43.653973+00:00,jingjie-cpu-12.mae.cornell.edu,4cf37e9,50950,25,syn-s3-n8,ca21a3071609,8,4,37166dafe2c6,b4ac93bec365,3,100.0,29.3,3100.0,3103.7388982864177,3.7388982864176796,exact-milp/taker,GRB,OPTIMAL,3103.7388982864177,3103.7388982864177,0.0,3070.0,33.73889828641768,0.600327730178833,0.007003068923950195,848,296,915,,,,,,sweep,,,12,-0.6999999999999993,16,,
phase2,taker-sweep,2026-08-14T22:32:44.698044+00:00,jingjie-cpu-12.mae.cornell.edu,4cf37e9,50950,25,syn-s3-n8,ca21a3071609,8,4,37166dafe2c6,b4ac93bec365,3,100.0,29.3,3100.0,3105.2038982864174,5.20389828641737,exact-milp/taker,GRB,OPTIMAL,3105.2038982864174,3105.2038982864174,0.0,3070.0,35.20389828641737,0.9592046737670898,0.007047176361083984,848,296,915,,,,,,sweep,,,12,-0.6499999999999992,17,,
phase2,taker-sweep,2026-08-14T22:32:45.472607+00:00,jingjie-cpu-12.mae.cornell.edu,4cf37e9,50950,25,syn-s3-n8,ca21a3071609,8,4,7d833f5e32d6,b4ac93bec365,3,100.0,29.3,3100.0,3106.6688982864175,6.668898286417516,exact-milp/taker,GRB,OPTIMAL,3106.6688982864175,3106.6688982864175,0.0,3070.0,36.668898286417516,0.7347550392150879,0.006895303726196289,848,296,915,,,,,,sweep,,,12,-0.5999999999999992,18,,
phase2,taker-sweep,2026-08-14T22:32:46.384767+00:00,jingjie-cpu-12.mae.cornell.edu,4cf37e9,50950,25,syn-s3-n8,ca21a3071609,8,4,7d833f5e32d6,b4ac93bec365,3,100.0,29.3,3100.0,3108.133898286417,8.133898286417207,exact-milp/taker,GRB,OPTIMAL,3108.133898286417,3108.133898286417,0.0,3070.0,38.13389828641721,0.8746917247772217,0.007166624069213867,848,296,915,,,,,,sweep,,,12,-0.5499999999999992,19,,
phase2,taker-sweep,2026-08-14T22:32:47.209590+00:00,jingjie-cpu-12.mae.cornell.edu,4cf37e9,50950,25,syn-s3-n8,ca21a3071609,8,4,37166dafe2c6,b4ac93bec365,3,100.0,29.3,3100.0,3109.5988982864174,9.598898286417352,exact-milp/taker,GRB,OPTIMAL,3109.5988982864174,3109.5988982864174,0.0,3070.0,39.59889828641735,0.7861008644104004,0.007020473480224609,848,296,915,,,,,,sweep,,,12,-0.4999999999999991,20,,
phase2,taker-sweep,2026-08-14T22:32:47.960470+00:00,jingjie-cpu-12.mae.cornell.edu,4cf37e9,50950,25,syn-s3-n8,ca21a3071609,8,4,7d833f5e32d6,b4ac93bec365,3,100.0,29.3,3100.0,3111.0638982864175,11.063898286417498,exact-milp/taker,GRB,OPTIMAL,3111.0638982864175,3111.0638982864175,0.0,3070.0,41.0638982864175,0.6835083961486816,0.007010221481323242,848,296,915,,,,,,sweep,,,12,-0.44999999999999907,21,,
phase2,taker-sweep,2026-08-14T22:32:48.891152+00:00,jingjie-cpu-12.mae.cornell.edu,4cf37e9,50950,25,syn-s3-n8,ca21a3071609,8,4,cf30cfd67498,d9db5ce5e7b3,3,90.0,26.1,3090.0,3111.600554446263,21.600554446262777,exact-milp/taker,GRB,OPTIMAL,3111.600554446263,3111.600554446263,0.0,3070.0,41.60055444626278,0.8277699947357178,0.007028818130493164,848,296,915,,,,,,sweep,,,12,-0.399999999999999,22,,
phase2,taker-sweep,2026-08-14T22:32:49.574010+00:00,jingjie-cpu-12.mae.cornell.edu,4cf37e9,50950,25,syn-s3-n8,ca21a3071609,8,4,cf30cfd67498,d9db5ce5e7b3,3,90.0,26.1,3090.0,3111.600554446263,21.600554446262777,exact-milp/taker,GRB,OPTIMAL,3111.600554446263,3111.600554446263,0.0,3070.0,41.60055444626278,0.6451270580291748,0.007016658782958984,848,296,915,,,,,,sweep,,,12,-0.349999999999999,23,,
phase2,taker-sweep,2026-08-14T22:32:50.212194+00:00,jingjie-cpu-12.mae.cornell.edu,4cf37e9,50950,25,syn-s3-n8,ca21a3071609,8,4,cf30cfd67498,d9db5ce5e7b3,3,90.0,26.1,3090.0,3111.600554446263,21.600554446262777,exact-milp/taker,GRB,OPTIMAL,3111.600554446263,3111.600554446263,0.0,3070.0,41.60055444626278,0.6003007888793945,0.007169246673583984,848,296,915,,,,,,sweep,,,12,-0.29999999999999893,24,,
phase2,taker-sweep,2026-08-14T22:32:50.914422+00:00,jingjie-cpu-12.mae.cornell.edu,4cf37e9,50950,25,syn-s3-n8,ca21a3071609,8,4,cf30cfd67498,d9db5ce5e7b3,3,90.0,26.1,3090.0,3111.600554446263,21.600554446262777,exact-milp/taker,GRB,OPTIMAL,3111.600554446263,3111.600554446263,0.0,3070.0,41.60055444626278,0.6206681728363037,0.00715327262878418,848,296,915,,,,,,sweep,,,12,-0.2499999999999989,25,,
phase2,taker-sweep,2026-08-14T22:32:51.849247+00:00,jingjie-cpu-12.mae.cornell.edu,4cf37e9,50950,25,syn-s3-n8,ca21a3071609,8,4,cf30cfd67498,d9db5ce5e7b3,3,90.0,26.1,3090.0,3111.600554446263,21.600554446262777,exact-milp/taker,GRB,OPTIMAL,3111.600554446263,3111.600554446263,0.0,3070.0,41.60055444626278,0.8799676895141602,0.00693511962890625,848,296,915,,,,,,sweep,,,12,-0.19999999999999885,26,,
phase2,taker-sweep,2026-08-14T22:32:52.694418+00:00,jingjie-cpu-12.mae.cornell.edu,4cf37e9,50950,25,syn-s3-n8,ca21a3071609,8,4,cf30cfd67498,d9db5ce5e7b3,3,90.0,26.099958,3090.0,3111.600519407597,21.60051940759695,exact-milp/taker,GRB,OPTIMAL,3111.600519407597,3111.600519407597,0.0,3070.0,41.60051940759695,0.8076081275939941,0.006942272186279297,848,296,915,,,,,,sweep,,,12,-0.1499999999999988,27,,
phase2,taker-sweep,2026-08-14T22:32:53.626379+00:00,jingjie-cpu-12.mae.cornell.edu,4cf37e9,50950,25,syn-s3-n8,ca21a3071609,8,4,cf30cfd67498,d9db5ce5e7b3,3,90.0,26.1,3090.0,3111.600554446263,21.600554446262777,exact-milp/taker,GRB,OPTIMAL,3111.600554446263,3111.600554446263,0.0,3070.0,41.60055444626278,0.8944869041442871,0.00700831413269043,848,296,915,,,,,,sweep,,,12,-0.09999999999999876,28,,
phase2,taker-sweep,2026-08-14T22:32:54.449796+00:00,jingjie-cpu-12.mae.cornell.edu,4cf37e9,50950,25,syn-s3-n8,ca21a3071609,8,4,a9a8a7bff486,d9db5ce5e7b3,3,90.0,26.1,3090.0,3111.600554446263,21.600554446262777,exact-milp/taker,GRB,OPTIMAL,3111.600554446263,3111.600554446263,0.0,3070.0,41.60055444626278,0.78475022315979,0.0070590972900390625,848,296,915,,,,,,sweep,,,12,-0.04999999999999871,29,,
phase2,taker-sweep,2026-08-14T22:32:55.385019+00:00,jingjie-cpu-12.mae.cornell.edu,4cf37e9,50950,25,syn-s3-n8,ca21a3071609,8,4,cf30cfd67498,d9db5ce5e7b3,3,90.0,26.1,3090.0,3111.600554446263,21.600554446262777,exact-milp/taker,GRB,OPTIMAL,3111.600554446263,3111.600554446263,0.0,3070.0,41.60055444626278,0.8774962425231934,0.007134914398193359,848,296,915,,,,,,sweep,,,12,1.3322676295501878e-15,30,,
phase2,taker-sweep,2026-08-14T22:32:56.115414+00:00,jingjie-cpu-12.mae.cornell.edu,4cf37e9,50950,25,syn-s3-n8,ca21a3071609,8,4,cf30cfd67498,d9db5ce5e7b3,3,90.0,26.1,3090.0,3111.600554446263,21.600554446262777,exact-milp/taker,GRB,OPTIMAL,3111.600554446263,3111.600554446263,0.0,3070.0,41.60055444626278,0.6934454441070557,0.00681757926940918,848,296,915,,,,,,sweep,,,12,0.05000000000000138,31,,
phase2,taker-sweep,2026-08-14T22:32:57.121130+00:00,jingjie-cpu-12.mae.cornell.edu,4cf37e9,50950,25,syn-s3-n8,ca21a3071609,8,4,a9a8a7bff486,d9db5ce5e7b3,3,90.0,26.1,3090.0,3111.600554446263,21.600554446262777,exact-milp/taker,GRB,OPTIMAL,3111.600554446263,3111.600554446263,0.0,3070.0,41.60055444626278,0.9667143821716309,0.006928443908691406,848,296,915,,,,,,sweep,,,12,0.10000000000000142,32,,
phase2,taker-sweep,2026-08-14T22:32:58.125244+00:00,jingjie-cpu-12.mae.cornell.edu,4cf37e9,50950,25,syn-s3-n8,ca21a3071609,8,4,a9a8a7bff486,d9db5ce5e7b3,3,90.0,26.1,3090.0,3111.600554446263,21.600554446262777,exact-milp/taker,GRB,OPTIMAL,3111.600554446263,3111.600554446263,0.0,3070.0,41.60055444626278,0.9663233757019043,0.007033824920654297,848,296,915,,,,,,sweep,,,12,0.15000000000000147,33,,
phase2,taker-sweep,2026-08-14T22:32:59.041519+00:00,jingjie-cpu-12.mae.cornell.edu,4cf37e9,50950,25,syn-s3-n8,ca21a3071609,8,4,cf30cfd67498,d9db5ce5e7b3,3,90.0,26.1,3090.0,3111.600554446263,21.600554446262777,exact-milp/taker,GRB,OPTIMAL,3111.600554446263,3111.600554446263,0.0,3070.0,41.60055444626278,0.8763027191162109,0.007125377655029297,848,296,915,,,,,,sweep,,,12,0.2000000000000015,34,,
phase2,taker-sweep,2026-08-14T22:32:59.991717+00:00,jingjie-cpu-12.mae.cornell.edu,4cf37e9,50950,25,syn-s3-n8,ca21a3071609,8,4,a9a8a7bff486,d9db5ce5e7b3,3,90.0,26.1,3090.0,3111.600554446263,21.600554446262777,exact-milp/taker,GRB,OPTIMAL,3111.600554446263,3111.600554446263,0.0,3070.0,41.60055444626278,0.8383209705352783,0.007193565368652344,848,296,915,,,,,,sweep,,,12,0.25000000000000155,35,,
phase2,taker-sweep,2026-08-14T22:33:00.708910+00:00,jingjie-cpu-12.mae.cornell.edu,4cf37e9,50950,25,syn-s3-n8,ca21a3071609,8,4,a9a8a7bff486,d9db5ce5e7b3,3,90.0,26.1,3090.0,3111.600554446263,21.600554446262777,exact-milp/taker,GRB,OPTIMAL,3111.600554446263,3111.600554446263,0.0,3070.0,41.60055444626278,0.6488866806030273,0.007112264633178711,848,296,915,,,,,,sweep,,,12,0.3000000000000016,36,,
phase2,taker-sweep,2026-08-14T22:33:01.438288+00:00,jingjie-cpu-12.mae.cornell.edu,4cf37e9,50950,25,syn-s3-n8,ca21a3071609,8,4,a9a8a7bff486,d9db5ce5e7b3,3,90.0,26.1,3090.0,3111.600554446263,21.600554446262777,exact-milp/taker,GRB,OPTIMAL,3111.600554446263,3111.600554446263,0.0,3070.0,41.60055444626278,0.6894686222076416,0.007116794586181641,848,296,915,,,,,,sweep,,,12,0.35000000000000164,37,,
phase2,taker-sweep,2026-08-14T22:33:02.356152+00:00,jingjie-cpu-12.mae.cornell.edu,4cf37e9,50950,25,syn-s3-n8,ca21a3071609,8,4,a9a8a7bff486,d9db5ce5e7b3,3,90.0,26.1,3090.0,3111.600554446263,21.600554446262777,exact-milp/taker,GRB,OPTIMAL,3111.600554446263,3111.600554446263,0.0,3070.0,41.60055444626278,0.879713773727417,0.006960391998291016,848,296,915,,,,,,sweep,,,12,0.4000000000000017,38,,
phase2,taker-sweep,2026-08-14T22:33:03.160692+00:00,jingjie-cpu-12.mae.cornell.edu,4cf37e9,50950,25,syn-s3-n8,ca21a3071609,8,4,a9a8a7bff486,d9db5ce5e7b3,3,90.0,26.1,3090.0,3111.600554446263,21.600554446262777,exact-milp/taker,GRB,OPTIMAL,3111.600554446263,3111.600554446263,0.0,3070.0,41.60055444626278,0.7370686531066895,0.007101535797119141,848,296,915,,,,,,sweep,,,12,0.45000000000000173,39,,
phase2,taker-sweep,2026-08-14T22:33:04.122825+00:00,jingjie-cpu-12.mae.cornell.edu,4cf37e9,50950,25,syn-s3-n8,ca21a3071609,8,4,a9a8a7bff486,d9db5ce5e7b3,3,90.0,26.1,3090.0,3111.600554446263,21.600554446262777,exact-milp/taker,GRB,OPTIMAL,3111.600554446263,3111.600554446263,0.0,3070.0,41.60055444626278,0.9015698432922363,0.007148027420043945,848,296,915,,,,,,sweep,,,12,0.5000000000000018,40,,
phase2,taker-sweep,2026-08-14T22:33:05.016155+00:00,jingjie-cpu-12.mae.cornell.edu,4cf37e9,50950,25,syn-s3-n8,ca21a3071609,8,4,a9a8a7bff486,d9db5ce5e7b3,3,90.0,26.1,3090.0,3111.600554446263,21.600554446262777,exact-milp/taker,GRB,OPTIMAL,3111.600554446263,3111.600554446263,0.0,3070.0,41.60055444626278,0.8542158603668213,0.007122516632080078,848,296,915,,,,,,sweep,,,12,0.5500000000000016,41,,
phase2,taker-sweep,2026-08-14T22:33:05.743127+00:00,jingjie-cpu-12.mae.cornell.edu,4cf37e9,50950,25,syn-s3-n8,ca21a3071609,8,4,a9a8a7bff486,d9db5ce5e7b3,3,90.0,26.1,3090.0,3111.600554446263,21.600554446262777,exact-milp/taker,GRB,OPTIMAL,3111.600554446263,3111.600554446263,0.0,3070.0,41.60055444626278,0.6873462200164795,0.007027387619018555,848,296,915,,,,,,sweep,,,12,0.6000000000000019,42,,
phase2,taker-sweep,2026-08-14T22:33:06.476178+00:00,jingjie-cpu-12.mae.cornell.edu,4cf37e9,50950,25,syn-s3-n8,ca21a3071609,8,4,a9a8a7bff486,d9db5ce5e7b3,3,90.0,26.1,3090.0,3111.600554446263,21.600554446262777,exact-milp/taker,GRB,OPTIMAL,3111.600554446263,3111.600554446263,0.0,3070.0,41.60055444626278,0.6944916248321533,0.007105827331542969,848,296,915,,,,,,sweep,,,12,0.6500000000000021,43,,
phase2,taker-sweep,2026-08-14T22:33:07.429943+00:00,jingjie-cpu-12.mae.cornell.edu,4cf37e9,50950,25,syn-s3-n8,ca21a3071609,8,4,a9a8a7bff486,d9db5ce5e7b3,3,90.0,26.1,3090.0,3111.600554446263,21.600554446262777,exact-milp/taker,GRB,OPTIMAL,3111.600554446263,3111.600554446263,0.0,3070.0,41.60055444626278,0.8878860473632812,0.007084846496582031,848,296,915,,,,,,sweep,,,12,0.700000000000002,44,,
phase2,taker-sweep,2026-08-14T22:33:08.363312+00:00,jingjie-cpu-12.mae.cornell.edu,4cf37e9,50950,25,syn-s3-n8,ca21a3071609,8,4,a9a8a7bff486,d9db5ce5e7b3,3,90.0,26.1,3090.0,3111.600554446263,21.600554446262777,exact-milp/taker,GRB,OPTIMAL,3111.600554446263,3111.600554446263,0.0,3070.0,41.60055444626278,0.8928382396697998,0.007137775421142578,848,296,915,,,,,,sweep,,,12,0.7500000000000018,45,,
phase2,taker-sweep,2026-08-14T22:33:09.060310+00:00,jingjie-cpu-12.mae.cornell.edu,4cf37e9,50950,25,syn-s3-n8,ca21a3071609,8,4,a9a8a7bff486,d9db5ce5e7b3,3,90.0,26.1,3090.0,3111.600554446263,21.600554446262777,exact-milp/taker,GRB,OPTIMAL,3111.600554446263,3111.600554446263,0.0,3070.0,41.60055444626278,0.6570591926574707,0.007339954376220703,848,296,915,,,,,,sweep,,,12,0.800000000000002,46,,
phase2,taker-sweep,2026-08-14T22:33:09.761878+00:00,jingjie-cpu-12.mae.cornell.edu,4cf37e9,50950,25,syn-s3-n8,ca21a3071609,8,4,a9a8a7bff486,d9db5ce5e7b3,3,90.0,26.1,3090.0,3111.600554446263,21.600554446262777,exact-milp/taker,GRB,OPTIMAL,3111.600554446263,3111.600554446263,0.0,3070.0,41.60055444626278,0.6625030040740967,0.006991863250732422,848,296,915,,,,,,sweep,,,12,0.8500000000000023,47,,
phase2,taker-sweep,2026-08-14T22:33:10.641617+00:00,jingjie-cpu-12.mae.cornell.edu,4cf37e9,50950,25,syn-s3-n8,ca21a3071609,8,4,a9a8a7bff486,d9db5ce5e7b3,3,90.0,26.1,3090.0,3111.600554446263,21.600554446262777,exact-milp/taker,GRB,OPTIMAL,3111.600554446263,3111.600554446263,0.0,3070.0,41.60055444626278,0.8019018173217773,0.008162498474121094,848,296,915,,,,,,sweep,,,12,0.9000000000000021,48,,
phase2,taker-sweep,2026-08-14T22:33:11.373669+00:00,jingjie-cpu-12.mae.cornell.edu,4cf37e9,50950,25,syn-s3-n8,ca21a3071609,8,4,a9a8a7bff486,d9db5ce5e7b3,3,90.0,26.1,3090.0,3111.600554446263,21.600554446262777,exact-milp/taker,GRB,OPTIMAL,3111.600554446263,3111.600554446263,0.0,3070.0,41.60055444626278,0.6936297416687012,0.007495880126953125,848,296,915,,,,,,sweep,,,12,0.950000000000002,49,,
phase2,taker-sweep,2026-08-14T22:33:12.066709+00:00,jingjie-cpu-12.mae.cornell.edu,4cf37e9,50950,25,syn-s3-n8,ca21a3071609,8,4,a9a8a7bff486,d9db5ce5e7b3,3,90.0,26.1,3090.0,3111.600554446263,21.600554446262777,exact-milp/taker,GRB,OPTIMAL,3111.600554446263,3111.600554446263,0.0,3070.0,41.60055444626278,0.6550323963165283,0.0070645809173583984,848,296,915,,,,,,sweep,,,12,1.0000000000000022,50,,
phase2,taker-sweep,2026-08-14T22:33:12.963882+00:00,jingjie-cpu-12.mae.cornell.edu,4cf37e9,50950,25,syn-s3-n8,ca21a3071609,8,4,a9a8a7bff486,d9db5ce5e7b3,3,90.0,26.1,3090.0,3111.600554446263,21.600554446262777,exact-milp/taker,GRB,OPTIMAL,3111.600554446263,3111.600554446263,0.0,3070.0,41.60055444626278,0.8584606647491455,0.0073931217193603516,848,296,915,,,,,,sweep,,,12,1.0500000000000025,51,,
phase2,taker-sweep,2026-08-14T22:33:13.836097+00:00,jingjie-cpu-12.mae.cornell.edu,4cf37e9,50950,25,syn-s3-n8,ca21a3071609,8,4,a9a8a7bff486,d9db5ce5e7b3,3,90.0,26.1,3090.0,3111.600554446263,21.600554446262777,exact-milp/taker,GRB,OPTIMAL,3111.600554446263,3111.600554446263,0.0,3070.0,41.60055444626278,0.8332083225250244,0.0072519779205322266,848,296,915,,,,,,sweep,,,12,1.1000000000000023,52,,
phase2,taker-sweep,2026-08-14T22:33:14.575443+00:00,jingjie-cpu-12.mae.cornell.edu,4cf37e9,50950,25,syn-s3-n8,ca21a3071609,8,4,a9a8a7bff486,d9db5ce5e7b3,3,90.0,26.1,3090.0,3111.600554446263,21.600554446262777,exact-milp/taker,GRB,OPTIMAL,3111.600554446263,3111.600554446263,0.0,3070.0,41.60055444626278,0.6593701839447021,0.0074384212493896484,848,296,915,,,,,,sweep,,,12,1.1500000000000021,53,,
phase2,taker-sweep,2026-08-14T22:33:15.321252+00:00,jingjie-cpu-12.mae.cornell.edu,4cf37e9,50950,25,syn-s3-n8,ca21a3071609,8,4,a9a8a7bff486,d9db5ce5e7b3,3,90.0,26.1,3090.0,3111.600554446263,21.600554446262777,exact-milp/taker,GRB,OPTIMAL,3111.600554446263,3111.600554446263,0.0,3070.0,41.60055444626278,0.7056119441986084,0.007364511489868164,848,296,915,,,,,,sweep,,,12,1.2000000000000024,54,,
phase2,taker-sweep,2026-08-14T22:33:16.121702+00:00,jingjie-cpu-12.mae.cornell.edu,4cf37e9,50950,25,syn-s3-n8,ca21a3071609,8,4,a9a8a7bff486,d9db5ce5e7b3,3,90.0,26.1,3090.0,3111.600554446263,21.600554446262777,exact-milp/taker,GRB,OPTIMAL,3111.600554446263,3111.600554446263,0.0,3070.0,41.60055444626278,0.7618212699890137,0.007332801818847656,848,296,915,,,,,,sweep,,,12,1.2500000000000027,55,,
phase2,taker-sweep,2026-08-14T22:33:17.027499+00:00,jingjie-cpu-12.mae.cornell.edu,4cf37e9,50950,25,syn-s3-n8,ca21a3071609,8,4,a9a8a7bff486,d9db5ce5e7b3,3,90.0,26.1,3090.0,3111.600554446263,21.600554446262777,exact-milp/taker,GRB,OPTIMAL,3111.600554446263,3111.600554446263,0.0,3070.0,41.60055444626278,0.8646743297576904,0.007767438888549805,848,296,915,,,,,,sweep,,,12,1.3000000000000025,56,,
phase2,taker-sweep,2026-08-14T22:33:17.969250+00:00,jingjie-cpu-12.mae.cornell.edu,4cf37e9,50950,25,syn-s3-n8,ca21a3071609,8,4,a9a8a7bff486,d9db5ce5e7b3,3,90.0,26.1,3090.0,3111.600554446263,21.600554446262777,exact-milp/taker,GRB,OPTIMAL,3111.600554446263,3111.600554446263,0.0,3070.0,41.60055444626278,0.8840975761413574,0.007534503936767578,848,296,915,,,,,,sweep,,,12,1.3500000000000023,57,,
phase2,taker-sweep,2026-08-14T22:33:18.889921+00:00,jingjie-cpu-12.mae.cornell.edu,4cf37e9,50950,25,syn-s3-n8,ca21a3071609,8,4,a9a8a7bff486,d9db5ce5e7b3,3,90.0,26.1,3090.0,3111.600554446263,21.600554446262777,exact-milp/taker,GRB,OPTIMAL,3111.600554446263,3111.600554446263,0.0,3070.0,41.60055444626278,0.881591796875,0.007502079010009766,848,296,915,,,,,,sweep,,,12,1.4000000000000026,58,,
phase2,taker-sweep,2026-08-14T22:33:19.824573+00:00,jingjie-cpu-12.mae.cornell.edu,4cf37e9,50950,25,syn-s3-n8,ca21a3071609,8,4,a9a8a7bff486,d9db5ce5e7b3,3,90.0,26.1,3090.0,3111.600554446263,21.600554446262777,exact-milp/taker,GRB,OPTIMAL,3111.600554446263,3111.600554446263,0.0,3070.0,41.60055444626278,0.894296407699585,0.007367610931396484,848,296,915,,,,,,sweep,,,12,1.4500000000000028,59,,
phase2,taker-sweep,2026-08-14T22:33:20.654383+00:00,jingjie-cpu-12.mae.cornell.edu,4cf37e9,50950,25,syn-s3-n8,ca21a3071609,8,4,a9a8a7bff486,d9db5ce5e7b3,3,90.0,26.1,3090.0,3111.600554446263,21.600554446262777,exact-milp/taker,GRB,OPTIMAL,3111.600554446263,3111.600554446263,0.0,3070.0,41.60055444626278,0.7912120819091797,0.007148265838623047,848,296,915,,,,,,sweep,,,12,1.5000000000000027,60,,
phase2,taker-sweep,2026-08-14T22:32:37.023170+00:00,jingjie-cpu-10.mae.cornell.edu,4cf37e9,50951,26,syn-s3-n8,ca21a3071609,8,4,cf30cfd67498,4f3f3797cd1c,3,90.0,43.2,3090.0,3083.7528742118348,-6.247125788165249,exact-milp/taker,GRB,OPTIMAL,3083.7528742118348,3083.7528742118348,0.0,3070.0,13.752874211834751,0.44557952880859375,0.016353845596313477,848,296,915,,,,,,sweep,,,16,-1.5,0,,
phase2,taker-sweep,2026-08-14T22:32:37.488766+00:00,jingjie-cpu-10.mae.cornell.edu,4cf37e9,50951,26,syn-s3-n8,ca21a3071609,8,4,a9a8a7bff486,4f3f3797cd1c,3,90.0,43.2,3090.0,3085.9128742118346,-4.087125788165395,exact-milp/taker,GRB,OPTIMAL,3085.9128742118346,3085.9128742118346,0.0,3070.0,15.912874211834605,0.42330431938171387,0.007226705551147461,848,296,915,,,,,,sweep,,,16,-1.45,1,,
phase2,taker-sweep,2026-08-14T22:32:37.798666+00:00,jingjie-cpu-10.mae.cornell.edu,4cf37e9,50951,26,syn-s3-n8,ca21a3071609,8,4,e0d91ceed71f,4f3f3797cd1c,3,90.0,43.2,3090.0,3088.072874211835,-1.9271257881650854,exact-milp/taker,GRB,OPTIMAL,3088.072874211835,3088.072874211835,0.0,3070.0,18.072874211834915,0.2716410160064697,0.00704193115234375,848,296,915,,,,,,sweep,,,16,-1.4,2,,
phase2,taker-sweep,2026-08-14T22:32:38.075135+00:00,jingjie-cpu-10.mae.cornell.edu,4cf37e9,50951,26,syn-s3-n8,ca21a3071609,8,4,cf30cfd67498,7e5b4ec19fb6,3,90.0,26.1,3090.0,3090.140694836317,0.14069483631692492,exact-milp/taker,GRB,OPTIMAL,3090.140694836317,3090.1397784238497,2.9656011090638664e-07,3070.0,20.140694836316925,0.23094820976257324,0.006948947906494141,848,296,915,,,,,,sweep,,,16,-1.3499999999999999,3,,
phase2,taker-sweep,2026-08-14T22:32:38.387233+00:00,jingjie-cpu-10.mae.cornell.edu,4cf37e9,50951,26,syn-s3-n8,ca21a3071609,8,4,a9a8a7bff486,7e5b4ec19fb6,3,90.0,26.1,3090.0,3091.4456948363168,1.4456948363167612,exact-milp/taker,GRB,OPTIMAL,3091.4456948363168,3091.4456948363168,0.0,3070.0,21.44569483631676,0.2742924690246582,0.0068285465240478516,848,296,915,,,,,,sweep,,,16,-1.2999999999999998,4,,
phase2,taker-sweep,2026-08-14T22:32:38.708330+00:00,jingjie-cpu-10.mae.cornell.edu,4cf37e9,50951,26,syn-s3-n8,ca21a3071609,8,4,a9a8a7bff486,7e5b4ec19fb6,3,90.0,26.1,3090.0,3092.750694836317,2.7506948363170522,exact-milp/taker,GRB,OPTIMAL,3092.750694836317,3092.750694836317,0.0,3070.0,22.750694836317052,0.28380370140075684,0.007016420364379883,848,296,915,,,,,,sweep,,,16,-1.2499999999999998,5,,
phase2,taker-sweep,2026-08-14T22:32:39.195829+00:00,jingjie-cpu-10.mae.cornell.edu,4cf37e9,50951,26,syn-s3-n8,ca21a3071609,8,4,a9a8a7bff486,7e5b4ec19fb6,3,90.0,26.1,3090.0,3094.055694836317,4.0556948363168885,exact-milp/taker,GRB,OPTIMAL,3094.055694836317,3094.055694836317,0.0,3070.0,24.05569483631689,0.4400193691253662,0.0069086551666259766,848,296,915,,,,,,sweep,,,16,-1.1999999999999997,6,,
phase2,taker-sweep,2026-08-14T22:32:39.623360+00:00,jingjie-cpu-10.mae.cornell.edu,4cf37e9,50951,26,syn-s3-n8,ca21a3071609,8,4,cf30cfd67498,7e5b4ec19fb6,3,90.0,26.1,3090.0,3095.3606948363167,5.360694836316725,exact-milp/taker,GRB,OPTIMAL,3095.3606948363167,3095.3606948363167,0.0,3070.0,25.360694836316725,0.3764469623565674,0.0069887638092041016,848,296,915,,,,,,sweep,,,16,-1.1499999999999997,7,,
phase2,taker-sweep,2026-08-14T22:32:40.106804+00:00,jingjie-cpu-10.mae.cornell.edu,4cf37e9,50951,26,syn-s3-n8,ca21a3071609,8,4,a9a8a7bff486,7e5b4ec19fb6,3,90.0,26.1,3090.0,3096.665694836317,6.665694836317016,exact-milp/taker,GRB,OPTIMAL,3096.665694836317,3096.665694836317,0.0,3070.0,26.665694836317016,0.41464829444885254,0.007087230682373047,848,296,915,,,,,,sweep,,,16,-1.0999999999999996,8,,
phase2,taker-sweep,2026-08-14T22:32:40.579775+00:00,jingjie-cpu-10.mae.cornell.edu,4cf37e9,50951,26,syn-s3-n8,ca21a3071609,8,4,cf30cfd67498,7e5b4ec19fb6,3,90.0,26.1,3090.0,3097.970694836317,7.970694836316852,exact-milp/taker,GRB,OPTIMAL,3097.970694836317,3097.970694836317,0.0,3070.0,27.970694836316852,0.4337742328643799,0.007170438766479492,848,296,915,,,,,,sweep,,,16,-1.0499999999999996,9,,
phase2,taker-sweep,2026-08-14T22:32:42.219786+00:00,jingjie-cpu-10.mae.cornell.edu,4cf37e9,50951,26,syn-s3-n8,ca21a3071609,8,4,cf30cfd67498,7e5b4ec19fb6,3,90.0,26.1,3090.0,3099.2756948363167,9.275694836316688,exact-milp/taker,GRB,OPTIMAL,3099.2756948363167,3099.2756948363167,0.0,3070.0,29.27569483631669,0.5866217613220215,0.006920337677001953,848,296,915,,,,,,sweep,,,16,-0.9999999999999996,10,,
phase2,taker-sweep,2026-08-14T22:32:42.816724+00:00,jingjie-cpu-10.mae.cornell.edu,4cf37e9,50951,26,syn-s3-n8,ca21a3071609,8,4,cf30cfd67498,7e5b4ec19fb6,3,90.0,26.1,3090.0,3100.580694836317,10.58069483631698,exact-milp/taker,GRB,OPTIMAL,3100.580694836317,3100.580694836317,0.0,3070.0,30.58069483631698,0.5588419437408447,0.006963491439819336,848,296,915,,,,,,sweep,,,16,-0.9499999999999995,11,,
phase2,taker-sweep,2026-08-14T22:32:43.478260+00:00,jingjie-cpu-10.mae.cornell.edu,4cf37e9,50951,26,syn-s3-n8,ca21a3071609,8,4,cf30cfd67498,7e5b4ec19fb6,3,90.0,26.1,3090.0,3101.885694836317,11.885694836316816,exact-milp/taker,GRB,OPTIMAL,3101.885694836317,3101.885694836317,0.0,3070.0,31.885694836316816,0.5956966876983643,0.007030010223388672,848,296,915,,,,,,sweep,,,16,-0.8999999999999995,12,,
phase2,taker-sweep,2026-08-14T22:32:44.421351+00:00,jingjie-cpu-10.mae.cornell.edu,4cf37e9,50951,26,syn-s3-n8,ca21a3071609,8,4,cf30cfd67498,7e5b4ec19fb6,3,90.0,26.1,3090.0,3103.190694836317,13.190694836317107,exact-milp/taker,GRB,OPTIMAL,3103.190694836317,3103.190694836317,0.0,3070.0,33.19069483631711,0.904151201248169,0.006946563720703125,848,296,915,,,,,,sweep,,,16,-0.8499999999999994,13,,
phase2,taker-sweep,2026-08-14T22:32:45.168642+00:00,jingjie-cpu-10.mae.cornell.edu,4cf37e9,50951,26,syn-s3-n8,ca21a3071609,8,4,cf30cfd67498,7e5b4ec19fb6,3,90.0,26.1,3090.0,3104.495694836317,14.495694836316943,exact-milp/taker,GRB,OPTIMAL,3104.495694836317,3104.495694836317,0.0,3070.0,34.49569483631694,0.7091512680053711,0.00704646110534668,848,296,915,,,,,,sweep,,,16,-0.7999999999999994,14,,
phase2,taker-sweep,2026-08-14T22:32:45.782676+00:00,jingjie-cpu-10.mae.cornell.edu,4cf37e9,50951,26,syn-s3-n8,ca21a3071609,8,4,cf30cfd67498,7e5b4ec19fb6,3,90.0,26.1,3090.0,3105.800694836317,15.80069483631678,exact-milp/taker,GRB,OPTIMAL,3105.800694836317,3105.800694836317,0.0,3070.0,35.80069483631678,0.5738494396209717,0.007366180419921875,848,296,915,,,,,,sweep,,,16,-0.7499999999999993,15,,
phase2,taker-sweep,2026-08-14T22:32:46.699157+00:00,jingjie-cpu-10.mae.cornell.edu,4cf37e9,50951,26,syn-s3-n8,ca21a3071609,8,4,cf30cfd67498,7e5b4ec19fb6,3,90.0,26.1,3090.0,3107.105694836317,17.10569483631707,exact-milp/taker,GRB,OPTIMAL,3107.105694836317,3107.105694836317,0.0,3070.0,37.10569483631707,0.8764431476593018,0.0072078704833984375,848,296,915,,,,,,sweep,,,16,-0.6999999999999993,16,,
phase2,taker-sweep,2026-08-14T22:32:47.447649+00:00,jingjie-cpu-10.mae.cornell.edu,4cf37e9,50951,26,syn-s3-n8,ca21a3071609,8,4,cf30cfd67498,7e5b4ec19fb6,3,90.0,26.1,3090.0,3108.410694836317,18.410694836316907,exact-milp/taker,GRB,OPTIMAL,3108.410694836317,3108.410694836317,0.0,3070.0,38.41069483631691,0.6753218173980713,0.007047891616821289,848,296,915,,,,,,sweep,,,16,-0.6499999999999992,17,,
phase2,taker-sweep,2026-08-14T22:32:48.058281+00:00,jingjie-cpu-10.mae.cornell.edu,4cf37e9,50951,26,syn-s3-n8,ca21a3071609,8,4,a9a8a7bff486,7e5b4ec19fb6,3,90.0,26.1,3090.0,3109.7156948363167,19.715694836316743,exact-milp/taker,GRB,OPTIMAL,3109.7156948363167,3109.7156948363167,0.0,3070.0,39.71569483631674,0.5722372531890869,0.00701141357421875,848,296,915,,,,,,sweep,,,16,-0.5999999999999992,18,,
phase2,taker-sweep,2026-08-14T22:32:48.937901+00:00,jingjie-cpu-10.mae.cornell.edu,4cf37e9,50951,26,syn-s3-n8,ca21a3071609,8,4,cf30cfd67498,7e5b4ec19fb6,3,90.0,26.1,3090.0,3111.020694836317,21.020694836317034,exact-milp/taker,GRB,OPTIMAL,3111.020694836317,3111.020694836317,0.0,3070.0,41.020694836317034,0.8403964042663574,0.007226467132568359,848,296,915,,,,,,sweep,,,16,-0.5499999999999992,19,,
phase2,taker-sweep,2026-08-14T22:32:49.878674+00:00,jingjie-cpu-10.mae.cornell.edu,4cf37e9,50951,26,syn-s3-n8,ca21a3071609,8,4,a9a8a7bff486,d9db5ce5e7b3,3,90.0,26.1,3090.0,3111.600554446263,21.600554446262777,exact-milp/taker,GRB,OPTIMAL,3111.600554446263,3111.600554446263,0.0,3070.0,41.60055444626278,0.9009881019592285,0.007077217102050781,848,296,915,,,,,,sweep,,,16,-0.4999999999999991,20,,
phase2,taker-sweep,2026-08-14T22:32:50.678161+00:00,jingjie-cpu-10.mae.cornell.edu,4cf37e9,50951,26,syn-s3-n8,ca21a3071609,8,4,a9a8a7bff486,d9db5ce5e7b3,3,90.0,26.1,3090.0,3111.600554446263,21.600554446262777,exact-milp/taker,GRB,OPTIMAL,3111.600554446263,3111.600554446263,0.0,3070.0,41.60055444626278,0.7246658802032471,0.007176399230957031,848,296,915,,,,,,sweep,,,16,-0.44999999999999907,21,,
phase2,taker-sweep,2026-08-14T22:32:51.472474+00:00,jingjie-cpu-10.mae.cornell.edu,4cf37e9,50951,26,syn-s3-n8,ca21a3071609,8,4,a9a8a7bff486,d9db5ce5e7b3,3,90.0,26.099958,3090.0,3111.60050646526,21.60050646525997,exact-milp/taker,GRB,OPTIMAL,3111.60050646526,3111.60050646526,0.0,3070.0,41.60050646525997,0.694406270980835,0.007114410400390625,848,296,915,,,,,,sweep,,,16,-0.399999999999999,22,,
phase2,taker-sweep,2026-08-14T22:32:52.284510+00:00,jingjie-cpu-10.mae.cornell.edu,4cf37e9,50951,26,syn-s3-n8,ca21a3071609,8,4,a9a8a7bff486,d9db5ce5e7b3,3,90.0,26.1,3090.0,3111.600554446263,21.600554446262777,exact-milp/taker,GRB,OPTIMAL,3111.600554446263,3111.600554446263,0.0,3070.0,41.60055444626278,0.773237943649292,0.007025957107543945,848,296,915,,,,,,sweep,,,16,-0.349999999999999,23,,
phase2,taker-sweep,2026-08-14T22:32:53.134312+00:00,jingjie-cpu-10.mae.cornell.edu,4cf37e9,50951,26,syn-s3-n8,ca21a3071609,8,4,a9a8a7bff486,d9db5ce5e7b3,3,90.0,26.1,3090.0,3111.600554446263,21.600554446262777,exact-milp/taker,GRB,OPTIMAL,3111.600554446263,3111.600554446263,0.0,3070.0,41.60055444626278,0.810269832611084,0.007291316986083984,848,296,915,,,,,,sweep,,,16,-0.29999999999999893,24,,
phase2,taker-sweep,2026-08-14T22:32:53.952183+00:00,jingjie-cpu-10.mae.cornell.edu,4cf37e9,50951,26,syn-s3-n8,ca21a3071609,8,4,cf30cfd67498,d9db5ce5e7b3,3,90.0,26.1,3090.0,3111.600554446263,21.600554446262777,exact-milp/taker,GRB,OPTIMAL,3111.600554446263,3111.600554446263,0.0,3070.0,41.60055444626278,0.7775750160217285,0.007182121276855469,848,296,915,,,,,,sweep,,,16,-0.2499999999999989,25,,
phase2,taker-sweep,2026-08-14T22:32:54.670808+00:00,jingjie-cpu-10.mae.cornell.edu,4cf37e9,50951,26,syn-s3-n8,ca21a3071609,8,4,a9a8a7bff486,d9db5ce5e7b3,3,90.0,26.1,3090.0,3111.600554446263,21.600554446262777,exact-milp/taker,GRB,OPTIMAL,3111.600554446263,3111.600554446263,0.0,3070.0,41.60055444626278,0.6507558822631836,0.00714564323425293,848,296,915,,,,,,sweep,,,16,-0.19999999999999885,26,,
phase2,taker-sweep,2026-08-14T22:32:55.329436+00:00,jingjie-cpu-10.mae.cornell.edu,4cf37e9,50951,26,syn-s3-n8,ca21a3071609,8,4,a9a8a7bff486,d9db5ce5e7b3,3,90.0,26.1,3090.0,3111.600554446263,21.600554446262777,exact-milp/taker,GRB,OPTIMAL,3111.600554446263,3111.600554446263,0.0,3070.0,41.60055444626278,0.6203155517578125,0.006942033767700195,848,296,915,,,,,,sweep,,,16,-0.1499999999999988,27,,
phase2,taker-sweep,2026-08-14T22:32:55.962335+00:00,jingjie-cpu-10.mae.cornell.edu,4cf37e9,50951,26,syn-s3-n8,ca21a3071609,8,4,cf30cfd67498,d9db5ce5e7b3,3,90.0,26.1,3090.0,3111.600554446263,21.600554446262777,exact-milp/taker,GRB,OPTIMAL,3111.600554446263,3111.600554446263,0.0,3070.0,41.60055444626278,0.5941579341888428,0.007111549377441406,848,296,915,,,,,,sweep,,,16,-0.09999999999999876,28,,
phase2,taker-sweep,2026-08-14T22:32:56.601382+00:00,jingjie-cpu-10.mae.cornell.edu,4cf37e9,50951,26,syn-s3-n8,ca21a3071609,8,4,cf30cfd67498,d9db5ce5e7b3,3,90.0,26.1,3090.0,3111.600554446263,21.600554446262777,exact-milp/taker,GRB,OPTIMAL,3111.600554446263,3111.600554446263,0.0,3070.0,41.60055444626278,0.5998263359069824,0.0070743560791015625,848,296,915,,,,,,sweep,,,16,-0.04999999999999871,29,,
phase2,taker-sweep,2026-08-14T22:32:57.325742+00:00,jingjie-cpu-10.mae.cornell.edu,4cf37e9,50951,26,syn-s3-n8,ca21a3071609,8,4,cf30cfd67498,d9db5ce5e7b3,3,90.0,26.1,3090.0,3111.600554446263,21.600554446262777,exact-milp/taker,GRB,OPTIMAL,3111.600554446263,3111.600554446263,0.0,3070.0,41.60055444626278,0.6460471153259277,0.011075019836425781,848,296,915,,,,,,sweep,,,16,1.3322676295501878e-15,30,,
phase2,taker-sweep,2026-08-14T22:32:58.004296+00:00,jingjie-cpu-10.mae.cornell.edu,4cf37e9,50951,26,syn-s3-n8,ca21a3071609,8,4,cf30cfd67498,d9db5ce5e7b3,3,90.0,26.1,3090.0,3111.600554446263,21.600554446262777,exact-milp/taker,GRB,OPTIMAL,3111.600554446263,3111.600554446263,0.0,3070.0,41.60055444626278,0.6396770477294922,0.007058143615722656,848,296,915,,,,,,sweep,,,16,0.05000000000000138,31,,
phase2,taker-sweep,2026-08-14T22:32:59.021496+00:00,jingjie-cpu-10.mae.cornell.edu,4cf37e9,50951,26,syn-s3-n8,ca21a3071609,8,4,a9a8a7bff486,d9db5ce5e7b3,3,90.0,26.1,3090.0,3111.600554446263,21.600554446262777,exact-milp/taker,GRB,OPTIMAL,3111.600554446263,3111.600554446263,0.0,3070.0,41.60055444626278,0.9782047271728516,0.007110118865966797,848,296,915,,,,,,sweep,,,16,0.10000000000000142,32,,
phase2,taker-sweep,2026-08-14T22:32:59.947562+00:00,jingjie-cpu-10.mae.cornell.edu,4cf37e9,50951,26,syn-s3-n8,ca21a3071609,8,4,a9a8a7bff486,d9db5ce5e7b3,3,90.0,26.1,3090.0,3111.600554446263,21.600554446262777,exact-milp/taker,GRB,OPTIMAL,3111.600554446263,3111.600554446263,0.0,3070.0,41.60055444626278,0.8868401050567627,0.007249355316162109,848,296,915,,,,,,sweep,,,16,0.15000000000000147,33,,
phase2,taker-sweep,2026-08-14T22:33:00.566276+00:00,jingjie-cpu-10.mae.cornell.edu,4cf37e9,50951,26,syn-s3-n8,ca21a3071609,8,4,cf30cfd67498,d9db5ce5e7b3,3,90.0,26.1,3090.0,3111.600554446263,21.600554446262777,exact-milp/taker,GRB,OPTIMAL,3111.600554446263,3111.600554446263,0.0,3070.0,41.60055444626278,0.5798876285552979,0.007070302963256836,848,296,915,,,,,,sweep,,,16,0.2000000000000015,34,,
phase2,taker-sweep,2026-08-14T22:33:01.264523+00:00,jingjie-cpu-10.mae.cornell.edu,4cf37e9,50951,26,syn-s3-n8,ca21a3071609,8,4,a9a8a7bff486,d9db5ce5e7b3,3,90.0,26.1,3090.0,3111.600554446263,21.600554446262777,exact-milp/taker,GRB,OPTIMAL,3111.600554446263,3111.600554446263,0.0,3070.0,41.60055444626278,0.6312015056610107,0.007127523422241211,848,296,915,,,,,,sweep,,,16,0.25000000000000155,35,,
phase2,taker-sweep,2026-08-14T22:33:01.915228+00:00,jingjie-cpu-10.mae.cornell.edu,4cf37e9,50951,26,syn-s3-n8,ca21a3071609,8,4,a9a8a7bff486,d9db5ce5e7b3,3,90.0,26.1,3090.0,3111.600554446263,21.600554446262777,exact-milp/taker,GRB,OPTIMAL,3111.600554446263,3111.600554446263,0.0,3070.0,41.60055444626278,0.6114599704742432,0.007331371307373047,848,296,915,,,,,,sweep,,,16,0.3000000000000016,36,,
phase2,taker-sweep,2026-08-14T22:33:02.567283+00:00,jingjie-cpu-10.mae.cornell.edu,4cf37e9,50951,26,syn-s3-n8,ca21a3071609,8,4,a9a8a7bff486,d9db5ce5e7b3,3,90.0,26.1,3090.0,3111.600554446263,21.600554446262777,exact-milp/taker,GRB,OPTIMAL,3111.600554446263,3111.600554446263,0.0,3070.0,41.60055444626278,0.6130268573760986,0.007182598114013672,848,296,915,,,,,,sweep,,,16,0.35000000000000164,37,,
phase2,taker-sweep,2026-08-14T22:33:03.272076+00:00,jingjie-cpu-10.mae.cornell.edu,4cf37e9,50951,26,syn-s3-n8,ca21a3071609,8,4,a9a8a7bff486,d9db5ce5e7b3,3,90.0,26.1,3090.0,3111.600554446263,21.600554446262777,exact-milp/taker,GRB,OPTIMAL,3111.600554446263,3111.600554446263,0.0,3070.0,41.60055444626278,0.6642305850982666,0.0074005126953125,848,296,915,,,,,,sweep,,,16,0.4000000000000017,38,,
phase2,taker-sweep,2026-08-14T22:33:03.939288+00:00,jingjie-cpu-10.mae.cornell.edu,4cf37e9,50951,26,syn-s3-n8,ca21a3071609,8,4,a9a8a7bff486,d9db5ce5e7b3,3,90.0,26.1,3090.0,3111.600554446263,21.600554446262777,exact-milp/taker,GRB,OPTIMAL,3111.600554446263,3111.600554446263,0.0,3070.0,41.60055444626278,0.5997204780578613,0.008803844451904297,848,296,915,,,,,,sweep,,,16,0.45000000000000173,39,,
phase2,taker-sweep,2026-08-14T22:33:04.674420+00:00,jingjie-cpu-10.mae.cornell.edu,4cf37e9,50951,26,syn-s3-n8,ca21a3071609,8,4,a9a8a7bff486,d9db5ce5e7b3,3,90.0,26.1,3090.0,3111.600554446263,21.600554446262777,exact-milp/taker,GRB,OPTIMAL,3111.600554446263,3111.600554446263,0.0,3070.0,41.60055444626278,0.6336941719055176,0.0073511600494384766,848,296,915,,,,,,sweep,,,16,0.5000000000000018,40,,
phase2,taker-sweep,2026-08-14T22:33:05.323478+00:00,jingjie-cpu-10.mae.cornell.edu,4cf37e9,50951,26,syn-s3-n8,ca21a3071609,8,4,a9a8a7bff486,d9db5ce5e7b3,3,90.0,26.1,3090.0,3111.600554446263,21.600554446262777,exact-milp/taker,GRB,OPTIMAL,3111.600554446263,3111.600554446263,0.0,3070.0,41.60055444626278,0.608126163482666,0.007615566253662109,848,296,915,,,,,,sweep,,,16,0.5500000000000016,41,,
phase2,taker-sweep,2026-08-14T22:33:06.107297+00:00,jingjie-cpu-10.mae.cornell.edu,4cf37e9,50951,26,syn-s3-n8,ca21a3071609,8,4,a9a8a7bff486,d9db5ce5e7b3,3,90.0,26.1,3090.0,3111.600554446263,21.600554446262777,exact-milp/taker,GRB,OPTIMAL,3111.600554446263,3111.600554446263,0.0,3070.0,41.60055444626278,0.7433829307556152,0.0075190067291259766,848,296,915,,,,,,sweep,,,16,0.6000000000000019,42,,
phase2,taker-sweep,2026-08-14T22:33:06.871118+00:00,jingjie-cpu-10.mae.cornell.edu,4cf37e9,50951,26,syn-s3-n8,ca21a3071609,8,4,a9a8a7bff486,d9db5ce5e7b3,3,90.0,26.1,3090.0,3111.600554446263,21.600554446262777,exact-milp/taker,GRB,OPTIMAL,3111.600554446263,3111.600554446263,0.0,3070.0,41.60055444626278,0.7240710258483887,0.00732421875,848,296,915,,,,,,sweep,,,16,0.6500000000000021,43,,
phase2,taker-sweep,2026-08-14T22:33:07.756676+00:00,jingjie-cpu-10.mae.cornell.edu,4cf37e9,50951,26,syn-s3-n8,ca21a3071609,8,4,a9a8a7bff486,d9db5ce5e7b3,3,90.0,26.1,3090.0,3111.600554446263,21.600554446262777,exact-milp/taker,GRB,OPTIMAL,3111.600554446263,3111.600554446263,0.0,3070.0,41.60055444626278,0.806128978729248,0.007483005523681641,848,296,915,,,,,,sweep,,,16,0.700000000000002,44,,
phase2,taker-sweep,2026-08-14T22:33:08.432828+00:00,jingjie-cpu-10.mae.cornell.edu,4cf37e9,50951,26,syn-s3-n8,ca21a3071609,8,4,a9a8a7bff486,d9db5ce5e7b3,3,90.0,26.1,3090.0,3111.600554446263,21.600554446262777,exact-milp/taker,GRB,OPTIMAL,3111.600554446263,3111.600554446263,0.0,3070.0,41.60055444626278,0.6352481842041016,0.007689714431762695,848,296,915,,,,,,sweep,,,16,0.7500000000000018,45,,
phase2,taker-sweep,2026-08-14T22:33:09.071350+00:00,jingjie-cpu-10.mae.cornell.edu,4cf37e9,50951,26,syn-s3-n8,ca21a3071609,8,4,a9a8a7bff486,d9db5ce5e7b3,3,90.0,26.1,3090.0,3111.600554446263,21.600554446262777,exact-milp/taker,GRB,OPTIMAL,3111.600554446263,3111.600554446263,0.0,3070.0,41.60055444626278,0.597501277923584,0.0074176788330078125,848,296,915,,,,,,sweep,,,16,0.800000000000002,46,,
phase2,taker-sweep,2026-08-14T22:33:09.858362+00:00,jingjie-cpu-10.mae.cornell.edu,4cf37e9,50951,26,syn-s3-n8,ca21a3071609,8,4,a9a8a7bff486,d9db5ce5e7b3,3,90.0,26.1,3090.0,3111.600554446263,21.600554446262777,exact-milp/taker,GRB,OPTIMAL,3111.600554446263,3111.600554446263,0.0,3070.0,41.60055444626278,0.7456774711608887,0.007746219635009766,848,296,915,,,,,,sweep,,,16,0.8500000000000023,47,,
phase2,taker-sweep,2026-08-14T22:33:10.548187+00:00,jingjie-cpu-10.mae.cornell.edu,4cf37e9,50951,26,syn-s3-n8,ca21a3071609,8,4,a9a8a7bff486,d9db5ce5e7b3,3,90.0,26.1,3090.0,3111.600554446263,21.600554446262777,exact-milp/taker,GRB,OPTIMAL,3111.600554446263,3111.600554446263,0.0,3070.0,41.60055444626278,0.6047475337982178,0.008105278015136719,848,296,915,,,,,,sweep,,,16,0.9000000000000021,48,,
phase2,taker-sweep,2026-08-14T22:33:11.367528+00:00,jingjie-cpu-10.mae.cornell.edu,4cf37e9,50951,26,syn-s3-n8,ca21a3071609,8,4,a9a8a7bff486,d9db5ce5e7b3,3,90.0,26.1,3090.0,3111.600554446263,21.600554446262777,exact-milp/taker,GRB,OPTIMAL,3111.600554446263,3111.600554446263,0.0,3070.0,41.60055444626278,0.7651309967041016,0.007504940032958984,848,296,915,,,,,,sweep,,,16,0.950000000000002,49,,
phase2,taker-sweep,2026-08-14T22:33:11.971190+00:00,jingjie-cpu-10.mae.cornell.edu,4cf37e9,50951,26,syn-s3-n8,ca21a3071609,8,4,a9a8a7bff486,d9db5ce5e7b3,3,90.0,26.1,3090.0,3111.600554446263,21.600554446262777,exact-milp/taker,GRB,OPTIMAL,3111.600554446263,3111.600554446263,0.0,3070.0,41.60055444626278,0.5625259876251221,0.007655143737792969,848,296,915,,,,,,sweep,,,16,1.0000000000000022,50,,
phase2,taker-sweep,2026-08-14T22:33:12.765000+00:00,jingjie-cpu-10.mae.cornell.edu,4cf37e9,50951,26,syn-s3-n8,ca21a3071609,8,4,a9a8a7bff486,d9db5ce5e7b3,3,90.0,26.1,3090.0,3111.600554446263,21.600554446262777,exact-milp/taker,GRB,OPTIMAL,3111.600554446263,3111.600554446263,0.0,3070.0,41.60055444626278,0.7524240016937256,0.008038520812988281,848,296,915,,,,,,sweep,,,16,1.0500000000000025,51,,
phase2,taker-sweep,2026-08-14T22:33:13.560622+00:00,jingjie-cpu-10.mae.cornell.edu,4cf37e9,50951,26,syn-s3-n8,ca21a3071609,8,4,a9a8a7bff486,d9db5ce5e7b3,3,90.0,26.1,3090.0,3111.600554446263,21.600554446262777,exact-milp/taker,GRB,OPTIMAL,3111.600554446263,3111.600554446263,0.0,3070.0,41.60055444626278,0.754831075668335,0.007249116897583008,848,296,915,,,,,,sweep,,,16,1.1000000000000023,52,,
phase2,taker-sweep,2026-08-14T22:33:14.385005+00:00,jingjie-cpu-10.mae.cornell.edu,4cf37e9,50951,26,syn-s3-n8,ca21a3071609,8,4,a9a8a7bff486,d9db5ce5e7b3,3,90.0,26.1,3090.0,3111.600554446263,21.600554446262777,exact-milp/taker,GRB,OPTIMAL,3111.600554446263,3111.600554446263,0.0,3070.0,41.60055444626278,0.7490921020507812,0.007513999938964844,848,296,915,,,,,,sweep,,,16,1.1500000000000021,53,,
phase2,taker-sweep,2026-08-14T22:33:15.180958+00:00,jingjie-cpu-10.mae.cornell.edu,4cf37e9,50951,26,syn-s3-n8,ca21a3071609,8,4,a9a8a7bff486,d9db5ce5e7b3,3,90.0,26.1,3090.0,3111.600554446263,21.600554446262777,exact-milp/taker,GRB,OPTIMAL,3111.600554446263,3111.600554446263,0.0,3070.0,41.60055444626278,0.7552249431610107,0.007367849349975586,848,296,915,,,,,,sweep,,,16,1.2000000000000024,54,,
phase2,taker-sweep,2026-08-14T22:33:15.845227+00:00,jingjie-cpu-10.mae.cornell.edu,4cf37e9,50951,26,syn-s3-n8,ca21a3071609,8,4,a9a8a7bff486,d9db5ce5e7b3,3,90.0,26.1,3090.0,3111.600554446263,21.600554446262777,exact-milp/taker,GRB,OPTIMAL,3111.600554446263,3111.600554446263,0.0,3070.0,41.60055444626278,0.6237480640411377,0.007531166076660156,848,296,915,,,,,,sweep,,,16,1.2500000000000027,55,,
phase2,taker-sweep,2026-08-14T22:33:16.487315+00:00,jingjie-cpu-10.mae.cornell.edu,4cf37e9,50951,26,syn-s3-n8,ca21a3071609,8,4,cf30cfd67498,d9db5ce5e7b3,3,90.0,26.1,3090.0,3111.600554446263,21.600554446262777,exact-milp/taker,GRB,OPTIMAL,3111.600554446263,3111.600554446263,0.0,3070.0,41.60055444626278,0.6020002365112305,0.0073261260986328125,848,296,915,,,,,,sweep,,,16,1.3000000000000025,56,,
phase2,taker-sweep,2026-08-14T22:33:17.177493+00:00,jingjie-cpu-10.mae.cornell.edu,4cf37e9,50951,26,syn-s3-n8,ca21a3071609,8,4,cf30cfd67498,d9db5ce5e7b3,3,90.0,26.1,3090.0,3111.600554446263,21.600554446262777,exact-milp/taker,GRB,OPTIMAL,3111.600554446263,3111.600554446263,0.0,3070.0,41.60055444626278,0.6231884956359863,0.009983301162719727,848,296,915,,,,,,sweep,,,16,1.3500000000000023,57,,
phase2,taker-sweep,2026-08-14T22:33:17.868260+00:00,jingjie-cpu-10.mae.cornell.edu,4cf37e9,50951,26,syn-s3-n8,ca21a3071609,8,4,a9a8a7bff486,d9db5ce5e7b3,3,90.0,26.1,3090.0,3111.600554446263,21.600554446262777,exact-milp/taker,GRB,OPTIMAL,3111.600554446263,3111.600554446263,0.0,3070.0,41.60055444626278,0.6500699520111084,0.007398128509521484,848,296,915,,,,,,sweep,,,16,1.4000000000000026,58,,
phase2,taker-sweep,2026-08-14T22:33:18.598657+00:00,jingjie-cpu-10.mae.cornell.edu,4cf37e9,50951,26,syn-s3-n8,ca21a3071609,8,4,a9a8a7bff486,d9db5ce5e7b3,3,90.0,26.1,3090.0,3111.600554446263,21.600554446262777,exact-milp/taker,GRB,OPTIMAL,3111.600554446263,3111.600554446263,0.0,3070.0,41.60055444626278,0.6755528450012207,0.00753474235534668,848,296,915,,,,,,sweep,,,16,1.4500000000000028,59,,
phase2,taker-sweep,2026-08-14T22:33:19.386423+00:00,jingjie-cpu-10.mae.cornell.edu,4cf37e9,50951,26,syn-s3-n8,ca21a3071609,8,4,a9a8a7bff486,d9db5ce5e7b3,3,90.0,26.1,3090.0,3111.600554446263,21.600554446262777,exact-milp/taker,GRB,OPTIMAL,3111.600554446263,3111.600554446263,0.0,3070.0,41.60055444626278,0.7354836463928223,0.007339954376220703,848,296,915,,,,,,sweep,,,16,1.5000000000000027,60,,
phase2,taker-sweep,2026-08-14T22:32:37.426954+00:00,jingjie-cpu-10.mae.cornell.edu,4cf37e9,50952,27,syn-s3-n8,ca21a3071609,8,4,cf30cfd67498,d9db5ce5e7b3,3,90.0,26.1,3090.0,3111.600554446263,21.600554446262777,exact-milp/taker,GRB,OPTIMAL,3111.600554446263,3111.600554446263,0.0,3070.0,41.60055444626278,0.6615846157073975,0.01066899299621582,848,296,915,,,,,,sweep,,,20,-1.5,0,,
phase2,taker-sweep,2026-08-14T22:32:38.092609+00:00,jingjie-cpu-10.mae.cornell.edu,4cf37e9,50952,27,syn-s3-n8,ca21a3071609,8,4,cf30cfd67498,d9db5ce5e7b3,3,90.0,26.1,3090.0,3111.600554446263,21.600554446262777,exact-milp/taker,GRB,OPTIMAL,3111.600554446263,3111.600554446263,0.0,3070.0,41.60055444626278,0.6276392936706543,0.007041454315185547,848,296,915,,,,,,sweep,,,20,-1.45,1,,
phase2,taker-sweep,2026-08-14T22:32:38.952507+00:00,jingjie-cpu-10.mae.cornell.edu,4cf37e9,50952,27,syn-s3-n8,ca21a3071609,8,4,cf30cfd67498,d9db5ce5e7b3,3,90.0,26.1,3090.0,3111.600554446263,21.600554446262777,exact-milp/taker,GRB,OPTIMAL,3111.600554446263,3111.600554446263,0.0,3070.0,41.60055444626278,0.8074872493743896,0.0069637298583984375,848,296,915,,,,,,sweep,,,20,-1.4,2,,
phase2,taker-sweep,2026-08-14T22:32:39.828349+00:00,jingjie-cpu-10.mae.cornell.edu,4cf37e9,50952,27,syn-s3-n8,ca21a3071609,8,4,cf30cfd67498,d9db5ce5e7b3,3,90.0,26.1,3090.0,3111.600554446263,21.600554446262777,exact-milp/taker,GRB,OPTIMAL,3111.600554446263,3111.600554446263,0.0,3070.0,41.60055444626278,0.8136658668518066,0.0070841312408447266,848,296,915,,,,,,sweep,,,20,-1.3499999999999999,3,,
phase2,taker-sweep,2026-08-14T22:32:40.527385+00:00,jingjie-cpu-10.mae.cornell.edu,4cf37e9,50952,27,syn-s3-n8,ca21a3071609,8,4,cf30cfd67498,d9db5ce5e7b3,3,90.0,26.1,3090.0,3111.600554446263,21.600554446262777,exact-milp/taker,GRB,OPTIMAL,3111.600554446263,3111.600554446263,0.0,3070.0,41.60055444626278,0.6617705821990967,0.006969928741455078,848,296,915,,,,,,sweep,,,20,-1.2999999999999998,4,,
phase2,taker-sweep,2026-08-14T22:32:41.218529+00:00,jingjie-cpu-10.mae.cornell.edu,4cf37e9,50952,27,syn-s3-n8,ca21a3071609,8,4,cf30cfd67498,d9db5ce5e7b3,3,90.0,26.1,3090.0,3111.600554446263,21.600554446262777,exact-milp/taker,GRB,OPTIMAL,3111.600554446263,3111.600554446263,0.0,3070.0,41.60055444626278,0.6105303764343262,0.006932497024536133,848,296,915,,,,,,sweep,,,20,-1.2499999999999998,5,,
phase2,taker-sweep,2026-08-14T22:32:42.045137+00:00,jingjie-cpu-10.mae.cornell.edu,4cf37e9,50952,27,syn-s3-n8,ca21a3071609,8,4,cf30cfd67498,d9db5ce5e7b3,3,90.0,26.1,3090.0,3111.600554446263,21.600554446262777,exact-milp/taker,GRB,OPTIMAL,3111.600554446263,3111.600554446263,0.0,3070.0,41.60055444626278,0.7889273166656494,0.006875514984130859,848,296,915,,,,,,sweep,,,20,-1.1999999999999997,6,,
phase2,taker-sweep,2026-08-14T22:32:42.734218+00:00,jingjie-cpu-10.mae.cornell.edu,4cf37e9,50952,27,syn-s3-n8,ca21a3071609,8,4,cf30cfd67498,d9db5ce5e7b3,3,90.0,26.1,3090.0,3111.600554446263,21.600554446262777,exact-milp/taker,GRB,OPTIMAL,3111.600554446263,3111.600554446263,0.0,3070.0,41.60055444626278,0.6512095928192139,0.006926536560058594,848,296,915,,,,,,sweep,,,20,-1.1499999999999997,7,,
phase2,taker-sweep,2026-08-14T22:32:43.433161+00:00,jingjie-cpu-10.mae.cornell.edu,4cf37e9,50952,27,syn-s3-n8,ca21a3071609,8,4,cf30cfd67498,d9db5ce5e7b3,3,90.0,26.1,3090.0,3111.600554446263,21.600554446262777,exact-milp/taker,GRB,OPTIMAL,3111.600554446263,3111.600554446263,0.0,3070.0,41.60055444626278,0.6457247734069824,0.006984710693359375,848,296,915,,,,,,sweep,,,20,-1.0999999999999996,8,,
phase2,taker-sweep,2026-08-14T22:32:44.304379+00:00,jingjie-cpu-10.mae.cornell.edu,4cf37e9,50952,27,syn-s3-n8,ca21a3071609,8,4,cf30cfd67498,d9db5ce5e7b3,3,90.0,26.1,3090.0,3111.600554446263,21.600554446262777,exact-milp/taker,GRB,OPTIMAL,3111.600554446263,3111.600554446263,0.0,3070.0,41.60055444626278,0.8134589195251465,0.0069005489349365234,848,296,915,,,,,,sweep,,,20,-1.0499999999999996,9,,
phase2,taker-sweep,2026-08-14T22:32:45.228581+00:00,jingjie-cpu-10.mae.cornell.edu,4cf37e9,50952,27,syn-s3-n8,ca21a3071609,8,4,cf30cfd67498,d9db5ce5e7b3,3,90.0,26.1,3090.0,3111.600554446263,21.600554446262777,exact-milp/taker,GRB,OPTIMAL,3111.600554446263,3111.600554446263,0.0,3070.0,41.60055444626278,0.886430025100708,0.00699162483215332,848,296,915,,,,,,sweep,,,20,-0.9999999999999996,10,,
phase2,taker-sweep,2026-08-14T22:32:45.919007+00:00,jingjie-cpu-10.mae.cornell.edu,4cf37e9,50952,27,syn-s3-n8,ca21a3071609,8,4,cf30cfd67498,d9db5ce5e7b3,3,90.0,26.1,3090.0,3111.600554446263,21.600554446262777,exact-milp/taker,GRB,OPTIMAL,3111.600554446263,3111.600554446263,0.0,3070.0,41.60055444626278,0.6522247791290283,0.006897687911987305,848,296,915,,,,,,sweep,,,20,-0.9499999999999995,11,,
phase2,taker-sweep,2026-08-14T22:32:46.674962+00:00,jingjie-cpu-10.mae.cornell.edu,4cf37e9,50952,27,syn-s3-n8,ca21a3071609,8,4,cf30cfd67498,d9db5ce5e7b3,3,90.0,26.1,3090.0,3111.600554446263,21.600554446262777,exact-milp/taker,GRB,OPTIMAL,3111.600554446263,3111.600554446263,0.0,3070.0,41.60055444626278,0.6877965927124023,0.007100343704223633,848,296,915,,,,,,sweep,,,20,-0.8999999999999995,12,,
phase2,taker-sweep,2026-08-14T22:32:47.403572+00:00,jingjie-cpu-10.mae.cornell.edu,4cf37e9,50952,27,syn-s3-n8,ca21a3071609,8,4,cf30cfd67498,d9db5ce5e7b3,3,90.0,26.1,3090.0,3111.600554446263,21.600554446262777,exact-milp/taker,GRB,OPTIMAL,3111.600554446263,3111.600554446263,0.0,3070.0,41.60055444626278,0.6895332336425781,0.007186412811279297,848,296,915,,,,,,sweep,,,20,-0.8499999999999994,13,,
phase2,taker-sweep,2026-08-14T22:32:48.305034+00:00,jingjie-cpu-10.mae.cornell.edu,4cf37e9,50952,27,syn-s3-n8,ca21a3071609,8,4,cf30cfd67498,d9db5ce5e7b3,3,90.0,26.1,3090.0,3111.600554446263,21.600554446262777,exact-milp/taker,GRB,OPTIMAL,3111.600554446263,3111.600554446263,0.0,3070.0,41.60055444626278,0.8631513118743896,0.006998300552368164,848,296,915,,,,,,sweep,,,20,-0.7999999999999994,14,,
phase2,taker-sweep,2026-08-14T22:32:48.986672+00:00,jingjie-cpu-10.mae.cornell.edu,4cf37e9,50952,27,syn-s3-n8,ca21a3071609,8,4,cf30cfd67498,d9db5ce5e7b3,3,90.0,26.1,3090.0,3111.600554446263,21.600554446262777,exact-milp/taker,GRB,OPTIMAL,3111.600554446263,3111.600554446263,0.0,3070.0,41.60055444626278,0.643143892288208,0.0069942474365234375,848,296,915,,,,,,sweep,,,20,-0.7499999999999993,15,,
phase2,taker-sweep,2026-08-14T22:32:49.677126+00:00,jingjie-cpu-10.mae.cornell.edu,4cf37e9,50952,27,syn-s3-n8,ca21a3071609,8,4,cf30cfd67498,d9db5ce5e7b3,3,90.0,26.1,3090.0,3111.600554446263,21.600554446262777,exact-milp/taker,GRB,OPTIMAL,3111.600554446263,3111.600554446263,0.0,3070.0,41.60055444626278,0.6522886753082275,0.00711369514465332,848,296,915,,,,,,sweep,,,20,-0.6999999999999993,16,,
phase2,taker-sweep,2026-08-14T22:32:50.827816+00:00,jingjie-cpu-10.mae.cornell.edu,4cf37e9,50952,27,syn-s3-n8,ca21a3071609,8,4,cf30cfd67498,d9db5ce5e7b3,3,90.0,26.1,3090.0,3111.600554446263,21.600554446262777,exact-milp/taker,GRB,OPTIMAL,3111.600554446263,3111.600554446263,0.0,3070.0,41.60055444626278,1.075645923614502,0.007173776626586914,848,296,915,,,,,,sweep,,,20,-0.6499999999999992,17,,
phase2,taker-sweep,2026-08-14T22:32:51.732922+00:00,jingjie-cpu-10.mae.cornell.edu,4cf37e9,50952,27,syn-s3-n8,ca21a3071609,8,4,cf30cfd67498,d9db5ce5e7b3,3,90.0,26.1,3090.0,3111.600554446263,21.600554446262777,exact-milp/taker,GRB,OPTIMAL,3111.600554446263,3111.600554446263,0.0,3070.0,41.60055444626278,0.8670737743377686,0.0069158077239990234,848,296,915,,,,,,sweep,,,20,-0.5999999999999992,18,,
phase2,taker-sweep,2026-08-14T22:32:52.750925+00:00,jingjie-cpu-10.mae.cornell.edu,4cf37e9,50952,27,syn-s3-n8,ca21a3071609,8,4,cf30cfd67498,d9db5ce5e7b3,3,90.0,26.1,3090.0,3111.600554446263,21.600554446262777,exact-milp/taker,GRB,OPTIMAL,3111.600554446263,3111.600554446263,0.0,3070.0,41.60055444626278,0.9789102077484131,0.007091522216796875,848,296,915,,,,,,sweep,,,20,-0.5499999999999992,19,,
phase2,taker-sweep,2026-08-14T22:32:53.442459+00:00,jingjie-cpu-10.mae.cornell.edu,4cf37e9,50952,27,syn-s3-n8,ca21a3071609,8,4,cf30cfd67498,d9db5ce5e7b3,3,90.0,26.1,3090.0,3111.600554446263,21.600554446262777,exact-milp/taker,GRB,OPTIMAL,3111.600554446263,3111.600554446263,0.0,3070.0,41.60055444626278,0.6523003578186035,0.007315158843994141,848,296,915,,,,,,sweep,,,20,-0.4999999999999991,20,,
phase2,taker-sweep,2026-08-14T22:32:54.382160+00:00,jingjie-cpu-10.mae.cornell.edu,4cf37e9,50952,27,syn-s3-n8,ca21a3071609,8,4,cf30cfd67498,d9db5ce5e7b3,3,90.0,26.1,3090.0,3111.600554446263,21.600554446262777,exact-milp/taker,GRB,OPTIMAL,3111.600554446263,3111.600554446263,0.0,3070.0,41.60055444626278,0.8767836093902588,0.007145881652832031,848,296,915,,,,,,sweep,,,20,-0.44999999999999907,21,,
phase2,taker-sweep,2026-08-14T22:32:55.378010+00:00,jingjie-cpu-10.mae.cornell.edu,4cf37e9,50952,27,syn-s3-n8,ca21a3071609,8,4,cf30cfd67498,d9db5ce5e7b3,3,90.0,26.1,3090.0,3111.600554446263,21.600554446262777,exact-milp/taker,GRB,OPTIMAL,3111.600554446263,3111.600554446263,0.0,3070.0,41.60055444626278,0.8779749870300293,0.006979227066040039,848,296,915,,,,,,sweep,,,20,-0.399999999999999,22,,
phase2,taker-sweep,2026-08-14T22:32:56.057833+00:00,jingjie-cpu-10.mae.cornell.edu,4cf37e9,50952,27,syn-s3-n8,ca21a3071609,8,4,cf30cfd67498,d9db5ce5e7b3,3,90.0,26.1,3090.0,3111.600554446263,21.600554446262777,exact-milp/taker,GRB,OPTIMAL,3111.600554446263,3111.600554446263,0.0,3070.0,41.60055444626278,0.6418828964233398,0.006997823715209961,848,296,915,,,,,,sweep,,,20,-0.349999999999999,23,,
phase2,taker-sweep,2026-08-14T22:32:56.967473+00:00,jingjie-cpu-10.mae.cornell.edu,4cf37e9,50952,27,syn-s3-n8,ca21a3071609,8,4,cf30cfd67498,d9db5ce5e7b3,3,90.0,26.1,3090.0,3111.600554446263,21.600554446262777,exact-milp/taker,GRB,OPTIMAL,3111.600554446263,3111.600554446263,0.0,3070.0,41.60055444626278,0.8710460662841797,0.007005453109741211,848,296,915,,,,,,sweep,,,20,-0.29999999999999893,24,,
phase2,taker-sweep,2026-08-14T22:32:57.873860+00:00,jingjie-cpu-10.mae.cornell.edu,4cf37e9,50952,27,syn-s3-n8,ca21a3071609,8,4,cf30cfd67498,d9db5ce5e7b3,3,90.0,26.1,3090.0,3111.600554446263,21.600554446262777,exact-milp/taker,GRB,OPTIMAL,3111.600554446263,3111.600554446263,0.0,3070.0,41.60055444626278,0.8670070171356201,0.007059335708618164,848,296,915,,,,,,sweep,,,20,-0.2499999999999989,25,,
phase2,taker-sweep,2026-08-14T22:32:58.818778+00:00,jingjie-cpu-10.mae.cornell.edu,4cf37e9,50952,27,syn-s3-n8,ca21a3071609,8,4,cf30cfd67498,d9db5ce5e7b3,3,90.0,26.1,3090.0,3111.600554446263,21.600554446262777,exact-milp/taker,GRB,OPTIMAL,3111.600554446263,3111.600554446263,0.0,3070.0,41.60055444626278,0.8886961936950684,0.006978034973144531,848,296,915,,,,,,sweep,,,20,-0.19999999999999885,26,,
phase2,taker-sweep,2026-08-14T22:32:59.495478+00:00,jingjie-cpu-10.mae.cornell.edu,4cf37e9,50952,27,syn-s3-n8,ca21a3071609,8,4,cf30cfd67498,d9db5ce5e7b3,3,90.0,26.1,3090.0,3111.600554446263,21.600554446262777,exact-milp/taker,GRB,OPTIMAL,3111.600554446263,3111.600554446263,0.0,3070.0,41.60055444626278,0.6381101608276367,0.007025241851806641,848,296,915,,,,,,sweep,,,20,-0.1499999999999988,27,,
phase2,taker-sweep,2026-08-14T22:33:00.415971+00:00,jingjie-cpu-10.mae.cornell.edu,4cf37e9,50952,27,syn-s3-n8,ca21a3071609,8,4,cf30cfd67498,d9db5ce5e7b3,3,90.0,26.1,3090.0,3111.600554446263,21.600554446262777,exact-milp/taker,GRB,OPTIMAL,3111.600554446263,3111.600554446263,0.0,3070.0,41.60055444626278,0.8814563751220703,0.006955623626708984,848,296,915,,,,,,sweep,,,20,-0.09999999999999876,28,,
phase2,taker-sweep,2026-08-14T22:33:01.091085+00:00,jingjie-cpu-10.mae.cornell.edu,4cf37e9,50952,27,syn-s3-n8,ca21a3071609,8,4,cf30cfd67498,d9db5ce5e7b3,3,90.0,26.1,3090.0,3111.600554446263,21.600554446262777,exact-milp/taker,GRB,OPTIMAL,3111.600554446263,3111.600554446263,0.0,3070.0,41.60055444626278,0.6363158226013184,0.007064342498779297,848,296,915,,,,,,sweep,,,20,-0.04999999999999871,29,,
phase2,taker-sweep,2026-08-14T22:33:01.829792+00:00,jingjie-cpu-10.mae.cornell.edu,4cf37e9,50952,27,syn-s3-n8,ca21a3071609,8,4,cf30cfd67498,d9db5ce5e7b3,3,90.0,26.1,3090.0,3111.600554446263,21.600554446262777,exact-milp/taker,GRB,OPTIMAL,3111.600554446263,3111.600554446263,0.0,3070.0,41.60055444626278,0.6639072895050049,0.008419513702392578,848,296,915,,,,,,sweep,,,20,1.3322676295501878e-15,30,,
phase2,taker-sweep,2026-08-14T22:33:02.743303+00:00,jingjie-cpu-10.mae.cornell.edu,4cf37e9,50952,27,syn-s3-n8,ca21a3071609,8,4,cf30cfd67498,d9db5ce5e7b3,3,90.0,26.1,3090.0,3111.600554446263,21.600554446262777,exact-milp/taker,GRB,OPTIMAL,3111.600554446263,3111.600554446263,0.0,3070.0,41.60055444626278,0.8743419647216797,0.006946086883544922,848,296,915,,,,,,sweep,,,20,0.05000000000000138,31,,
phase2,taker-sweep,2026-08-14T22:33:03.425932+00:00,jingjie-cpu-10.mae.cornell.edu,4cf37e9,50952,27,syn-s3-n8,ca21a3071609,8,4,cf30cfd67498,d9db5ce5e7b3,3,90.0,26.1,3090.0,3111.600554446263,21.600554446262777,exact-milp/taker,GRB,OPTIMAL,3111.600554446263,3111.600554446263,0.0,3070.0,41.60055444626278,0.644028902053833,0.006872415542602539,848,296,915,,,,,,sweep,,,20,0.10000000000000142,32,,
phase2,taker-sweep,2026-08-14T22:33:04.144735+00:00,jingjie-cpu-10.mae.cornell.edu,4cf37e9,50952,27,syn-s3-n8,ca21a3071609,8,4,cf30cfd67498,d9db5ce5e7b3,3,90.0,26.1,3090.0,3111.600554446263,21.600554446262777,exact-milp/taker,GRB,OPTIMAL,3111.600554446263,3111.600554446263,0.0,3070.0,41.60055444626278,0.6794590950012207,0.00710296630859375,848,296,915,,,,,,sweep,,,20,0.15000000000000147,33,,
phase2,taker-sweep,2026-08-14T22:33:05.052329+00:00,jingjie-cpu-10.mae.cornell.edu,4cf37e9,50952,27,syn-s3-n8,ca21a3071609,8,4,cf30cfd67498,d9db5ce5e7b3,3,90.0,26.1,3090.0,3111.600554446263,21.600554446262777,exact-milp/taker,GRB,OPTIMAL,3111.600554446263,3111.600554446263,0.0,3070.0,41.60055444626278,0.8685989379882812,0.007139921188354492,848,296,915,,,,,,sweep,,,20,0.2000000000000015,34,,
phase2,taker-sweep,2026-08-14T22:33:05.994508+00:00,jingjie-cpu-10.mae.cornell.edu,4cf37e9,50952,27,syn-s3-n8,ca21a3071609,8,4,cf30cfd67498,d9db5ce5e7b3,3,90.0,26.1,3090.0,3111.600554446263,21.600554446262777,exact-milp/taker,GRB,OPTIMAL,3111.600554446263,3111.600554446263,0.0,3070.0,41.60055444626278,0.8576202392578125,0.007029056549072266,848,296,915,,,,,,sweep,,,20,0.25000000000000155,35,,
phase2,taker-sweep,2026-08-14T22:33:06.639426+00:00,jingjie-cpu-10.mae.cornell.edu,4cf37e9,50952,27,syn-s3-n8,ca21a3071609,8,4,cf30cfd67498,d9db5ce5e7b3,3,90.0,26.1,3090.0,3111.600554446263,21.600554446262777,exact-milp/taker,GRB,OPTIMAL,3111.600554446263,3111.600554446263,0.0,3070.0,41.60055444626278,0.6063845157623291,0.0069980621337890625,848,296,915,,,,,,sweep,,,20,0.3000000000000016,36,,
phase2,taker-sweep,2026-08-14T22:33:07.357413+00:00,jingjie-cpu-10.mae.cornell.edu,4cf37e9,50952,27,syn-s3-n8,ca21a3071609,8,4,cf30cfd67498,d9db5ce5e7b3,3,90.0,26.1,3090.0,3111.600554446263,21.600554446262777,exact-milp/taker,GRB,OPTIMAL,3111.600554446263,3111.600554446263,0.0,3070.0,41.60055444626278,0.6429142951965332,0.016091346740722656,848,296,915,,,,,,sweep,,,20,0.35000000000000164,37,,
phase2,taker-sweep,2026-08-14T22:33:08.039523+00:00,jingjie-cpu-10.mae.cornell.edu,4cf37e9,50952,27,syn-s3-n8,ca21a3071609,8,4,cf30cfd67498,d9db5ce5e7b3,3,90.0,26.1,3090.0,3111.600554446263,21.600554446262777,exact-milp/taker,GRB,OPTIMAL,3111.600554446263,3111.600554446263,0.0,3070.0,41.60055444626278,0.6424422264099121,0.007192134857177734,848,296,915,,,,,,sweep,,,20,0.4000000000000017,38,,
phase2,taker-sweep,2026-08-14T22:33:08.776832+00:00,jingjie-cpu-10.mae.cornell.edu,4cf37e9,50952,27,syn-s3-n8,ca21a3071609,8,4,cf30cfd67498,d9db5ce5e7b3,3,90.0,26.1,3090.0,3111.600554446263,21.600554446262777,exact-milp/taker,GRB,OPTIMAL,3111.600554446263,3111.600554446263,0.0,3070.0,41.60055444626278,0.6646602153778076,0.010323286056518555,848,296,915,,,,,,sweep,,,20,0.45000000000000173,39,,
phase2,taker-sweep,2026-08-14T22:33:09.457881+00:00,jingjie-cpu-10.mae.cornell.edu,4cf37e9,50952,27,syn-s3-n8,ca21a3071609,8,4,cf30cfd67498,d9db5ce5e7b3,3,90.0,26.1,3090.0,3111.600554446263,21.600554446262777,exact-milp/taker,GRB,OPTIMAL,3111.600554446263,3111.600554446263,0.0,3070.0,41.60055444626278,0.6403689384460449,0.0074405670166015625,848,296,915,,,,,,sweep,,,20,0.5000000000000018,40,,
phase2,taker-sweep,2026-08-14T22:33:10.138600+00:00,jingjie-cpu-10.mae.cornell.edu,4cf37e9,50952,27,syn-s3-n8,ca21a3071609,8,4,cf30cfd67498,d9db5ce5e7b3,3,90.0,26.1,3090.0,3111.600554446263,21.600554446262777,exact-milp/taker,GRB,OPTIMAL,3111.600554446263,3111.600554446263,0.0,3070.0,41.60055444626278,0.6404659748077393,0.0071675777435302734,848,296,915,,,,,,sweep,,,20,0.5500000000000016,41,,
phase2,taker-sweep,2026-08-14T22:33:10.825966+00:00,jingjie-cpu-10.mae.cornell.edu,4cf37e9,50952,27,syn-s3-n8,ca21a3071609,8,4,cf30cfd67498,d9db5ce5e7b3,3,90.0,26.1,3090.0,3111.600554446263,21.600554446262777,exact-milp/taker,GRB,OPTIMAL,3111.600554446263,3111.600554446263,0.0,3070.0,41.60055444626278,0.6473493576049805,0.007179737091064453,848,296,915,,,,,,sweep,,,20,0.6000000000000019,42,,
phase2,taker-sweep,2026-08-14T22:33:11.730388+00:00,jingjie-cpu-10.mae.cornell.edu,4cf37e9,50952,27,syn-s3-n8,ca21a3071609,8,4,cf30cfd67498,d9db5ce5e7b3,3,90.0,26.1,3090.0,3111.600554446263,21.600554446262777,exact-milp/taker,GRB,OPTIMAL,3111.600554446263,3111.600554446263,0.0,3070.0,41.60055444626278,0.8644516468048096,0.007181644439697266,848,296,915,,,,,,sweep,,,20,0.6500000000000021,43,,
phase2,taker-sweep,2026-08-14T22:33:12.795921+00:00,jingjie-cpu-10.mae.cornell.edu,4cf37e9,50952,27,syn-s3-n8,ca21a3071609,8,4,cf30cfd67498,d9db5ce5e7b3,3,90.0,26.1,3090.0,3111.600554446263,21.600554446262777,exact-milp/taker,GRB,OPTIMAL,3111.600554446263,3111.600554446263,0.0,3070.0,41.60055444626278,0.9872949123382568,0.007098197937011719,848,296,915,,,,,,sweep,,,20,0.700000000000002,44,,
phase2,taker-sweep,2026-08-14T22:33:13.477962+00:00,jingjie-cpu-10.mae.cornell.edu,4cf37e9,50952,27,syn-s3-n8,ca21a3071609,8,4,cf30cfd67498,d9db5ce5e7b3,3,90.0,26.1,3090.0,3111.600554446263,21.600554446262777,exact-milp/taker,GRB,OPTIMAL,3111.600554446263,3111.600554446263,0.0,3070.0,41.60055444626278,0.6429526805877686,0.007062673568725586,848,296,915,,,,,,sweep,,,20,0.7500000000000018,45,,
phase2,taker-sweep,2026-08-14T22:33:14.150402+00:00,jingjie-cpu-10.mae.cornell.edu,4cf37e9,50952,27,syn-s3-n8,ca21a3071609,8,4,cf30cfd67498,d9db5ce5e7b3,3,90.0,26.1,3090.0,3111.600554446263,21.600554446262777,exact-milp/taker,GRB,OPTIMAL,3111.600554446263,3111.600554446263,0.0,3070.0,41.60055444626278,0.6322002410888672,0.007070064544677734,848,296,915,,,,,,sweep,,,20,0.800000000000002,46,,
phase2,taker-sweep,2026-08-14T22:33:15.109069+00:00,jingjie-cpu-10.mae.cornell.edu,4cf37e9,50952,27,syn-s3-n8,ca21a3071609,8,4,cf30cfd67498,d9db5ce5e7b3,3,90.0,26.1,3090.0,3111.600554446263,21.600554446262777,exact-milp/taker,GRB,OPTIMAL,3111.600554446263,3111.600554446263,0.0,3070.0,41.60055444626278,0.8845763206481934,0.007002115249633789,848,296,915,,,,,,sweep,,,20,0.8500000000000023,47,,
phase2,taker-sweep,2026-08-14T22:33:15.816701+00:00,jingjie-cpu-10.mae.cornell.edu,4cf37e9,50952,27,syn-s3-n8,ca21a3071609,8,4,cf30cfd67498,d9db5ce5e7b3,3,90.0,26.1,3090.0,3111.600554446263,21.600554446262777,exact-milp/taker,GRB,OPTIMAL,3111.600554446263,3111.600554446263,0.0,3070.0,41.60055444626278,0.6457724571228027,0.008437633514404297,848,296,915,,,,,,sweep,,,20,0.9000000000000021,48,,
phase2,taker-sweep,2026-08-14T22:33:16.582956+00:00,jingjie-cpu-10.mae.cornell.edu,4cf37e9,50952,27,syn-s3-n8,ca21a3071609,8,4,cf30cfd67498,d9db5ce5e7b3,3,90.0,26.1,3090.0,3111.600554446263,21.600554446262777,exact-milp/taker,GRB,OPTIMAL,3111.600554446263,3111.600554446263,0.0,3070.0,41.60055444626278,0.7264962196350098,0.006979703903198242,848,296,915,,,,,,sweep,,,20,0.950000000000002,49,,
phase2,taker-sweep,2026-08-14T22:33:17.465504+00:00,jingjie-cpu-10.mae.cornell.edu,4cf37e9,50952,27,syn-s3-n8,ca21a3071609,8,4,cf30cfd67498,d9db5ce5e7b3,3,90.0,26.1,3090.0,3111.600554446263,21.600554446262777,exact-milp/taker,GRB,OPTIMAL,3111.600554446263,3111.600554446263,0.0,3070.0,41.60055444626278,0.8428080081939697,0.007086038589477539,848,296,915,,,,,,sweep,,,20,1.0000000000000022,50,,
phase2,taker-sweep,2026-08-14T22:33:18.168622+00:00,jingjie-cpu-10.mae.cornell.edu,4cf37e9,50952,27,syn-s3-n8,ca21a3071609,8,4,cf30cfd67498,d9db5ce5e7b3,3,90.0,26.1,3090.0,3111.600554446263,21.600554446262777,exact-milp/taker,GRB,OPTIMAL,3111.600554446263,3111.600554446263,0.0,3070.0,41.60055444626278,0.6631436347961426,0.0071790218353271484,848,296,915,,,,,,sweep,,,20,1.0500000000000025,51,,
phase2,taker-sweep,2026-08-14T22:33:18.861270+00:00,jingjie-cpu-10.mae.cornell.edu,4cf37e9,50952,27,syn-s3-n8,ca21a3071609,8,4,cf30cfd67498,d9db5ce5e7b3,3,90.0,26.1,3090.0,3111.600554446263,21.600554446262777,exact-milp/taker,GRB,OPTIMAL,3111.600554446263,3111.600554446263,0.0,3070.0,41.60055444626278,0.6526210308074951,0.007047414779663086,848,296,915,,,,,,sweep,,,20,1.1000000000000023,52,,
phase2,taker-sweep,2026-08-14T22:33:19.591427+00:00,jingjie-cpu-10.mae.cornell.edu,4cf37e9,50952,27,syn-s3-n8,ca21a3071609,8,4,cf30cfd67498,d9db5ce5e7b3,3,90.0,26.1,3090.0,3111.600554446263,21.600554446262777,exact-milp/taker,GRB,OPTIMAL,3111.600554446263,3111.600554446263,0.0,3070.0,41.60055444626278,0.6469473838806152,0.0070056915283203125,848,296,915,,,,,,sweep,,,20,1.1500000000000021,53,,
phase2,taker-sweep,2026-08-14T22:33:20.263034+00:00,jingjie-cpu-10.mae.cornell.edu,4cf37e9,50952,27,syn-s3-n8,ca21a3071609,8,4,cf30cfd67498,d9db5ce5e7b3,3,90.0,26.1,3090.0,3111.600554446263,21.600554446262777,exact-milp/taker,GRB,OPTIMAL,3111.600554446263,3111.600554446263,0.0,3070.0,41.60055444626278,0.6318912506103516,0.006890535354614258,848,296,915,,,,,,sweep,,,20,1.2000000000000024,54,,
phase2,taker-sweep,2026-08-14T22:33:21.182311+00:00,jingjie-cpu-10.mae.cornell.edu,4cf37e9,50952,27,syn-s3-n8,ca21a3071609,8,4,cf30cfd67498,d9db5ce5e7b3,3,90.0,26.1,3090.0,3111.600554446263,21.600554446262777,exact-milp/taker,GRB,OPTIMAL,3111.600554446263,3111.600554446263,0.0,3070.0,41.60055444626278,0.8797287940979004,0.0068912506103515625,848,296,915,,,,,,sweep,,,20,1.2500000000000027,55,,
phase2,taker-sweep,2026-08-14T22:33:21.906440+00:00,jingjie-cpu-10.mae.cornell.edu,4cf37e9,50952,27,syn-s3-n8,ca21a3071609,8,4,cf30cfd67498,d9db5ce5e7b3,3,90.0,26.1,3090.0,3111.600554446263,21.600554446262777,exact-milp/taker,GRB,OPTIMAL,3111.600554446263,3111.600554446263,0.0,3070.0,41.60055444626278,0.684455394744873,0.006860017776489258,848,296,915,,,,,,sweep,,,20,1.3000000000000025,56,,
phase2,taker-sweep,2026-08-14T22:33:22.815759+00:00,jingjie-cpu-10.mae.cornell.edu,4cf37e9,50952,27,syn-s3-n8,ca21a3071609,8,4,cf30cfd67498,d9db5ce5e7b3,3,90.0,26.1,3090.0,3111.600554446263,21.600554446262777,exact-milp/taker,GRB,OPTIMAL,3111.600554446263,3111.600554446263,0.0,3070.0,41.60055444626278,0.8491740226745605,0.0075719356536865234,848,296,915,,,,,,sweep,,,20,1.3500000000000023,57,,
phase2,taker-sweep,2026-08-14T22:33:23.699048+00:00,jingjie-cpu-10.mae.cornell.edu,4cf37e9,50952,27,syn-s3-n8,ca21a3071609,8,4,cf30cfd67498,d9db5ce5e7b3,3,90.0,26.1,3090.0,3111.600554446263,21.600554446262777,exact-milp/taker,GRB,OPTIMAL,3111.600554446263,3111.600554446263,0.0,3070.0,41.60055444626278,0.8433628082275391,0.0071370601654052734,848,296,915,,,,,,sweep,,,20,1.4000000000000026,58,,
phase2,taker-sweep,2026-08-14T22:33:24.376193+00:00,jingjie-cpu-10.mae.cornell.edu,4cf37e9,50952,27,syn-s3-n8,ca21a3071609,8,4,cf30cfd67498,d9db5ce5e7b3,3,90.0,26.1,3090.0,3111.600554446263,21.600554446262777,exact-milp/taker,GRB,OPTIMAL,3111.600554446263,3111.600554446263,0.0,3070.0,41.60055444626278,0.6237399578094482,0.007001161575317383,848,296,915,,,,,,sweep,,,20,1.4500000000000028,59,,
phase2,taker-sweep,2026-08-14T22:33:25.023346+00:00,jingjie-cpu-10.mae.cornell.edu,4cf37e9,50952,27,syn-s3-n8,ca21a3071609,8,4,cf30cfd67498,d9db5ce5e7b3,3,90.0,26.1,3090.0,3111.600554446263,21.600554446262777,exact-milp/taker,GRB,OPTIMAL,3111.600554446263,3111.600554446263,0.0,3070.0,41.60055444626278,0.6075818538665771,0.007033109664916992,848,296,915,,,,,,sweep,,,20,1.5000000000000027,60,,
phase2,taker-sweep,2026-08-14T22:32:36.951529+00:00,jingjie-cpu-12.mae.cornell.edu,4cf37e9,50949,24,syn-s3-n8,ca21a3071609,8,4,cf30cfd67498,d9db5ce5e7b3,3,90.0,26.1,3090.0,3111.600554446263,21.600554446262777,exact-milp/taker,GRB,OPTIMAL,3111.600554446263,3111.600554446263,0.0,3070.0,41.60055444626278,1.1065456867218018,0.011031866073608398,848,296,915,,,,,,sweep,,,8,-1.5,0,,
phase2,taker-sweep,2026-08-14T22:32:37.690435+00:00,jingjie-cpu-12.mae.cornell.edu,4cf37e9,50949,24,syn-s3-n8,ca21a3071609,8,4,cf30cfd67498,d9db5ce5e7b3,3,90.0,26.1,3090.0,3111.600554446263,21.600554446262777,exact-milp/taker,GRB,OPTIMAL,3111.600554446263,3111.600554446263,0.0,3070.0,41.60055444626278,0.6998291015625,0.0072078704833984375,848,296,915,,,,,,sweep,,,8,-1.45,1,,
phase2,taker-sweep,2026-08-14T22:32:38.640330+00:00,jingjie-cpu-12.mae.cornell.edu,4cf37e9,50949,24,syn-s3-n8,ca21a3071609,8,4,cf30cfd67498,d9db5ce5e7b3,3,90.0,26.1,3090.0,3111.600554446263,21.600554446262777,exact-milp/taker,GRB,OPTIMAL,3111.600554446263,3111.600554446263,0.0,3070.0,41.60055444626278,0.9123647212982178,0.007180690765380859,848,296,915,,,,,,sweep,,,8,-1.4,2,,
phase2,taker-sweep,2026-08-14T22:32:39.681146+00:00,jingjie-cpu-12.mae.cornell.edu,4cf37e9,50949,24,syn-s3-n8,ca21a3071609,8,4,cf30cfd67498,d9db5ce5e7b3,3,90.0,26.1,3090.0,3111.600554446263,21.600554446262777,exact-milp/taker,GRB,OPTIMAL,3111.600554446263,3111.600554446263,0.0,3070.0,41.60055444626278,0.9776706695556641,0.00704503059387207,848,296,915,,,,,,sweep,,,8,-1.3499999999999999,3,,
phase2,taker-sweep,2026-08-14T22:32:40.623157+00:00,jingjie-cpu-12.mae.cornell.edu,4cf37e9,50949,24,syn-s3-n8,ca21a3071609,8,4,cf30cfd67498,d9db5ce5e7b3,3,90.0,26.1,3090.0,3111.600554446263,21.600554446262777,exact-milp/taker,GRB,OPTIMAL,3111.600554446263,3111.600554446263,0.0,3070.0,41.60055444626278,0.9032354354858398,0.0073091983795166016,848,296,915,,,,,,sweep,,,8,-1.2999999999999998,4,,
phase2,taker-sweep,2026-08-14T22:32:41.564902+00:00,jingjie-cpu-12.mae.cornell.edu,4cf37e9,50949,24,syn-s3-n8,ca21a3071609,8,4,cf30cfd67498,d9db5ce5e7b3,3,90.0,26.1,3090.0,3111.600554446263,21.600554446262777,exact-milp/taker,GRB,OPTIMAL,3111.600554446263,3111.600554446263,0.0,3070.0,41.60055444626278,0.9034793376922607,0.0070247650146484375,848,296,915,,,,,,sweep,,,8,-1.2499999999999998,5,,
phase2,taker-sweep,2026-08-14T22:32:42.512081+00:00,jingjie-cpu-12.mae.cornell.edu,4cf37e9,50949,24,syn-s3-n8,ca21a3071609,8,4,cf30cfd67498,d9db5ce5e7b3,3,90.0,26.1,3090.0,3111.600554446263,21.600554446262777,exact-milp/taker,GRB,OPTIMAL,3111.600554446263,3111.600554446263,0.0,3070.0,41.60055444626278,0.9092905521392822,0.007149219512939453,848,296,915,,,,,,sweep,,,8,-1.1999999999999997,6,,
phase2,taker-sweep,2026-08-14T22:32:43.479093+00:00,jingjie-cpu-12.mae.cornell.edu,4cf37e9,50949,24,syn-s3-n8,ca21a3071609,8,4,cf30cfd67498,d9db5ce5e7b3,3,90.0,26.1,3090.0,3111.600554446263,21.600554446262777,exact-milp/taker,GRB,OPTIMAL,3111.600554446263,3111.600554446263,0.0,3070.0,41.60055444626278,0.9287359714508057,0.007132768630981445,848,296,915,,,,,,sweep,,,8,-1.1499999999999997,7,,
phase2,taker-sweep,2026-08-14T22:32:44.344831+00:00,jingjie-cpu-12.mae.cornell.edu,4cf37e9,50949,24,syn-s3-n8,ca21a3071609,8,4,cf30cfd67498,d9db5ce5e7b3,3,90.0,26.1,3090.0,3111.600554446263,21.600554446262777,exact-milp/taker,GRB,OPTIMAL,3111.600554446263,3111.600554446263,0.0,3070.0,41.60055444626278,0.7796642780303955,0.007253408432006836,848,296,915,,,,,,sweep,,,8,-1.0999999999999996,8,,
phase2,taker-sweep,2026-08-14T22:32:45.022674+00:00,jingjie-cpu-12.mae.cornell.edu,4cf37e9,50949,24,syn-s3-n8,ca21a3071609,8,4,cf30cfd67498,d9db5ce5e7b3,3,90.0,26.1,3090.0,3111.600554446263,21.600554446262777,exact-milp/taker,GRB,OPTIMAL,3111.600554446263,3111.600554446263,0.0,3070.0,41.60055444626278,0.6399717330932617,0.007344961166381836,848,296,915,,,,,,sweep,,,8,-1.0499999999999996,9,,
phase2,taker-sweep,2026-08-14T22:32:45.981249+00:00,jingjie-cpu-12.mae.cornell.edu,4cf37e9,50949,24,syn-s3-n8,ca21a3071609,8,4,a9a8a7bff486,d9db5ce5e7b3,3,90.0,26.1,3090.0,3111.600554446263,21.600554446262777,exact-milp/taker,GRB,OPTIMAL,3111.600554446263,3111.600554446263,0.0,3070.0,41.60055444626278,0.9214465618133545,0.006902933120727539,848,296,915,,,,,,sweep,,,8,-0.9999999999999996,10,,
phase2,taker-sweep,2026-08-14T22:32:46.918182+00:00,jingjie-cpu-12.mae.cornell.edu,4cf37e9,50949,24,syn-s3-n8,ca21a3071609,8,4,a9a8a7bff486,d9db5ce5e7b3,3,90.0,26.1,3090.0,3111.600554446263,21.600554446262777,exact-milp/taker,GRB,OPTIMAL,3111.600554446263,3111.600554446263,0.0,3070.0,41.60055444626278,0.8995513916015625,0.007035017013549805,848,296,915,,,,,,sweep,,,8,-0.9499999999999995,11,,
phase2,taker-sweep,2026-08-14T22:32:47.988726+00:00,jingjie-cpu-12.mae.cornell.edu,4cf37e9,50949,24,syn-s3-n8,ca21a3071609,8,4,a9a8a7bff486,d9db5ce5e7b3,3,90.0,26.1,3090.0,3111.600554446263,21.600554446262777,exact-milp/taker,GRB,OPTIMAL,3111.600554446263,3111.600554446263,0.0,3070.0,41.60055444626278,1.0050714015960693,0.007588624954223633,848,296,915,,,,,,sweep,,,8,-0.8999999999999995,12,,
phase2,taker-sweep,2026-08-14T22:32:48.913416+00:00,jingjie-cpu-12.mae.cornell.edu,4cf37e9,50949,24,syn-s3-n8,ca21a3071609,8,4,a9a8a7bff486,d9db5ce5e7b3,3,90.0,26.1,3090.0,3111.600554446263,21.600554446262777,exact-milp/taker,GRB,OPTIMAL,3111.600554446263,3111.600554446263,0.0,3070.0,41.60055444626278,0.8866956233978271,0.007329702377319336,848,296,915,,,,,,sweep,,,8,-0.8499999999999994,13,,
phase2,taker-sweep,2026-08-14T22:32:49.953867+00:00,jingjie-cpu-12.mae.cornell.edu,4cf37e9,50949,24,syn-s3-n8,ca21a3071609,8,4,a9a8a7bff486,d9db5ce5e7b3,3,90.0,26.1,3090.0,3111.600554446263,21.600554446262777,exact-milp/taker,GRB,OPTIMAL,3111.600554446263,3111.600554446263,0.0,3070.0,41.60055444626278,1.0035171508789062,0.0070056915283203125,848,296,915,,,,,,sweep,,,8,-0.7999999999999994,14,,
phase2,taker-sweep,2026-08-14T22:32:50.698729+00:00,jingjie-cpu-12.mae.cornell.edu,4cf37e9,50949,24,syn-s3-n8,ca21a3071609,8,4,a9a8a7bff486,d9db5ce5e7b3,3,90.0,26.099969,3090.0,3111.6005284222565,21.600528422256502,exact-milp/taker,GRB,OPTIMAL,3111.6005284222565,3111.6005284222565,0.0,3070.0,41.6005284222565,0.7044754028320312,0.007674455642700195,848,296,915,,,,,,sweep,,,8,-0.7499999999999993,15,,
phase2,taker-sweep,2026-08-14T22:32:51.429763+00:00,jingjie-cpu-12.mae.cornell.edu,4cf37e9,50949,24,syn-s3-n8,ca21a3071609,8,4,a9a8a7bff486,d9db5ce5e7b3,3,90.0,26.099969,3090.0,3111.6005284222565,21.600528422256502,exact-milp/taker,GRB,OPTIMAL,3111.6005284222565,3111.6005284222565,0.0,3070.0,41.6005284222565,0.6936266422271729,0.007072925567626953,848,296,915,,,,,,sweep,,,8,-0.6999999999999993,16,,
phase2,taker-sweep,2026-08-14T22:32:52.279820+00:00,jingjie-cpu-12.mae.cornell.edu,4cf37e9,50949,24,syn-s3-n8,ca21a3071609,8,4,a9a8a7bff486,d9db5ce5e7b3,3,90.0,26.099969,3090.0,3111.6005284222565,21.600528422256502,exact-milp/taker,GRB,OPTIMAL,3111.6005284222565,3111.6005284222565,0.0,3070.0,41.6005284222565,0.7750051021575928,0.007281064987182617,848,296,915,,,,,,sweep,,,8,-0.6499999999999992,17,,
phase2,taker-sweep,2026-08-14T22:32:53.266687+00:00,jingjie-cpu-12.mae.cornell.edu,4cf37e9,50949,24,syn-s3-n8,ca21a3071609,8,4,a9a8a7bff486,d9db5ce5e7b3,3,90.0,26.1,3090.0,3111.600554446263,21.600554446262777,exact-milp/taker,GRB,OPTIMAL,3111.600554446263,3111.600554446263,0.0,3070.0,41.60055444626278,0.9447734355926514,0.007308483123779297,848,296,915,,,,,,sweep,,,8,-0.5999999999999992,18,,
phase2,taker-sweep,2026-08-14T22:32:54.059329+00:00,jingjie-cpu-12.mae.cornell.edu,4cf37e9,50949,24,syn-s3-n8,ca21a3071609,8,4,a9a8a7bff486,d9db5ce5e7b3,3,90.0,26.1,3090.0,3111.600554446263,21.600554446262777,exact-milp/taker,GRB,OPTIMAL,3111.600554446263,3111.600554446263,0.0,3070.0,41.60055444626278,0.7545113563537598,0.007360219955444336,848,296,915,,,,,,sweep,,,8,-0.5499999999999992,19,,
phase2,taker-sweep,2026-08-14T22:32:55.100528+00:00,jingjie-cpu-12.mae.cornell.edu,4cf37e9,50949,24,syn-s3-n8,ca21a3071609,8,4,a9a8a7bff486,d9db5ce5e7b3,3,90.0,26.1,3090.0,3111.600554446263,21.600554446262777,exact-milp/taker,GRB,OPTIMAL,3111.600554446263,3111.600554446263,0.0,3070.0,41.60055444626278,1.0039005279541016,0.006718158721923828,848,296,915,,,,,,sweep,,,8,-0.4999999999999991,20,,
phase2,taker-sweep,2026-08-14T22:32:56.206266+00:00,jingjie-cpu-12.mae.cornell.edu,4cf37e9,50949,24,syn-s3-n8,ca21a3071609,8,4,a9a8a7bff486,d9db5ce5e7b3,3,90.0,26.1,3090.0,3111.600554446263,21.600554446262777,exact-milp/taker,GRB,OPTIMAL,3111.600554446263,3111.600554446263,0.0,3070.0,41.60055444626278,1.0437545776367188,0.007120847702026367,848,296,915,,,,,,sweep,,,8,-0.44999999999999907,21,,
phase2,taker-sweep,2026-08-14T22:32:57.043824+00:00,jingjie-cpu-12.mae.cornell.edu,4cf37e9,50949,24,syn-s3-n8,ca21a3071609,8,4,a9a8a7bff486,d9db5ce5e7b3,3,90.0,26.1,3090.0,3111.600554446263,21.600554446262777,exact-milp/taker,GRB,OPTIMAL,3111.600554446263,3111.600554446263,0.0,3070.0,41.60055444626278,0.7459678649902344,0.0072021484375,848,296,915,,,,,,sweep,,,8,-0.399999999999999,22,,
phase2,taker-sweep,2026-08-14T22:32:57.971654+00:00,jingjie-cpu-12.mae.cornell.edu,4cf37e9,50949,24,syn-s3-n8,ca21a3071609,8,4,a9a8a7bff486,d9db5ce5e7b3,3,90.0,26.1,3090.0,3111.600554446263,21.600554446262777,exact-milp/taker,GRB,OPTIMAL,3111.600554446263,3111.600554446263,0.0,3070.0,41.60055444626278,0.8896164894104004,0.007402658462524414,848,296,915,,,,,,sweep,,,8,-0.349999999999999,23,,
phase2,taker-sweep,2026-08-14T22:32:58.777493+00:00,jingjie-cpu-12.mae.cornell.edu,4cf37e9,50949,24,syn-s3-n8,ca21a3071609,8,4,a9a8a7bff486,d9db5ce5e7b3,3,90.0,26.1,3090.0,3111.600554446263,21.600554446262777,exact-milp/taker,GRB,OPTIMAL,3111.600554446263,3111.600554446263,0.0,3070.0,41.60055444626278,0.7681071758270264,0.007292747497558594,848,296,915,,,,,,sweep,,,8,-0.29999999999999893,24,,
phase2,taker-sweep,2026-08-14T22:32:59.559040+00:00,jingjie-cpu-12.mae.cornell.edu,4cf37e9,50949,24,syn-s3-n8,ca21a3071609,8,4,a9a8a7bff486,d9db5ce5e7b3,3,90.0,26.1,3090.0,3111.600554446263,21.600554446262777,exact-milp/taker,GRB,OPTIMAL,3111.600554446263,3111.600554446263,0.0,3070.0,41.60055444626278,0.7438292503356934,0.00729680061340332,848,296,915,,,,,,sweep,,,8,-0.2499999999999989,25,,
phase2,taker-sweep,2026-08-14T22:33:00.604675+00:00,jingjie-cpu-12.mae.cornell.edu,4cf37e9,50949,24,syn-s3-n8,ca21a3071609,8,4,a9a8a7bff486,d9db5ce5e7b3,3,90.0,26.1,3090.0,3111.600554446263,21.600554446262777,exact-milp/taker,GRB,OPTIMAL,3111.600554446263,3111.600554446263,0.0,3070.0,41.60055444626278,0.9909718036651611,0.007331132888793945,848,296,915,,,,,,sweep,,,8,-0.19999999999999885,26,,
phase2,taker-sweep,2026-08-14T22:33:01.590899+00:00,jingjie-cpu-12.mae.cornell.edu,4cf37e9,50949,24,syn-s3-n8,ca21a3071609,8,4,a9a8a7bff486,d9db5ce5e7b3,3,90.0,26.1,3090.0,3111.600554446263,21.600554446262777,exact-milp/taker,GRB,OPTIMAL,3111.600554446263,3111.600554446263,0.0,3070.0,41.60055444626278,0.9481289386749268,0.007172107696533203,848,296,915,,,,,,sweep,,,8,-0.1499999999999988,27,,
phase2,taker-sweep,2026-08-14T22:33:02.430184+00:00,jingjie-cpu-12.mae.cornell.edu,4cf37e9,50949,24,syn-s3-n8,ca21a3071609,8,4,cf30cfd67498,d9db5ce5e7b3,3,90.0,26.1,3090.0,3111.600554446263,21.600554446262777,exact-milp/taker,GRB,OPTIMAL,3111.600554446263,3111.600554446263,0.0,3070.0,41.60055444626278,0.8013176918029785,0.006987810134887695,848,296,915,,,,,,sweep,,,8,-0.09999999999999876,28,,
phase2,taker-sweep,2026-08-14T22:33:03.116362+00:00,jingjie-cpu-12.mae.cornell.edu,4cf37e9,50949,24,syn-s3-n8,ca21a3071609,8,4,cf30cfd67498,d9db5ce5e7b3,3,90.0,26.1,3090.0,3111.600554446263,21.600554446262777,exact-milp/taker,GRB,OPTIMAL,3111.600554446263,3111.600554446263,0.0,3070.0,41.60055444626278,0.6463308334350586,0.007256269454956055,848,296,915,,,,,,sweep,,,8,-0.04999999999999871,29,,
phase2,taker-sweep,2026-08-14T22:33:03.862800+00:00,jingjie-cpu-12.mae.cornell.edu,4cf37e9,50949,24,syn-s3-n8,ca21a3071609,8,4,cf30cfd67498,d9db5ce5e7b3,3,90.0,26.1,3090.0,3111.600554446263,21.600554446262777,exact-milp/taker,GRB,OPTIMAL,3111.600554446263,3111.600554446263,0.0,3070.0,41.60055444626278,0.6824750900268555,0.006942272186279297,848,296,915,,,,,,sweep,,,8,1.3322676295501878e-15,30,,
phase2,taker-sweep,2026-08-14T22:33:04.778232+00:00,jingjie-cpu-12.mae.cornell.edu,4cf37e9,50949,24,syn-s3-n8,ca21a3071609,8,4,cf30cfd67498,d9db5ce5e7b3,3,90.0,26.1,3090.0,3111.600554446263,21.600554446262777,exact-milp/taker,GRB,OPTIMAL,3111.600554446263,3111.600554446263,0.0,3070.0,41.60055444626278,0.8770947456359863,0.0075261592864990234,848,296,915,,,,,,sweep,,,8,0.05000000000000138,31,,
phase2,taker-sweep,2026-08-14T22:33:05.683469+00:00,jingjie-cpu-12.mae.cornell.edu,4cf37e9,50949,24,syn-s3-n8,ca21a3071609,8,4,cf30cfd67498,d9db5ce5e7b3,3,90.0,26.1,3090.0,3111.600554446263,21.600554446262777,exact-milp/taker,GRB,OPTIMAL,3111.600554446263,3111.600554446263,0.0,3070.0,41.60055444626278,0.8670213222503662,0.007275819778442383,848,296,915,,,,,,sweep,,,8,0.10000000000000142,32,,
phase2,taker-sweep,2026-08-14T22:33:06.473279+00:00,jingjie-cpu-12.mae.cornell.edu,4cf37e9,50949,24,syn-s3-n8,ca21a3071609,8,4,cf30cfd67498,d9db5ce5e7b3,3,90.0,26.1,3090.0,3111.600554446263,21.600554446262777,exact-milp/taker,GRB,OPTIMAL,3111.600554446263,3111.600554446263,0.0,3070.0,41.60055444626278,0.7507455348968506,0.0072286128997802734,848,296,915,,,,,,sweep,,,8,0.15000000000000147,33,,
phase2,taker-sweep,2026-08-14T22:33:07.383728+00:00,jingjie-cpu-12.mae.cornell.edu,4cf37e9,50949,24,syn-s3-n8,ca21a3071609,8,4,cf30cfd67498,d9db5ce5e7b3,3,90.0,26.1,3090.0,3111.600554446263,21.600554446262777,exact-milp/taker,GRB,OPTIMAL,3111.600554446263,3111.600554446263,0.0,3070.0,41.60055444626278,0.8715918064117432,0.007242679595947266,848,296,915,,,,,,sweep,,,8,0.2000000000000015,34,,
phase2,taker-sweep,2026-08-14T22:33:08.336843+00:00,jingjie-cpu-12.mae.cornell.edu,4cf37e9,50949,24,syn-s3-n8,ca21a3071609,8,4,cf30cfd67498,d9db5ce5e7b3,3,90.0,26.1,3090.0,3111.600554446263,21.600554446262777,exact-milp/taker,GRB,OPTIMAL,3111.600554446263,3111.600554446263,0.0,3070.0,41.60055444626278,0.8890643119812012,0.00730586051940918,848,296,915,,,,,,sweep,,,8,0.25000000000000155,35,,
phase2,taker-sweep,2026-08-14T22:33:09.183100+00:00,jingjie-cpu-12.mae.cornell.edu,4cf37e9,50949,24,syn-s3-n8,ca21a3071609,8,4,cf30cfd67498,d9db5ce5e7b3,3,90.0,26.1,3090.0,3111.600554446263,21.600554446262777,exact-milp/taker,GRB,OPTIMAL,3111.600554446263,3111.600554446263,0.0,3070.0,41.60055444626278,0.8065629005432129,0.008656501770019531,848,296,915,,,,,,sweep,,,8,0.3000000000000016,36,,
phase2,taker-sweep,2026-08-14T22:33:10.033803+00:00,jingjie-cpu-12.mae.cornell.edu,4cf37e9,50949,24,syn-s3-n8,ca21a3071609,8,4,cf30cfd67498,d9db5ce5e7b3,3,90.0,26.1,3090.0,3111.600554446263,21.600554446262777,exact-milp/taker,GRB,OPTIMAL,3111.600554446263,3111.600554446263,0.0,3070.0,41.60055444626278,0.8120219707489014,0.007170200347900391,848,296,915,,,,,,sweep,,,8,0.35000000000000164,37,,
phase2,taker-sweep,2026-08-14T22:33:10.851472+00:00,jingjie-cpu-12.mae.cornell.edu,4cf37e9,50949,24,syn-s3-n8,ca21a3071609,8,4,cf30cfd67498,d9db5ce5e7b3,3,90.0,26.1,3090.0,3111.600554446263,21.600554446262777,exact-milp/taker,GRB,OPTIMAL,3111.600554446263,3111.600554446263,0.0,3070.0,41.60055444626278,0.7761156558990479,0.007271766662597656,848,296,915,,,,,,sweep,,,8,0.4000000000000017,38,,
phase2,taker-sweep,2026-08-14T22:33:11.585101+00:00,jingjie-cpu-12.mae.cornell.edu,4cf37e9,50949,24,syn-s3-n8,ca21a3071609,8,4,cf30cfd67498,d9db5ce5e7b3,3,90.0,26.1,3090.0,3111.600554446263,21.600554446262777,exact-milp/taker,GRB,OPTIMAL,3111.600554446263,3111.600554446263,0.0,3070.0,41.60055444626278,0.665658712387085,0.008764982223510742,848,296,915,,,,,,sweep,,,8,0.45000000000000173,39,,
phase2,taker-sweep,2026-08-14T22:33:12.425913+00:00,jingjie-cpu-12.mae.cornell.edu,4cf37e9,50949,24,syn-s3-n8,ca21a3071609,8,4,cf30cfd67498,d9db5ce5e7b3,3,90.0,26.1,3090.0,3111.600554446263,21.600554446262777,exact-milp/taker,GRB,OPTIMAL,3111.600554446263,3111.600554446263,0.0,3070.0,41.60055444626278,0.8018193244934082,0.007245779037475586,848,296,915,,,,,,sweep,,,8,0.5000000000000018,40,,
phase2,taker-sweep,2026-08-14T22:33:13.305152+00:00,jingjie-cpu-12.mae.cornell.edu,4cf37e9,50949,24,syn-s3-n8,ca21a3071609,8,4,cf30cfd67498,d9db5ce5e7b3,3,90.0,26.1,3090.0,3111.600554446263,21.600554446262777,exact-milp/taker,GRB,OPTIMAL,3111.600554446263,3111.600554446263,0.0,3070.0,41.60055444626278,0.8402194976806641,0.0070531368255615234,848,296,915,,,,,,sweep,,,8,0.5500000000000016,41,,
phase2,taker-sweep,2026-08-14T22:33:14.013297+00:00,jingjie-cpu-12.mae.cornell.edu,4cf37e9,50949,24,syn-s3-n8,ca21a3071609,8,4,cf30cfd67498,d9db5ce5e7b3,3,90.0,26.1,3090.0,3111.600554446263,21.600554446262777,exact-milp/taker,GRB,OPTIMAL,3111.600554446263,3111.600554446263,0.0,3070.0,41.60055444626278,0.6686124801635742,0.0071561336517333984,848,296,915,,,,,,sweep,,,8,0.6000000000000019,42,,
phase2,taker-sweep,2026-08-14T22:33:14.923720+00:00,jingjie-cpu-12.mae.cornell.edu,4cf37e9,50949,24,syn-s3-n8,ca21a3071609,8,4,cf30cfd67498,d9db5ce5e7b3,3,90.0,26.1,3090.0,3111.600554446263,21.600554446262777,exact-milp/taker,GRB,OPTIMAL,3111.600554446263,3111.600554446263,0.0,3070.0,41.60055444626278,0.8716912269592285,0.007191658020019531,848,296,915,,,,,,sweep,,,8,0.6500000000000021,43,,
phase2,taker-sweep,2026-08-14T22:33:15.672178+00:00,jingjie-cpu-12.mae.cornell.edu,4cf37e9,50949,24,syn-s3-n8,ca21a3071609,8,4,cf30cfd67498,d9db5ce5e7b3,3,90.0,26.1,3090.0,3111.600554446263,21.600554446262777,exact-milp/taker,GRB,OPTIMAL,3111.600554446263,3111.600554446263,0.0,3070.0,41.60055444626278,0.6810793876647949,0.007355451583862305,848,296,915,,,,,,sweep,,,8,0.700000000000002,44,,
phase2,taker-sweep,2026-08-14T22:33:16.594647+00:00,jingjie-cpu-12.mae.cornell.edu,4cf37e9,50949,24,syn-s3-n8,ca21a3071609,8,4,cf30cfd67498,d9db5ce5e7b3,3,90.0,26.1,3090.0,3111.600554446263,21.600554446262777,exact-milp/taker,GRB,OPTIMAL,3111.600554446263,3111.600554446263,0.0,3070.0,41.60055444626278,0.8830878734588623,0.0074253082275390625,848,296,915,,,,,,sweep,,,8,0.7500000000000018,45,,
phase2,taker-sweep,2026-08-14T22:33:17.299475+00:00,jingjie-cpu-12.mae.cornell.edu,4cf37e9,50949,24,syn-s3-n8,ca21a3071609,8,4,cf30cfd67498,d9db5ce5e7b3,3,90.0,26.1,3090.0,3111.600554446263,21.600554446262777,exact-milp/taker,GRB,OPTIMAL,3111.600554446263,3111.600554446263,0.0,3070.0,41.60055444626278,0.6644699573516846,0.007273435592651367,848,296,915,,,,,,sweep,,,8,0.800000000000002,46,,
phase2,taker-sweep,2026-08-14T22:33:18.002952+00:00,jingjie-cpu-12.mae.cornell.edu,4cf37e9,50949,24,syn-s3-n8,ca21a3071609,8,4,cf30cfd67498,d9db5ce5e7b3,3,90.0,26.1,3090.0,3111.600554446263,21.600554446262777,exact-milp/taker,GRB,OPTIMAL,3111.600554446263,3111.600554446263,0.0,3070.0,41.60055444626278,0.6642169952392578,0.007045745849609375,848,296,915,,,,,,sweep,,,8,0.8500000000000023,47,,
phase2,taker-sweep,2026-08-14T22:33:18.707725+00:00,jingjie-cpu-12.mae.cornell.edu,4cf37e9,50949,24,syn-s3-n8,ca21a3071609,8,4,cf30cfd67498,d9db5ce5e7b3,3,90.0,26.1,3090.0,3111.600554446263,21.600554446262777,exact-milp/taker,GRB,OPTIMAL,3111.600554446263,3111.600554446263,0.0,3070.0,41.60055444626278,0.650625467300415,0.007462739944458008,848,296,915,,,,,,sweep,,,8,0.9000000000000021,48,,
phase2,taker-sweep,2026-08-14T22:33:19.638188+00:00,jingjie-cpu-12.mae.cornell.edu,4cf37e9,50949,24,syn-s3-n8,ca21a3071609,8,4,cf30cfd67498,d9db5ce5e7b3,3,90.0,26.1,3090.0,3111.600554446263,21.600554446262777,exact-milp/taker,GRB,OPTIMAL,3111.600554446263,3111.600554446263,0.0,3070.0,41.60055444626278,0.8896958827972412,0.0073244571685791016,848,296,915,,,,,,sweep,,,8,0.950000000000002,49,,
phase2,taker-sweep,2026-08-14T22:33:20.468599+00:00,jingjie-cpu-12.mae.cornell.edu,4cf37e9,50949,24,syn-s3-n8,ca21a3071609,8,4,cf30cfd67498,d9db5ce5e7b3,3,90.0,26.1,3090.0,3111.600554446263,21.600554446262777,exact-milp/taker,GRB,OPTIMAL,3111.600554446263,3111.600554446263,0.0,3070.0,41.60055444626278,0.7911956310272217,0.007187604904174805,848,296,915,,,,,,sweep,,,8,1.0000000000000022,50,,
phase2,taker-sweep,2026-08-14T22:33:21.281693+00:00,jingjie-cpu-12.mae.cornell.edu,4cf37e9,50949,24,syn-s3-n8,ca21a3071609,8,4,cf30cfd67498,d9db5ce5e7b3,3,90.0,26.1,3090.0,3111.600554446263,21.600554446262777,exact-milp/taker,GRB,OPTIMAL,3111.600554446263,3111.600554446263,0.0,3070.0,41.60055444626278,0.7741544246673584,0.007206439971923828,848,296,915,,,,,,sweep,,,8,1.0500000000000025,51,,
phase2,taker-sweep,2026-08-14T22:33:21.958199+00:00,jingjie-cpu-12.mae.cornell.edu,4cf37e9,50949,24,syn-s3-n8,ca21a3071609,8,4,cf30cfd67498,d9db5ce5e7b3,3,90.0,26.1,3090.0,3111.600554446263,21.600554446262777,exact-milp/taker,GRB,OPTIMAL,3111.600554446263,3111.600554446263,0.0,3070.0,41.60055444626278,0.6374001502990723,0.006932973861694336,848,296,915,,,,,,sweep,,,8,1.1000000000000023,52,,
phase2,taker-sweep,2026-08-14T22:33:22.730802+00:00,jingjie-cpu-12.mae.cornell.edu,4cf37e9,50949,24,syn-s3-n8,ca21a3071609,8,4,cf30cfd67498,d9db5ce5e7b3,3,90.0,26.1,3090.0,3111.600554446263,21.600554446262777,exact-milp/taker,GRB,OPTIMAL,3111.600554446263,3111.600554446263,0.0,3070.0,41.60055444626278,0.697089672088623,0.0073032379150390625,848,296,915,,,,,,sweep,,,8,1.1500000000000021,53,,
phase2,taker-sweep,2026-08-14T22:33:23.637076+00:00,jingjie-cpu-12.mae.cornell.edu,4cf37e9,50949,24,syn-s3-n8,ca21a3071609,8,4,cf30cfd67498,d9db5ce5e7b3,3,90.0,26.1,3090.0,3111.600554446263,21.600554446262777,exact-milp/taker,GRB,OPTIMAL,3111.600554446263,3111.600554446263,0.0,3070.0,41.60055444626278,0.8655269145965576,0.007329463958740234,848,296,915,,,,,,sweep,,,8,1.2000000000000024,54,,
phase2,taker-sweep,2026-08-14T22:33:24.553568+00:00,jingjie-cpu-12.mae.cornell.edu,4cf37e9,50949,24,syn-s3-n8,ca21a3071609,8,4,cf30cfd67498,d9db5ce5e7b3,3,90.0,26.1,3090.0,3111.600554446263,21.600554446262777,exact-milp/taker,GRB,OPTIMAL,3111.600554446263,3111.600554446263,0.0,3070.0,41.60055444626278,0.8742227554321289,0.007414579391479492,848,296,915,,,,,,sweep,,,8,1.2500000000000027,55,,
phase2,taker-sweep,2026-08-14T22:33:25.483764+00:00,jingjie-cpu-12.mae.cornell.edu,4cf37e9,50949,24,syn-s3-n8,ca21a3071609,8,4,cf30cfd67498,d9db5ce5e7b3,3,90.0,26.1,3090.0,3111.600554446263,21.600554446262777,exact-milp/taker,GRB,OPTIMAL,3111.600554446263,3111.600554446263,0.0,3070.0,41.60055444626278,0.8895409107208252,0.007498979568481445,848,296,915,,,,,,sweep,,,8,1.3000000000000025,56,,
phase2,taker-sweep,2026-08-14T22:33:26.442567+00:00,jingjie-cpu-12.mae.cornell.edu,4cf37e9,50949,24,syn-s3-n8,ca21a3071609,8,4,cf30cfd67498,d9db5ce5e7b3,3,90.0,26.1,3090.0,3111.600554446263,21.600554446262777,exact-milp/taker,GRB,OPTIMAL,3111.600554446263,3111.600554446263,0.0,3070.0,41.60055444626278,0.8746943473815918,0.012690544128417969,848,296,915,,,,,,sweep,,,8,1.3500000000000023,57,,
phase2,taker-sweep,2026-08-14T22:33:27.304048+00:00,jingjie-cpu-12.mae.cornell.edu,4cf37e9,50949,24,syn-s3-n8,ca21a3071609,8,4,cf30cfd67498,d9db5ce5e7b3,3,90.0,26.1,3090.0,3111.600554446263,21.600554446262777,exact-milp/taker,GRB,OPTIMAL,3111.600554446263,3111.600554446263,0.0,3070.0,41.60055444626278,0.8189799785614014,0.007272958755493164,848,296,915,,,,,,sweep,,,8,1.4000000000000026,58,,
phase2,taker-sweep,2026-08-14T22:33:28.225029+00:00,jingjie-cpu-12.mae.cornell.edu,4cf37e9,50949,24,syn-s3-n8,ca21a3071609,8,4,cf30cfd67498,d9db5ce5e7b3,3,90.0,26.1,3090.0,3111.600554446263,21.600554446262777,exact-milp/taker,GRB,OPTIMAL,3111.600554446263,3111.600554446263,0.0,3070.0,41.60055444626278,0.8809561729431152,0.007367372512817383,848,296,915,,,,,,sweep,,,8,1.4500000000000028,59,,
phase2,taker-sweep,2026-08-14T22:33:29.145212+00:00,jingjie-cpu-12.mae.cornell.edu,4cf37e9,50949,24,syn-s3-n8,ca21a3071609,8,4,cf30cfd67498,d9db5ce5e7b3,3,90.0,26.1,3090.0,3111.600554446263,21.600554446262777,exact-milp/taker,GRB,OPTIMAL,3111.600554446263,3111.600554446263,0.0,3070.0,41.60055444626278,0.880263090133667,0.0070230960845947266,848,296,915,,,,,,sweep,,,8,1.5000000000000027,60,,
